__header__:DGON,dim1,dim2,dim3,Value
Rice,dom,NAD,0.7071200013160706
Rice,dom,SumUt,4.2378644943237305
Rice,dom,SumBar,1.213216781616211
Rice,dom,RiauProv,0.38359755277633667
Rice,dom,KepRi,7.956042766571045
Rice,dom,Jambi,3.6556124687194824
Rice,dom,SumSel,2.7271769046783447
Rice,dom,BaBel,0.9747430682182312
Rice,dom,Bengkulu,0.43965527415275574
Rice,dom,Lampung,0.4515598714351654
Rice,dom,DKI,0.4562150239944458
Rice,dom,JaBar,0.3322775065898895
Rice,dom,Banten,0.17606523633003235
Rice,dom,JaTeng,0.8520742654800415
Rice,dom,DIY,0.15971939265727997
Rice,dom,JaTim,0.44027918577194214
Rice,dom,KalBar,0.6573228240013123
Rice,dom,KalTeng,0.5556750297546387
Rice,dom,KalSel,0.5574266910552979
Rice,dom,KalTim,0.5680875778198242
Rice,dom,KalUt,0.5659933090209961
Rice,dom,SulUt,0.4068342447280884
Rice,dom,Gorontalo,0.4106186032295227
Rice,dom,SulTeng,0.4266864061355591
Rice,dom,SulaSel,0.6434770822525024
Rice,dom,SulBar,0.2186589539051056
Rice,dom,SulTra,0.4834768772125244
Rice,dom,Bali,1.0342899560928345
Rice,dom,NTB,1.0482614040374756
Rice,dom,NTT,1.5391672849655151
Rice,dom,Maluku,1.7717968225479126
Rice,dom,MalUt,1.8151814937591553
Rice,dom,PapuaBar,3.056840181350708
Rice,dom,PapuaProv,3.092477560043335
Rice,imp,NAD,10.198894500732422
Rice,imp,SumUt,8.813026428222656
Rice,imp,SumBar,7.022023677825928
Rice,imp,RiauProv,7.376093864440918
Rice,imp,KepRi,11.406169891357422
Rice,imp,Jambi,6.252315998077393
Rice,imp,SumSel,5.218291759490967
Rice,imp,BaBel,6.111240863800049
Rice,imp,Bengkulu,5.7868757247924805
Rice,imp,Lampung,4.1675872802734375
Rice,imp,DKI,0.1963183581829071
Rice,imp,JaBar,1.1038486957550049
Rice,imp,Banten,0.5700048208236694
Rice,imp,JaTeng,0.9318907260894775
Rice,imp,DIY,0.7850627899169922
Rice,imp,JaTim,0.3925511837005615
Rice,imp,KalBar,7.1385273933410645
Rice,imp,KalTeng,5.885605335235596
Rice,imp,KalSel,5.427473068237305
Rice,imp,KalTim,7.094936847686768
Rice,imp,KalUt,8.168118476867676
Rice,imp,SulUt,11.00883960723877
Rice,imp,Gorontalo,10.389781951904297
Rice,imp,SulTeng,9.582976341247559
Rice,imp,SulaSel,8.790019035339355
Rice,imp,SulBar,8.353926658630371
Rice,imp,SulTra,9.674332618713379
Rice,imp,Bali,2.8344428539276123
Rice,imp,NTB,4.9050397872924805
Rice,imp,NTT,7.920509338378906
Rice,imp,Maluku,16.83066749572754
Rice,imp,MalUt,14.640515327453613
Rice,imp,PapuaBar,19.397966384887695
Rice,imp,PapuaProv,24.941377639770508
Corn,dom,NAD,1.0193980932235718
Corn,dom,SumUt,6.124210834503174
Corn,dom,SumBar,0.5449432134628296
Corn,dom,RiauProv,6.715062618255615
Corn,dom,KepRi,12.060869216918945
Corn,dom,Jambi,4.343662261962891
Corn,dom,SumSel,0.5164121389389038
Corn,dom,BaBel,8.646533966064453
Corn,dom,Bengkulu,0.5389354228973389
Corn,dom,Lampung,2.4670169353485107
Corn,dom,DKI,2.7984235286712646
Corn,dom,JaBar,1.7455873489379883
Corn,dom,Banten,3.7208080291748047
Corn,dom,JaTeng,0.173466295003891
Corn,dom,DIY,0.1603635847568512
Corn,dom,JaTim,0.4054856598377228
Corn,dom,KalBar,5.6074299812316895
Corn,dom,KalTeng,5.265981674194336
Corn,dom,KalSel,2.8841469287872314
Corn,dom,KalTim,5.318714141845703
Corn,dom,KalUt,6.5933942794799805
Corn,dom,SulUt,0.41456449031829834
Corn,dom,Gorontalo,0.4067150950431824
Corn,dom,SulTeng,0.4352664649486542
Corn,dom,SulaSel,0.6067068576812744
Corn,dom,SulBar,0.22154900431632996
Corn,dom,SulTra,0.5307552814483643
Corn,dom,Bali,2.542867422103882
Corn,dom,NTB,1.0544404983520508
Corn,dom,NTT,1.5553772449493408
Corn,dom,Maluku,5.130939960479736
Corn,dom,MalUt,4.670870780944824
Corn,dom,PapuaBar,9.950983047485352
Corn,dom,PapuaProv,15.307170867919922
Corn,imp,NAD,3.6590464115142822
Corn,imp,SumUt,3.8778390884399414
Corn,imp,SumBar,3.627162456512451
Corn,imp,RiauProv,3.487884998321533
Corn,imp,KepRi,9.813739776611328
Corn,imp,Jambi,3.4239859580993652
Corn,imp,SumSel,2.0989274978637695
Corn,imp,BaBel,3.978646993637085
Corn,imp,Bengkulu,2.858180284500122
Corn,imp,Lampung,1.2689603567123413
Corn,imp,DKI,0.3502773344516754
Corn,imp,JaBar,0.7688620686531067
Corn,imp,Banten,0.17604584991931915
Corn,imp,JaTeng,1.4017808437347412
Corn,imp,DIY,1.1136512756347656
Corn,imp,JaTim,0.5065335631370544
Corn,imp,KalBar,7.24651575088501
Corn,imp,KalTeng,7.144840240478516
Corn,imp,KalSel,7.284524440765381
Corn,imp,KalTim,8.802117347717285
Corn,imp,KalUt,9.538017272949219
Corn,imp,SulUt,13.243461608886719
Corn,imp,Gorontalo,12.601676940917969
Corn,imp,SulTeng,11.758030891418457
Corn,imp,SulaSel,10.9461030960083
Corn,imp,SulBar,10.450840950012207
Corn,imp,SulTra,11.855598449707031
Corn,imp,Bali,4.352996349334717
Corn,imp,NTB,6.799391746520996
Corn,imp,NTT,10.052021026611328
Corn,imp,Maluku,19.187910079956055
Corn,imp,MalUt,16.961002349853516
Corn,imp,PapuaBar,21.785364151000977
Corn,imp,PapuaProv,27.389108657836914
SweetPotato,dom,NAD,24.076663970947266
SweetPotato,dom,SumUt,16.26410484313965
SweetPotato,dom,SumBar,0.43096521496772766
SweetPotato,dom,RiauProv,14.013867378234863
SweetPotato,dom,KepRi,23.015687942504883
SweetPotato,dom,Jambi,0.5267848372459412
SweetPotato,dom,SumSel,16.69140625
SweetPotato,dom,BaBel,18.73288917541504
SweetPotato,dom,Bengkulu,0.5590447187423706
SweetPotato,dom,Lampung,17.073808670043945
SweetPotato,dom,DKI,9.061710357666016
SweetPotato,dom,JaBar,0.39208465814590454
SweetPotato,dom,Banten,13.83906364440918
SweetPotato,dom,JaTeng,7.365713596343994
SweetPotato,dom,DIY,14.229095458984375
SweetPotato,dom,JaTim,5.764154434204102
SweetPotato,dom,KalBar,15.593087196350098
SweetPotato,dom,KalTeng,12.742774963378906
SweetPotato,dom,KalSel,8.993380546569824
SweetPotato,dom,KalTim,14.392495155334473
SweetPotato,dom,KalUt,16.69532585144043
SweetPotato,dom,SulUt,0.5879403352737427
SweetPotato,dom,Gorontalo,9.151505470275879
SweetPotato,dom,SulTeng,3.4905054569244385
SweetPotato,dom,SulaSel,0.33758431673049927
SweetPotato,dom,SulBar,1.0866057872772217
SweetPotato,dom,SulTra,0.5077001452445984
SweetPotato,dom,Bali,1.299234390258789
SweetPotato,dom,NTB,12.166444778442383
SweetPotato,dom,NTT,1.5962446928024292
SweetPotato,dom,Maluku,1.7888349294662476
SweetPotato,dom,MalUt,1.8527185916900635
SweetPotato,dom,PapuaBar,1.8212890625
SweetPotato,dom,PapuaProv,3.098679542541504
SweetPotato,imp,NAD,6.313517093658447
SweetPotato,imp,SumUt,3.3490331172943115
SweetPotato,imp,SumBar,1.4372903108596802
SweetPotato,imp,RiauProv,1.4489822387695312
SweetPotato,imp,KepRi,2.3056130409240723
SweetPotato,imp,Jambi,2.384488344192505
SweetPotato,imp,SumSel,4.5843892097473145
SweetPotato,imp,BaBel,5.731740951538086
SweetPotato,imp,Bengkulu,4.257479667663574
SweetPotato,imp,Lampung,6.15591287612915
SweetPotato,imp,DKI,8.435147285461426
SweetPotato,imp,JaBar,8.948963165283203
SweetPotato,imp,Banten,8.421822547912598
SweetPotato,imp,JaTeng,9.850543022155762
SweetPotato,imp,DIY,10.14229965209961
SweetPotato,imp,JaTim,10.8229341506958
SweetPotato,imp,KalBar,4.704289436340332
SweetPotato,imp,KalTeng,5.997987270355225
SweetPotato,imp,KalSel,7.125280380249023
SweetPotato,imp,KalTim,7.219200611114502
SweetPotato,imp,KalUt,7.461667537689209
SweetPotato,imp,SulUt,13.543048858642578
SweetPotato,imp,Gorontalo,12.787529945373535
SweetPotato,imp,SulTeng,12.109159469604492
SweetPotato,imp,SulaSel,11.311208724975586
SweetPotato,imp,SulBar,10.872188568115234
SweetPotato,imp,SulTra,12.201066017150879
SweetPotato,imp,Bali,11.846282005310059
SweetPotato,imp,NTB,12.697259902954102
SweetPotato,imp,NTT,14.210245132446289
SweetPotato,imp,Maluku,19.47397232055664
SweetPotato,imp,MalUt,17.190929412841797
SweetPotato,imp,PapuaBar,21.963451385498047
SweetPotato,imp,PapuaProv,27.979961395263672
Cassava,dom,NAD,4.768154144287109
Cassava,dom,SumUt,2.3916027545928955
Cassava,dom,SumBar,2.256213665008545
Cassava,dom,RiauProv,2.8250513076782227
Cassava,dom,KepRi,8.765800476074219
Cassava,dom,Jambi,1.8329384326934814
Cassava,dom,SumSel,0.6953763365745544
Cassava,dom,BaBel,1.1279569864273071
Cassava,dom,Bengkulu,1.3164604902267456
Cassava,dom,Lampung,0.44474896788597107
Cassava,dom,DKI,1.5440802574157715
Cassava,dom,JaBar,1.2401835918426514
Cassava,dom,Banten,1.765609860420227
Cassava,dom,JaTeng,0.164729505777359
Cassava,dom,DIY,0.15882673859596252
Cassava,dom,JaTim,0.620558500289917
Cassava,dom,KalBar,4.6201171875
Cassava,dom,KalTeng,5.1402201652526855
Cassava,dom,KalSel,5.365537166595459
Cassava,dom,KalTim,6.675049304962158
Cassava,dom,KalUt,7.255028247833252
Cassava,dom,SulUt,6.049434661865234
Cassava,dom,Gorontalo,7.2706522941589355
Cassava,dom,SulTeng,4.963037014007568
Cassava,dom,SulaSel,0.6118957996368408
Cassava,dom,SulBar,3.0298659801483154
Cassava,dom,SulTra,0.5600979924201965
Cassava,dom,Bali,3.3849546909332275
Cassava,dom,NTB,4.3473920822143555
Cassava,dom,NTT,1.568528652191162
Cassava,dom,Maluku,1.8195971250534058
Cassava,dom,MalUt,1.9835864305496216
Cassava,dom,PapuaBar,5.4609880447387695
Cassava,dom,PapuaProv,11.36075210571289
Cassava,imp,NAD,6.4631757736206055
Cassava,imp,SumUt,5.680550575256348
Cassava,imp,SumBar,6.0581488609313965
Cassava,imp,RiauProv,5.870135307312012
Cassava,imp,KepRi,11.3526029586792
Cassava,imp,Jambi,5.808819770812988
Cassava,imp,SumSel,4.489565849304199
Cassava,imp,BaBel,6.163961410522461
Cassava,imp,Bengkulu,5.38557243347168
Cassava,imp,Lampung,4.222538471221924
Cassava,imp,DKI,2.560044050216675
Cassava,imp,JaBar,2.107858657836914
Cassava,imp,Banten,2.6513051986694336
Cassava,imp,JaTeng,0.9321759939193726
Cassava,imp,DIY,0.7855311632156372
Cassava,imp,JaTim,0.3917691707611084
Cassava,imp,KalBar,7.162572383880615
Cassava,imp,KalTeng,5.900095462799072
Cassava,imp,KalSel,5.440502643585205
Cassava,imp,KalTim,7.11105489730835
Cassava,imp,KalUt,8.185677528381348
Cassava,imp,SulUt,11.036312103271484
Cassava,imp,Gorontalo,10.415729522705078
Cassava,imp,SulTeng,9.607047080993652
Cassava,imp,SulaSel,8.812088012695312
Cassava,imp,SulBar,8.374862670898438
Cassava,imp,SulTra,9.698628425598145
Cassava,imp,Bali,2.839761257171631
Cassava,imp,NTB,4.91595458984375
Cassava,imp,NTT,7.940210342407227
Cassava,imp,Maluku,16.86968231201172
Cassava,imp,MalUt,14.675511360168457
Cassava,imp,PapuaBar,19.440719604492188
Cassava,imp,PapuaProv,24.99274253845215
OthTubers,dom,NAD,0.6956849098205566
OthTubers,dom,SumUt,1.0978217124938965
OthTubers,dom,SumBar,0.3869814872741699
OthTubers,dom,RiauProv,1.8478223085403442
OthTubers,dom,KepRi,10.002104759216309
OthTubers,dom,Jambi,0.4124540388584137
OthTubers,dom,SumSel,2.2271602153778076
OthTubers,dom,BaBel,5.063272476196289
OthTubers,dom,Bengkulu,0.8462263941764832
OthTubers,dom,Lampung,3.2431983947753906
OthTubers,dom,DKI,0.8937010765075684
OthTubers,dom,JaBar,0.30289211869239807
OthTubers,dom,Banten,1.3662570714950562
OthTubers,dom,JaTeng,0.15979111194610596
OthTubers,dom,DIY,0.3749270737171173
OthTubers,dom,JaTim,0.421786367893219
OthTubers,dom,KalBar,7.731305122375488
OthTubers,dom,KalTeng,6.984073638916016
OthTubers,dom,KalSel,6.635222911834717
OthTubers,dom,KalTim,7.580010890960693
OthTubers,dom,KalUt,8.518410682678223
OthTubers,dom,SulUt,0.4307998716831207
OthTubers,dom,Gorontalo,1.099478006362915
OthTubers,dom,SulTeng,1.6129224300384521
OthTubers,dom,SulaSel,0.32109642028808594
OthTubers,dom,SulBar,0.9231717586517334
OthTubers,dom,SulTra,2.245742082595825
OthTubers,dom,Bali,4.237475872039795
OthTubers,dom,NTB,5.718523979187012
OthTubers,dom,NTT,8.085249900817871
OthTubers,dom,Maluku,10.325075149536133
OthTubers,dom,MalUt,6.201018810272217
OthTubers,dom,PapuaBar,12.683576583862305
OthTubers,dom,PapuaProv,21.246030807495117
OthTubers,imp,NAD,5.282163143157959
OthTubers,imp,SumUt,5.8675103187561035
OthTubers,imp,SumBar,4.354894638061523
OthTubers,imp,RiauProv,4.378052711486816
OthTubers,imp,KepRi,6.343074321746826
OthTubers,imp,Jambi,3.9040539264678955
OthTubers,imp,SumSel,3.009932041168213
OthTubers,imp,BaBel,3.8423709869384766
OthTubers,imp,Bengkulu,3.521167278289795
OthTubers,imp,Lampung,2.110583543777466
OthTubers,imp,DKI,0.18862587213516235
OthTubers,imp,JaBar,0.48801836371421814
OthTubers,imp,Banten,0.3532108664512634
OthTubers,imp,JaTeng,1.6603361368179321
OthTubers,imp,DIY,1.8776570558547974
OthTubers,imp,JaTim,2.6175780296325684
OthTubers,imp,KalBar,6.987213134765625
OthTubers,imp,KalTeng,7.490445613861084
OthTubers,imp,KalSel,7.861365795135498
OthTubers,imp,KalTim,9.121662139892578
OthTubers,imp,KalUt,9.661121368408203
OthTubers,imp,SulUt,12.35374641418457
OthTubers,imp,Gorontalo,11.831880569458008
OthTubers,imp,SulTeng,10.818649291992188
OthTubers,imp,SulaSel,10.214517593383789
OthTubers,imp,SulBar,10.050243377685547
OthTubers,imp,SulTra,9.981912612915039
OthTubers,imp,Bali,5.417008399963379
OthTubers,imp,NTB,6.351136684417725
OthTubers,imp,NTT,1.5853883028030396
OthTubers,imp,Maluku,17.603031158447266
OthTubers,imp,MalUt,16.32009506225586
OthTubers,imp,PapuaBar,20.789505004882812
OthTubers,imp,PapuaProv,26.205392837524414
Peanuts,dom,NAD,9.989502906799316
Peanuts,dom,SumUt,9.058514595031738
Peanuts,dom,SumBar,7.078643321990967
Peanuts,dom,RiauProv,7.673112392425537
Peanuts,dom,KepRi,11.323535919189453
Peanuts,dom,Jambi,6.571742057800293
Peanuts,dom,SumSel,5.318146705627441
Peanuts,dom,BaBel,6.71082067489624
Peanuts,dom,Bengkulu,5.601956367492676
Peanuts,dom,Lampung,4.160762786865234
Peanuts,dom,DKI,1.7536784410476685
Peanuts,dom,JaBar,0.5208853483200073
Peanuts,dom,Banten,2.2957608699798584
Peanuts,dom,JaTeng,0.1689952313899994
Peanuts,dom,DIY,0.1587558090686798
Peanuts,dom,JaTim,0.4032164514064789
Peanuts,dom,KalBar,6.603946208953857
Peanuts,dom,KalTeng,5.135341644287109
Peanuts,dom,KalSel,1.0349427461624146
Peanuts,dom,KalTim,5.408935070037842
Peanuts,dom,KalUt,6.877870082855225
Peanuts,dom,SulUt,1.4971262216567993
Peanuts,dom,Gorontalo,2.080909252166748
Peanuts,dom,SulTeng,0.4662945866584778
Peanuts,dom,SulaSel,0.22307811677455902
Peanuts,dom,SulBar,0.5478658080101013
Peanuts,dom,SulTra,0.8524823784828186
Peanuts,dom,Bali,1.2451461553573608
Peanuts,dom,NTB,1.0574145317077637
Peanuts,dom,NTT,1.5658849477767944
Peanuts,dom,Maluku,2.4621903896331787
Peanuts,dom,MalUt,3.6442434787750244
Peanuts,dom,PapuaBar,3.443894624710083
Peanuts,dom,PapuaProv,6.0074591636657715
Peanuts,imp,NAD,2.202029228210449
Peanuts,imp,SumUt,0.9470899701118469
Peanuts,imp,SumBar,3.1317625045776367
Peanuts,imp,RiauProv,2.5606048107147217
Peanuts,imp,KepRi,9.457719802856445
Peanuts,imp,Jambi,4.000347137451172
Peanuts,imp,SumSel,1.2910425662994385
Peanuts,imp,BaBel,5.789048194885254
Peanuts,imp,Bengkulu,4.332509517669678
Peanuts,imp,Lampung,4.00853157043457
Peanuts,imp,DKI,0.5228920578956604
Peanuts,imp,JaBar,1.584573745727539
Peanuts,imp,Banten,1.5158723592758179
Peanuts,imp,JaTeng,0.16350997984409332
Peanuts,imp,DIY,0.5552237033843994
Peanuts,imp,JaTim,0.3941957950592041
Peanuts,imp,KalBar,7.280096054077148
Peanuts,imp,KalTeng,6.173739433288574
Peanuts,imp,KalSel,5.782810688018799
Peanuts,imp,KalTim,7.490548133850098
Peanuts,imp,KalUt,8.533913612365723
Peanuts,imp,SulUt,11.612896919250488
Peanuts,imp,Gorontalo,10.970252990722656
Peanuts,imp,SulTeng,10.135873794555664
Peanuts,imp,SulaSel,9.311655044555664
Peanuts,imp,SulBar,8.857421875
Peanuts,imp,SulTra,10.230696678161621
Peanuts,imp,Bali,3.030021905899048
Peanuts,imp,NTB,5.233985424041748
Peanuts,imp,NTT,8.412393569946289
Peanuts,imp,Maluku,17.59563636779785
Peanuts,imp,MalUt,15.350907325744629
Peanuts,imp,PapuaBar,20.21053695678711
Peanuts,imp,PapuaProv,25.866804122924805
Soy,dom,NAD,1.3530538082122803
Soy,dom,SumUt,10.287675857543945
Soy,dom,SumBar,9.830575942993164
Soy,dom,RiauProv,10.178060531616211
Soy,dom,KepRi,11.315933227539062
Soy,dom,Jambi,1.1146725416183472
Soy,dom,SumSel,0.6227206587791443
Soy,dom,BaBel,9.02894115447998
Soy,dom,Bengkulu,0.9446286559104919
Soy,dom,Lampung,6.288341522216797
Soy,dom,DKI,2.224141836166382
Soy,dom,JaBar,1.3518632650375366
Soy,dom,Banten,3.275256633758545
Soy,dom,JaTeng,0.1662089228630066
Soy,dom,DIY,0.16002649068832397
Soy,dom,JaTim,0.41599929332733154
Soy,dom,KalBar,5.263681888580322
Soy,dom,KalTeng,2.551051139831543
Soy,dom,KalSel,0.6328335404396057
Soy,dom,KalTim,2.8503503799438477
Soy,dom,KalUt,4.2313232421875
Soy,dom,SulUt,0.44844675064086914
Soy,dom,Gorontalo,0.4110221266746521
Soy,dom,SulTeng,0.4295332133769989
Soy,dom,SulaSel,0.22426220774650574
Soy,dom,SulBar,0.22029341757297516
Soy,dom,SulTra,0.48202964663505554
Soy,dom,Bali,1.0759514570236206
Soy,dom,NTB,1.0583627223968506
Soy,dom,NTT,1.928976058959961
Soy,dom,Maluku,2.0501136779785156
Soy,dom,MalUt,2.3437023162841797
Soy,dom,PapuaBar,1.8851717710494995
Soy,dom,PapuaProv,3.355513095855713
Soy,imp,NAD,6.179464817047119
Soy,imp,SumUt,1.9059641361236572
Soy,imp,SumBar,4.835741996765137
Soy,imp,RiauProv,4.982453346252441
Soy,imp,KepRi,3.76265025138855
Soy,imp,Jambi,4.282695293426514
Soy,imp,SumSel,2.9158217906951904
Soy,imp,BaBel,4.646172046661377
Soy,imp,Bengkulu,3.7700037956237793
Soy,imp,Lampung,0.7778864502906799
Soy,imp,DKI,0.17663714289665222
Soy,imp,JaBar,0.7602289319038391
Soy,imp,Banten,0.18102888762950897
Soy,imp,JaTeng,0.16939276456832886
Soy,imp,DIY,0.4390156865119934
Soy,imp,JaTim,0.41238969564437866
Soy,imp,KalBar,4.61636209487915
Soy,imp,KalTeng,5.656131744384766
Soy,imp,KalSel,6.066904544830322
Soy,imp,KalTim,7.520583629608154
Soy,imp,KalUt,8.358282089233398
Soy,imp,SulUt,11.979330062866211
Soy,imp,Gorontalo,11.3435697555542
Soy,imp,SulTeng,10.520726203918457
Soy,imp,SulaSel,9.705647468566895
Soy,imp,SulBar,9.255844116210938
Soy,imp,SulTra,10.614428520202637
Soy,imp,Bali,3.471895694732666
Soy,imp,NTB,5.721895217895508
Soy,imp,NTT,8.864474296569824
Soy,imp,Maluku,17.88471221923828
Soy,imp,MalUt,15.668803215026855
Soy,imp,PapuaBar,20.472572326660156
Soy,imp,PapuaProv,26.057613372802734
OthNuts,dom,NAD,11.70458698272705
OthNuts,dom,SumUt,11.084105491638184
OthNuts,dom,SumBar,10.207415580749512
OthNuts,dom,RiauProv,10.321524620056152
OthNuts,dom,KepRi,11.69202995300293
OthNuts,dom,Jambi,9.359366416931152
OthNuts,dom,SumSel,7.56342887878418
OthNuts,dom,BaBel,9.164450645446777
OthNuts,dom,Bengkulu,8.566246032714844
OthNuts,dom,Lampung,6.346313953399658
OthNuts,dom,DKI,2.7067973613739014
OthNuts,dom,JaBar,2.2792000770568848
OthNuts,dom,Banten,3.6866917610168457
OthNuts,dom,JaTeng,0.16034634411334991
OthNuts,dom,DIY,0.4604663848876953
OthNuts,dom,JaTim,0.435148686170578
OthNuts,dom,KalBar,6.071871280670166
OthNuts,dom,KalTeng,5.486145973205566
OthNuts,dom,KalSel,4.514188766479492
OthNuts,dom,KalTim,5.130343914031982
OthNuts,dom,KalUt,6.395958423614502
OthNuts,dom,SulUt,2.2201449871063232
OthNuts,dom,Gorontalo,2.005561113357544
OthNuts,dom,SulTeng,0.927699089050293
OthNuts,dom,SulaSel,0.21846520900726318
OthNuts,dom,SulBar,0.46576547622680664
OthNuts,dom,SulTra,0.9939419031143188
OthNuts,dom,Bali,2.4994523525238037
OthNuts,dom,NTB,1.0426260232925415
OthNuts,dom,NTT,1.5919432640075684
OthNuts,dom,Maluku,6.8562541007995605
OthNuts,dom,MalUt,5.429258346557617
OthNuts,dom,PapuaBar,9.689013481140137
OthNuts,dom,PapuaProv,15.35394287109375
OthNuts,imp,NAD,0.7028701901435852
OthNuts,imp,SumUt,0.7050509452819824
OthNuts,imp,SumBar,0.4155295789241791
OthNuts,imp,RiauProv,0.43640661239624023
OthNuts,imp,KepRi,13.170303344726562
OthNuts,imp,Jambi,0.4448583126068115
OthNuts,imp,SumSel,0.4424481689929962
OthNuts,imp,BaBel,8.765630722045898
OthNuts,imp,Bengkulu,0.452401340007782
OthNuts,imp,Lampung,0.45793870091438293
OthNuts,imp,DKI,2.5533409118652344
OthNuts,imp,JaBar,0.2626306414604187
OthNuts,imp,Banten,0.21713608503341675
OthNuts,imp,JaTeng,0.20300470292568207
OthNuts,imp,DIY,0.1987430900335312
OthNuts,imp,JaTim,0.3978976011276245
OthNuts,imp,KalBar,0.6609717607498169
OthNuts,imp,KalTeng,0.6369798183441162
OthNuts,imp,KalSel,0.5807164311408997
OthNuts,imp,KalTim,0.5843697190284729
OthNuts,imp,KalUt,0.5918535590171814
OthNuts,imp,SulUt,0.41698113083839417
OthNuts,imp,Gorontalo,0.4389708340167999
OthNuts,imp,SulTeng,0.45960181951522827
OthNuts,imp,SulaSel,0.29998070001602173
OthNuts,imp,SulBar,0.27231529355049133
OthNuts,imp,SulTra,0.5016282200813293
OthNuts,imp,Bali,1.0746155977249146
OthNuts,imp,NTB,1.0586529970169067
OthNuts,imp,NTT,1.5450761318206787
OthNuts,imp,Maluku,1.7777901887893677
OthNuts,imp,MalUt,1.8239384889602661
OthNuts,imp,PapuaBar,1.7780756950378418
OthNuts,imp,PapuaProv,3.099590539932251
OthGrains,dom,NAD,3.157315492630005
OthGrains,dom,SumUt,1.6217076778411865
OthGrains,dom,SumBar,0.7806694507598877
OthGrains,dom,RiauProv,0.4743167459964752
OthGrains,dom,KepRi,6.557810306549072
OthGrains,dom,Jambi,1.1750552654266357
OthGrains,dom,SumSel,2.318068265914917
OthGrains,dom,BaBel,4.929474353790283
OthGrains,dom,Bengkulu,2.0969197750091553
OthGrains,dom,Lampung,3.4716570377349854
OthGrains,dom,DKI,6.4667277336120605
OthGrains,dom,JaBar,7.082305431365967
OthGrains,dom,Banten,5.997330188751221
OthGrains,dom,JaTeng,8.899857521057129
OthGrains,dom,DIY,9.176722526550293
OthGrains,dom,JaTim,10.239758491516113
OthGrains,dom,KalBar,11.246869087219238
OthGrains,dom,KalTeng,10.933272361755371
OthGrains,dom,KalSel,11.036373138427734
OthGrains,dom,KalTim,12.871665000915527
OthGrains,dom,KalUt,13.946477890014648
OthGrains,dom,SulUt,11.709104537963867
OthGrains,dom,Gorontalo,12.303160667419434
OthGrains,dom,SulTeng,11.975868225097656
OthGrains,dom,SulaSel,11.217042922973633
OthGrains,dom,SulBar,12.577723503112793
OthGrains,dom,SulTra,1.1342082023620605
OthGrains,dom,Bali,13.620392799377441
OthGrains,dom,NTB,15.090230941772461
OthGrains,dom,NTT,15.105119705200195
OthGrains,dom,Maluku,1.7877038717269897
OthGrains,dom,MalUt,2.2279162406921387
OthGrains,dom,PapuaBar,1.8399478197097778
OthGrains,dom,PapuaProv,3.108297824859619
OthGrains,imp,NAD,5.246933937072754
OthGrains,imp,SumUt,1.9810516834259033
OthGrains,imp,SumBar,4.288393497467041
OthGrains,imp,RiauProv,4.1091742515563965
OthGrains,imp,KepRi,9.781519889831543
OthGrains,imp,Jambi,3.665684938430786
OthGrains,imp,SumSel,2.8677499294281006
OthGrains,imp,BaBel,4.052035331726074
OthGrains,imp,Bengkulu,3.2988734245300293
OthGrains,imp,Lampung,1.9692230224609375
OthGrains,imp,DKI,0.17620106041431427
OthGrains,imp,JaBar,0.5639352798461914
OthGrains,imp,Banten,0.183286651968956
OthGrains,imp,JaTeng,1.1557610034942627
OthGrains,imp,DIY,0.7577200531959534
OthGrains,imp,JaTim,0.47407266497612
OthGrains,imp,KalBar,7.069609642028809
OthGrains,imp,KalTeng,6.889740943908691
OthGrains,imp,KalSel,6.585746765136719
OthGrains,imp,KalTim,7.529832363128662
OthGrains,imp,KalUt,8.588189125061035
OthGrains,imp,SulUt,5.0862202644348145
OthGrains,imp,Gorontalo,3.721799612045288
OthGrains,imp,SulTeng,1.4686872959136963
OthGrains,imp,SulaSel,8.51423168182373
OthGrains,imp,SulBar,0.6283643841743469
OthGrains,imp,SulTra,1.7151565551757812
OthGrains,imp,Bali,4.396529674530029
OthGrains,imp,NTB,6.7297892570495605
OthGrains,imp,NTT,8.961591720581055
OthGrains,imp,Maluku,15.528410911560059
OthGrains,imp,MalUt,12.288460731506348
OthGrains,imp,PapuaBar,18.70282554626465
OthGrains,imp,PapuaProv,25.178964614868164
Vegetables,dom,NAD,0.6947951912879944
Vegetables,dom,SumUt,0.7050063610076904
Vegetables,dom,SumBar,0.3748600482940674
Vegetables,dom,RiauProv,1.0636156797409058
Vegetables,dom,KepRi,6.94631290435791
Vegetables,dom,Jambi,0.41709449887275696
Vegetables,dom,SumSel,1.4141043424606323
Vegetables,dom,BaBel,1.0659465789794922
Vegetables,dom,Bengkulu,0.43222978711128235
Vegetables,dom,Lampung,2.0335464477539062
Vegetables,dom,DKI,3.0287675857543945
Vegetables,dom,JaBar,0.49285292625427246
Vegetables,dom,Banten,3.6377153396606445
Vegetables,dom,JaTeng,0.16325339674949646
Vegetables,dom,DIY,0.42703908681869507
Vegetables,dom,JaTim,1.0989736318588257
Vegetables,dom,KalBar,5.377874851226807
Vegetables,dom,KalTeng,6.476652145385742
Vegetables,dom,KalSel,5.906979560852051
Vegetables,dom,KalTim,6.231085777282715
Vegetables,dom,KalUt,2.440934419631958
Vegetables,dom,SulUt,0.41000664234161377
Vegetables,dom,Gorontalo,0.4089941382408142
Vegetables,dom,SulTeng,0.6348579525947571
Vegetables,dom,SulaSel,0.2326437085866928
Vegetables,dom,SulBar,0.7846841216087341
Vegetables,dom,SulTra,0.9449690580368042
Vegetables,dom,Bali,1.7808741331100464
Vegetables,dom,NTB,1.0450109243392944
Vegetables,dom,NTT,3.4320149421691895
Vegetables,dom,Maluku,1.9402672052383423
Vegetables,dom,MalUt,3.375399589538574
Vegetables,dom,PapuaBar,5.4684319496154785
Vegetables,dom,PapuaProv,7.388553142547607
Vegetables,imp,NAD,3.5134544372558594
Vegetables,imp,SumUt,0.9260432720184326
Vegetables,imp,SumBar,4.067246437072754
Vegetables,imp,RiauProv,3.794414520263672
Vegetables,imp,KepRi,4.874722003936768
Vegetables,imp,Jambi,4.873406887054443
Vegetables,imp,SumSel,4.95540189743042
Vegetables,imp,BaBel,5.999988555908203
Vegetables,imp,Bengkulu,5.119215488433838
Vegetables,imp,Lampung,4.1955037117004395
Vegetables,imp,DKI,0.32719287276268005
Vegetables,imp,JaBar,1.5054104328155518
Vegetables,imp,Banten,1.163270115852356
Vegetables,imp,JaTeng,0.9052515625953674
Vegetables,imp,DIY,0.7841004729270935
Vegetables,imp,JaTim,0.3918614685535431
Vegetables,imp,KalBar,6.98626184463501
Vegetables,imp,KalTeng,5.811446666717529
Vegetables,imp,KalSel,5.534915924072266
Vegetables,imp,KalTim,7.168406963348389
Vegetables,imp,KalUt,8.195603370666504
Vegetables,imp,SulUt,11.244068145751953
Vegetables,imp,Gorontalo,10.616837501525879
Vegetables,imp,SulTeng,9.800817489624023
Vegetables,imp,SulaSel,8.994612693786621
Vegetables,imp,SulBar,8.550366401672363
Vegetables,imp,SulTra,9.892537117004395
Vegetables,imp,Bali,2.898097515106201
Vegetables,imp,NTB,5.025519847869873
Vegetables,imp,NTT,8.1260347366333
Vegetables,imp,Maluku,16.85162925720215
Vegetables,imp,MalUt,14.849569320678711
Vegetables,imp,PapuaBar,18.68252182006836
Vegetables,imp,PapuaProv,24.304887771606445
DecorPlants,dom,NAD,7.286650657653809
DecorPlants,dom,SumUt,6.267448902130127
DecorPlants,dom,SumBar,5.423741340637207
DecorPlants,dom,RiauProv,5.122282981872559
DecorPlants,dom,KepRi,9.714889526367188
DecorPlants,dom,Jambi,5.181881427764893
DecorPlants,dom,SumSel,4.540530204772949
DecorPlants,dom,BaBel,5.560271263122559
DecorPlants,dom,Bengkulu,5.103862285614014
DecorPlants,dom,Lampung,3.685093402862549
DecorPlants,dom,DKI,1.3320728540420532
DecorPlants,dom,JaBar,0.390449583530426
DecorPlants,dom,Banten,1.4905107021331787
DecorPlants,dom,JaTeng,0.15876303613185883
DecorPlants,dom,DIY,0.3018431067466736
DecorPlants,dom,JaTim,0.40709060430526733
DecorPlants,dom,KalBar,6.464796543121338
DecorPlants,dom,KalTeng,5.706538200378418
DecorPlants,dom,KalSel,5.687566757202148
DecorPlants,dom,KalTim,7.1628828048706055
DecorPlants,dom,KalUt,7.778814792633057
DecorPlants,dom,SulUt,3.0518577098846436
DecorPlants,dom,Gorontalo,8.40916633605957
DecorPlants,dom,SulTeng,9.160987854003906
DecorPlants,dom,SulaSel,8.554631233215332
DecorPlants,dom,SulBar,6.2959675788879395
DecorPlants,dom,SulTra,9.682358741760254
DecorPlants,dom,Bali,3.1677141189575195
DecorPlants,dom,NTB,5.1612396240234375
DecorPlants,dom,NTT,8.350231170654297
DecorPlants,dom,Maluku,17.099262237548828
DecorPlants,dom,MalUt,14.741564750671387
DecorPlants,dom,PapuaBar,19.57179832458496
DecorPlants,dom,PapuaProv,25.218046188354492
DecorPlants,imp,NAD,7.4383697509765625
DecorPlants,imp,SumUt,6.469203472137451
DecorPlants,imp,SumBar,4.690610408782959
DecorPlants,imp,RiauProv,4.992729187011719
DecorPlants,imp,KepRi,3.259981870651245
DecorPlants,imp,Jambi,3.981384515762329
DecorPlants,imp,SumSel,3.017533302307129
DecorPlants,imp,BaBel,3.839658737182617
DecorPlants,imp,Bengkulu,3.544386148452759
DecorPlants,imp,Lampung,2.114276170730591
DecorPlants,imp,DKI,0.1761084496974945
DecorPlants,imp,JaBar,0.490927129983902
DecorPlants,imp,Banten,0.35436391830444336
DecorPlants,imp,JaTeng,1.5487256050109863
DecorPlants,imp,DIY,1.6230409145355225
DecorPlants,imp,JaTim,2.318066358566284
DecorPlants,imp,KalBar,6.905028343200684
DecorPlants,imp,KalTeng,7.287947654724121
DecorPlants,imp,KalSel,7.562427520751953
DecorPlants,imp,KalTim,8.901740074157715
DecorPlants,imp,KalUt,9.489089012145996
DecorPlants,imp,SulUt,13.25650691986084
DecorPlants,imp,Gorontalo,12.627649307250977
DecorPlants,imp,SulTeng,11.811284065246582
DecorPlants,imp,SulaSel,11.004020690917969
DecorPlants,imp,SulBar,10.558534622192383
DecorPlants,imp,SulTra,11.869359970092773
DecorPlants,imp,Bali,3.7520840167999268
DecorPlants,imp,NTB,6.446700096130371
DecorPlants,imp,NTT,10.006060600280762
DecorPlants,imp,Maluku,19.086078643798828
DecorPlants,imp,MalUt,16.917503356933594
DecorPlants,imp,PapuaBar,21.69451141357422
DecorPlants,imp,PapuaProv,27.22774887084961
Cane,dom,NAD,6.82061243057251
Cane,dom,SumUt,7.209611415863037
Cane,dom,SumBar,5.373767375946045
Cane,dom,RiauProv,5.971820831298828
Cane,dom,KepRi,11.185356140136719
Cane,dom,Jambi,4.304233074188232
Cane,dom,SumSel,0.44446784257888794
Cane,dom,BaBel,5.441012859344482
Cane,dom,Bengkulu,3.5369985103607178
Cane,dom,Lampung,1.3329241275787354
Cane,dom,DKI,2.375581741333008
Cane,dom,JaBar,0.4295421540737152
Cane,dom,Banten,2.655895948410034
Cane,dom,JaTeng,0.16704890131950378
Cane,dom,DIY,0.17077605426311493
Cane,dom,JaTim,0.39295825362205505
Cane,dom,KalBar,7.20506477355957
Cane,dom,KalTeng,6.020574569702148
Cane,dom,KalSel,5.485775470733643
Cane,dom,KalTim,6.693294525146484
Cane,dom,KalUt,7.677832126617432
Cane,dom,SulUt,1.2415372133255005
Cane,dom,Gorontalo,0.4274293780326843
Cane,dom,SulTeng,1.4235565662384033
Cane,dom,SulaSel,0.7120727300643921
Cane,dom,SulBar,1.1754337549209595
Cane,dom,SulTra,2.563389301300049
Cane,dom,Bali,3.0052521228790283
Cane,dom,NTB,3.812378406524658
Cane,dom,NTT,7.641392707824707
Cane,dom,Maluku,12.253698348999023
Cane,dom,MalUt,8.412178039550781
Cane,dom,PapuaBar,15.35716438293457
Cane,dom,PapuaProv,22.21076202392578
Cane,imp,NAD,3.0111637115478516
Cane,imp,SumUt,0.6936905980110168
Cane,imp,SumBar,2.719154119491577
Cane,imp,RiauProv,2.7240004539489746
Cane,imp,KepRi,9.396817207336426
Cane,imp,Jambi,2.117244005203247
Cane,imp,SumSel,0.4352142810821533
Cane,imp,BaBel,3.202411413192749
Cane,imp,Bengkulu,1.6253167390823364
Cane,imp,Lampung,0.4531574845314026
Cane,imp,DKI,1.8591632843017578
Cane,imp,JaBar,0.25410786271095276
Cane,imp,Banten,1.9165159463882446
Cane,imp,JaTeng,0.18057215213775635
Cane,imp,DIY,0.1791493147611618
Cane,imp,JaTim,0.39342573285102844
Cane,imp,KalBar,7.184164047241211
Cane,imp,KalTeng,6.6573166847229
Cane,imp,KalSel,5.938416481018066
Cane,imp,KalTim,6.497115612030029
Cane,imp,KalUt,7.694060325622559
Cane,imp,SulUt,2.0056729316711426
Cane,imp,Gorontalo,0.4435659945011139
Cane,imp,SulTeng,1.084993839263916
Cane,imp,SulaSel,0.24451078474521637
Cane,imp,SulBar,0.5230759382247925
Cane,imp,SulTra,1.2946712970733643
Cane,imp,Bali,4.288055419921875
Cane,imp,NTB,1.0373759269714355
Cane,imp,NTT,7.843355178833008
Cane,imp,Maluku,12.45421028137207
Cane,imp,MalUt,8.909728050231934
Cane,imp,PapuaBar,15.799571990966797
Cane,imp,PapuaProv,22.977243423461914
Tobacco,dom,NAD,0.8605062961578369
Tobacco,dom,SumUt,9.44585132598877
Tobacco,dom,SumBar,0.44110938906669617
Tobacco,dom,RiauProv,7.259463787078857
Tobacco,dom,KepRi,11.987822532653809
Tobacco,dom,Jambi,0.4380166828632355
Tobacco,dom,SumSel,0.4714524447917938
Tobacco,dom,BaBel,8.24423885345459
Tobacco,dom,Bengkulu,5.489607334136963
Tobacco,dom,Lampung,0.8617734313011169
Tobacco,dom,DKI,0.8687216639518738
Tobacco,dom,JaBar,0.24731267988681793
Tobacco,dom,Banten,1.1353594064712524
Tobacco,dom,JaTeng,0.7905198335647583
Tobacco,dom,DIY,0.21281519532203674
Tobacco,dom,JaTim,0.7465128302574158
Tobacco,dom,KalBar,7.625576972961426
Tobacco,dom,KalTeng,6.401654243469238
Tobacco,dom,KalSel,5.289624214172363
Tobacco,dom,KalTim,5.861453533172607
Tobacco,dom,KalUt,7.395473480224609
Tobacco,dom,SulUt,3.7761406898498535
Tobacco,dom,Gorontalo,2.7366855144500732
Tobacco,dom,SulTeng,0.43534159660339355
Tobacco,dom,SulaSel,0.22340287268161774
Tobacco,dom,SulBar,0.4741266369819641
Tobacco,dom,SulTra,1.4404289722442627
Tobacco,dom,Bali,1.0394787788391113
Tobacco,dom,NTB,1.0370591878890991
Tobacco,dom,NTT,1.5672816038131714
Tobacco,dom,Maluku,11.10969066619873
Tobacco,dom,MalUt,9.283447265625
Tobacco,dom,PapuaBar,14.230480194091797
Tobacco,dom,PapuaProv,18.83173942565918
Tobacco,imp,NAD,8.929622650146484
Tobacco,imp,SumUt,7.557918548583984
Tobacco,imp,SumBar,5.728407859802246
Tobacco,imp,RiauProv,6.065318584442139
Tobacco,imp,KepRi,2.4806272983551025
Tobacco,imp,Jambi,4.939126014709473
Tobacco,imp,SumSel,3.8741071224212646
Tobacco,imp,BaBel,4.794392108917236
Tobacco,imp,Bengkulu,4.461662292480469
Tobacco,imp,Lampung,2.828862428665161
Tobacco,imp,DKI,0.1766224056482315
Tobacco,imp,JaBar,0.25318461656570435
Tobacco,imp,Banten,0.5004892349243164
Tobacco,imp,JaTeng,1.0072988271713257
Tobacco,imp,DIY,0.6494817733764648
Tobacco,imp,JaTim,0.42428386211395264
Tobacco,imp,KalBar,6.814001083374023
Tobacco,imp,KalTeng,6.3436360359191895
Tobacco,imp,KalSel,6.142762184143066
Tobacco,imp,KalTim,7.726411819458008
Tobacco,imp,KalUt,8.626531600952148
Tobacco,imp,SulUt,11.916364669799805
Tobacco,imp,Gorontalo,11.283219337463379
Tobacco,imp,SulTeng,10.465483665466309
Tobacco,imp,SulaSel,9.655577659606934
Tobacco,imp,SulBar,9.208986282348633
Tobacco,imp,SulTra,10.558639526367188
Tobacco,imp,Bali,3.37604022026062
Tobacco,imp,NTB,5.6475749015808105
Tobacco,imp,NTT,8.812131881713867
Tobacco,imp,Maluku,17.802473068237305
Tobacco,imp,MalUt,15.591544151306152
Tobacco,imp,PapuaBar,20.38279151916504
Tobacco,imp,PapuaProv,25.96749496459961
PlantFiber,dom,NAD,0.8469086289405823
PlantFiber,dom,SumUt,6.220244407653809
PlantFiber,dom,SumBar,5.054335117340088
PlantFiber,dom,RiauProv,6.974363803863525
PlantFiber,dom,KepRi,11.583260536193848
PlantFiber,dom,Jambi,5.919908046722412
PlantFiber,dom,SumSel,5.919468879699707
PlantFiber,dom,BaBel,7.635890483856201
PlantFiber,dom,Bengkulu,0.49325475096702576
PlantFiber,dom,Lampung,0.8588939309120178
PlantFiber,dom,DKI,2.5750558376312256
PlantFiber,dom,JaBar,2.0275139808654785
PlantFiber,dom,Banten,3.068511486053467
PlantFiber,dom,JaTeng,0.17333561182022095
PlantFiber,dom,DIY,0.5090564489364624
PlantFiber,dom,JaTim,0.3936350643634796
PlantFiber,dom,KalBar,6.8371195793151855
PlantFiber,dom,KalTeng,5.7394118309021
PlantFiber,dom,KalSel,4.791388988494873
PlantFiber,dom,KalTim,5.2557525634765625
PlantFiber,dom,KalUt,6.560969352722168
PlantFiber,dom,SulUt,2.49196195602417
PlantFiber,dom,Gorontalo,0.4184631109237671
PlantFiber,dom,SulTeng,0.4296930730342865
PlantFiber,dom,SulaSel,0.22425682842731476
PlantFiber,dom,SulBar,0.23052124679088593
PlantFiber,dom,SulTra,0.5080955028533936
PlantFiber,dom,Bali,1.6972100734710693
PlantFiber,dom,NTB,2.3209426403045654
PlantFiber,dom,NTT,1.542787790298462
PlantFiber,dom,Maluku,9.602921485900879
PlantFiber,dom,MalUt,7.391017913818359
PlantFiber,dom,PapuaBar,11.082727432250977
PlantFiber,dom,PapuaProv,3.2310450077056885
PlantFiber,imp,NAD,8.203821182250977
PlantFiber,imp,SumUt,6.81456184387207
PlantFiber,imp,SumBar,5.0166497230529785
PlantFiber,imp,RiauProv,5.37053918838501
PlantFiber,imp,KepRi,9.848240852355957
PlantFiber,imp,Jambi,4.244387149810791
PlantFiber,imp,SumSel,3.245468854904175
PlantFiber,imp,BaBel,4.1054911613464355
PlantFiber,imp,Bengkulu,3.7889699935913086
PlantFiber,imp,Lampung,2.305866003036499
PlantFiber,imp,DKI,0.1765911728143692
PlantFiber,imp,JaBar,0.5330566763877869
PlantFiber,imp,Banten,0.3809225261211395
PlantFiber,imp,JaTeng,0.19815491139888763
PlantFiber,imp,DIY,0.4314286708831787
PlantFiber,imp,JaTim,1.1324400901794434
PlantFiber,imp,KalBar,6.924253940582275
PlantFiber,imp,KalTeng,6.837880611419678
PlantFiber,imp,KalSel,7.063453197479248
PlantFiber,imp,KalTim,8.520015716552734
PlantFiber,imp,KalUt,9.19596004486084
PlantFiber,imp,SulUt,12.81351089477539
PlantFiber,imp,Gorontalo,12.188264846801758
PlantFiber,imp,SulTeng,11.372267723083496
PlantFiber,imp,SulaSel,10.568687438964844
PlantFiber,imp,SulBar,10.125935554504395
PlantFiber,imp,SulTra,11.464706420898438
PlantFiber,imp,Bali,4.377167701721191
PlantFiber,imp,NTB,6.585724353790283
PlantFiber,imp,NTT,9.685093879699707
PlantFiber,imp,Maluku,18.67147445678711
PlantFiber,imp,MalUt,16.471071243286133
PlantFiber,imp,PapuaBar,21.247909545898438
PlantFiber,imp,PapuaProv,26.80463981628418
OthPlantaton,dom,NAD,0.7202011346817017
OthPlantaton,dom,SumUt,1.975225806236267
OthPlantaton,dom,SumBar,0.37781891226768494
OthPlantaton,dom,RiauProv,1.4774456024169922
OthPlantaton,dom,KepRi,7.856045722961426
OthPlantaton,dom,Jambi,0.41278275847435
OthPlantaton,dom,SumSel,0.43369168043136597
OthPlantaton,dom,BaBel,0.9787794351577759
OthPlantaton,dom,Bengkulu,0.4352100193500519
OthPlantaton,dom,Lampung,0.8086339235305786
OthPlantaton,dom,DKI,3.9698245525360107
OthPlantaton,dom,JaBar,4.302894592285156
OthPlantaton,dom,Banten,4.719822883605957
OthPlantaton,dom,JaTeng,5.911958694458008
OthPlantaton,dom,DIY,7.1731438636779785
OthPlantaton,dom,JaTim,3.6580440998077393
OthPlantaton,dom,KalBar,0.6787667274475098
OthPlantaton,dom,KalTeng,2.7271945476531982
OthPlantaton,dom,KalSel,2.895261764526367
OthPlantaton,dom,KalTim,0.5972703695297241
OthPlantaton,dom,KalUt,2.300909996032715
OthPlantaton,dom,SulUt,0.44537153840065
OthPlantaton,dom,Gorontalo,1.6668996810913086
OthPlantaton,dom,SulTeng,0.43618884682655334
OthPlantaton,dom,SulaSel,0.2204461693763733
OthPlantaton,dom,SulBar,0.22052042186260223
OthPlantaton,dom,SulTra,0.4861854910850525
OthPlantaton,dom,Bali,7.529136657714844
OthPlantaton,dom,NTB,5.166656017303467
OthPlantaton,dom,NTT,1.6077876091003418
OthPlantaton,dom,Maluku,1.8077634572982788
OthPlantaton,dom,MalUt,1.838963508605957
OthPlantaton,dom,PapuaBar,1.8011606931686401
OthPlantaton,dom,PapuaProv,3.179142951965332
OthPlantaton,imp,NAD,5.374125003814697
OthPlantaton,imp,SumUt,4.325235843658447
OthPlantaton,imp,SumBar,2.60003662109375
OthPlantaton,imp,RiauProv,2.9258334636688232
OthPlantaton,imp,KepRi,7.809800624847412
OthPlantaton,imp,Jambi,1.8630545139312744
OthPlantaton,imp,SumSel,0.8893852829933167
OthPlantaton,imp,BaBel,2.6741108894348145
OthPlantaton,imp,Bengkulu,1.41920804977417
OthPlantaton,imp,Lampung,0.4416815936565399
OthPlantaton,imp,DKI,0.4451453685760498
OthPlantaton,imp,JaBar,2.1864755153656006
OthPlantaton,imp,Banten,1.598207950592041
OthPlantaton,imp,JaTeng,2.4319980144500732
OthPlantaton,imp,DIY,1.5147603750228882
OthPlantaton,imp,JaTim,1.1875606775283813
OthPlantaton,imp,KalBar,7.25295352935791
OthPlantaton,imp,KalTeng,8.188667297363281
OthPlantaton,imp,KalSel,9.016556739807129
OthPlantaton,imp,KalTim,9.53499984741211
OthPlantaton,imp,KalUt,9.86526870727539
OthPlantaton,imp,SulUt,14.814140319824219
OthPlantaton,imp,Gorontalo,12.131587028503418
OthPlantaton,imp,SulTeng,12.777118682861328
OthPlantaton,imp,SulaSel,12.421307563781738
OthPlantaton,imp,SulBar,12.113279342651367
OthPlantaton,imp,SulTra,12.933969497680664
OthPlantaton,imp,Bali,1.081674337387085
OthPlantaton,imp,NTB,8.117055892944336
OthPlantaton,imp,NTT,9.376081466674805
OthPlantaton,imp,Maluku,20.267423629760742
OthPlantaton,imp,MalUt,18.346160888671875
OthPlantaton,imp,PapuaBar,22.38254737854004
OthPlantaton,imp,PapuaProv,25.78059196472168
Fruits,dom,NAD,0.7129743695259094
Fruits,dom,SumUt,0.7365949153900146
Fruits,dom,SumBar,0.38482221961021423
Fruits,dom,RiauProv,1.8117122650146484
Fruits,dom,KepRi,9.06282901763916
Fruits,dom,Jambi,0.43951764702796936
Fruits,dom,SumSel,0.9810791015625
Fruits,dom,BaBel,2.7772858142852783
Fruits,dom,Bengkulu,1.1722514629364014
Fruits,dom,Lampung,0.4470534920692444
Fruits,dom,DKI,1.6223742961883545
Fruits,dom,JaBar,1.0588208436965942
Fruits,dom,Banten,1.871126413345337
Fruits,dom,JaTeng,0.16072003543376923
Fruits,dom,DIY,0.1613154262304306
Fruits,dom,JaTim,0.3960367739200592
Fruits,dom,KalBar,0.8352770805358887
Fruits,dom,KalTeng,3.31229829788208
Fruits,dom,KalSel,4.090939044952393
Fruits,dom,KalTim,4.654325485229492
Fruits,dom,KalUt,4.518431186676025
Fruits,dom,SulUt,4.091320991516113
Fruits,dom,Gorontalo,6.068975925445557
Fruits,dom,SulTeng,4.771774768829346
Fruits,dom,SulaSel,2.585280179977417
Fruits,dom,SulBar,0.24882757663726807
Fruits,dom,SulTra,2.770373582839966
Fruits,dom,Bali,1.0706440210342407
Fruits,dom,NTB,1.0591189861297607
Fruits,dom,NTT,1.5952599048614502
Fruits,dom,Maluku,2.2508015632629395
Fruits,dom,MalUt,7.9674973487854
Fruits,dom,PapuaBar,13.940181732177734
Fruits,dom,PapuaProv,18.921510696411133
Fruits,imp,NAD,4.743525505065918
Fruits,imp,SumUt,1.6294658184051514
Fruits,imp,SumBar,5.024097442626953
Fruits,imp,RiauProv,4.6686577796936035
Fruits,imp,KepRi,10.283835411071777
Fruits,imp,Jambi,5.070741176605225
Fruits,imp,SumSel,4.311729907989502
Fruits,imp,BaBel,5.3064374923706055
Fruits,imp,Bengkulu,4.824764251708984
Fruits,imp,Lampung,3.2588050365448
Fruits,imp,DKI,0.18674445152282715
Fruits,imp,JaBar,0.7854056358337402
Fruits,imp,Banten,0.5070911049842834
Fruits,imp,JaTeng,0.9574207663536072
Fruits,imp,DIY,0.7612254023551941
Fruits,imp,JaTim,0.3927302062511444
Fruits,imp,KalBar,7.132331371307373
Fruits,imp,KalTeng,6.147101879119873
Fruits,imp,KalSel,5.750167369842529
Fruits,imp,KalTim,7.4350128173828125
Fruits,imp,KalUt,8.465702056884766
Fruits,imp,SulUt,11.47347354888916
Fruits,imp,Gorontalo,10.849851608276367
Fruits,imp,SulTeng,10.023118019104004
Fruits,imp,SulaSel,9.220295906066895
Fruits,imp,SulBar,8.74669361114502
Fruits,imp,SulTra,10.11821460723877
Fruits,imp,Bali,3.0202174186706543
Fruits,imp,NTB,5.210590362548828
Fruits,imp,NTT,8.337884902954102
Fruits,imp,Maluku,16.694660186767578
Fruits,imp,MalUt,14.980304718017578
Fruits,imp,PapuaBar,17.62921142578125
Fruits,imp,PapuaProv,20.124919891357422
PlantBiophrm,dom,NAD,1.6137808561325073
PlantBiophrm,dom,SumUt,9.458985328674316
PlantBiophrm,dom,SumBar,1.2174594402313232
PlantBiophrm,dom,RiauProv,2.034982204437256
PlantBiophrm,dom,KepRi,10.684269905090332
PlantBiophrm,dom,Jambi,5.745766639709473
PlantBiophrm,dom,SumSel,4.270264625549316
PlantBiophrm,dom,BaBel,1.1100640296936035
PlantBiophrm,dom,Bengkulu,0.46584880352020264
PlantBiophrm,dom,Lampung,0.7654284238815308
PlantBiophrm,dom,DKI,1.6907150745391846
PlantBiophrm,dom,JaBar,0.33490175008773804
PlantBiophrm,dom,Banten,1.4433485269546509
PlantBiophrm,dom,JaTeng,0.1638004630804062
PlantBiophrm,dom,DIY,0.1596425473690033
PlantBiophrm,dom,JaTim,0.4007514417171478
PlantBiophrm,dom,KalBar,3.4753456115722656
PlantBiophrm,dom,KalTeng,3.8285458087921143
PlantBiophrm,dom,KalSel,0.7639822959899902
PlantBiophrm,dom,KalTim,3.8880763053894043
PlantBiophrm,dom,KalUt,5.2914509773254395
PlantBiophrm,dom,SulUt,0.5080078840255737
PlantBiophrm,dom,Gorontalo,1.7428313493728638
PlantBiophrm,dom,SulTeng,0.9379218816757202
PlantBiophrm,dom,SulaSel,0.22015605866909027
PlantBiophrm,dom,SulBar,0.22393037378787994
PlantBiophrm,dom,SulTra,0.48044297099113464
PlantBiophrm,dom,Bali,1.1063321828842163
PlantBiophrm,dom,NTB,3.210517168045044
PlantBiophrm,dom,NTT,1.7105449438095093
PlantBiophrm,dom,Maluku,2.798826217651367
PlantBiophrm,dom,MalUt,6.075153350830078
PlantBiophrm,dom,PapuaBar,10.539180755615234
PlantBiophrm,dom,PapuaProv,15.923898696899414
PlantBiophrm,imp,NAD,1.5685241222381592
PlantBiophrm,imp,SumUt,0.6977184414863586
PlantBiophrm,imp,SumBar,1.035745620727539
PlantBiophrm,imp,RiauProv,0.37462368607521057
PlantBiophrm,imp,KepRi,3.298834800720215
PlantBiophrm,imp,Jambi,1.5296134948730469
PlantBiophrm,imp,SumSel,2.6528193950653076
PlantBiophrm,imp,BaBel,4.7337260246276855
PlantBiophrm,imp,Bengkulu,2.4505159854888916
PlantBiophrm,imp,Lampung,3.359866142272949
PlantBiophrm,imp,DKI,0.8079293966293335
PlantBiophrm,imp,JaBar,1.7362884283065796
PlantBiophrm,imp,Banten,1.2401877641677856
PlantBiophrm,imp,JaTeng,1.7263370752334595
PlantBiophrm,imp,DIY,1.0019298791885376
PlantBiophrm,imp,JaTim,0.43683499097824097
PlantBiophrm,imp,KalBar,8.953383445739746
PlantBiophrm,imp,KalTeng,9.351219177246094
PlantBiophrm,imp,KalSel,9.602612495422363
PlantBiophrm,imp,KalTim,10.757943153381348
PlantBiophrm,imp,KalUt,11.35580825805664
PlantBiophrm,imp,SulUt,16.495084762573242
PlantBiophrm,imp,Gorontalo,15.734689712524414
PlantBiophrm,imp,SulTeng,14.908268928527832
PlantBiophrm,imp,SulaSel,14.003969192504883
PlantBiophrm,imp,SulBar,13.498044967651367
PlantBiophrm,imp,SulTra,14.995850563049316
PlantBiophrm,imp,Bali,5.410722255706787
PlantBiophrm,imp,NTB,9.08059024810791
PlantBiophrm,imp,NTT,13.405899047851562
PlantBiophrm,imp,Maluku,22.740108489990234
PlantBiophrm,imp,MalUt,20.396793365478516
PlantBiophrm,imp,PapuaBar,25.35500717163086
PlantBiophrm,imp,PapuaProv,31.370384216308594
Rubber,dom,NAD,0.6919273734092712
Rubber,dom,SumUt,0.7440932393074036
Rubber,dom,SumBar,0.667641818523407
Rubber,dom,RiauProv,0.37288451194763184
Rubber,dom,KepRi,3.9026710987091064
Rubber,dom,Jambi,0.41468188166618347
Rubber,dom,SumSel,0.45523279905319214
Rubber,dom,BaBel,1.6608033180236816
Rubber,dom,Bengkulu,0.4340375065803528
Rubber,dom,Lampung,0.45801666378974915
Rubber,dom,DKI,3.7230544090270996
Rubber,dom,JaBar,4.8505988121032715
Rubber,dom,Banten,4.53896427154541
Rubber,dom,JaTeng,2.263211965560913
Rubber,dom,DIY,3.74895977973938
Rubber,dom,JaTim,4.069192886352539
Rubber,dom,KalBar,0.6447167992591858
Rubber,dom,KalTeng,0.5735438466072083
Rubber,dom,KalSel,1.3516110181808472
Rubber,dom,KalTim,0.5696513652801514
Rubber,dom,KalUt,1.7136067152023315
Rubber,dom,SulUt,8.130095481872559
Rubber,dom,Gorontalo,6.623851299285889
Rubber,dom,SulTeng,0.45162278413772583
Rubber,dom,SulaSel,3.885859489440918
Rubber,dom,SulBar,5.559404373168945
Rubber,dom,SulTra,6.466976165771484
Rubber,dom,Bali,7.592559337615967
Rubber,dom,NTB,9.06264877319336
Rubber,dom,NTT,10.845414161682129
Rubber,dom,Maluku,8.452925682067871
Rubber,dom,MalUt,12.552762031555176
Rubber,dom,PapuaBar,11.092012405395508
Rubber,dom,PapuaProv,3.155942916870117
Rubber,imp,NAD,1.388443112373352
Rubber,imp,SumUt,0.7004078030586243
Rubber,imp,SumBar,1.7972263097763062
Rubber,imp,RiauProv,1.4966408014297485
Rubber,imp,KepRi,8.170136451721191
Rubber,imp,Jambi,2.510347366333008
Rubber,imp,SumSel,3.450259208679199
Rubber,imp,BaBel,5.2902140617370605
Rubber,imp,Bengkulu,3.0999627113342285
Rubber,imp,Lampung,4.07228422164917
Rubber,imp,DKI,0.2720884680747986
Rubber,imp,JaBar,1.420936942100525
Rubber,imp,Banten,0.9396657943725586
Rubber,imp,JaTeng,4.990787506103516
Rubber,imp,DIY,5.195791721343994
Rubber,imp,JaTim,0.5900954008102417
Rubber,imp,KalBar,9.921499252319336
Rubber,imp,KalTeng,11.118574142456055
Rubber,imp,KalSel,12.144267082214355
Rubber,imp,KalTim,12.412202835083008
Rubber,imp,KalUt,12.690703392028809
Rubber,imp,SulUt,18.583837509155273
Rubber,imp,Gorontalo,17.83495330810547
Rubber,imp,SulTeng,17.132896423339844
Rubber,imp,SulaSel,16.322572708129883
Rubber,imp,SulBar,15.87557315826416
Rubber,imp,SulTra,17.226078033447266
Rubber,imp,Bali,10.730961799621582
Rubber,imp,NTB,13.115793228149414
Rubber,imp,NTT,16.30089569091797
Rubber,imp,Maluku,24.543256759643555
Rubber,imp,MalUt,22.2575740814209
Rubber,imp,PapuaBar,27.04634666442871
Rubber,imp,PapuaProv,33.0438346862793
Coconut,dom,NAD,0.7191149592399597
Coconut,dom,SumUt,1.554282546043396
Coconut,dom,SumBar,0.3785589933395386
Coconut,dom,RiauProv,0.37695369124412537
Coconut,dom,KepRi,10.805890083312988
Coconut,dom,Jambi,0.4177849590778351
Coconut,dom,SumSel,1.45663321018219
Coconut,dom,BaBel,5.9098334312438965
Coconut,dom,Bengkulu,1.7060292959213257
Coconut,dom,Lampung,0.5437929630279541
Coconut,dom,DKI,5.292628288269043
Coconut,dom,JaBar,6.745940685272217
Coconut,dom,Banten,6.682300567626953
Coconut,dom,JaTeng,1.0097827911376953
Coconut,dom,DIY,0.18584495782852173
Coconut,dom,JaTim,4.596639633178711
Coconut,dom,KalBar,0.7670193314552307
Coconut,dom,KalTeng,3.374295711517334
Coconut,dom,KalSel,4.146115303039551
Coconut,dom,KalTim,4.853826522827148
Coconut,dom,KalUt,6.601898193359375
Coconut,dom,SulUt,0.42449548840522766
Coconut,dom,Gorontalo,0.4082525372505188
Coconut,dom,SulTeng,0.4312554597854614
Coconut,dom,SulaSel,0.23426058888435364
Coconut,dom,SulBar,0.22048528492450714
Coconut,dom,SulTra,1.5385977029800415
Coconut,dom,Bali,1.3311504125595093
Coconut,dom,NTB,3.2599008083343506
Coconut,dom,NTT,1.6983073949813843
Coconut,dom,Maluku,1.8007549047470093
Coconut,dom,MalUt,1.825840950012207
Coconut,dom,PapuaBar,1.837046504020691
Coconut,dom,PapuaProv,3.208800792694092
Coconut,imp,NAD,2.0402936935424805
Coconut,imp,SumUt,0.744252622127533
Coconut,imp,SumBar,1.9529911279678345
Coconut,imp,RiauProv,1.5782335996627808
Coconut,imp,KepRi,9.91474437713623
Coconut,imp,Jambi,2.8247928619384766
Coconut,imp,SumSel,3.3524062633514404
Coconut,imp,BaBel,4.621954441070557
Coconut,imp,Bengkulu,3.522151470184326
Coconut,imp,Lampung,2.6090896129608154
Coconut,imp,DKI,0.17797385156154633
Coconut,imp,JaBar,0.543880820274353
Coconut,imp,Banten,0.3821673095226288
Coconut,imp,JaTeng,1.5119928121566772
Coconut,imp,DIY,1.0282883644104004
Coconut,imp,JaTim,0.5433715581893921
Coconut,imp,KalBar,8.010111808776855
Coconut,imp,KalTeng,7.85321569442749
Coconut,imp,KalSel,7.56159782409668
Coconut,imp,KalTim,9.12266731262207
Coconut,imp,KalUt,9.947266578674316
Coconut,imp,SulUt,9.207643508911133
Coconut,imp,Gorontalo,8.885405540466309
Coconut,imp,SulTeng,7.708489894866943
Coconut,imp,SulaSel,7.411047458648682
Coconut,imp,SulBar,7.650280952453613
Coconut,imp,SulTra,6.2392449378967285
Coconut,imp,Bali,4.884647846221924
Coconut,imp,NTB,4.107213973999023
Coconut,imp,NTT,1.5837187767028809
Coconut,imp,Maluku,13.081920623779297
Coconut,imp,MalUt,13.508161544799805
Coconut,imp,PapuaBar,17.127195358276367
Coconut,imp,PapuaProv,21.985769271850586
PalmOil,dom,NAD,0.7569461464881897
PalmOil,dom,SumUt,2.653496742248535
PalmOil,dom,SumBar,0.3814678192138672
PalmOil,dom,RiauProv,0.6340457201004028
PalmOil,dom,KepRi,2.3663556575775146
PalmOil,dom,Jambi,0.41383248567581177
PalmOil,dom,SumSel,0.4311883747577667
PalmOil,dom,BaBel,1.213566541671753
PalmOil,dom,Bengkulu,0.6411466598510742
PalmOil,dom,Lampung,0.4534408450126648
PalmOil,dom,DKI,4.785899639129639
PalmOil,dom,JaBar,5.7323150634765625
PalmOil,dom,Banten,3.7621443271636963
PalmOil,dom,JaTeng,6.886917591094971
PalmOil,dom,DIY,7.129236698150635
PalmOil,dom,JaTim,6.948898792266846
PalmOil,dom,KalBar,0.6942276358604431
PalmOil,dom,KalTeng,0.6122758984565735
PalmOil,dom,KalSel,0.803729772567749
PalmOil,dom,KalTim,0.5663893222808838
PalmOil,dom,KalUt,0.8914715051651001
PalmOil,dom,SulUt,3.8332502841949463
PalmOil,dom,Gorontalo,2.687901020050049
PalmOil,dom,SulTeng,0.45643261075019836
PalmOil,dom,SulaSel,0.21959076821804047
PalmOil,dom,SulBar,0.2215520143508911
PalmOil,dom,SulTra,2.0582728385925293
PalmOil,dom,Bali,6.905060768127441
PalmOil,dom,NTB,7.45604133605957
PalmOil,dom,NTT,8.207402229309082
PalmOil,dom,Maluku,7.396365642547607
PalmOil,dom,MalUt,8.119487762451172
PalmOil,dom,PapuaBar,1.9020543098449707
PalmOil,dom,PapuaProv,9.515070915222168
PalmOil,imp,NAD,7.764362812042236
PalmOil,imp,SumUt,6.396149635314941
PalmOil,imp,SumBar,4.648083209991455
PalmOil,imp,RiauProv,4.990692615509033
PalmOil,imp,KepRi,9.498451232910156
PalmOil,imp,Jambi,3.912097692489624
PalmOil,imp,SumSel,2.9571099281311035
PalmOil,imp,BaBel,3.763354539871216
PalmOil,imp,Bengkulu,3.4757728576660156
PalmOil,imp,Lampung,2.0738768577575684
PalmOil,imp,DKI,0.17591537535190582
PalmOil,imp,JaBar,0.485416054725647
PalmOil,imp,Banten,0.35183072090148926
PalmOil,imp,JaTeng,1.6372249126434326
PalmOil,imp,DIY,1.8520697355270386
PalmOil,imp,JaTim,2.5661351680755615
PalmOil,imp,KalBar,6.9767656326293945
PalmOil,imp,KalTeng,7.468649864196777
PalmOil,imp,KalSel,7.902834415435791
PalmOil,imp,KalTim,9.172992706298828
PalmOil,imp,KalUt,9.69069766998291
PalmOil,imp,SulUt,13.548544883728027
PalmOil,imp,Gorontalo,12.930353164672852
PalmOil,imp,SulTeng,12.124775886535645
PalmOil,imp,SulaSel,11.333151817321777
PalmOil,imp,SulBar,10.89785099029541
PalmOil,imp,SulTra,12.215989112854004
PalmOil,imp,Bali,5.393375873565674
PalmOil,imp,NTB,7.457106590270996
PalmOil,imp,NTT,10.465264320373535
PalmOil,imp,Maluku,19.364484786987305
PalmOil,imp,MalUt,17.176158905029297
PalmOil,imp,PapuaBar,21.930042266845703
PalmOil,imp,PapuaProv,27.47068977355957
Coffee,dom,NAD,0.7026050686836243
Coffee,dom,SumUt,1.1805185079574585
Coffee,dom,SumBar,0.37604135274887085
Coffee,dom,RiauProv,1.4475589990615845
Coffee,dom,KepRi,9.54608154296875
Coffee,dom,Jambi,0.4247015714645386
Coffee,dom,SumSel,0.432039350271225
Coffee,dom,BaBel,3.097733736038208
Coffee,dom,Bengkulu,0.43048417568206787
Coffee,dom,Lampung,0.5883268117904663
Coffee,dom,DKI,2.8550894260406494
Coffee,dom,JaBar,0.5683784484863281
Coffee,dom,Banten,2.550020456314087
Coffee,dom,JaTeng,0.4086035490036011
Coffee,dom,DIY,3.2431962490081787
Coffee,dom,JaTim,4.2417731285095215
Coffee,dom,KalBar,1.0018657445907593
Coffee,dom,KalTeng,0.8631207942962646
Coffee,dom,KalSel,0.85779869556427
Coffee,dom,KalTim,3.2014272212982178
Coffee,dom,KalUt,2.2659950256347656
Coffee,dom,SulUt,0.4307638108730316
Coffee,dom,Gorontalo,0.42703402042388916
Coffee,dom,SulTeng,0.43206778168678284
Coffee,dom,SulaSel,0.22276566922664642
Coffee,dom,SulBar,0.21921180188655853
Coffee,dom,SulTra,0.4935995638370514
Coffee,dom,Bali,1.2390884160995483
Coffee,dom,NTB,1.2898917198181152
Coffee,dom,NTT,1.6103217601776123
Coffee,dom,Maluku,2.594771146774292
Coffee,dom,MalUt,7.435349464416504
Coffee,dom,PapuaBar,5.462428092956543
Coffee,dom,PapuaProv,3.136040449142456
Coffee,imp,NAD,5.634281158447266
Coffee,imp,SumUt,5.686727523803711
Coffee,imp,SumBar,4.085122108459473
Coffee,imp,RiauProv,4.246294975280762
Coffee,imp,KepRi,9.886702537536621
Coffee,imp,Jambi,3.4168405532836914
Coffee,imp,SumSel,2.126955986022949
Coffee,imp,BaBel,3.918358564376831
Coffee,imp,Bengkulu,2.896702766418457
Coffee,imp,Lampung,1.428197979927063
Coffee,imp,DKI,0.17672421038150787
Coffee,imp,JaBar,0.6861568093299866
Coffee,imp,Banten,0.17709700763225555
Coffee,imp,JaTeng,1.4618256092071533
Coffee,imp,DIY,1.3280848264694214
Coffee,imp,JaTim,2.0962517261505127
Coffee,imp,KalBar,7.2824506759643555
Coffee,imp,KalTeng,7.328944206237793
Coffee,imp,KalSel,7.356432914733887
Coffee,imp,KalTim,8.87546443939209
Coffee,imp,KalUt,9.591772079467773
Coffee,imp,SulUt,12.926983833312988
Coffee,imp,Gorontalo,12.321074485778809
Coffee,imp,SulTeng,11.438386917114258
Coffee,imp,SulaSel,10.674574851989746
Coffee,imp,SulBar,10.295621871948242
Coffee,imp,SulTra,11.252774238586426
Coffee,imp,Bali,4.441130638122559
Coffee,imp,NTB,6.592519283294678
Coffee,imp,NTT,2.391014575958252
Coffee,imp,Maluku,18.672588348388672
Coffee,imp,MalUt,16.702341079711914
Coffee,imp,PapuaBar,21.428871154785156
Coffee,imp,PapuaProv,26.970659255981445
Tea,dom,NAD,1.7898659706115723
Tea,dom,SumUt,0.7036912441253662
Tea,dom,SumBar,0.3841942548751831
Tea,dom,RiauProv,1.1689181327819824
Tea,dom,KepRi,8.399603843688965
Tea,dom,Jambi,0.41117358207702637
Tea,dom,SumSel,0.44943031668663025
Tea,dom,BaBel,3.684389352798462
Tea,dom,Bengkulu,1.2169305086135864
Tea,dom,Lampung,2.0940699577331543
Tea,dom,DKI,0.6032971739768982
Tea,dom,JaBar,0.27814874053001404
Tea,dom,Banten,0.9306803345680237
Tea,dom,JaTeng,1.0627139806747437
Tea,dom,DIY,1.5691325664520264
Tea,dom,JaTim,1.12147057056427
Tea,dom,KalBar,8.135414123535156
Tea,dom,KalTeng,8.535362243652344
Tea,dom,KalSel,8.984567642211914
Tea,dom,KalTim,10.159377098083496
Tea,dom,KalUt,10.728662490844727
Tea,dom,SulUt,15.346471786499023
Tea,dom,Gorontalo,14.64509105682373
Tea,dom,SulTeng,13.826254844665527
Tea,dom,SulaSel,12.968976020812988
Tea,dom,SulBar,12.50033950805664
Tea,dom,SulTra,13.924270629882812
Tea,dom,Bali,6.121571063995361
Tea,dom,NTB,8.750049591064453
Tea,dom,NTT,12.227928161621094
Tea,dom,Maluku,21.45880699157715
Tea,dom,MalUt,19.155670166015625
Tea,dom,PapuaBar,24.058130264282227
Tea,dom,PapuaProv,29.927783966064453
Tea,imp,NAD,7.816067218780518
Tea,imp,SumUt,6.4442572593688965
Tea,imp,SumBar,4.690914630889893
Tea,imp,RiauProv,5.026697158813477
Tea,imp,KepRi,9.494831085205078
Tea,imp,Jambi,3.9513955116271973
Tea,imp,SumSel,2.990156888961792
Tea,imp,BaBel,3.8037946224212646
Tea,imp,Bengkulu,3.512385845184326
Tea,imp,Lampung,2.099372386932373
Tea,imp,DKI,0.17593201994895935
Tea,imp,JaBar,0.48085373640060425
Tea,imp,Banten,0.3568213880062103
Tea,imp,JaTeng,1.568688988685608
Tea,imp,DIY,1.722087025642395
Tea,imp,JaTim,2.3407235145568848
Tea,imp,KalBar,6.954268455505371
Tea,imp,KalTeng,7.396521091461182
Tea,imp,KalSel,7.779068946838379
Tea,imp,KalTim,9.078014373779297
Tea,imp,KalUt,9.626300811767578
Tea,imp,SulUt,13.455180168151855
Tea,imp,Gorontalo,12.834477424621582
Tea,imp,SulTeng,12.027281761169434
Tea,imp,SulaSel,11.232723236083984
Tea,imp,SulBar,10.795549392700195
Tea,imp,SulTra,12.118590354919434
Tea,imp,Bali,5.25143575668335
Tea,imp,NTB,7.334229946136475
Tea,imp,NTT,10.37330436706543
Tea,imp,Maluku,19.28069496154785
Tea,imp,MalUt,17.0894718170166
Tea,imp,PapuaBar,21.848142623901367
Tea,imp,PapuaProv,27.39463233947754
Cocoa,dom,NAD,0.7324503064155579
Cocoa,dom,SumUt,1.0307124853134155
Cocoa,dom,SumBar,0.412317156791687
Cocoa,dom,RiauProv,1.8456047773361206
Cocoa,dom,KepRi,12.235875129699707
Cocoa,dom,Jambi,1.8839787244796753
Cocoa,dom,SumSel,2.645915985107422
Cocoa,dom,BaBel,8.834494590759277
Cocoa,dom,Bengkulu,0.4763026833534241
Cocoa,dom,Lampung,0.6793044209480286
Cocoa,dom,DKI,7.697906017303467
Cocoa,dom,JaBar,9.125704765319824
Cocoa,dom,Banten,8.682183265686035
Cocoa,dom,JaTeng,9.142276763916016
Cocoa,dom,DIY,8.404434204101562
Cocoa,dom,JaTim,6.808857440948486
Cocoa,dom,KalBar,3.688718557357788
Cocoa,dom,KalTeng,5.292191505432129
Cocoa,dom,KalSel,4.847327709197998
Cocoa,dom,KalTim,0.8321518898010254
Cocoa,dom,KalUt,0.8428198099136353
Cocoa,dom,SulUt,0.47531580924987793
Cocoa,dom,Gorontalo,0.4116118848323822
Cocoa,dom,SulTeng,0.43192434310913086
Cocoa,dom,SulaSel,0.22223059833049774
Cocoa,dom,SulBar,0.21856410801410675
Cocoa,dom,SulTra,0.4856065809726715
Cocoa,dom,Bali,2.2039096355438232
Cocoa,dom,NTB,4.697052478790283
Cocoa,dom,NTT,1.8506876230239868
Cocoa,dom,Maluku,1.9222019910812378
Cocoa,dom,MalUt,1.9119809865951538
Cocoa,dom,PapuaBar,1.9103623628616333
Cocoa,dom,PapuaProv,3.1598880290985107
Cocoa,imp,NAD,9.506573677062988
Cocoa,imp,SumUt,8.112590789794922
Cocoa,imp,SumBar,7.018752098083496
Cocoa,imp,RiauProv,6.616514682769775
Cocoa,imp,KepRi,2.3306541442871094
Cocoa,imp,Jambi,6.500869274139404
Cocoa,imp,SumSel,5.8567681312561035
Cocoa,imp,BaBel,5.707406520843506
Cocoa,imp,Bengkulu,6.563790798187256
Cocoa,imp,Lampung,4.659499645233154
Cocoa,imp,DKI,0.19384700059890747
Cocoa,imp,JaBar,0.8100894093513489
Cocoa,imp,Banten,0.527533769607544
Cocoa,imp,JaTeng,1.6195679903030396
Cocoa,imp,DIY,1.3508174419403076
Cocoa,imp,JaTim,0.46179279685020447
Cocoa,imp,KalBar,4.795650005340576
Cocoa,imp,KalTeng,5.951282978057861
Cocoa,imp,KalSel,6.800112247467041
Cocoa,imp,KalTim,7.149182319641113
Cocoa,imp,KalUt,7.473870277404785
Cocoa,imp,SulUt,11.968676567077637
Cocoa,imp,Gorontalo,10.776376724243164
Cocoa,imp,SulTeng,7.356880187988281
Cocoa,imp,SulaSel,10.447599411010742
Cocoa,imp,SulBar,3.736544370651245
Cocoa,imp,SulTra,8.006875038146973
Cocoa,imp,Bali,5.982914447784424
Cocoa,imp,NTB,9.235880851745605
Cocoa,imp,NTT,12.24480152130127
Cocoa,imp,Maluku,18.788558959960938
Cocoa,imp,MalUt,16.429336547851562
Cocoa,imp,PapuaBar,21.34224510192871
Cocoa,imp,PapuaProv,27.31645393371582
Clove,dom,NAD,1.3903366327285767
Clove,dom,SumUt,10.464472770690918
Clove,dom,SumBar,1.594538927078247
Clove,dom,RiauProv,10.818604469299316
Clove,dom,KepRi,2.6811158657073975
Clove,dom,Jambi,11.263440132141113
Clove,dom,SumSel,11.233171463012695
Clove,dom,BaBel,12.609476089477539
Clove,dom,Bengkulu,1.390285611152649
Clove,dom,Lampung,1.1076279878616333
Clove,dom,DKI,4.4982380867004395
Clove,dom,JaBar,0.7666110396385193
Clove,dom,Banten,0.27479982376098633
Clove,dom,JaTeng,7.502148151397705
Clove,dom,DIY,1.2155876159667969
Clove,dom,JaTim,6.218520641326904
Clove,dom,KalBar,2.185472011566162
Clove,dom,KalTeng,6.701519012451172
Clove,dom,KalSel,5.417555809020996
Clove,dom,KalTim,5.817995548248291
Clove,dom,KalUt,7.008243083953857
Clove,dom,SulUt,0.42131948471069336
Clove,dom,Gorontalo,0.41231104731559753
Clove,dom,SulTeng,0.4295150339603424
Clove,dom,SulaSel,0.22035454213619232
Clove,dom,SulBar,0.22241215407848358
Clove,dom,SulTra,0.4840877950191498
Clove,dom,Bali,1.5471562147140503
Clove,dom,NTB,6.849665641784668
Clove,dom,NTT,1.8208098411560059
Clove,dom,Maluku,1.823146104812622
Clove,dom,MalUt,1.8617149591445923
Clove,dom,PapuaBar,2.1322836875915527
Clove,dom,PapuaProv,11.333812713623047
Clove,imp,NAD,9.718426704406738
Clove,imp,SumUt,8.784361839294434
Clove,imp,SumBar,6.955228805541992
Clove,imp,RiauProv,7.239238262176514
Clove,imp,KepRi,11.322537422180176
Clove,imp,Jambi,6.2701945304870605
Clove,imp,SumSel,5.3265228271484375
Clove,imp,BaBel,6.163301944732666
Clove,imp,Bengkulu,5.844555377960205
Clove,imp,Lampung,4.43615198135376
Clove,imp,DKI,2.307591199874878
Clove,imp,JaBar,1.8390547037124634
Clove,imp,Banten,2.6227967739105225
Clove,imp,JaTeng,0.7898120880126953
Clove,imp,DIY,0.5545438528060913
Clove,imp,JaTim,0.39178550243377686
Clove,imp,KalBar,7.083801746368408
Clove,imp,KalTeng,5.895637035369873
Clove,imp,KalSel,5.503010272979736
Clove,imp,KalTim,7.156980514526367
Clove,imp,KalUt,8.196820259094238
Clove,imp,SulUt,11.094745635986328
Clove,imp,Gorontalo,10.475532531738281
Clove,imp,SulTeng,9.668466567993164
Clove,imp,SulaSel,8.875162124633789
Clove,imp,SulBar,8.438826560974121
Clove,imp,SulTra,9.759843826293945
Clove,imp,Bali,2.9038710594177246
Clove,imp,NTB,4.985086441040039
Clove,imp,NTT,8.004244804382324
Clove,imp,Maluku,16.917055130004883
Clove,imp,MalUt,14.72684383392334
Clove,imp,PapuaBar,19.484336853027344
Clove,imp,PapuaProv,25.027769088745117
Cashew,dom,NAD,18.35487174987793
Cashew,dom,SumUt,16.925127029418945
Cashew,dom,SumBar,15.114936828613281
Cashew,dom,RiauProv,15.33626651763916
Cashew,dom,KepRi,13.080946922302246
Cashew,dom,Jambi,14.260661125183105
Cashew,dom,SumSel,13.148542404174805
Cashew,dom,BaBel,13.032705307006836
Cashew,dom,Bengkulu,13.897215843200684
Cashew,dom,Lampung,12.26025390625
Cashew,dom,DKI,8.82271957397461
Cashew,dom,JaBar,7.8372802734375
Cashew,dom,Banten,9.547900199890137
Cashew,dom,JaTeng,0.2718910872936249
Cashew,dom,DIY,0.8018621802330017
Cashew,dom,JaTim,4.627442836761475
Cashew,dom,KalBar,8.153400421142578
Cashew,dom,KalTeng,6.7252326011657715
Cashew,dom,KalSel,5.4728827476501465
Cashew,dom,KalTim,5.894614219665527
Cashew,dom,KalUt,7.221146583557129
Cashew,dom,SulUt,2.553291082382202
Cashew,dom,Gorontalo,0.4167707562446594
Cashew,dom,SulTeng,0.4294033944606781
Cashew,dom,SulaSel,0.2260042130947113
Cashew,dom,SulBar,0.22817116975784302
Cashew,dom,SulTra,0.4825061857700348
Cashew,dom,Bali,1.1549400091171265
Cashew,dom,NTB,1.088605523109436
Cashew,dom,NTT,1.5722712278366089
Cashew,dom,Maluku,1.881631851196289
Cashew,dom,MalUt,1.8639507293701172
Cashew,dom,PapuaBar,1.8466790914535522
Cashew,dom,PapuaProv,13.096407890319824
Cashew,imp,NAD,18.209402084350586
Cashew,imp,SumUt,16.841188430786133
Cashew,imp,SumBar,15.093122482299805
Cashew,imp,RiauProv,15.435731887817383
Cashew,imp,KepRi,14.122817993164062
Cashew,imp,Jambi,14.357136726379395
Cashew,imp,SumSel,13.402149200439453
Cashew,imp,BaBel,14.228617668151855
Cashew,imp,Bengkulu,13.920811653137207
Cashew,imp,Lampung,12.518917083740234
Cashew,imp,DKI,10.465264320373535
Cashew,imp,JaBar,10.040901184082031
Cashew,imp,Banten,10.75927734375
Cashew,imp,JaTeng,8.828498840332031
Cashew,imp,DIY,8.682613372802734
Cashew,imp,JaTim,7.8991289138793945
Cashew,imp,KalBar,9.51416301727295
Cashew,imp,KalTeng,8.242855072021484
Cashew,imp,KalSel,7.132126331329346
Cashew,imp,KalTim,8.79648208618164
Cashew,imp,KalUt,9.87060546875
Cashew,imp,SulUt,6.92571496963501
Cashew,imp,Gorontalo,6.70250129699707
Cashew,imp,SulTeng,5.748813629150391
Cashew,imp,SulaSel,5.5562424659729
Cashew,imp,SulBar,5.819262981414795
Cashew,imp,SulTra,4.597111701965332
Cashew,imp,Bali,5.091198444366455
Cashew,imp,NTB,3.075119972229004
Cashew,imp,NTT,1.537559986114502
Cashew,imp,Maluku,9.796298027038574
Cashew,imp,MalUt,10.553329467773438
Cashew,imp,PapuaBar,13.332344055175781
Cashew,imp,PapuaProv,17.27423858642578
Livestock,dom,NAD,0.695704996585846
Livestock,dom,SumUt,0.6980019807815552
Livestock,dom,SumBar,0.37540364265441895
Livestock,dom,RiauProv,0.3834279179573059
Livestock,dom,KepRi,3.783384084701538
Livestock,dom,Jambi,0.4296847879886627
Livestock,dom,SumSel,0.43839505314826965
Livestock,dom,BaBel,1.200892686843872
Livestock,dom,Bengkulu,0.4618636667728424
Livestock,dom,Lampung,0.4668666124343872
Livestock,dom,DKI,4.601249694824219
Livestock,dom,JaBar,3.4276249408721924
Livestock,dom,Banten,3.3157002925872803
Livestock,dom,JaTeng,2.4370901584625244
Livestock,dom,DIY,0.2420118749141693
Livestock,dom,JaTim,0.45406514406204224
Livestock,dom,KalBar,0.6529029011726379
Livestock,dom,KalTeng,0.6114320158958435
Livestock,dom,KalSel,1.8642082214355469
Livestock,dom,KalTim,0.6159523129463196
Livestock,dom,KalUt,4.138247966766357
Livestock,dom,SulUt,0.4140310287475586
Livestock,dom,Gorontalo,0.4085966646671295
Livestock,dom,SulTeng,0.44344618916511536
Livestock,dom,SulaSel,1.1559195518493652
Livestock,dom,SulBar,0.232529416680336
Livestock,dom,SulTra,2.0184326171875
Livestock,dom,Bali,1.0691263675689697
Livestock,dom,NTB,1.064147710800171
Livestock,dom,NTT,1.5577027797698975
Livestock,dom,Maluku,3.486684560775757
Livestock,dom,MalUt,1.8505442142486572
Livestock,dom,PapuaBar,1.802573800086975
Livestock,dom,PapuaProv,3.1140241622924805
Livestock,imp,NAD,2.280587673187256
Livestock,imp,SumUt,0.8606827259063721
Livestock,imp,SumBar,2.4272124767303467
Livestock,imp,RiauProv,2.313095808029175
Livestock,imp,KepRi,8.636940002441406
Livestock,imp,Jambi,2.0558900833129883
Livestock,imp,SumSel,0.9928671717643738
Livestock,imp,BaBel,2.951974630355835
Livestock,imp,Bengkulu,1.6014207601547241
Livestock,imp,Lampung,0.44268476963043213
Livestock,imp,DKI,0.20950038731098175
Livestock,imp,JaBar,0.7164202928543091
Livestock,imp,Banten,0.5171102285385132
Livestock,imp,JaTeng,2.3298115730285645
Livestock,imp,DIY,1.7223938703536987
Livestock,imp,JaTim,3.2822258472442627
Livestock,imp,KalBar,7.051017761230469
Livestock,imp,KalTeng,6.9968953132629395
Livestock,imp,KalSel,8.179045677185059
Livestock,imp,KalTim,9.328232765197754
Livestock,imp,KalUt,9.93435287475586
Livestock,imp,SulUt,15.280064582824707
Livestock,imp,Gorontalo,14.631280899047852
Livestock,imp,SulTeng,13.80234432220459
Livestock,imp,SulaSel,12.971906661987305
Livestock,imp,SulBar,12.511232376098633
Livestock,imp,SulTra,13.897540092468262
Livestock,imp,Bali,6.7455830574035645
Livestock,imp,NTB,9.03209400177002
Livestock,imp,NTT,12.204095840454102
Livestock,imp,Maluku,21.230775833129883
Livestock,imp,MalUt,18.997196197509766
Livestock,imp,PapuaBar,23.82073211669922
Livestock,imp,PapuaProv,29.465368270874023
FreshMilk,dom,NAD,9.308565139770508
FreshMilk,dom,SumUt,7.987565994262695
FreshMilk,dom,SumBar,6.410073757171631
FreshMilk,dom,RiauProv,6.692287921905518
FreshMilk,dom,KepRi,11.22260570526123
FreshMilk,dom,Jambi,5.7498345375061035
FreshMilk,dom,SumSel,4.872963905334473
FreshMilk,dom,BaBel,5.877565860748291
FreshMilk,dom,Bengkulu,5.506663799285889
FreshMilk,dom,Lampung,3.10465669631958
FreshMilk,dom,DKI,1.4518241882324219
FreshMilk,dom,JaBar,1.400248408317566
FreshMilk,dom,Banten,1.751686453819275
FreshMilk,dom,JaTeng,0.6508892178535461
FreshMilk,dom,DIY,0.6829543709754944
FreshMilk,dom,JaTim,0.3917633891105652
FreshMilk,dom,KalBar,7.083845138549805
FreshMilk,dom,KalTeng,5.893893718719482
FreshMilk,dom,KalSel,5.504397869110107
FreshMilk,dom,KalTim,7.081103801727295
FreshMilk,dom,KalUt,8.092896461486816
FreshMilk,dom,SulUt,10.972134590148926
FreshMilk,dom,Gorontalo,10.26302719116211
FreshMilk,dom,SulTeng,8.826358795166016
FreshMilk,dom,SulaSel,8.469317436218262
FreshMilk,dom,SulBar,6.623864650726318
FreshMilk,dom,SulTra,9.106400489807129
FreshMilk,dom,Bali,2.919543981552124
FreshMilk,dom,NTB,5.01963472366333
FreshMilk,dom,NTT,8.054085731506348
FreshMilk,dom,Maluku,16.945886611938477
FreshMilk,dom,MalUt,14.742912292480469
FreshMilk,dom,PapuaBar,19.495616912841797
FreshMilk,dom,PapuaProv,24.977214813232422
FreshMilk,imp,NAD,7.832280158996582
FreshMilk,imp,SumUt,6.4578166007995605
FreshMilk,imp,SumBar,4.700863361358643
FreshMilk,imp,RiauProv,5.04382848739624
FreshMilk,imp,KepRi,8.320246696472168
FreshMilk,imp,Jambi,3.958707571029663
FreshMilk,imp,SumSel,2.993183135986328
FreshMilk,imp,BaBel,3.807908773422241
FreshMilk,imp,Bengkulu,3.517791748046875
FreshMilk,imp,Lampung,2.0978481769561768
FreshMilk,imp,DKI,0.17598915100097656
FreshMilk,imp,JaBar,0.48891308903694153
FreshMilk,imp,Banten,0.35341912508010864
FreshMilk,imp,JaTeng,1.5715872049331665
FreshMilk,imp,DIY,1.667407512664795
FreshMilk,imp,JaTim,2.4090216159820557
FreshMilk,imp,KalBar,6.919825077056885
FreshMilk,imp,KalTeng,7.34876012802124
FreshMilk,imp,KalSel,7.7057390213012695
FreshMilk,imp,KalTim,9.009862899780273
FreshMilk,imp,KalUt,9.56638240814209
FreshMilk,imp,SulUt,13.40723705291748
FreshMilk,imp,Gorontalo,12.784440994262695
FreshMilk,imp,SulTeng,11.97593879699707
FreshMilk,imp,SulaSel,11.178972244262695
FreshMilk,imp,SulBar,10.740259170532227
FreshMilk,imp,SulTra,12.067481994628906
FreshMilk,imp,Bali,5.2032470703125
FreshMilk,imp,NTB,7.264970779418945
FreshMilk,imp,NTT,10.327393531799316
FreshMilk,imp,Maluku,19.240808486938477
FreshMilk,imp,MalUt,17.047025680541992
FreshMilk,imp,PapuaBar,21.809646606445312
FreshMilk,imp,PapuaProv,27.361190795898438
PoultryEggs,dom,NAD,0.6949367523193359
PoultryEggs,dom,SumUt,0.6974970698356628
PoultryEggs,dom,SumBar,0.37684985995292664
PoultryEggs,dom,RiauProv,0.925092339515686
PoultryEggs,dom,KepRi,4.653290271759033
PoultryEggs,dom,Jambi,0.4225427806377411
PoultryEggs,dom,SumSel,0.44104310870170593
PoultryEggs,dom,BaBel,1.118630290031433
PoultryEggs,dom,Bengkulu,1.8101366758346558
PoultryEggs,dom,Lampung,0.45370230078697205
PoultryEggs,dom,DKI,3.0630385875701904
PoultryEggs,dom,JaBar,2.66615891456604
PoultryEggs,dom,Banten,3.216771364212036
PoultryEggs,dom,JaTeng,1.0293681621551514
PoultryEggs,dom,DIY,0.19598403573036194
PoultryEggs,dom,JaTim,0.42515239119529724
PoultryEggs,dom,KalBar,0.6479434967041016
PoultryEggs,dom,KalTeng,0.7759683728218079
PoultryEggs,dom,KalSel,0.5679674744606018
PoultryEggs,dom,KalTim,0.6337928175926208
PoultryEggs,dom,KalUt,2.418397903442383
PoultryEggs,dom,SulUt,0.7747114896774292
PoultryEggs,dom,Gorontalo,0.6433805823326111
PoultryEggs,dom,SulTeng,0.43101245164871216
PoultryEggs,dom,SulaSel,0.22102349996566772
PoultryEggs,dom,SulBar,0.21885092556476593
PoultryEggs,dom,SulTra,0.6928036212921143
PoultryEggs,dom,Bali,3.5314602851867676
PoultryEggs,dom,NTB,1.1303178071975708
PoultryEggs,dom,NTT,2.612752676010132
PoultryEggs,dom,Maluku,8.490839958190918
PoultryEggs,dom,MalUt,4.361461639404297
PoultryEggs,dom,PapuaBar,4.731051921844482
PoultryEggs,dom,PapuaProv,3.2339766025543213
PoultryEggs,imp,NAD,7.518306732177734
PoultryEggs,imp,SumUt,6.399181365966797
PoultryEggs,imp,SumBar,4.633207321166992
PoultryEggs,imp,RiauProv,4.949777603149414
PoultryEggs,imp,KepRi,9.511775970458984
PoultryEggs,imp,Jambi,3.9169111251831055
PoultryEggs,imp,SumSel,2.964505434036255
PoultryEggs,imp,BaBel,3.773641347885132
PoultryEggs,imp,Bengkulu,3.4834840297698975
PoultryEggs,imp,Lampung,2.078878402709961
PoultryEggs,imp,DKI,0.17596563696861267
PoultryEggs,imp,JaBar,0.48592695593833923
PoultryEggs,imp,Banten,0.35207778215408325
PoultryEggs,imp,JaTeng,1.6395105123519897
PoultryEggs,imp,DIY,1.8535412549972534
PoultryEggs,imp,JaTim,2.5659961700439453
PoultryEggs,imp,KalBar,6.981672286987305
PoultryEggs,imp,KalTeng,7.449522495269775
PoultryEggs,imp,KalSel,7.8354105949401855
PoultryEggs,imp,KalTim,9.115459442138672
PoultryEggs,imp,KalUt,9.664298057556152
PoultryEggs,imp,SulUt,13.469717979431152
PoultryEggs,imp,Gorontalo,12.847808837890625
PoultryEggs,imp,SulTeng,12.036931991577148
PoultryEggs,imp,SulaSel,11.238364219665527
PoultryEggs,imp,SulBar,10.798436164855957
PoultryEggs,imp,SulTra,12.104447364807129
PoultryEggs,imp,Bali,5.140619277954102
PoultryEggs,imp,NTB,6.872323036193848
PoultryEggs,imp,NTT,10.262147903442383
PoultryEggs,imp,Maluku,19.281326293945312
PoultryEggs,imp,MalUt,17.111005783081055
PoultryEggs,imp,PapuaBar,21.873842239379883
PoultryEggs,imp,PapuaProv,27.40003776550293
OthAnimalPrd,dom,NAD,11.791217803955078
OthAnimalPrd,dom,SumUt,8.445741653442383
OthAnimalPrd,dom,SumBar,0.4846620261669159
OthAnimalPrd,dom,RiauProv,5.721942901611328
OthAnimalPrd,dom,KepRi,9.757715225219727
OthAnimalPrd,dom,Jambi,4.640807628631592
OthAnimalPrd,dom,SumSel,2.535917282104492
OthAnimalPrd,dom,BaBel,8.190430641174316
OthAnimalPrd,dom,Bengkulu,3.4273698329925537
OthAnimalPrd,dom,Lampung,0.46437570452690125
OthAnimalPrd,dom,DKI,1.3921760320663452
OthAnimalPrd,dom,JaBar,0.31453490257263184
OthAnimalPrd,dom,Banten,2.0303075313568115
OthAnimalPrd,dom,JaTeng,0.15953068435192108
OthAnimalPrd,dom,DIY,0.44306614995002747
OthAnimalPrd,dom,JaTim,0.6606712937355042
OthAnimalPrd,dom,KalBar,11.628693580627441
OthAnimalPrd,dom,KalTeng,10.441362380981445
OthAnimalPrd,dom,KalSel,10.54493236541748
OthAnimalPrd,dom,KalTim,4.78384256362915
OthAnimalPrd,dom,KalUt,9.999665260314941
OthAnimalPrd,dom,SulUt,8.295126914978027
OthAnimalPrd,dom,Gorontalo,10.869220733642578
OthAnimalPrd,dom,SulTeng,11.016549110412598
OthAnimalPrd,dom,SulaSel,9.174108505249023
OthAnimalPrd,dom,SulBar,12.321707725524902
OthAnimalPrd,dom,SulTra,10.99692440032959
OthAnimalPrd,dom,Bali,6.354010105133057
OthAnimalPrd,dom,NTB,1.1020355224609375
OthAnimalPrd,dom,NTT,4.879776477813721
OthAnimalPrd,dom,Maluku,8.866836547851562
OthAnimalPrd,dom,MalUt,11.295132637023926
OthAnimalPrd,dom,PapuaBar,6.362183570861816
OthAnimalPrd,dom,PapuaProv,3.0977859497070312
OthAnimalPrd,imp,NAD,2.2388641834259033
OthAnimalPrd,imp,SumUt,0.7706092000007629
OthAnimalPrd,imp,SumBar,2.9922101497650146
OthAnimalPrd,imp,RiauProv,2.5503652095794678
OthAnimalPrd,imp,KepRi,9.300435066223145
OthAnimalPrd,imp,Jambi,3.4625864028930664
OthAnimalPrd,imp,SumSel,3.060803174972534
OthAnimalPrd,imp,BaBel,3.960376262664795
OthAnimalPrd,imp,Bengkulu,3.43208646774292
OthAnimalPrd,imp,Lampung,2.2060132026672363
OthAnimalPrd,imp,DKI,0.17722371220588684
OthAnimalPrd,imp,JaBar,0.4970719516277313
OthAnimalPrd,imp,Banten,0.35807663202285767
OthAnimalPrd,imp,JaTeng,1.5830235481262207
OthAnimalPrd,imp,DIY,1.6545438766479492
OthAnimalPrd,imp,JaTim,2.1702945232391357
OthAnimalPrd,imp,KalBar,7.265209674835205
OthAnimalPrd,imp,KalTeng,7.65026330947876
OthAnimalPrd,imp,KalSel,7.971307277679443
OthAnimalPrd,imp,KalTim,9.32705020904541
OthAnimalPrd,imp,KalUt,9.908096313476562
OthAnimalPrd,imp,SulUt,13.842838287353516
OthAnimalPrd,imp,Gorontalo,13.201498985290527
OthAnimalPrd,imp,SulTeng,12.375550270080566
OthAnimalPrd,imp,SulaSel,11.555766105651855
OthAnimalPrd,imp,SulBar,11.103473663330078
OthAnimalPrd,imp,SulTra,12.464012145996094
OthAnimalPrd,imp,Bali,5.196680068969727
OthAnimalPrd,imp,NTB,7.367718696594238
OthAnimalPrd,imp,NTT,10.650077819824219
OthAnimalPrd,imp,Maluku,19.779294967651367
OthAnimalPrd,imp,MalUt,17.553483963012695
OthAnimalPrd,imp,PapuaBar,22.380664825439453
OthAnimalPrd,imp,PapuaProv,28.01280975341797
AgricSvc,dom,NAD,0.704809844493866
AgricSvc,dom,SumUt,0.7015552520751953
AgricSvc,dom,SumBar,0.39006078243255615
AgricSvc,dom,RiauProv,0.3811270594596863
AgricSvc,dom,KepRi,2.3341338634490967
AgricSvc,dom,Jambi,0.42792147397994995
AgricSvc,dom,SumSel,0.44216009974479675
AgricSvc,dom,BaBel,0.9766483306884766
AgricSvc,dom,Bengkulu,0.4571784734725952
AgricSvc,dom,Lampung,0.45597630739212036
AgricSvc,dom,DKI,0.1916114091873169
AgricSvc,dom,JaBar,0.25435543060302734
AgricSvc,dom,Banten,0.19631493091583252
AgricSvc,dom,JaTeng,0.17252855002880096
AgricSvc,dom,DIY,0.17924614250659943
AgricSvc,dom,JaTim,0.4030648171901703
AgricSvc,dom,KalBar,0.6435043215751648
AgricSvc,dom,KalTeng,0.5637181401252747
AgricSvc,dom,KalSel,0.5700457692146301
AgricSvc,dom,KalTim,0.5734527111053467
AgricSvc,dom,KalUt,0.5837535262107849
AgricSvc,dom,SulUt,0.4156271517276764
AgricSvc,dom,Gorontalo,0.4213358461856842
AgricSvc,dom,SulTeng,0.4312504529953003
AgricSvc,dom,SulaSel,0.22091546654701233
AgricSvc,dom,SulBar,0.22659839689731598
AgricSvc,dom,SulTra,0.48921361565589905
AgricSvc,dom,Bali,1.0577458143234253
AgricSvc,dom,NTB,1.0547776222229004
AgricSvc,dom,NTT,1.5608333349227905
AgricSvc,dom,Maluku,1.7978750467300415
AgricSvc,dom,MalUt,1.8350611925125122
AgricSvc,dom,PapuaBar,1.800781488418579
AgricSvc,dom,PapuaProv,3.1151509284973145
AgricSvc,imp,NAD,0.6991231441497803
AgricSvc,imp,SumUt,0.7036892771720886
AgricSvc,imp,SumBar,0.41904690861701965
AgricSvc,imp,RiauProv,0.42251741886138916
AgricSvc,imp,KepRi,2.7361485958099365
AgricSvc,imp,Jambi,0.4673289954662323
AgricSvc,imp,SumSel,0.45356491208076477
AgricSvc,imp,BaBel,1.0310993194580078
AgricSvc,imp,Bengkulu,0.496562659740448
AgricSvc,imp,Lampung,0.4715888500213623
AgricSvc,imp,DKI,0.27063846588134766
AgricSvc,imp,JaBar,0.2729441821575165
AgricSvc,imp,Banten,0.22271573543548584
AgricSvc,imp,JaTeng,0.2414136528968811
AgricSvc,imp,DIY,0.23140059411525726
AgricSvc,imp,JaTim,0.4083520472049713
AgricSvc,imp,KalBar,0.6511655449867249
AgricSvc,imp,KalTeng,0.6042657494544983
AgricSvc,imp,KalSel,0.648864209651947
AgricSvc,imp,KalTim,0.5869128704071045
AgricSvc,imp,KalUt,0.5957044363021851
AgricSvc,imp,SulUt,0.42146289348602295
AgricSvc,imp,Gorontalo,0.42601558566093445
AgricSvc,imp,SulTeng,0.4537222981452942
AgricSvc,imp,SulaSel,0.32876917719841003
AgricSvc,imp,SulBar,0.3379335105419159
AgricSvc,imp,SulTra,0.5060849785804749
AgricSvc,imp,Bali,1.0427978038787842
AgricSvc,imp,NTB,1.0400856733322144
AgricSvc,imp,NTT,1.5450645685195923
AgricSvc,imp,Maluku,1.7856775522232056
AgricSvc,imp,MalUt,1.840114712715149
AgricSvc,imp,PapuaBar,1.7963595390319824
AgricSvc,imp,PapuaProv,3.093611001968384
Wood,dom,NAD,2.8537485599517822
Wood,dom,SumUt,1.4113699197769165
Wood,dom,SumBar,0.37425336241722107
Wood,dom,RiauProv,0.3761211931705475
Wood,dom,KepRi,7.135600566864014
Wood,dom,Jambi,0.4130859971046448
Wood,dom,SumSel,0.44217661023139954
Wood,dom,BaBel,2.2013533115386963
Wood,dom,Bengkulu,1.2221970558166504
Wood,dom,Lampung,1.9260926246643066
Wood,dom,DKI,4.677806377410889
Wood,dom,JaBar,5.188783645629883
Wood,dom,Banten,4.511571407318115
Wood,dom,JaTeng,5.554752826690674
Wood,dom,DIY,5.9387688636779785
Wood,dom,JaTim,4.729734420776367
Wood,dom,KalBar,0.7204311490058899
Wood,dom,KalTeng,0.5612878799438477
Wood,dom,KalSel,1.7425888776779175
Wood,dom,KalTim,0.5862021446228027
Wood,dom,KalUt,0.5726723670959473
Wood,dom,SulUt,5.8675127029418945
Wood,dom,Gorontalo,6.6764607429504395
Wood,dom,SulTeng,5.658168315887451
Wood,dom,SulaSel,6.054190158843994
Wood,dom,SulBar,4.346972465515137
Wood,dom,SulTra,7.1873555183410645
Wood,dom,Bali,8.482665061950684
Wood,dom,NTB,10.001555442810059
Wood,dom,NTT,11.832500457763672
Wood,dom,Maluku,2.1473114490509033
Wood,dom,MalUt,2.9979751110076904
Wood,dom,PapuaBar,1.8635402917861938
Wood,dom,PapuaProv,3.219775438308716
Wood,imp,NAD,4.421502113342285
Wood,imp,SumUt,3.3815410137176514
Wood,imp,SumBar,1.7711946964263916
Wood,imp,RiauProv,2.0401604175567627
Wood,imp,KepRi,7.630708694458008
Wood,imp,Jambi,0.9829875230789185
Wood,imp,SumSel,0.429546058177948
Wood,imp,BaBel,1.9347834587097168
Wood,imp,Bengkulu,0.8650898337364197
Wood,imp,Lampung,0.8901156783103943
Wood,imp,DKI,2.7833335399627686
Wood,imp,JaBar,2.745897054672241
Wood,imp,Banten,2.132073163986206
Wood,imp,JaTeng,0.8831803798675537
Wood,imp,DIY,2.310880422592163
Wood,imp,JaTim,3.589890718460083
Wood,imp,KalBar,6.576365947723389
Wood,imp,KalTeng,5.043576717376709
Wood,imp,KalSel,1.8119010925292969
Wood,imp,KalTim,6.958163261413574
Wood,imp,KalUt,8.680184364318848
Wood,imp,SulUt,14.900373458862305
Wood,imp,Gorontalo,14.086393356323242
Wood,imp,SulTeng,13.205838203430176
Wood,imp,SulaSel,12.167291641235352
Wood,imp,SulBar,11.546746253967285
Wood,imp,SulTra,13.304715156555176
Wood,imp,Bali,7.493907451629639
Wood,imp,NTB,9.559829711914062
Wood,imp,NTT,12.667736053466797
Wood,imp,Maluku,21.189632415771484
Wood,imp,MalUt,18.839475631713867
Wood,imp,PapuaBar,23.747310638427734
Wood,imp,PapuaProv,29.81141471862793
OthForestPrd,dom,NAD,0.6938112378120422
OthForestPrd,dom,SumUt,0.7127707004547119
OthForestPrd,dom,SumBar,0.7348222136497498
OthForestPrd,dom,RiauProv,1.987056016921997
OthForestPrd,dom,KepRi,9.87485408782959
OthForestPrd,dom,Jambi,2.794628381729126
OthForestPrd,dom,SumSel,2.146106481552124
OthForestPrd,dom,BaBel,6.091071605682373
OthForestPrd,dom,Bengkulu,3.213122606277466
OthForestPrd,dom,Lampung,0.5117164850234985
OthForestPrd,dom,DKI,3.9298694133758545
OthForestPrd,dom,JaBar,4.579577445983887
OthForestPrd,dom,Banten,4.604284286499023
OthForestPrd,dom,JaTeng,0.17678962647914886
OthForestPrd,dom,DIY,0.1627838909626007
OthForestPrd,dom,JaTim,2.90606689453125
OthForestPrd,dom,KalBar,6.027390480041504
OthForestPrd,dom,KalTeng,6.291245460510254
OthForestPrd,dom,KalSel,5.139301300048828
OthForestPrd,dom,KalTim,5.819693565368652
OthForestPrd,dom,KalUt,7.026907920837402
OthForestPrd,dom,SulUt,0.4497091770172119
OthForestPrd,dom,Gorontalo,0.43683385848999023
OthForestPrd,dom,SulTeng,0.4269644320011139
OthForestPrd,dom,SulaSel,0.2903062701225281
OthForestPrd,dom,SulBar,0.22177916765213013
OthForestPrd,dom,SulTra,0.8648542165756226
OthForestPrd,dom,Bali,4.9102959632873535
OthForestPrd,dom,NTB,1.9624615907669067
OthForestPrd,dom,NTT,6.600005149841309
OthForestPrd,dom,Maluku,8.822616577148438
OthForestPrd,dom,MalUt,5.758214950561523
OthForestPrd,dom,PapuaBar,11.749667167663574
OthForestPrd,dom,PapuaProv,18.99250030517578
OthForestPrd,imp,NAD,4.683121681213379
OthForestPrd,imp,SumUt,1.3333543539047241
OthForestPrd,imp,SumBar,4.037545204162598
OthForestPrd,imp,RiauProv,4.1250224113464355
OthForestPrd,imp,KepRi,9.47260570526123
OthForestPrd,imp,Jambi,3.8143811225891113
OthForestPrd,imp,SumSel,3.0271730422973633
OthForestPrd,imp,BaBel,3.8653883934020996
OthForestPrd,imp,Bengkulu,3.507974147796631
OthForestPrd,imp,Lampung,2.136988878250122
OthForestPrd,imp,DKI,0.17612729966640472
OthForestPrd,imp,JaBar,0.49619582295417786
OthForestPrd,imp,Banten,0.3568766415119171
OthForestPrd,imp,JaTeng,0.5331712961196899
OthForestPrd,imp,DIY,0.9124407172203064
OthForestPrd,imp,JaTim,0.5022739171981812
OthForestPrd,imp,KalBar,7.0117058753967285
OthForestPrd,imp,KalTeng,7.314846515655518
OthForestPrd,imp,KalSel,7.620081901550293
OthForestPrd,imp,KalTim,8.981734275817871
OthForestPrd,imp,KalUt,9.574972152709961
OthForestPrd,imp,SulUt,13.227877616882324
OthForestPrd,imp,Gorontalo,12.59183406829834
OthForestPrd,imp,SulTeng,11.49315071105957
OthForestPrd,imp,SulaSel,10.615068435668945
OthForestPrd,imp,SulBar,10.446267127990723
OthForestPrd,imp,SulTra,11.958561897277832
OthForestPrd,imp,Bali,4.927461624145508
OthForestPrd,imp,NTB,7.13025426864624
OthForestPrd,imp,NTT,10.231942176818848
OthForestPrd,imp,Maluku,19.19522476196289
OthForestPrd,imp,MalUt,16.991539001464844
OthForestPrd,imp,PapuaBar,21.787147521972656
OthForestPrd,imp,PapuaProv,27.35756492614746
Fish,dom,NAD,0.7113077640533447
Fish,dom,SumUt,0.7302565574645996
Fish,dom,SumBar,0.3834485411643982
Fish,dom,RiauProv,1.221182942390442
Fish,dom,KepRi,2.46049165725708
Fish,dom,Jambi,1.337241530418396
Fish,dom,SumSel,0.45122411847114563
Fish,dom,BaBel,1.0128343105316162
Fish,dom,Bengkulu,0.440569132566452
Fish,dom,Lampung,0.6148551106452942
Fish,dom,DKI,6.4640398025512695
Fish,dom,JaBar,4.902458190917969
Fish,dom,Banten,7.212494850158691
Fish,dom,JaTeng,5.207646369934082
Fish,dom,DIY,5.864180564880371
Fish,dom,JaTim,3.6666181087493896
Fish,dom,KalBar,1.0153887271881104
Fish,dom,KalTeng,0.6866255402565002
Fish,dom,KalSel,0.6658909916877747
Fish,dom,KalTim,1.9632614850997925
Fish,dom,KalUt,3.440868377685547
Fish,dom,SulUt,0.41865864396095276
Fish,dom,Gorontalo,0.4099801480770111
Fish,dom,SulTeng,0.4303014576435089
Fish,dom,SulaSel,0.22386786341667175
Fish,dom,SulBar,0.2195473462343216
Fish,dom,SulTra,0.48346662521362305
Fish,dom,Bali,5.678858280181885
Fish,dom,NTB,3.795018434524536
Fish,dom,NTT,1.9163920879364014
Fish,dom,Maluku,1.8030019998550415
Fish,dom,MalUt,1.854239821434021
Fish,dom,PapuaBar,1.8650718927383423
Fish,dom,PapuaProv,3.153991937637329
Fish,imp,NAD,6.288780689239502
Fish,imp,SumUt,6.212395668029785
Fish,imp,SumBar,4.485019207000732
Fish,imp,RiauProv,4.659913063049316
Fish,imp,KepRi,9.500299453735352
Fish,imp,Jambi,3.8910858631134033
Fish,imp,SumSel,2.9698662757873535
Fish,imp,BaBel,3.782960891723633
Fish,imp,Bengkulu,3.4819605350494385
Fish,imp,Lampung,2.0849173069000244
Fish,imp,DKI,0.17594145238399506
Fish,imp,JaBar,0.48656201362609863
Fish,imp,Banten,0.35240209102630615
Fish,imp,JaTeng,1.6274436712265015
Fish,imp,DIY,1.7435545921325684
Fish,imp,JaTim,2.5368833541870117
Fish,imp,KalBar,6.984560012817383
Fish,imp,KalTeng,7.441562175750732
Fish,imp,KalSel,7.828698635101318
Fish,imp,KalTim,8.962388038635254
Fish,imp,KalUt,9.66117000579834
Fish,imp,SulUt,13.480380058288574
Fish,imp,Gorontalo,12.856130599975586
Fish,imp,SulTeng,12.04722785949707
Fish,imp,SulaSel,11.246953010559082
Fish,imp,SulBar,10.805914878845215
Fish,imp,SulTra,12.117107391357422
Fish,imp,Bali,4.880958557128906
Fish,imp,NTB,6.920345306396484
Fish,imp,NTT,10.287386894226074
Fish,imp,Maluku,19.30200958251953
Fish,imp,MalUt,17.12682342529297
Fish,imp,PapuaBar,21.893674850463867
Fish,imp,PapuaProv,27.426870346069336
Shrimps,dom,NAD,0.712614119052887
Shrimps,dom,SumUt,0.7528571486473083
Shrimps,dom,SumBar,3.6991782188415527
Shrimps,dom,RiauProv,2.9630558490753174
Shrimps,dom,KepRi,9.031064987182617
Shrimps,dom,Jambi,1.6371166706085205
Shrimps,dom,SumSel,0.5034767985343933
Shrimps,dom,BaBel,1.2362521886825562
Shrimps,dom,Bengkulu,0.45167529582977295
Shrimps,dom,Lampung,0.47329214215278625
Shrimps,dom,DKI,4.888369083404541
Shrimps,dom,JaBar,4.298099994659424
Shrimps,dom,Banten,5.595842361450195
Shrimps,dom,JaTeng,4.404356956481934
Shrimps,dom,DIY,6.646828651428223
Shrimps,dom,JaTim,1.5128467082977295
Shrimps,dom,KalBar,0.7649164199829102
Shrimps,dom,KalTeng,1.3998327255249023
Shrimps,dom,KalSel,0.6071566939353943
Shrimps,dom,KalTim,0.6282515525817871
Shrimps,dom,KalUt,0.660353422164917
Shrimps,dom,SulUt,2.355797290802002
Shrimps,dom,Gorontalo,1.7849562168121338
Shrimps,dom,SulTeng,0.4478221833705902
Shrimps,dom,SulaSel,0.223540261387825
Shrimps,dom,SulBar,0.21846048533916473
Shrimps,dom,SulTra,0.48412197828292847
Shrimps,dom,Bali,3.5412750244140625
Shrimps,dom,NTB,1.0913739204406738
Shrimps,dom,NTT,5.054346084594727
Shrimps,dom,Maluku,1.9053195714950562
Shrimps,dom,MalUt,5.632936954498291
Shrimps,dom,PapuaBar,1.8065617084503174
Shrimps,dom,PapuaProv,3.304182529449463
Shrimps,imp,NAD,8.381147384643555
Shrimps,imp,SumUt,6.932550430297852
Shrimps,imp,SumBar,5.057788848876953
Shrimps,imp,RiauProv,5.427731037139893
Shrimps,imp,KepRi,9.980558395385742
Shrimps,imp,Jambi,4.259010314941406
Shrimps,imp,SumSel,3.213632822036743
Shrimps,imp,BaBel,4.097599029541016
Shrimps,imp,Bengkulu,3.782498836517334
Shrimps,imp,Lampung,2.2394754886627197
Shrimps,imp,DKI,0.20340600609779358
Shrimps,imp,JaBar,0.505508303642273
Shrimps,imp,Banten,0.361255407333374
Shrimps,imp,JaTeng,1.5982502698898315
Shrimps,imp,DIY,1.632529616355896
Shrimps,imp,JaTim,2.376897096633911
Shrimps,imp,KalBar,7.068975448608398
Shrimps,imp,KalTeng,6.9338226318359375
Shrimps,imp,KalSel,6.505884170532227
Shrimps,imp,KalTim,8.071269989013672
Shrimps,imp,KalUt,8.932602882385254
Shrimps,imp,SulUt,10.359831809997559
Shrimps,imp,Gorontalo,9.109292030334473
Shrimps,imp,SulTeng,5.5130615234375
Shrimps,imp,SulaSel,8.271353721618652
Shrimps,imp,SulBar,2.5527968406677246
Shrimps,imp,SulTra,6.064361572265625
Shrimps,imp,Bali,1.0378764867782593
Shrimps,imp,NTB,3.2091825008392334
Shrimps,imp,NTT,7.428110599517822
Shrimps,imp,Maluku,17.208587646484375
Shrimps,imp,MalUt,15.204022407531738
Shrimps,imp,PapuaBar,20.279085159301758
Shrimps,imp,PapuaProv,25.59285545349121
OthAquatic,dom,NAD,0.7160916924476624
OthAquatic,dom,SumUt,0.7074923515319824
OthAquatic,dom,SumBar,0.39142271876335144
OthAquatic,dom,RiauProv,0.4125823974609375
OthAquatic,dom,KepRi,2.436943769454956
OthAquatic,dom,Jambi,0.4844464063644409
OthAquatic,dom,SumSel,2.9407317638397217
OthAquatic,dom,BaBel,0.9828557968139648
OthAquatic,dom,Bengkulu,0.5444470047950745
OthAquatic,dom,Lampung,0.5177847146987915
OthAquatic,dom,DKI,7.913934707641602
OthAquatic,dom,JaBar,8.166004180908203
OthAquatic,dom,Banten,7.141973972320557
OthAquatic,dom,JaTeng,5.784718036651611
OthAquatic,dom,DIY,9.248870849609375
OthAquatic,dom,JaTim,5.688495635986328
OthAquatic,dom,KalBar,0.6897090077400208
OthAquatic,dom,KalTeng,0.6223055124282837
OthAquatic,dom,KalSel,0.6495380401611328
OthAquatic,dom,KalTim,0.6780962944030762
OthAquatic,dom,KalUt,4.0172343254089355
OthAquatic,dom,SulUt,2.011488437652588
OthAquatic,dom,Gorontalo,0.42374464869499207
OthAquatic,dom,SulTeng,0.42892271280288696
OthAquatic,dom,SulaSel,0.22641828656196594
OthAquatic,dom,SulBar,0.22077952325344086
OthAquatic,dom,SulTra,0.4829297661781311
OthAquatic,dom,Bali,8.449687004089355
OthAquatic,dom,NTB,3.6473939418792725
OthAquatic,dom,NTT,1.6821908950805664
OthAquatic,dom,Maluku,1.7812138795852661
OthAquatic,dom,MalUt,1.8966858386993408
OthAquatic,dom,PapuaBar,1.7851487398147583
OthAquatic,dom,PapuaProv,3.1572721004486084
OthAquatic,imp,NAD,7.766483783721924
OthAquatic,imp,SumUt,6.398018836975098
OthAquatic,imp,SumBar,4.6495513916015625
OthAquatic,imp,RiauProv,4.99224853515625
OthAquatic,imp,KepRi,9.500221252441406
OthAquatic,imp,Jambi,3.913362741470337
OthAquatic,imp,SumSel,2.9580752849578857
OthAquatic,imp,BaBel,3.7645790576934814
OthAquatic,imp,Bengkulu,3.476905584335327
OthAquatic,imp,Lampung,2.0745272636413574
OthAquatic,imp,DKI,0.17593413591384888
OthAquatic,imp,JaBar,0.4855131208896637
OthAquatic,imp,Banten,0.35187458992004395
OthAquatic,imp,JaTeng,1.6353152990341187
OthAquatic,imp,DIY,1.8466441631317139
OthAquatic,imp,JaTim,2.5648550987243652
OthAquatic,imp,KalBar,6.976298809051514
OthAquatic,imp,KalTeng,7.464216232299805
OthAquatic,imp,KalSel,7.894006252288818
OthAquatic,imp,KalTim,9.153685569763184
OthAquatic,imp,KalUt,9.687719345092773
OthAquatic,imp,SulUt,13.540929794311523
OthAquatic,imp,Gorontalo,12.922375679016113
OthAquatic,imp,SulTeng,12.116658210754395
OthAquatic,imp,SulaSel,11.324511528015137
OthAquatic,imp,SulBar,10.888863563537598
OthAquatic,imp,SulTra,12.206900596618652
OthAquatic,imp,Bali,5.382176399230957
OthAquatic,imp,NTB,7.425206661224365
OthAquatic,imp,NTT,10.452481269836426
OthAquatic,imp,Maluku,19.3574161529541
OthAquatic,imp,MalUt,17.16962432861328
OthAquatic,imp,PapuaBar,21.924196243286133
OthAquatic,imp,PapuaProv,27.464466094970703
Seaweed,dom,NAD,18.14080810546875
Seaweed,dom,SumUt,16.620473861694336
Seaweed,dom,SumBar,14.909881591796875
Seaweed,dom,RiauProv,14.962238311767578
Seaweed,dom,KepRi,3.839707612991333
Seaweed,dom,Jambi,14.013035774230957
Seaweed,dom,SumSel,12.845685958862305
Seaweed,dom,BaBel,11.676275253295898
Seaweed,dom,Bengkulu,14.056207656860352
Seaweed,dom,Lampung,12.977723121643066
Seaweed,dom,DKI,8.843633651733398
Seaweed,dom,JaBar,10.563173294067383
Seaweed,dom,Banten,11.161308288574219
Seaweed,dom,JaTeng,9.095195770263672
Seaweed,dom,DIY,9.01918888092041
Seaweed,dom,JaTim,7.696553707122803
Seaweed,dom,KalBar,5.1857686042785645
Seaweed,dom,KalTeng,4.517336845397949
Seaweed,dom,KalSel,4.368212699890137
Seaweed,dom,KalTim,2.1104507446289062
Seaweed,dom,KalUt,0.7027574777603149
Seaweed,dom,SulUt,1.954056739807129
Seaweed,dom,Gorontalo,1.578964352607727
Seaweed,dom,SulTeng,0.4280984103679657
Seaweed,dom,SulaSel,0.22557348012924194
Seaweed,dom,SulBar,0.22247938811779022
Seaweed,dom,SulTra,0.48399606347084045
Seaweed,dom,Bali,5.945647716522217
Seaweed,dom,NTB,1.203540325164795
Seaweed,dom,NTT,1.5977060794830322
Seaweed,dom,Maluku,1.8279696702957153
Seaweed,dom,MalUt,2.004255533218384
Seaweed,dom,PapuaBar,4.936774253845215
Seaweed,dom,PapuaProv,12.224127769470215
Seaweed,imp,NAD,7.275111675262451
Seaweed,imp,SumUt,6.489377498626709
Seaweed,imp,SumBar,4.775818824768066
Seaweed,imp,RiauProv,5.044390678405762
Seaweed,imp,KepRi,9.751112937927246
Seaweed,imp,Jambi,4.08530855178833
Seaweed,imp,SumSel,3.1095073223114014
Seaweed,imp,BaBel,3.9514949321746826
Seaweed,imp,Bengkulu,3.6461915969848633
Seaweed,imp,Lampung,2.182873010635376
Seaweed,imp,DKI,0.17617081105709076
Seaweed,imp,JaBar,0.503510057926178
Seaweed,imp,Banten,0.3600024878978729
Seaweed,imp,JaTeng,1.364601731300354
Seaweed,imp,DIY,1.2832826375961304
Seaweed,imp,JaTim,2.1201305389404297
Seaweed,imp,KalBar,7.0134596824646
Seaweed,imp,KalTeng,7.0615034103393555
Seaweed,imp,KalSel,7.103030204772949
Seaweed,imp,KalTim,8.606277465820312
Seaweed,imp,KalUt,9.326075553894043
Seaweed,imp,SulUt,12.876675605773926
Seaweed,imp,Gorontalo,12.245182037353516
Seaweed,imp,SulTeng,11.419783592224121
Seaweed,imp,SulaSel,10.604874610900879
Seaweed,imp,SulBar,10.154786109924316
Seaweed,imp,SulTra,11.490856170654297
Seaweed,imp,Bali,1.1374818086624146
Seaweed,imp,NTB,6.181318283081055
Seaweed,imp,NTT,9.617352485656738
Seaweed,imp,Maluku,18.74563217163086
Seaweed,imp,MalUt,16.55879020690918
Seaweed,imp,PapuaBar,21.35270118713379
Seaweed,imp,PapuaProv,26.900293350219727
CoalLignite,dom,NAD,12.017126083374023
CoalLignite,dom,SumUt,10.656261444091797
CoalLignite,dom,SumBar,7.731668472290039
CoalLignite,dom,RiauProv,8.369407653808594
CoalLignite,dom,KepRi,7.049826622009277
CoalLignite,dom,Jambi,0.4749312996864319
CoalLignite,dom,SumSel,0.5175914168357849
CoalLignite,dom,BaBel,7.036931037902832
CoalLignite,dom,Bengkulu,0.4945555627346039
CoalLignite,dom,Lampung,5.588776588439941
CoalLignite,dom,DKI,8.409137725830078
CoalLignite,dom,JaBar,8.368630409240723
CoalLignite,dom,Banten,8.66172981262207
CoalLignite,dom,JaTeng,7.357544898986816
CoalLignite,dom,DIY,7.430771350860596
CoalLignite,dom,JaTim,6.680339336395264
CoalLignite,dom,KalBar,2.382474660873413
CoalLignite,dom,KalTeng,0.5650606751441956
CoalLignite,dom,KalSel,0.5633755922317505
CoalLignite,dom,KalTim,0.5718372464179993
CoalLignite,dom,KalUt,0.5692622065544128
CoalLignite,dom,SulUt,6.377485752105713
CoalLignite,dom,Gorontalo,5.592419147491455
CoalLignite,dom,SulTeng,5.0389018058776855
CoalLignite,dom,SulaSel,4.295032978057861
CoalLignite,dom,SulBar,3.8562183380126953
CoalLignite,dom,SulTra,5.1470441818237305
CoalLignite,dom,Bali,6.324533939361572
CoalLignite,dom,NTB,7.053217887878418
CoalLignite,dom,NTT,8.485184669494629
CoalLignite,dom,Maluku,12.43455982208252
CoalLignite,dom,MalUt,10.026375770568848
CoalLignite,dom,PapuaBar,14.793978691101074
CoalLignite,dom,PapuaProv,20.826425552368164
CoalLignite,imp,NAD,9.744085311889648
CoalLignite,imp,SumUt,8.075061798095703
CoalLignite,imp,SumBar,5.615413665771484
CoalLignite,imp,RiauProv,6.088074207305908
CoalLignite,imp,KepRi,11.386255264282227
CoalLignite,imp,Jambi,4.59733247756958
CoalLignite,imp,SumSel,3.2637765407562256
CoalLignite,imp,BaBel,4.017902374267578
CoalLignite,imp,Bengkulu,3.9813437461853027
CoalLignite,imp,Lampung,2.0785062313079834
CoalLignite,imp,DKI,0.3672158718109131
CoalLignite,imp,JaBar,0.7878149151802063
CoalLignite,imp,Banten,0.1764332354068756
CoalLignite,imp,JaTeng,2.3808987140655518
CoalLignite,imp,DIY,2.641427755355835
CoalLignite,imp,JaTim,3.740307331085205
CoalLignite,imp,KalBar,7.830473899841309
CoalLignite,imp,KalTeng,7.145831108093262
CoalLignite,imp,KalSel,6.184660911560059
CoalLignite,imp,KalTim,6.427990436553955
CoalLignite,imp,KalUt,7.643721580505371
CoalLignite,imp,SulUt,1.7892780303955078
CoalLignite,imp,Gorontalo,1.178343653678894
CoalLignite,imp,SulTeng,0.433220773935318
CoalLignite,imp,SulaSel,0.9784916043281555
CoalLignite,imp,SulBar,1.4601702690124512
CoalLignite,imp,SulTra,0.4865027070045471
CoalLignite,imp,Bali,6.6781768798828125
CoalLignite,imp,NTB,5.397485733032227
CoalLignite,imp,NTT,7.013436794281006
CoalLignite,imp,Maluku,5.633728504180908
CoalLignite,imp,MalUt,1.8599226474761963
CoalLignite,imp,PapuaBar,7.174106597900391
CoalLignite,imp,PapuaProv,14.894630432128906
CrudeOil,dom,NAD,0.7107781767845154
CrudeOil,dom,SumUt,0.7311241626739502
CrudeOil,dom,SumBar,0.9725488424301147
CrudeOil,dom,RiauProv,0.4252874255180359
CrudeOil,dom,KepRi,4.94279146194458
CrudeOil,dom,Jambi,1.45350182056427
CrudeOil,dom,SumSel,1.0263962745666504
CrudeOil,dom,BaBel,3.5001420974731445
CrudeOil,dom,Bengkulu,1.8878211975097656
CrudeOil,dom,Lampung,0.45180636644363403
CrudeOil,dom,DKI,0.37194615602493286
CrudeOil,dom,JaBar,2.085047960281372
CrudeOil,dom,Banten,2.645744800567627
CrudeOil,dom,JaTeng,1.6096795797348022
CrudeOil,dom,DIY,1.3582090139389038
CrudeOil,dom,JaTim,0.428842693567276
CrudeOil,dom,KalBar,7.75740909576416
CrudeOil,dom,KalTeng,6.412768363952637
CrudeOil,dom,KalSel,0.6330090165138245
CrudeOil,dom,KalTim,3.3725900650024414
CrudeOil,dom,KalUt,0.6247044801712036
CrudeOil,dom,SulUt,10.390151023864746
CrudeOil,dom,Gorontalo,8.4891357421875
CrudeOil,dom,SulTeng,6.914969444274902
CrudeOil,dom,SulaSel,11.129535675048828
CrudeOil,dom,SulBar,8.977319717407227
CrudeOil,dom,SulTra,12.048445701599121
CrudeOil,dom,Bali,4.874764919281006
CrudeOil,dom,NTB,7.776956558227539
CrudeOil,dom,NTT,11.199857711791992
CrudeOil,dom,Maluku,2.5532448291778564
CrudeOil,dom,MalUt,8.062492370605469
CrudeOil,dom,PapuaBar,1.9504995346069336
CrudeOil,dom,PapuaProv,20.710206985473633
CrudeOil,imp,NAD,11.05485725402832
CrudeOil,imp,SumUt,9.283836364746094
CrudeOil,imp,SumBar,7.035050868988037
CrudeOil,imp,RiauProv,8.285579681396484
CrudeOil,imp,KepRi,7.921968936920166
CrudeOil,imp,Jambi,6.76377534866333
CrudeOil,imp,SumSel,6.009027481079102
CrudeOil,imp,BaBel,6.410555362701416
CrudeOil,imp,Bengkulu,6.615042686462402
CrudeOil,imp,Lampung,5.079888820648193
CrudeOil,imp,DKI,1.9114067554473877
CrudeOil,imp,JaBar,1.6791750192642212
CrudeOil,imp,Banten,2.4645187854766846
CrudeOil,imp,JaTeng,0.19086892902851105
CrudeOil,imp,DIY,0.4832862317562103
CrudeOil,imp,JaTim,0.3967098891735077
CrudeOil,imp,KalBar,3.1630806922912598
CrudeOil,imp,KalTeng,2.199927806854248
CrudeOil,imp,KalSel,2.1478569507598877
CrudeOil,imp,KalTim,0.7705455422401428
CrudeOil,imp,KalUt,1.4256336688995361
CrudeOil,imp,SulUt,7.696603775024414
CrudeOil,imp,Gorontalo,6.806610584259033
CrudeOil,imp,SulTeng,6.246020317077637
CrudeOil,imp,SulaSel,5.3334808349609375
CrudeOil,imp,SulBar,4.82191801071167
CrudeOil,imp,SulTra,6.350130558013916
CrudeOil,imp,Bali,4.443735122680664
CrudeOil,imp,NTB,6.377204895019531
CrudeOil,imp,NTT,8.727566719055176
CrudeOil,imp,Maluku,14.003105163574219
CrudeOil,imp,MalUt,11.593246459960938
CrudeOil,imp,PapuaBar,15.792149543762207
CrudeOil,imp,PapuaProv,22.473556518554688
NaturalGas,dom,NAD,4.075366973876953
NaturalGas,dom,SumUt,7.31726598739624
NaturalGas,dom,SumBar,3.147627830505371
NaturalGas,dom,RiauProv,3.6616904735565186
NaturalGas,dom,KepRi,7.216507434844971
NaturalGas,dom,Jambi,0.42265671491622925
NaturalGas,dom,SumSel,0.45747220516204834
NaturalGas,dom,BaBel,5.681372165679932
NaturalGas,dom,Bengkulu,2.256915807723999
NaturalGas,dom,Lampung,1.3647875785827637
NaturalGas,dom,DKI,5.705539226531982
NaturalGas,dom,JaBar,4.12891149520874
NaturalGas,dom,Banten,5.664606094360352
NaturalGas,dom,JaTeng,6.37778377532959
NaturalGas,dom,DIY,5.141463279724121
NaturalGas,dom,JaTim,5.936896800994873
NaturalGas,dom,KalBar,4.804016590118408
NaturalGas,dom,KalTeng,2.924119472503662
NaturalGas,dom,KalSel,3.3543100357055664
NaturalGas,dom,KalTim,0.7453234195709229
NaturalGas,dom,KalUt,1.6215347051620483
NaturalGas,dom,SulUt,5.301000118255615
NaturalGas,dom,Gorontalo,4.06176233291626
NaturalGas,dom,SulTeng,0.4577752351760864
NaturalGas,dom,SulaSel,2.4544765949249268
NaturalGas,dom,SulBar,3.337628126144409
NaturalGas,dom,SulTra,4.247934341430664
NaturalGas,dom,Bali,9.919687271118164
NaturalGas,dom,NTB,10.744535446166992
NaturalGas,dom,NTT,10.473483085632324
NaturalGas,dom,Maluku,4.4153361320495605
NaturalGas,dom,MalUt,5.94480037689209
NaturalGas,dom,PapuaBar,1.8037571907043457
NaturalGas,dom,PapuaProv,7.7574005126953125
NaturalGas,imp,NAD,9.663312911987305
NaturalGas,imp,SumUt,8.286209106445312
NaturalGas,imp,SumBar,7.542949676513672
NaturalGas,imp,RiauProv,6.800246715545654
NaturalGas,imp,KepRi,2.3043270111083984
NaturalGas,imp,Jambi,7.293863296508789
NaturalGas,imp,SumSel,7.617044925689697
NaturalGas,imp,BaBel,6.092744827270508
NaturalGas,imp,Bengkulu,8.159494400024414
NaturalGas,imp,Lampung,8.50027847290039
NaturalGas,imp,DKI,9.498451232910156
NaturalGas,imp,JaBar,9.983867645263672
NaturalGas,imp,Banten,9.83302116394043
NaturalGas,imp,JaTeng,10.555326461791992
NaturalGas,imp,DIY,10.872097969055176
NaturalGas,imp,JaTim,11.47183609008789
NaturalGas,imp,KalBar,4.608654022216797
NaturalGas,imp,KalTeng,5.879987716674805
NaturalGas,imp,KalSel,6.990692615509033
NaturalGas,imp,KalTim,7.083338260650635
NaturalGas,imp,KalUt,7.3225860595703125
NaturalGas,imp,SulUt,13.347394943237305
NaturalGas,imp,Gorontalo,12.597023010253906
NaturalGas,imp,SulTeng,11.923626899719238
NaturalGas,imp,SulaSel,11.131999969482422
NaturalGas,imp,SulBar,10.696700096130371
NaturalGas,imp,SulTra,12.014838218688965
NaturalGas,imp,Bali,12.016112327575684
NaturalGas,imp,NTB,12.721343040466309
NaturalGas,imp,NTT,14.122817993164062
NaturalGas,imp,Maluku,19.248271942138672
NaturalGas,imp,MalUt,16.97500991821289
NaturalGas,imp,PapuaBar,21.728891372680664
NaturalGas,imp,PapuaProv,27.72933006286621
IronOre,dom,NAD,32.100521087646484
IronOre,dom,SumUt,30.592561721801758
IronOre,dom,SumBar,28.946401596069336
IronOre,dom,RiauProv,28.965091705322266
IronOre,dom,KepRi,24.84078598022461
IronOre,dom,Jambi,27.967655181884766
IronOre,dom,SumSel,26.538753509521484
IronOre,dom,BaBel,25.291889190673828
IronOre,dom,Bengkulu,27.937461853027344
IronOre,dom,Lampung,26.319019317626953
IronOre,dom,DKI,23.66753578186035
IronOre,dom,JaBar,23.77845573425293
IronOre,dom,Banten,24.174306869506836
IronOre,dom,JaTeng,22.245481491088867
IronOre,dom,DIY,22.269081115722656
IronOre,dom,JaTim,21.226764678955078
IronOre,dom,KalBar,19.6165828704834
IronOre,dom,KalTeng,18.072021484375
IronOre,dom,KalSel,16.642379760742188
IronOre,dom,KalTim,16.743854522705078
IronOre,dom,KalUt,17.518150329589844
IronOre,dom,SulUt,0.9030998349189758
IronOre,dom,Gorontalo,5.500904083251953
IronOre,dom,SulTeng,8.150676727294922
IronOre,dom,SulaSel,10.426717758178711
IronOre,dom,SulBar,11.174276351928711
IronOre,dom,SulTra,10.263510704040527
IronOre,dom,Bali,17.33725357055664
IronOre,dom,NTB,8.280085563659668
IronOre,dom,NTT,14.687880516052246
IronOre,dom,Maluku,7.374436378479004
IronOre,dom,MalUt,1.877140998840332
IronOre,dom,PapuaBar,6.065112113952637
IronOre,dom,PapuaProv,3.1765198707580566
IronOre,imp,NAD,7.452054023742676
IronOre,imp,SumUt,6.092069149017334
IronOre,imp,SumBar,4.341833114624023
IronOre,imp,RiauProv,4.682894229888916
IronOre,imp,KepRi,2.979555368423462
IronOre,imp,Jambi,3.6057844161987305
IronOre,imp,SumSel,2.649245023727417
IronOre,imp,BaBel,3.9162673950195312
IronOre,imp,Bengkulu,3.1690285205841064
IronOre,imp,Lampung,1.7636563777923584
IronOre,imp,DKI,0.3520345687866211
IronOre,imp,JaBar,0.7230212688446045
IronOre,imp,Banten,0.17608150839805603
IronOre,imp,JaTeng,1.93647038936615
IronOre,imp,DIY,2.124415397644043
IronOre,imp,JaTim,2.8667824268341064
IronOre,imp,KalBar,7.255095481872559
IronOre,imp,KalTeng,7.6831746101379395
IronOre,imp,KalSel,8.042746543884277
IronOre,imp,KalTim,9.127562522888184
IronOre,imp,KalUt,9.54859447479248
IronOre,imp,SulUt,13.789036750793457
IronOre,imp,Gorontalo,13.161137580871582
IronOre,imp,SulTeng,12.356624603271484
IronOre,imp,SulaSel,11.554817199707031
IronOre,imp,SulBar,11.11181926727295
IronOre,imp,SulTra,12.44878101348877
IronOre,imp,Bali,5.697439193725586
IronOre,imp,NTB,7.759927749633789
IronOre,imp,NTT,10.762777328491211
IronOre,imp,Maluku,19.626073837280273
IronOre,imp,MalUt,17.431211471557617
IronOre,imp,PapuaBar,22.19261360168457
IronOre,imp,PapuaProv,27.741731643676758
TinOre,dom,NAD,6.704684734344482
TinOre,dom,SumUt,5.285356521606445
TinOre,dom,SumBar,3.560889959335327
TinOre,dom,RiauProv,0.7076694965362549
TinOre,dom,KepRi,6.094785690307617
TinOre,dom,Jambi,2.8613014221191406
TinOre,dom,SumSel,1.9133864641189575
TinOre,dom,BaBel,0.9669982194900513
TinOre,dom,Bengkulu,2.7660961151123047
TinOre,dom,Lampung,2.6328787803649902
TinOre,dom,DKI,3.7661798000335693
TinOre,dom,JaBar,4.251580238342285
TinOre,dom,Banten,3.9108526706695557
TinOre,dom,JaTeng,5.4036865234375
TinOre,dom,DIY,5.6185526847839355
TinOre,dom,JaTim,6.332716464996338
TinOre,dom,KalBar,5.2184576988220215
TinOre,dom,KalTeng,6.49050235748291
TinOre,dom,KalSel,7.601721286773682
TinOre,dom,KalTim,7.694319725036621
TinOre,dom,KalUt,7.933740615844727
TinOre,dom,SulUt,13.960249900817871
TinOre,dom,Gorontalo,13.209815979003906
TinOre,dom,SulTeng,12.536158561706543
TinOre,dom,SulaSel,11.744364738464355
TinOre,dom,SulBar,11.309006690979004
TinOre,dom,SulTra,12.627419471740723
TinOre,dom,Bali,9.160186767578125
TinOre,dom,NTB,11.223989486694336
TinOre,dom,NTT,14.232192993164062
TinOre,dom,Maluku,19.861736297607422
TinOre,dom,MalUt,17.588380813598633
TinOre,dom,PapuaBar,22.342334747314453
TinOre,dom,PapuaProv,19.832345962524414
TinOre,imp,NAD,8.645771026611328
TinOre,imp,SumUt,7.245221138000488
TinOre,imp,SumBar,5.71281099319458
TinOre,imp,RiauProv,5.769838809967041
TinOre,imp,KepRi,2.318510055541992
TinOre,imp,Jambi,4.997131824493408
TinOre,imp,SumSel,4.007274150848389
TinOre,imp,BaBel,4.622028350830078
TinOre,imp,Bengkulu,4.6494526863098145
TinOre,imp,Lampung,2.8873937129974365
TinOre,imp,DKI,1.327817678451538
TinOre,imp,JaBar,0.606327474117279
TinOre,imp,Banten,0.42838478088378906
TinOre,imp,JaTeng,2.2475955486297607
TinOre,imp,DIY,2.555344820022583
TinOre,imp,JaTim,3.5713908672332764
TinOre,imp,KalBar,5.339520454406738
TinOre,imp,KalTeng,6.463693618774414
TinOre,imp,KalSel,7.363664627075195
TinOre,imp,KalTim,7.837069511413574
TinOre,imp,KalUt,8.159074783325195
TinOre,imp,SulUt,13.43759822845459
TinOre,imp,Gorontalo,12.745121002197266
TinOre,imp,SulTeng,12.013696670532227
TinOre,imp,SulaSel,11.221982955932617
TinOre,imp,SulBar,10.786627769470215
TinOre,imp,SulTra,12.104917526245117
TinOre,imp,Bali,7.152390480041504
TinOre,imp,NTB,9.302502632141113
TinOre,imp,NTT,12.053110122680664
TinOre,imp,Maluku,19.300769805908203
TinOre,imp,MalUt,17.065448760986328
TinOre,imp,PapuaBar,21.81952476501465
TinOre,imp,PapuaProv,27.61100959777832
BauxiteOre,dom,NAD,11.59524154663086
BauxiteOre,dom,SumUt,10.216838836669922
BauxiteOre,dom,SumBar,8.798958778381348
BauxiteOre,dom,RiauProv,8.731522560119629
BauxiteOre,dom,KepRi,4.594427585601807
BauxiteOre,dom,Jambi,7.98172664642334
BauxiteOre,dom,SumSel,7.12642240524292
BauxiteOre,dom,BaBel,5.220030784606934
BauxiteOre,dom,Bengkulu,7.9837799072265625
BauxiteOre,dom,Lampung,7.272255897521973
BauxiteOre,dom,DKI,6.987414836883545
BauxiteOre,dom,JaBar,7.182735919952393
BauxiteOre,dom,Banten,7.339395046234131
BauxiteOre,dom,JaTeng,6.7528228759765625
BauxiteOre,dom,DIY,7.059123516082764
BauxiteOre,dom,JaTim,7.147915840148926
BauxiteOre,dom,KalBar,0.6373245716094971
BauxiteOre,dom,KalTeng,0.6138070225715637
BauxiteOre,dom,KalSel,2.368014335632324
BauxiteOre,dom,KalTim,2.4700889587402344
BauxiteOre,dom,KalUt,2.714771270751953
BauxiteOre,dom,SulUt,8.74653148651123
BauxiteOre,dom,Gorontalo,7.983829498291016
BauxiteOre,dom,SulTeng,7.321552753448486
BauxiteOre,dom,SulaSel,6.5286712646484375
BauxiteOre,dom,SulBar,6.090085506439209
BauxiteOre,dom,SulTra,7.412822246551514
BauxiteOre,dom,Bali,7.41306734085083
BauxiteOre,dom,NTB,8.119292259216309
BauxiteOre,dom,NTT,9.5197172164917
BauxiteOre,dom,Maluku,14.649121284484863
BauxiteOre,dom,MalUt,12.377093315124512
BauxiteOre,dom,PapuaBar,17.128698348999023
BauxiteOre,dom,PapuaProv,16.908533096313477
BauxiteOre,imp,NAD,7.7643632888793945
BauxiteOre,imp,SumUt,6.396149635314941
BauxiteOre,imp,SumBar,4.648083209991455
BauxiteOre,imp,RiauProv,4.990692615509033
BauxiteOre,imp,KepRi,9.498451232910156
BauxiteOre,imp,Jambi,3.912097454071045
BauxiteOre,imp,SumSel,2.9571099281311035
BauxiteOre,imp,BaBel,3.763354539871216
BauxiteOre,imp,Bengkulu,3.4757728576660156
BauxiteOre,imp,Lampung,2.0738768577575684
BauxiteOre,imp,DKI,0.17591537535190582
BauxiteOre,imp,JaBar,0.485416054725647
BauxiteOre,imp,Banten,0.35183075070381165
BauxiteOre,imp,JaTeng,1.6372249126434326
BauxiteOre,imp,DIY,1.8520697355270386
BauxiteOre,imp,JaTim,2.5661351680755615
BauxiteOre,imp,KalBar,6.9767656326293945
BauxiteOre,imp,KalTeng,7.4686503410339355
BauxiteOre,imp,KalSel,7.902834415435791
BauxiteOre,imp,KalTim,9.172992706298828
BauxiteOre,imp,KalUt,9.69069766998291
BauxiteOre,imp,SulUt,13.548544883728027
BauxiteOre,imp,Gorontalo,12.930354118347168
BauxiteOre,imp,SulTeng,12.124775886535645
BauxiteOre,imp,SulaSel,11.333151817321777
BauxiteOre,imp,SulBar,10.89785099029541
BauxiteOre,imp,SulTra,12.21599006652832
BauxiteOre,imp,Bali,5.393375396728516
BauxiteOre,imp,NTB,7.457106590270996
BauxiteOre,imp,NTT,10.465264320373535
BauxiteOre,imp,Maluku,19.364484786987305
BauxiteOre,imp,MalUt,17.176158905029297
BauxiteOre,imp,PapuaBar,21.930042266845703
BauxiteOre,imp,PapuaProv,27.47068977355957
CopperOre,dom,NAD,4.646930694580078
CopperOre,dom,SumUt,28.098020553588867
CopperOre,dom,SumBar,3.4963998794555664
CopperOre,dom,RiauProv,25.31694793701172
CopperOre,dom,KepRi,23.886308670043945
CopperOre,dom,Jambi,24.79672622680664
CopperOre,dom,SumSel,24.710161209106445
CopperOre,dom,BaBel,23.8189697265625
CopperOre,dom,Bengkulu,12.689984321594238
CopperOre,dom,Lampung,23.978809356689453
CopperOre,dom,DKI,21.041841506958008
CopperOre,dom,JaBar,20.343233108520508
CopperOre,dom,Banten,21.5712833404541
CopperOre,dom,JaTeng,17.028053283691406
CopperOre,dom,DIY,10.805646896362305
CopperOre,dom,JaTim,16.358970642089844
CopperOre,dom,KalBar,12.52140998840332
CopperOre,dom,KalTeng,1.0613255500793457
CopperOre,dom,KalSel,3.198289155960083
CopperOre,dom,KalTim,4.9132561683654785
CopperOre,dom,KalUt,13.216545104980469
CopperOre,dom,SulUt,13.154248237609863
CopperOre,dom,Gorontalo,2.455275535583496
CopperOre,dom,SulTeng,13.864314079284668
CopperOre,dom,SulaSel,13.556215286254883
CopperOre,dom,SulBar,7.697555065155029
CopperOre,dom,SulTra,13.305359840393066
CopperOre,dom,Bali,5.680992126464844
CopperOre,dom,NTB,1.3454912900924683
CopperOre,dom,NTT,4.91722297668457
CopperOre,dom,Maluku,2.1580710411071777
CopperOre,dom,MalUt,2.6835832595825195
CopperOre,dom,PapuaBar,6.975431442260742
CopperOre,dom,PapuaProv,3.145303964614868
CopperOre,imp,NAD,33.48768997192383
CopperOre,imp,SumUt,31.80902099609375
CopperOre,imp,SumBar,29.6340274810791
CopperOre,imp,RiauProv,29.823938369750977
CopperOre,imp,KepRi,27.277925491333008
CopperOre,imp,Jambi,28.318252563476562
CopperOre,imp,SumSel,26.347463607788086
CopperOre,imp,BaBel,25.995716094970703
CopperOre,imp,Bengkulu,27.659223556518555
CopperOre,imp,Lampung,23.630529403686523
CopperOre,imp,DKI,24.611997604370117
CopperOre,imp,JaBar,9.00686264038086
CopperOre,imp,Banten,6.352540969848633
CopperOre,imp,JaTeng,19.981430053710938
CopperOre,imp,DIY,20.7257137298584
CopperOre,imp,JaTim,21.92531967163086
CopperOre,imp,KalBar,22.63971519470215
CopperOre,imp,KalTeng,21.492202758789062
CopperOre,imp,KalSel,20.46678352355957
CopperOre,imp,KalTim,20.535913467407227
CopperOre,imp,KalUt,21.12884521484375
CopperOre,imp,SulUt,14.40208625793457
CopperOre,imp,Gorontalo,15.20397663116455
CopperOre,imp,SulTeng,15.823291778564453
CopperOre,imp,SulaSel,16.625553131103516
CopperOre,imp,SulBar,16.972219467163086
CopperOre,imp,SulTra,15.688705444335938
CopperOre,imp,Bali,21.541650772094727
CopperOre,imp,NTB,20.031526565551758
CopperOre,imp,NTT,17.20152473449707
CopperOre,imp,Maluku,8.61635684967041
CopperOre,imp,MalUt,11.16988754272461
CopperOre,imp,PapuaBar,6.192856788635254
CopperOre,imp,PapuaProv,3.091574192047119
NickelOre,dom,NAD,21.90966033935547
NickelOre,dom,SumUt,20.443178176879883
NickelOre,dom,SumBar,18.917484283447266
NickelOre,dom,RiauProv,18.850732803344727
NickelOre,dom,KepRi,14.34638500213623
NickelOre,dom,Jambi,18.031665802001953
NickelOre,dom,SumSel,17.098133087158203
NickelOre,dom,BaBel,15.013158798217773
NickelOre,dom,Bengkulu,18.021835327148438
NickelOre,dom,Lampung,16.80583953857422
NickelOre,dom,DKI,14.571064949035645
NickelOre,dom,JaBar,14.104631423950195
NickelOre,dom,Banten,14.894647598266602
NickelOre,dom,JaTeng,12.758207321166992
NickelOre,dom,DIY,12.60712718963623
NickelOre,dom,JaTim,11.718002319335938
NickelOre,dom,KalBar,9.073195457458496
NickelOre,dom,KalTeng,7.3080878257751465
NickelOre,dom,KalSel,6.2972235679626465
NickelOre,dom,KalTim,0.9860374331474304
NickelOre,dom,KalUt,7.635044097900391
NickelOre,dom,SulUt,2.2178266048431396
NickelOre,dom,Gorontalo,1.6477288007736206
NickelOre,dom,SulTeng,0.5218086838722229
NickelOre,dom,SulaSel,1.0752427577972412
NickelOre,dom,SulBar,1.639113187789917
NickelOre,dom,SulTra,0.49552908539772034
NickelOre,dom,Bali,9.62805461883545
NickelOre,dom,NTB,8.50617504119873
NickelOre,dom,NTT,6.492496967315674
NickelOre,dom,Maluku,2.151463270187378
NickelOre,dom,MalUt,1.9325041770935059
NickelOre,dom,PapuaBar,2.3907086849212646
NickelOre,dom,PapuaProv,3.1174581050872803
NickelOre,imp,NAD,16.322587966918945
NickelOre,imp,SumUt,14.675774574279785
NickelOre,imp,SumBar,12.5331392288208
NickelOre,imp,RiauProv,12.795716285705566
NickelOre,imp,KepRi,11.017955780029297
NickelOre,imp,Jambi,11.360072135925293
NickelOre,imp,SumSel,9.69411849975586
NickelOre,imp,BaBel,9.777022361755371
NickelOre,imp,Bengkulu,10.806610107421875
NickelOre,imp,Lampung,7.816105842590332
NickelOre,imp,DKI,6.246660232543945
NickelOre,imp,JaBar,1.9128748178482056
NickelOre,imp,Banten,1.2731497287750244
NickelOre,imp,JaTeng,5.987438678741455
NickelOre,imp,DIY,6.400104522705078
NickelOre,imp,JaTim,7.080626487731934
NickelOre,imp,KalBar,6.546366214752197
NickelOre,imp,KalTeng,5.326755046844482
NickelOre,imp,KalSel,4.2238640785217285
NickelOre,imp,KalTim,4.348215579986572
NickelOre,imp,KalUt,5.490850448608398
NickelOre,imp,SulUt,2.3431174755096436
NickelOre,imp,Gorontalo,1.7899930477142334
NickelOre,imp,SulTeng,0.8649773001670837
NickelOre,imp,SulaSel,0.22139617800712585
NickelOre,imp,SulBar,0.44023942947387695
NickelOre,imp,SulTra,0.9737607836723328
NickelOre,imp,Bali,7.028725624084473
NickelOre,imp,NTB,6.578606605529785
NickelOre,imp,NTT,5.666068077087402
NickelOre,imp,Maluku,8.37151050567627
NickelOre,imp,MalUt,6.0576982498168945
NickelOre,imp,PapuaBar,10.900046348571777
NickelOre,imp,PapuaProv,16.967424392700195
OthMetalMine,dom,NAD,16.254112243652344
OthMetalMine,dom,SumUt,7.139307975769043
OthMetalMine,dom,SumBar,16.37743377685547
OthMetalMine,dom,RiauProv,15.89394760131836
OthMetalMine,dom,KepRi,20.914262771606445
OthMetalMine,dom,Jambi,19.42035675048828
OthMetalMine,dom,SumSel,19.134756088256836
OthMetalMine,dom,BaBel,20.63572120666504
OthMetalMine,dom,Bengkulu,20.48874282836914
OthMetalMine,dom,Lampung,13.119462013244629
OthMetalMine,dom,DKI,21.229515075683594
OthMetalMine,dom,JaBar,21.288604736328125
OthMetalMine,dom,Banten,21.2956600189209
OthMetalMine,dom,JaTeng,20.362497329711914
OthMetalMine,dom,DIY,20.474538803100586
OthMetalMine,dom,JaTim,19.710674285888672
OthMetalMine,dom,KalBar,11.683883666992188
OthMetalMine,dom,KalTeng,10.668350219726562
OthMetalMine,dom,KalSel,11.15868091583252
OthMetalMine,dom,KalTim,5.447104454040527
OthMetalMine,dom,KalUt,0.6979836821556091
OthMetalMine,dom,SulUt,8.023321151733398
OthMetalMine,dom,Gorontalo,9.646397590637207
OthMetalMine,dom,SulTeng,8.174676895141602
OthMetalMine,dom,SulaSel,3.877362012863159
OthMetalMine,dom,SulBar,5.30240535736084
OthMetalMine,dom,SulTra,8.912680625915527
OthMetalMine,dom,Bali,17.962921142578125
OthMetalMine,dom,NTB,12.711517333984375
OthMetalMine,dom,NTT,15.26681137084961
OthMetalMine,dom,Maluku,2.174271583557129
OthMetalMine,dom,MalUt,1.909428596496582
OthMetalMine,dom,PapuaBar,6.151281356811523
OthMetalMine,dom,PapuaProv,3.108255624771118
OthMetalMine,imp,NAD,2.5943784713745117
OthMetalMine,imp,SumUt,0.8453377485275269
OthMetalMine,imp,SumBar,2.95937442779541
OthMetalMine,imp,RiauProv,2.175912857055664
OthMetalMine,imp,KepRi,9.577741622924805
OthMetalMine,imp,Jambi,3.519030809402466
OthMetalMine,imp,SumSel,3.4657435417175293
OthMetalMine,imp,BaBel,4.565377235412598
OthMetalMine,imp,Bengkulu,3.7037932872772217
OthMetalMine,imp,Lampung,2.74057674407959
OthMetalMine,imp,DKI,0.1850697249174118
OthMetalMine,imp,JaBar,0.6566990613937378
OthMetalMine,imp,Banten,0.46548691391944885
OthMetalMine,imp,JaTeng,1.3424397706985474
OthMetalMine,imp,DIY,1.2216651439666748
OthMetalMine,imp,JaTim,0.5012611150741577
OthMetalMine,imp,KalBar,7.52973747253418
OthMetalMine,imp,KalTeng,7.264512538909912
OthMetalMine,imp,KalSel,7.192827224731445
OthMetalMine,imp,KalTim,8.588083267211914
OthMetalMine,imp,KalUt,9.38345718383789
OthMetalMine,imp,SulUt,13.288383483886719
OthMetalMine,imp,Gorontalo,12.630237579345703
OthMetalMine,imp,SulTeng,11.794034004211426
OthMetalMine,imp,SulaSel,10.949822425842285
OthMetalMine,imp,SulBar,10.480972290039062
OthMetalMine,imp,SulTra,11.890558242797852
OthMetalMine,imp,Bali,4.2468085289001465
OthMetalMine,imp,NTB,6.743201732635498
OthMetalMine,imp,NTT,10.102057456970215
OthMetalMine,imp,Maluku,19.066022872924805
OthMetalMine,imp,MalUt,16.980884552001953
OthMetalMine,imp,PapuaBar,21.196897506713867
OthMetalMine,imp,PapuaProv,3.2534725666046143
GoldOre,dom,NAD,27.605133056640625
GoldOre,dom,SumUt,26.045211791992188
GoldOre,dom,SumBar,25.588401794433594
GoldOre,dom,RiauProv,21.919940948486328
GoldOre,dom,KepRi,23.384864807128906
GoldOre,dom,Jambi,24.06145477294922
GoldOre,dom,SumSel,22.782100677490234
GoldOre,dom,BaBel,22.755298614501953
GoldOre,dom,Bengkulu,24.727243423461914
GoldOre,dom,Lampung,22.80799102783203
GoldOre,dom,DKI,19.621477127075195
GoldOre,dom,JaBar,19.04216766357422
GoldOre,dom,Banten,20.08002471923828
GoldOre,dom,JaTeng,16.852458953857422
GoldOre,dom,DIY,16.819551467895508
GoldOre,dom,JaTim,15.147540092468262
GoldOre,dom,KalBar,16.057771682739258
GoldOre,dom,KalTeng,1.0280574560165405
GoldOre,dom,KalSel,1.5707333087921143
GoldOre,dom,KalTim,0.7812962532043457
GoldOre,dom,KalUt,0.9885435700416565
GoldOre,dom,SulUt,0.5955913066864014
GoldOre,dom,Gorontalo,0.9529979228973389
GoldOre,dom,SulTeng,10.908402442932129
GoldOre,dom,SulaSel,12.205153465270996
GoldOre,dom,SulBar,12.590678215026855
GoldOre,dom,SulTra,11.433618545532227
GoldOre,dom,Bali,7.523527145385742
GoldOre,dom,NTB,1.2024034261703491
GoldOre,dom,NTT,10.017330169677734
GoldOre,dom,Maluku,2.039341449737549
GoldOre,dom,MalUt,2.0854482650756836
GoldOre,dom,PapuaBar,6.345327854156494
GoldOre,dom,PapuaProv,3.1210744380950928
GoldOre,imp,NAD,7.764362812042236
GoldOre,imp,SumUt,6.396149635314941
GoldOre,imp,SumBar,4.648083209991455
GoldOre,imp,RiauProv,4.990692615509033
GoldOre,imp,KepRi,9.498451232910156
GoldOre,imp,Jambi,3.912097692489624
GoldOre,imp,SumSel,2.9571099281311035
GoldOre,imp,BaBel,3.763354539871216
GoldOre,imp,Bengkulu,3.4757726192474365
GoldOre,imp,Lampung,2.0738768577575684
GoldOre,imp,DKI,0.17591537535190582
GoldOre,imp,JaBar,0.485416054725647
GoldOre,imp,Banten,0.35183075070381165
GoldOre,imp,JaTeng,1.6372249126434326
GoldOre,imp,DIY,1.8520697355270386
GoldOre,imp,JaTim,2.5661351680755615
GoldOre,imp,KalBar,6.9767656326293945
GoldOre,imp,KalTeng,7.4686503410339355
GoldOre,imp,KalSel,7.902833938598633
GoldOre,imp,KalTim,9.172992706298828
GoldOre,imp,KalUt,9.69069766998291
GoldOre,imp,SulUt,13.548544883728027
GoldOre,imp,Gorontalo,12.930353164672852
GoldOre,imp,SulTeng,12.124775886535645
GoldOre,imp,SulaSel,11.333151817321777
GoldOre,imp,SulBar,10.89785099029541
GoldOre,imp,SulTra,12.215989112854004
GoldOre,imp,Bali,5.393375873565674
GoldOre,imp,NTB,7.457106590270996
GoldOre,imp,NTT,10.465264320373535
GoldOre,imp,Maluku,19.364484786987305
GoldOre,imp,MalUt,17.176158905029297
GoldOre,imp,PapuaBar,21.930042266845703
GoldOre,imp,PapuaProv,27.47068977355957
SilverOre,dom,NAD,24.56476593017578
SilverOre,dom,SumUt,20.923738479614258
SilverOre,dom,SumBar,22.211040496826172
SilverOre,dom,RiauProv,19.819730758666992
SilverOre,dom,KepRi,23.104867935180664
SilverOre,dom,Jambi,17.178184509277344
SilverOre,dom,SumSel,21.321611404418945
SilverOre,dom,BaBel,22.200252532958984
SilverOre,dom,Bengkulu,23.5760440826416
SilverOre,dom,Lampung,21.9934139251709
SilverOre,dom,DKI,18.7525691986084
SilverOre,dom,JaBar,18.130144119262695
SilverOre,dom,Banten,19.19850730895996
SilverOre,dom,JaTeng,16.00336265563965
SilverOre,dom,DIY,15.883856773376465
SilverOre,dom,JaTim,14.262170791625977
SilverOre,dom,KalBar,15.715461730957031
SilverOre,dom,KalTeng,1.13404381275177
SilverOre,dom,KalSel,12.83299446105957
SilverOre,dom,KalTim,14.997808456420898
SilverOre,dom,KalUt,16.49502182006836
SilverOre,dom,SulUt,0.7515252232551575
SilverOre,dom,Gorontalo,2.765472173690796
SilverOre,dom,SulTeng,10.867531776428223
SilverOre,dom,SulaSel,12.163497924804688
SilverOre,dom,SulBar,12.391676902770996
SilverOre,dom,SulTra,11.709582328796387
SilverOre,dom,Bali,6.781818389892578
SilverOre,dom,NTB,1.2068049907684326
SilverOre,dom,NTT,9.339858055114746
SilverOre,dom,Maluku,2.0273687839508057
SilverOre,dom,MalUt,9.554019927978516
SilverOre,dom,PapuaBar,6.389031887054443
SilverOre,dom,PapuaProv,3.1495437622070312
SilverOre,imp,NAD,0.7409599423408508
SilverOre,imp,SumUt,0.7259486317634583
SilverOre,imp,SumBar,0.4507875442504883
SilverOre,imp,RiauProv,0.4509877860546112
SilverOre,imp,KepRi,2.3141305446624756
SilverOre,imp,Jambi,0.5739490389823914
SilverOre,imp,SumSel,0.46132606267929077
SilverOre,imp,BaBel,1.0518072843551636
SilverOre,imp,Bengkulu,0.5487508177757263
SilverOre,imp,Lampung,0.48410332202911377
SilverOre,imp,DKI,0.20824407041072845
SilverOre,imp,JaBar,0.26783880591392517
SilverOre,imp,Banten,0.22295501828193665
SilverOre,imp,JaTeng,0.2500001788139343
SilverOre,imp,DIY,0.3032202124595642
SilverOre,imp,JaTim,0.4306163191795349
SilverOre,imp,KalBar,0.724680483341217
SilverOre,imp,KalTeng,0.6461442708969116
SilverOre,imp,KalSel,0.6736000776290894
SilverOre,imp,KalTim,0.6423972249031067
SilverOre,imp,KalUt,0.65455561876297
SilverOre,imp,SulUt,0.48488447070121765
SilverOre,imp,Gorontalo,0.6060494780540466
SilverOre,imp,SulTeng,0.5791399478912354
SilverOre,imp,SulaSel,0.36021217703819275
SilverOre,imp,SulBar,0.4109726548194885
SilverOre,imp,SulTra,0.5285153388977051
SilverOre,imp,Bali,1.0522119998931885
SilverOre,imp,NTB,1.0967665910720825
SilverOre,imp,NTT,1.561592936515808
SilverOre,imp,Maluku,1.7970185279846191
SilverOre,imp,MalUt,1.8470351696014404
SilverOre,imp,PapuaBar,1.7993594408035278
SilverOre,imp,PapuaProv,21.34392738342285
GalianPrd,dom,NAD,0.7691649198532104
GalianPrd,dom,SumUt,0.7400109171867371
GalianPrd,dom,SumBar,0.43261584639549255
GalianPrd,dom,RiauProv,0.42969459295272827
GalianPrd,dom,KepRi,4.123500823974609
GalianPrd,dom,Jambi,0.4843548834323883
GalianPrd,dom,SumSel,0.47439876198768616
GalianPrd,dom,BaBel,1.0485187768936157
GalianPrd,dom,Bengkulu,0.5525633096694946
GalianPrd,dom,Lampung,0.4977875053882599
GalianPrd,dom,DKI,0.18861903250217438
GalianPrd,dom,JaBar,0.26239535212516785
GalianPrd,dom,Banten,0.19779615104198456
GalianPrd,dom,JaTeng,0.18278227746486664
GalianPrd,dom,DIY,0.24014529585838318
GalianPrd,dom,JaTim,0.4441015422344208
GalianPrd,dom,KalBar,0.6905584335327148
GalianPrd,dom,KalTeng,0.6148310899734497
GalianPrd,dom,KalSel,0.6000797152519226
GalianPrd,dom,KalTim,0.609032154083252
GalianPrd,dom,KalUt,0.6371205449104309
GalianPrd,dom,SulUt,0.4441106915473938
GalianPrd,dom,Gorontalo,0.49476855993270874
GalianPrd,dom,SulTeng,0.4619036316871643
GalianPrd,dom,SulaSel,0.24131621420383453
GalianPrd,dom,SulBar,0.3007393777370453
GalianPrd,dom,SulTra,0.5405837297439575
GalianPrd,dom,Bali,1.0736559629440308
GalianPrd,dom,NTB,1.0792728662490845
GalianPrd,dom,NTT,1.6059457063674927
GalianPrd,dom,Maluku,1.8147813081741333
GalianPrd,dom,MalUt,1.856073021888733
GalianPrd,dom,PapuaBar,1.814192533493042
GalianPrd,dom,PapuaProv,3.124488353729248
GalianPrd,imp,NAD,2.757488250732422
GalianPrd,imp,SumUt,0.7487290501594543
GalianPrd,imp,SumBar,0.42717304825782776
GalianPrd,imp,RiauProv,0.4720797836780548
GalianPrd,imp,KepRi,2.3408408164978027
GalianPrd,imp,Jambi,3.260838031768799
GalianPrd,imp,SumSel,3.0724966526031494
GalianPrd,imp,BaBel,4.343024253845215
GalianPrd,imp,Bengkulu,3.8015661239624023
GalianPrd,imp,Lampung,3.123492479324341
GalianPrd,imp,DKI,0.17871204018592834
GalianPrd,imp,JaBar,0.8619472980499268
GalianPrd,imp,Banten,0.4639391303062439
GalianPrd,imp,JaTeng,0.7022219300270081
GalianPrd,imp,DIY,1.2646324634552002
GalianPrd,imp,JaTim,0.4763098955154419
GalianPrd,imp,KalBar,1.1990008354187012
GalianPrd,imp,KalTeng,4.932239532470703
GalianPrd,imp,KalSel,0.7233777642250061
GalianPrd,imp,KalTim,4.854779243469238
GalianPrd,imp,KalUt,0.7319891452789307
GalianPrd,imp,SulUt,5.211038112640381
GalianPrd,imp,Gorontalo,0.4411565065383911
GalianPrd,imp,SulTeng,4.235475540161133
GalianPrd,imp,SulaSel,5.195676326751709
GalianPrd,imp,SulBar,4.621428966522217
GalianPrd,imp,SulTra,7.262004852294922
GalianPrd,imp,Bali,6.063197135925293
GalianPrd,imp,NTB,8.516295433044434
GalianPrd,imp,NTT,10.860857009887695
GalianPrd,imp,Maluku,9.907084465026855
GalianPrd,imp,MalUt,1.848456621170044
GalianPrd,imp,PapuaBar,11.823250770568848
GalianPrd,imp,PapuaProv,13.928666114807129
NonMetlMinrl,dom,NAD,1.5888636112213135
NonMetlMinrl,dom,SumUt,5.000675201416016
NonMetlMinrl,dom,SumBar,5.523759365081787
NonMetlMinrl,dom,RiauProv,5.762576580047607
NonMetlMinrl,dom,KepRi,11.567646026611328
NonMetlMinrl,dom,Jambi,4.862877368927002
NonMetlMinrl,dom,SumSel,3.7390222549438477
NonMetlMinrl,dom,BaBel,5.251587390899658
NonMetlMinrl,dom,Bengkulu,4.379991054534912
NonMetlMinrl,dom,Lampung,2.561351776123047
NonMetlMinrl,dom,DKI,0.4622502028942108
NonMetlMinrl,dom,JaBar,0.26688408851623535
NonMetlMinrl,dom,Banten,0.18034297227859497
NonMetlMinrl,dom,JaTeng,1.470811128616333
NonMetlMinrl,dom,DIY,0.2013154774904251
NonMetlMinrl,dom,JaTim,2.815297842025757
NonMetlMinrl,dom,KalBar,8.373916625976562
NonMetlMinrl,dom,KalTeng,8.281262397766113
NonMetlMinrl,dom,KalSel,8.085199356079102
NonMetlMinrl,dom,KalTim,9.274211883544922
NonMetlMinrl,dom,KalUt,10.23435115814209
NonMetlMinrl,dom,SulUt,8.394770622253418
NonMetlMinrl,dom,Gorontalo,7.597235202789307
NonMetlMinrl,dom,SulTeng,5.947696685791016
NonMetlMinrl,dom,SulaSel,2.457819700241089
NonMetlMinrl,dom,SulBar,0.34561389684677124
NonMetlMinrl,dom,SulTra,5.971014499664307
NonMetlMinrl,dom,Bali,6.0759453773498535
NonMetlMinrl,dom,NTB,6.165762424468994
NonMetlMinrl,dom,NTT,1.7212046384811401
NonMetlMinrl,dom,Maluku,6.308656215667725
NonMetlMinrl,dom,MalUt,8.2962007522583
NonMetlMinrl,dom,PapuaBar,2.033085584640503
NonMetlMinrl,dom,PapuaProv,11.021270751953125
NonMetlMinrl,imp,NAD,7.2496442794799805
NonMetlMinrl,imp,SumUt,0.8156337141990662
NonMetlMinrl,imp,SumBar,5.442958831787109
NonMetlMinrl,imp,RiauProv,5.988813400268555
NonMetlMinrl,imp,KepRi,11.191229820251465
NonMetlMinrl,imp,Jambi,5.607218265533447
NonMetlMinrl,imp,SumSel,5.199197769165039
NonMetlMinrl,imp,BaBel,6.159592628479004
NonMetlMinrl,imp,Bengkulu,5.599997043609619
NonMetlMinrl,imp,Lampung,4.427792072296143
NonMetlMinrl,imp,DKI,1.7143276929855347
NonMetlMinrl,imp,JaBar,1.889867901802063
NonMetlMinrl,imp,Banten,2.09161114692688
NonMetlMinrl,imp,JaTeng,0.937470555305481
NonMetlMinrl,imp,DIY,0.790910542011261
NonMetlMinrl,imp,JaTim,0.39202210307121277
NonMetlMinrl,imp,KalBar,7.171557426452637
NonMetlMinrl,imp,KalTeng,5.946291923522949
NonMetlMinrl,imp,KalSel,5.499039649963379
NonMetlMinrl,imp,KalTim,7.1728596687316895
NonMetlMinrl,imp,KalUt,8.199535369873047
NonMetlMinrl,imp,SulUt,11.123574256896973
NonMetlMinrl,imp,Gorontalo,10.500065803527832
NonMetlMinrl,imp,SulTeng,9.686273574829102
NonMetlMinrl,imp,SulaSel,8.887356758117676
NonMetlMinrl,imp,SulBar,8.451148986816406
NonMetlMinrl,imp,SulTra,9.777129173278809
NonMetlMinrl,imp,Bali,2.884373426437378
NonMetlMinrl,imp,NTB,4.982663154602051
NonMetlMinrl,imp,NTT,8.027310371398926
NonMetlMinrl,imp,Maluku,16.97115707397461
NonMetlMinrl,imp,MalUt,14.764326095581055
NonMetlMinrl,imp,PapuaBar,19.543781280517578
NonMetlMinrl,imp,PapuaProv,25.107820510864258
CoarseSalt,dom,NAD,1.9411375522613525
CoarseSalt,dom,SumUt,7.3274312019348145
CoarseSalt,dom,SumBar,7.7202019691467285
CoarseSalt,dom,RiauProv,7.946243762969971
CoarseSalt,dom,KepRi,11.537076950073242
CoarseSalt,dom,Jambi,7.1189069747924805
CoarseSalt,dom,SumSel,6.118034362792969
CoarseSalt,dom,BaBel,7.144145488739014
CoarseSalt,dom,Bengkulu,6.695110321044922
CoarseSalt,dom,Lampung,5.050397872924805
CoarseSalt,dom,DKI,1.901885747909546
CoarseSalt,dom,JaBar,1.0961743593215942
CoarseSalt,dom,Banten,2.4444262981414795
CoarseSalt,dom,JaTeng,0.19325613975524902
CoarseSalt,dom,DIY,0.4674645662307739
CoarseSalt,dom,JaTim,0.5751839280128479
CoarseSalt,dom,KalBar,7.4193549156188965
CoarseSalt,dom,KalTeng,6.403032302856445
CoarseSalt,dom,KalSel,5.7808427810668945
CoarseSalt,dom,KalTim,7.131289958953857
CoarseSalt,dom,KalUt,8.180157661437988
CoarseSalt,dom,SulUt,6.822840213775635
CoarseSalt,dom,Gorontalo,2.1629574298858643
CoarseSalt,dom,SulTeng,3.1922502517700195
CoarseSalt,dom,SulaSel,0.8641412854194641
CoarseSalt,dom,SulBar,1.6342567205429077
CoarseSalt,dom,SulTra,3.5371522903442383
CoarseSalt,dom,Bali,1.2260966300964355
CoarseSalt,dom,NTB,1.0360665321350098
CoarseSalt,dom,NTT,1.7720972299575806
CoarseSalt,dom,Maluku,13.508642196655273
CoarseSalt,dom,MalUt,12.04991626739502
CoarseSalt,dom,PapuaBar,16.83848762512207
CoarseSalt,dom,PapuaProv,21.91289520263672
CoarseSalt,imp,NAD,5.639646053314209
CoarseSalt,imp,SumUt,3.523685932159424
CoarseSalt,imp,SumBar,1.7708954811096191
CoarseSalt,imp,RiauProv,0.5859209895133972
CoarseSalt,imp,KepRi,9.14321231842041
CoarseSalt,imp,Jambi,0.4184860289096832
CoarseSalt,imp,SumSel,0.631811797618866
CoarseSalt,imp,BaBel,3.897181987762451
CoarseSalt,imp,Bengkulu,2.3267953395843506
CoarseSalt,imp,Lampung,1.6070019006729126
CoarseSalt,imp,DKI,0.3253725469112396
CoarseSalt,imp,JaBar,0.7368037104606628
CoarseSalt,imp,Banten,0.17808599770069122
CoarseSalt,imp,JaTeng,1.7159653902053833
CoarseSalt,imp,DIY,1.6772346496582031
CoarseSalt,imp,JaTim,1.5809892416000366
CoarseSalt,imp,KalBar,7.425168991088867
CoarseSalt,imp,KalTeng,7.681309223175049
CoarseSalt,imp,KalSel,7.884727478027344
CoarseSalt,imp,KalTim,9.23953914642334
CoarseSalt,imp,KalUt,9.86440658569336
CoarseSalt,imp,SulUt,13.185379028320312
CoarseSalt,imp,Gorontalo,12.24594783782959
CoarseSalt,imp,SulTeng,6.675469875335693
CoarseSalt,imp,SulaSel,10.72376823425293
CoarseSalt,imp,SulBar,10.646728515625
CoarseSalt,imp,SulTra,11.80754566192627
CoarseSalt,imp,Bali,5.2398576736450195
CoarseSalt,imp,NTB,7.477315425872803
CoarseSalt,imp,NTT,10.653327941894531
CoarseSalt,imp,Maluku,19.4937801361084
CoarseSalt,imp,MalUt,16.594568252563477
CoarseSalt,imp,PapuaBar,22.09592628479004
CoarseSalt,imp,PapuaProv,27.817113876342773
PetrolNatGas,dom,NAD,2.2460591793060303
PetrolNatGas,dom,SumUt,2.4497363567352295
PetrolNatGas,dom,SumBar,1.2877949476242065
PetrolNatGas,dom,RiauProv,0.42267534136772156
PetrolNatGas,dom,KepRi,4.955602169036865
PetrolNatGas,dom,Jambi,1.1363123655319214
PetrolNatGas,dom,SumSel,0.43705499172210693
PetrolNatGas,dom,BaBel,1.9907488822937012
PetrolNatGas,dom,Bengkulu,1.465071201324463
PetrolNatGas,dom,Lampung,0.478158563375473
PetrolNatGas,dom,DKI,3.2620227336883545
PetrolNatGas,dom,JaBar,3.6732065677642822
PetrolNatGas,dom,Banten,3.5037245750427246
PetrolNatGas,dom,JaTeng,2.5434086322784424
PetrolNatGas,dom,DIY,2.204256534576416
PetrolNatGas,dom,JaTim,0.6191176772117615
PetrolNatGas,dom,KalBar,4.133393287658691
PetrolNatGas,dom,KalTeng,1.69481360912323
PetrolNatGas,dom,KalSel,2.139669895172119
PetrolNatGas,dom,KalTim,0.644862174987793
PetrolNatGas,dom,KalUt,0.5786543488502502
PetrolNatGas,dom,SulUt,3.8387932777404785
PetrolNatGas,dom,Gorontalo,2.616055965423584
PetrolNatGas,dom,SulTeng,0.4370709955692291
PetrolNatGas,dom,SulaSel,0.32136160135269165
PetrolNatGas,dom,SulBar,2.5481090545654297
PetrolNatGas,dom,SulTra,2.9159440994262695
PetrolNatGas,dom,Bali,6.500242233276367
PetrolNatGas,dom,NTB,8.266209602355957
PetrolNatGas,dom,NTT,9.513734817504883
PetrolNatGas,dom,Maluku,13.155660629272461
PetrolNatGas,dom,MalUt,10.223326683044434
PetrolNatGas,dom,PapuaBar,14.207006454467773
PetrolNatGas,dom,PapuaProv,21.509265899658203
PetrolNatGas,imp,NAD,0.7051364183425903
PetrolNatGas,imp,SumUt,0.7695903778076172
PetrolNatGas,imp,SumBar,1.0306968688964844
PetrolNatGas,imp,RiauProv,0.42973995208740234
PetrolNatGas,imp,KepRi,2.3160390853881836
PetrolNatGas,imp,Jambi,1.5537066459655762
PetrolNatGas,imp,SumSel,0.45816102623939514
PetrolNatGas,imp,BaBel,1.0004054307937622
PetrolNatGas,imp,Bengkulu,2.5927116870880127
PetrolNatGas,imp,Lampung,0.4732232689857483
PetrolNatGas,imp,DKI,0.25235238671302795
PetrolNatGas,imp,JaBar,0.2808472812175751
PetrolNatGas,imp,Banten,2.885668992996216
PetrolNatGas,imp,JaTeng,0.23579101264476776
PetrolNatGas,imp,DIY,1.2616056203842163
PetrolNatGas,imp,JaTim,0.42838096618652344
PetrolNatGas,imp,KalBar,5.133582592010498
PetrolNatGas,imp,KalTeng,0.7485816478729248
PetrolNatGas,imp,KalSel,0.5930240750312805
PetrolNatGas,imp,KalTim,0.635852038860321
PetrolNatGas,imp,KalUt,0.6393017172813416
PetrolNatGas,imp,SulUt,9.200969696044922
PetrolNatGas,imp,Gorontalo,7.732105731964111
PetrolNatGas,imp,SulTeng,0.7333655953407288
PetrolNatGas,imp,SulaSel,6.4738287925720215
PetrolNatGas,imp,SulBar,6.757592678070068
PetrolNatGas,imp,SulTra,7.813645362854004
PetrolNatGas,imp,Bali,4.605639457702637
PetrolNatGas,imp,NTB,7.245471477508545
PetrolNatGas,imp,NTT,10.28124713897705
PetrolNatGas,imp,Maluku,1.8692975044250488
PetrolNatGas,imp,MalUt,13.168269157409668
PetrolNatGas,imp,PapuaBar,1.8997974395751953
PetrolNatGas,imp,PapuaProv,22.25751304626465
OthMiningQry,dom,NAD,0.7489333748817444
OthMiningQry,dom,SumUt,0.7374172806739807
OthMiningQry,dom,SumBar,0.37471848726272583
OthMiningQry,dom,RiauProv,0.4018012583255768
OthMiningQry,dom,KepRi,8.360594749450684
OthMiningQry,dom,Jambi,1.4072175025939941
OthMiningQry,dom,SumSel,0.5357120633125305
OthMiningQry,dom,BaBel,1.4421974420547485
OthMiningQry,dom,Bengkulu,0.46491268277168274
OthMiningQry,dom,Lampung,0.4709913730621338
OthMiningQry,dom,DKI,2.584998846054077
OthMiningQry,dom,JaBar,2.163933277130127
OthMiningQry,dom,Banten,2.9936373233795166
OthMiningQry,dom,JaTeng,0.18651780486106873
OthMiningQry,dom,DIY,0.6841822862625122
OthMiningQry,dom,JaTim,0.4683530330657959
OthMiningQry,dom,KalBar,1.5194182395935059
OthMiningQry,dom,KalTeng,6.184557914733887
OthMiningQry,dom,KalSel,6.430643081665039
OthMiningQry,dom,KalTim,6.269659996032715
OthMiningQry,dom,KalUt,7.6550774574279785
OthMiningQry,dom,SulUt,0.4348694980144501
OthMiningQry,dom,Gorontalo,0.42924755811691284
OthMiningQry,dom,SulTeng,0.5218573808670044
OthMiningQry,dom,SulaSel,0.23481570184230804
OthMiningQry,dom,SulBar,0.2547023296356201
OthMiningQry,dom,SulTra,0.5158863067626953
OthMiningQry,dom,Bali,1.1685854196548462
OthMiningQry,dom,NTB,1.480054497718811
OthMiningQry,dom,NTT,2.390312433242798
OthMiningQry,dom,Maluku,13.496343612670898
OthMiningQry,dom,MalUt,9.286843299865723
OthMiningQry,dom,PapuaBar,16.60960578918457
OthMiningQry,dom,PapuaProv,16.1389217376709
OthMiningQry,imp,NAD,0.8336242437362671
OthMiningQry,imp,SumUt,0.7783399820327759
OthMiningQry,imp,SumBar,0.5828794240951538
OthMiningQry,imp,RiauProv,0.8503774404525757
OthMiningQry,imp,KepRi,7.838107109069824
OthMiningQry,imp,Jambi,0.6499060392379761
OthMiningQry,imp,SumSel,4.52631950378418
OthMiningQry,imp,BaBel,1.0396599769592285
OthMiningQry,imp,Bengkulu,1.2832287549972534
OthMiningQry,imp,Lampung,0.8274298906326294
OthMiningQry,imp,DKI,9.00196361541748
OthMiningQry,imp,JaBar,0.7812864780426025
OthMiningQry,imp,Banten,1.1998347043991089
OthMiningQry,imp,JaTeng,11.273245811462402
OthMiningQry,imp,DIY,11.455061912536621
OthMiningQry,imp,JaTim,0.6852543950080872
OthMiningQry,imp,KalBar,10.534586906433105
OthMiningQry,imp,KalTeng,0.9549421668052673
OthMiningQry,imp,KalSel,1.9057241678237915
OthMiningQry,imp,KalTim,0.7017444968223572
OthMiningQry,imp,KalUt,0.7832621335983276
OthMiningQry,imp,SulUt,0.9439927935600281
OthMiningQry,imp,Gorontalo,1.579116940498352
OthMiningQry,imp,SulTeng,0.6783729195594788
OthMiningQry,imp,SulaSel,0.9001405835151672
OthMiningQry,imp,SulBar,13.141164779663086
OthMiningQry,imp,SulTra,12.874488830566406
OthMiningQry,imp,Bali,8.07408332824707
OthMiningQry,imp,NTB,1.1840898990631104
OthMiningQry,imp,NTT,8.078085899353027
OthMiningQry,imp,Maluku,1.8568464517593384
OthMiningQry,imp,MalUt,1.8853082656860352
OthMiningQry,imp,PapuaBar,6.721324920654297
OthMiningQry,imp,PapuaProv,3.1969454288482666
Abattoir,dom,NAD,8.495259284973145
Abattoir,dom,SumUt,6.65067195892334
Abattoir,dom,SumBar,4.859945774078369
Abattoir,dom,RiauProv,5.423520565032959
Abattoir,dom,KepRi,9.183090209960938
Abattoir,dom,Jambi,4.034021854400635
Abattoir,dom,SumSel,3.584136486053467
Abattoir,dom,BaBel,3.7522149085998535
Abattoir,dom,Bengkulu,3.1126081943511963
Abattoir,dom,Lampung,2.4878852367401123
Abattoir,dom,DKI,0.46391263604164124
Abattoir,dom,JaBar,0.257679283618927
Abattoir,dom,Banten,0.17870338261127472
Abattoir,dom,JaTeng,0.16227513551712036
Abattoir,dom,DIY,0.31420251727104187
Abattoir,dom,JaTim,0.5688833594322205
Abattoir,dom,KalBar,6.053020477294922
Abattoir,dom,KalTeng,4.338514804840088
Abattoir,dom,KalSel,2.9056222438812256
Abattoir,dom,KalTim,6.443440914154053
Abattoir,dom,KalUt,7.467555999755859
Abattoir,dom,SulUt,2.3306260108947754
Abattoir,dom,Gorontalo,7.2686238288879395
Abattoir,dom,SulTeng,4.365532398223877
Abattoir,dom,SulaSel,0.7839898467063904
Abattoir,dom,SulBar,3.3797385692596436
Abattoir,dom,SulTra,4.68580436706543
Abattoir,dom,Bali,1.1921393871307373
Abattoir,dom,NTB,3.5659358501434326
Abattoir,dom,NTT,6.9505085945129395
Abattoir,dom,Maluku,14.827096939086914
Abattoir,dom,MalUt,14.088438987731934
Abattoir,dom,PapuaBar,19.046100616455078
Abattoir,dom,PapuaProv,25.062841415405273
Abattoir,imp,NAD,4.9184651374816895
Abattoir,imp,SumUt,3.035360336303711
Abattoir,imp,SumBar,4.257154941558838
Abattoir,imp,RiauProv,4.175849914550781
Abattoir,imp,KepRi,9.820460319519043
Abattoir,imp,Jambi,4.001855373382568
Abattoir,imp,SumSel,3.1072793006896973
Abattoir,imp,BaBel,4.207148551940918
Abattoir,imp,Bengkulu,3.675410509109497
Abattoir,imp,Lampung,1.7797565460205078
Abattoir,imp,DKI,0.17769628763198853
Abattoir,imp,JaBar,0.5545334219932556
Abattoir,imp,Banten,0.41404080390930176
Abattoir,imp,JaTeng,1.2035517692565918
Abattoir,imp,DIY,0.9708236455917358
Abattoir,imp,JaTim,0.5205249786376953
Abattoir,imp,KalBar,7.123233795166016
Abattoir,imp,KalTeng,6.990139961242676
Abattoir,imp,KalSel,7.011298179626465
Abattoir,imp,KalTim,8.507948875427246
Abattoir,imp,KalUt,9.270296096801758
Abattoir,imp,SulUt,12.572230339050293
Abattoir,imp,Gorontalo,11.83251953125
Abattoir,imp,SulTeng,10.403388977050781
Abattoir,imp,SulaSel,10.507427215576172
Abattoir,imp,SulBar,8.25365924835205
Abattoir,imp,SulTra,10.637489318847656
Abattoir,imp,Bali,4.205489635467529
Abattoir,imp,NTB,6.51754093170166
Abattoir,imp,NTT,9.678300857543945
Abattoir,imp,Maluku,18.697622299194336
Abattoir,imp,MalUt,16.451820373535156
Abattoir,imp,PapuaBar,21.300758361816406
Abattoir,imp,PapuaProv,26.91568946838379
MeatProcessg,dom,NAD,3.2359156608581543
MeatProcessg,dom,SumUt,0.887434184551239
MeatProcessg,dom,SumBar,3.453204870223999
MeatProcessg,dom,RiauProv,3.5835907459259033
MeatProcessg,dom,KepRi,9.073213577270508
MeatProcessg,dom,Jambi,3.4967870712280273
MeatProcessg,dom,SumSel,3.887941598892212
MeatProcessg,dom,BaBel,3.8489816188812256
MeatProcessg,dom,Bengkulu,4.0923051834106445
MeatProcessg,dom,Lampung,2.6750645637512207
MeatProcessg,dom,DKI,1.4625033140182495
MeatProcessg,dom,JaBar,1.003936529159546
MeatProcessg,dom,Banten,0.3754160404205322
MeatProcessg,dom,JaTeng,0.15979990363121033
MeatProcessg,dom,DIY,0.17581209540367126
MeatProcessg,dom,JaTim,0.41685032844543457
MeatProcessg,dom,KalBar,0.7898182272911072
MeatProcessg,dom,KalTeng,3.6512176990509033
MeatProcessg,dom,KalSel,2.796584367752075
MeatProcessg,dom,KalTim,6.008603572845459
MeatProcessg,dom,KalUt,6.6006855964660645
MeatProcessg,dom,SulUt,4.441364288330078
MeatProcessg,dom,Gorontalo,6.663029670715332
MeatProcessg,dom,SulTeng,3.7497751712799072
MeatProcessg,dom,SulaSel,0.6188760995864868
MeatProcessg,dom,SulBar,2.9035582542419434
MeatProcessg,dom,SulTra,3.90908145904541
MeatProcessg,dom,Bali,2.5603091716766357
MeatProcessg,dom,NTB,4.317138195037842
MeatProcessg,dom,NTT,3.7294580936431885
MeatProcessg,dom,Maluku,15.14139175415039
MeatProcessg,dom,MalUt,12.191466331481934
MeatProcessg,dom,PapuaBar,17.163480758666992
MeatProcessg,dom,PapuaProv,24.503633499145508
MeatProcessg,imp,NAD,7.392305374145508
MeatProcessg,imp,SumUt,6.3417887687683105
MeatProcessg,imp,SumBar,4.671317100524902
MeatProcessg,imp,RiauProv,4.952671527862549
MeatProcessg,imp,KepRi,3.0835375785827637
MeatProcessg,imp,Jambi,3.9800939559936523
MeatProcessg,imp,SumSel,3.0141632556915283
MeatProcessg,imp,BaBel,3.858212471008301
MeatProcessg,imp,Bengkulu,3.548732042312622
MeatProcessg,imp,Lampung,2.0849967002868652
MeatProcessg,imp,DKI,0.17664359509944916
MeatProcessg,imp,JaBar,0.49528810381889343
MeatProcessg,imp,Banten,0.35799360275268555
MeatProcessg,imp,JaTeng,1.6364505290985107
MeatProcessg,imp,DIY,1.8056567907333374
MeatProcessg,imp,JaTim,2.4861857891082764
MeatProcessg,imp,KalBar,6.951176166534424
MeatProcessg,imp,KalTeng,7.45482063293457
MeatProcessg,imp,KalSel,7.874547004699707
MeatProcessg,imp,KalTim,9.130720138549805
MeatProcessg,imp,KalUt,9.662256240844727
MeatProcessg,imp,SulUt,13.498981475830078
MeatProcessg,imp,Gorontalo,12.901552200317383
MeatProcessg,imp,SulTeng,12.115108489990234
MeatProcessg,imp,SulaSel,11.332746505737305
MeatProcessg,imp,SulBar,10.898725509643555
MeatProcessg,imp,SulTra,12.196889877319336
MeatProcessg,imp,Bali,5.271650314331055
MeatProcessg,imp,NTB,7.385771751403809
MeatProcessg,imp,NTT,10.505230903625488
MeatProcessg,imp,Maluku,18.388708114624023
MeatProcessg,imp,MalUt,16.815549850463867
MeatProcessg,imp,PapuaBar,19.43079376220703
MeatProcessg,imp,PapuaProv,17.05570411682129
DriedFish,dom,NAD,11.498861312866211
DriedFish,dom,SumUt,5.889780044555664
DriedFish,dom,SumBar,10.15565299987793
DriedFish,dom,RiauProv,9.595778465270996
DriedFish,dom,KepRi,7.9661688804626465
DriedFish,dom,Jambi,9.785672187805176
DriedFish,dom,SumSel,8.199460983276367
DriedFish,dom,BaBel,5.594587326049805
DriedFish,dom,Bengkulu,9.266857147216797
DriedFish,dom,Lampung,5.571582794189453
DriedFish,dom,DKI,6.63461446762085
DriedFish,dom,JaBar,6.084322452545166
DriedFish,dom,Banten,7.295536518096924
DriedFish,dom,JaTeng,1.2664999961853027
DriedFish,dom,DIY,3.0753333568573
DriedFish,dom,JaTim,0.9201235175132751
DriedFish,dom,KalBar,0.8061789870262146
DriedFish,dom,KalTeng,2.4698657989501953
DriedFish,dom,KalSel,0.8990802764892578
DriedFish,dom,KalTim,1.365153431892395
DriedFish,dom,KalUt,0.5675942897796631
DriedFish,dom,SulUt,0.5253462195396423
DriedFish,dom,Gorontalo,2.357356548309326
DriedFish,dom,SulTeng,2.4436821937561035
DriedFish,dom,SulaSel,1.3058525323867798
DriedFish,dom,SulBar,3.6465353965759277
DriedFish,dom,SulTra,0.7994270324707031
DriedFish,dom,Bali,5.876499176025391
DriedFish,dom,NTB,8.073493957519531
DriedFish,dom,NTT,7.281064033508301
DriedFish,dom,Maluku,2.1387839317321777
DriedFish,dom,MalUt,3.685356378555298
DriedFish,dom,PapuaBar,1.9099231958389282
DriedFish,dom,PapuaProv,10.546182632446289
DriedFish,imp,NAD,7.680836200714111
DriedFish,imp,SumUt,2.3799045085906982
DriedFish,imp,SumBar,6.1769208908081055
DriedFish,imp,RiauProv,6.08281946182251
DriedFish,imp,KepRi,2.3961539268493652
DriedFish,imp,Jambi,5.7334818840026855
DriedFish,imp,SumSel,4.447082042694092
DriedFish,imp,BaBel,5.922750949859619
DriedFish,imp,Bengkulu,5.354068756103516
DriedFish,imp,Lampung,0.520462155342102
DriedFish,imp,DKI,2.034865140914917
DriedFish,imp,JaBar,1.9879274368286133
DriedFish,imp,Banten,2.0294222831726074
DriedFish,imp,JaTeng,1.0192970037460327
DriedFish,imp,DIY,0.8541049957275391
DriedFish,imp,JaTim,0.39576834440231323
DriedFish,imp,KalBar,6.264407634735107
DriedFish,imp,KalTeng,5.961887359619141
DriedFish,imp,KalSel,5.768050670623779
DriedFish,imp,KalTim,7.105309963226318
DriedFish,imp,KalUt,7.971450328826904
DriedFish,imp,SulUt,10.235627174377441
DriedFish,imp,Gorontalo,9.19957160949707
DriedFish,imp,SulTeng,6.583724498748779
DriedFish,imp,SulaSel,6.471008777618408
DriedFish,imp,SulBar,3.9576032161712646
DriedFish,imp,SulTra,7.032721996307373
DriedFish,imp,Bali,3.245000123977661
DriedFish,imp,NTB,5.567688465118408
DriedFish,imp,NTT,8.676226615905762
DriedFish,imp,Maluku,17.007450103759766
DriedFish,imp,MalUt,14.700085639953613
DriedFish,imp,PapuaBar,19.511430740356445
DriedFish,imp,PapuaProv,25.260107040405273
FishProcess,dom,NAD,10.444805145263672
FishProcess,dom,SumUt,7.653825283050537
FishProcess,dom,SumBar,7.366299152374268
FishProcess,dom,RiauProv,7.553186416625977
FishProcess,dom,KepRi,11.264432907104492
FishProcess,dom,Jambi,6.521355628967285
FishProcess,dom,SumSel,4.448061466217041
FishProcess,dom,BaBel,1.1643985509872437
FishProcess,dom,Bengkulu,0.7102250456809998
FishProcess,dom,Lampung,3.7471961975097656
FishProcess,dom,DKI,2.6340134143829346
FishProcess,dom,JaBar,2.2079532146453857
FishProcess,dom,Banten,2.8979268074035645
FishProcess,dom,JaTeng,0.19788311421871185
FishProcess,dom,DIY,0.7764254212379456
FishProcess,dom,JaTim,0.3990878462791443
FishProcess,dom,KalBar,6.71376371383667
FishProcess,dom,KalTeng,5.963952541351318
FishProcess,dom,KalSel,4.704789638519287
FishProcess,dom,KalTim,7.050980567932129
FishProcess,dom,KalUt,7.86290979385376
FishProcess,dom,SulUt,5.311617851257324
FishProcess,dom,Gorontalo,8.512696266174316
FishProcess,dom,SulTeng,4.504025459289551
FishProcess,dom,SulaSel,4.444845676422119
FishProcess,dom,SulBar,5.481125831604004
FishProcess,dom,SulTra,0.5996997952461243
FishProcess,dom,Bali,2.537137985229492
FishProcess,dom,NTB,4.990074157714844
FishProcess,dom,NTT,1.6090912818908691
FishProcess,dom,Maluku,1.7913206815719604
FishProcess,dom,MalUt,1.8674811124801636
FishProcess,dom,PapuaBar,1.854663372039795
FishProcess,dom,PapuaProv,3.305126667022705
FishProcess,imp,NAD,3.3420987129211426
FishProcess,imp,SumUt,0.9981026649475098
FishProcess,imp,SumBar,3.5401933193206787
FishProcess,imp,RiauProv,3.2510547637939453
FishProcess,imp,KepRi,6.083317279815674
FishProcess,imp,Jambi,3.5929059982299805
FishProcess,imp,SumSel,2.4181113243103027
FishProcess,imp,BaBel,4.691418647766113
FishProcess,imp,Bengkulu,3.268380880355835
FishProcess,imp,Lampung,0.4562776982784271
FishProcess,imp,DKI,0.20782893896102905
FishProcess,imp,JaBar,1.0633481740951538
FishProcess,imp,Banten,0.8002205491065979
FishProcess,imp,JaTeng,1.0179389715194702
FishProcess,imp,DIY,0.8882351517677307
FishProcess,imp,JaTim,0.4111792743206024
FishProcess,imp,KalBar,7.284454822540283
FishProcess,imp,KalTeng,6.638137340545654
FishProcess,imp,KalSel,6.374024868011475
FishProcess,imp,KalTim,7.953431129455566
FishProcess,imp,KalUt,8.896617889404297
FishProcess,imp,SulUt,11.819523811340332
FishProcess,imp,Gorontalo,10.516578674316406
FishProcess,imp,SulTeng,9.24368667602539
FishProcess,imp,SulaSel,9.641209602355957
FishProcess,imp,SulBar,6.985574245452881
FishProcess,imp,SulTra,9.621007919311523
FishProcess,imp,Bali,3.515695810317993
FishProcess,imp,NTB,5.8888163566589355
FishProcess,imp,NTT,9.141374588012695
FishProcess,imp,Maluku,18.18018913269043
FishProcess,imp,MalUt,15.825077056884766
FishProcess,imp,PapuaBar,20.830333709716797
FishProcess,imp,PapuaProv,26.55213165283203
VegFruitProc,dom,NAD,5.124040126800537
VegFruitProc,dom,SumUt,1.277848482131958
VegFruitProc,dom,SumBar,2.567445755004883
VegFruitProc,dom,RiauProv,3.3810348510742188
VegFruitProc,dom,KepRi,8.858654975891113
VegFruitProc,dom,Jambi,2.1542792320251465
VegFruitProc,dom,SumSel,1.0288071632385254
VegFruitProc,dom,BaBel,3.0832788944244385
VegFruitProc,dom,Bengkulu,1.670059084892273
VegFruitProc,dom,Lampung,0.44688767194747925
VegFruitProc,dom,DKI,2.258883476257324
VegFruitProc,dom,JaBar,2.384662628173828
VegFruitProc,dom,Banten,1.9607518911361694
VegFruitProc,dom,JaTeng,2.821842670440674
VegFruitProc,dom,DIY,4.32172966003418
VegFruitProc,dom,JaTim,2.3552329540252686
VegFruitProc,dom,KalBar,5.207996845245361
VegFruitProc,dom,KalTeng,6.1766815185546875
VegFruitProc,dom,KalSel,5.1291985511779785
VegFruitProc,dom,KalTim,5.922552585601807
VegFruitProc,dom,KalUt,7.108992099761963
VegFruitProc,dom,SulUt,0.42031732201576233
VegFruitProc,dom,Gorontalo,1.8583365678787231
VegFruitProc,dom,SulTeng,1.2015780210494995
VegFruitProc,dom,SulaSel,0.24845534563064575
VegFruitProc,dom,SulBar,0.5898686051368713
VegFruitProc,dom,SulTra,1.3503178358078003
VegFruitProc,dom,Bali,6.93937349319458
VegFruitProc,dom,NTB,7.7796196937561035
VegFruitProc,dom,NTT,6.7336649894714355
VegFruitProc,dom,Maluku,9.314369201660156
VegFruitProc,dom,MalUt,7.064687728881836
VegFruitProc,dom,PapuaBar,12.544560432434082
VegFruitProc,dom,PapuaProv,4.275080680847168
VegFruitProc,imp,NAD,3.9480674266815186
VegFruitProc,imp,SumUt,0.9539439082145691
VegFruitProc,imp,SumBar,3.0560762882232666
VegFruitProc,imp,RiauProv,2.3394455909729004
VegFruitProc,imp,KepRi,2.7440946102142334
VegFruitProc,imp,Jambi,3.407057285308838
VegFruitProc,imp,SumSel,3.1347105503082275
VegFruitProc,imp,BaBel,4.111185073852539
VegFruitProc,imp,Bengkulu,3.513601779937744
VegFruitProc,imp,Lampung,2.334045886993408
VegFruitProc,imp,DKI,0.17670640349388123
VegFruitProc,imp,JaBar,0.528477132320404
VegFruitProc,imp,Banten,0.3788239061832428
VegFruitProc,imp,JaTeng,1.4504300355911255
VegFruitProc,imp,DIY,1.3712408542633057
VegFruitProc,imp,JaTim,0.6618896722793579
VegFruitProc,imp,KalBar,2.520047187805176
VegFruitProc,imp,KalTeng,6.85530424118042
VegFruitProc,imp,KalSel,7.505979061126709
VegFruitProc,imp,KalTim,8.667661666870117
VegFruitProc,imp,KalUt,9.245342254638672
VegFruitProc,imp,SulUt,13.426736831665039
VegFruitProc,imp,Gorontalo,12.749122619628906
VegFruitProc,imp,SulTeng,11.747488975524902
VegFruitProc,imp,SulaSel,11.205814361572266
VegFruitProc,imp,SulBar,10.146952629089355
VegFruitProc,imp,SulTra,11.882452011108398
VegFruitProc,imp,Bali,5.055127143859863
VegFruitProc,imp,NTB,7.3738017082214355
VegFruitProc,imp,NTT,10.581299781799316
VegFruitProc,imp,Maluku,19.192176818847656
VegFruitProc,imp,MalUt,17.10652732849121
VegFruitProc,imp,PapuaBar,21.38844871520996
VegFruitProc,imp,PapuaProv,26.532188415527344
EdibleOils,dom,NAD,0.7121804356575012
EdibleOils,dom,SumUt,0.7123935222625732
EdibleOils,dom,SumBar,0.8461706042289734
EdibleOils,dom,RiauProv,0.39922335743904114
EdibleOils,dom,KepRi,6.747332572937012
EdibleOils,dom,Jambi,0.4205031991004944
EdibleOils,dom,SumSel,0.5106939077377319
EdibleOils,dom,BaBel,1.0086065530776978
EdibleOils,dom,Bengkulu,0.4443284869194031
EdibleOils,dom,Lampung,3.0864005088806152
EdibleOils,dom,DKI,5.249388694763184
EdibleOils,dom,JaBar,5.413716793060303
EdibleOils,dom,Banten,5.2379865646362305
EdibleOils,dom,JaTeng,5.0174102783203125
EdibleOils,dom,DIY,6.004080772399902
EdibleOils,dom,JaTim,3.96048903465271
EdibleOils,dom,KalBar,0.6489680409431458
EdibleOils,dom,KalTeng,0.5705189108848572
EdibleOils,dom,KalSel,1.453486442565918
EdibleOils,dom,KalTim,2.558936357498169
EdibleOils,dom,KalUt,0.6165916323661804
EdibleOils,dom,SulUt,7.339779853820801
EdibleOils,dom,Gorontalo,7.46900749206543
EdibleOils,dom,SulTeng,6.170186519622803
EdibleOils,dom,SulaSel,5.9758405685424805
EdibleOils,dom,SulBar,0.3408888876438141
EdibleOils,dom,SulTra,0.6865023970603943
EdibleOils,dom,Bali,8.0086088180542
EdibleOils,dom,NTB,9.585379600524902
EdibleOils,dom,NTT,11.646018981933594
EdibleOils,dom,Maluku,9.27346134185791
EdibleOils,dom,MalUt,14.572969436645508
EdibleOils,dom,PapuaBar,4.077754497528076
EdibleOils,dom,PapuaProv,4.5330963134765625
EdibleOils,imp,NAD,2.419353723526001
EdibleOils,imp,SumUt,0.7596846222877502
EdibleOils,imp,SumBar,0.5454011559486389
EdibleOils,imp,RiauProv,2.313741445541382
EdibleOils,imp,KepRi,9.578156471252441
EdibleOils,imp,Jambi,2.9768946170806885
EdibleOils,imp,SumSel,2.3696627616882324
EdibleOils,imp,BaBel,4.69020414352417
EdibleOils,imp,Bengkulu,3.0151591300964355
EdibleOils,imp,Lampung,0.46506184339523315
EdibleOils,imp,DKI,0.6693452596664429
EdibleOils,imp,JaBar,1.342819094657898
EdibleOils,imp,Banten,0.18039105832576752
EdibleOils,imp,JaTeng,0.9158504009246826
EdibleOils,imp,DIY,0.9194228053092957
EdibleOils,imp,JaTim,0.42830660939216614
EdibleOils,imp,KalBar,7.661805629730225
EdibleOils,imp,KalTeng,7.086169242858887
EdibleOils,imp,KalSel,6.776473045349121
EdibleOils,imp,KalTim,8.101532936096191
EdibleOils,imp,KalUt,9.103459358215332
EdibleOils,imp,SulUt,7.866866588592529
EdibleOils,imp,Gorontalo,6.581995487213135
EdibleOils,imp,SulTeng,3.8621392250061035
EdibleOils,imp,SulaSel,0.9416200518608093
EdibleOils,imp,SulBar,1.8949172496795654
EdibleOils,imp,SulTra,4.3761305809021
EdibleOils,imp,Bali,4.072714328765869
EdibleOils,imp,NTB,6.571437358856201
EdibleOils,imp,NTT,9.522823333740234
EdibleOils,imp,Maluku,17.46135902404785
EdibleOils,imp,MalUt,14.569713592529297
EdibleOils,imp,PapuaBar,20.336166381835938
EdibleOils,imp,PapuaProv,26.500652313232422
Copra,dom,NAD,7.404051780700684
Copra,dom,SumUt,5.14470100402832
Copra,dom,SumBar,0.666344165802002
Copra,dom,RiauProv,0.4433767795562744
Copra,dom,KepRi,2.310624599456787
Copra,dom,Jambi,0.5389171242713928
Copra,dom,SumSel,5.830531120300293
Copra,dom,BaBel,6.090822219848633
Copra,dom,Bengkulu,5.803312301635742
Copra,dom,Lampung,2.7634291648864746
Copra,dom,DKI,8.61380672454834
Copra,dom,JaBar,8.51662826538086
Copra,dom,Banten,9.111193656921387
Copra,dom,JaTeng,9.514884948730469
Copra,dom,DIY,9.918144226074219
Copra,dom,JaTim,7.261551856994629
Copra,dom,KalBar,0.8548508882522583
Copra,dom,KalTeng,5.7894606590271
Copra,dom,KalSel,6.33683967590332
Copra,dom,KalTim,6.912313938140869
Copra,dom,KalUt,7.27744197845459
Copra,dom,SulUt,2.4582669734954834
Copra,dom,Gorontalo,0.4723890423774719
Copra,dom,SulTeng,0.47516706585884094
Copra,dom,SulaSel,6.363682746887207
Copra,dom,SulBar,0.40965548157691956
Copra,dom,SulTra,5.253240585327148
Copra,dom,Bali,10.420851707458496
Copra,dom,NTB,11.597102165222168
Copra,dom,NTT,1.8237884044647217
Copra,dom,Maluku,1.9014540910720825
Copra,dom,MalUt,13.155036926269531
Copra,dom,PapuaBar,13.955763816833496
Copra,dom,PapuaProv,24.952836990356445
Copra,imp,NAD,10.161478996276855
Copra,imp,SumUt,8.74246597290039
Copra,imp,SumBar,6.9189133644104
Copra,imp,RiauProv,7.401047706604004
Copra,imp,KepRi,11.384882926940918
Copra,imp,Jambi,6.255319595336914
Copra,imp,SumSel,5.320131778717041
Copra,imp,BaBel,6.174106597900391
Copra,imp,Bengkulu,5.84764289855957
Copra,imp,Lampung,4.400495529174805
Copra,imp,DKI,0.764282763004303
Copra,imp,JaBar,1.8028645515441895
Copra,imp,Banten,1.9124722480773926
Copra,imp,JaTeng,0.8913302421569824
Copra,imp,DIY,0.7669080495834351
Copra,imp,JaTim,0.3920527994632721
Copra,imp,KalBar,7.132691860198975
Copra,imp,KalTeng,5.902722358703613
Copra,imp,KalSel,5.458920955657959
Copra,imp,KalTim,7.122184753417969
Copra,imp,KalUt,8.186603546142578
Copra,imp,SulUt,11.043744087219238
Copra,imp,Gorontalo,10.424600601196289
Copra,imp,SulTeng,9.617700576782227
Copra,imp,SulaSel,8.824580192565918
Copra,imp,SulBar,8.388372421264648
Copra,imp,SulTra,9.70907211303711
Copra,imp,Bali,2.861523389816284
Copra,imp,NTB,4.937136173248291
Copra,imp,NTT,7.954906940460205
Copra,imp,Maluku,16.865676879882812
Copra,imp,MalUt,14.675533294677734
Copra,imp,PapuaBar,19.432878494262695
Copra,imp,PapuaProv,24.976272583007812
DairyPrd,dom,NAD,2.560853958129883
DairyPrd,dom,SumUt,6.569174766540527
DairyPrd,dom,SumBar,4.9271440505981445
DairyPrd,dom,RiauProv,5.561808109283447
DairyPrd,dom,KepRi,8.231706619262695
DairyPrd,dom,Jambi,4.635216236114502
DairyPrd,dom,SumSel,4.3094587326049805
DairyPrd,dom,BaBel,3.0473568439483643
DairyPrd,dom,Bengkulu,4.803032875061035
DairyPrd,dom,Lampung,3.5198473930358887
DairyPrd,dom,DKI,0.8666948676109314
DairyPrd,dom,JaBar,0.3051072061061859
DairyPrd,dom,Banten,1.2065629959106445
DairyPrd,dom,JaTeng,0.1665257215499878
DairyPrd,dom,DIY,0.15948767960071564
DairyPrd,dom,JaTim,0.4301483929157257
DairyPrd,dom,KalBar,4.323938369750977
DairyPrd,dom,KalTeng,5.142076015472412
DairyPrd,dom,KalSel,4.218716621398926
DairyPrd,dom,KalTim,7.072441577911377
DairyPrd,dom,KalUt,7.655526638031006
DairyPrd,dom,SulUt,6.922951698303223
DairyPrd,dom,Gorontalo,3.5479447841644287
DairyPrd,dom,SulTeng,3.714175224304199
DairyPrd,dom,SulaSel,7.0666184425354
DairyPrd,dom,SulBar,7.505586624145508
DairyPrd,dom,SulTra,2.0074362754821777
DairyPrd,dom,Bali,3.6341564655303955
DairyPrd,dom,NTB,5.38022518157959
DairyPrd,dom,NTT,1.8409334421157837
DairyPrd,dom,Maluku,7.543702602386475
DairyPrd,dom,MalUt,8.051460266113281
DairyPrd,dom,PapuaBar,2.769843578338623
DairyPrd,dom,PapuaProv,21.472932815551758
DairyPrd,imp,NAD,7.6863813400268555
DairyPrd,imp,SumUt,6.55618143081665
DairyPrd,imp,SumBar,4.795679569244385
DairyPrd,imp,RiauProv,5.1053032875061035
DairyPrd,imp,KepRi,8.540799140930176
DairyPrd,imp,Jambi,4.080972194671631
DairyPrd,imp,SumSel,3.11102294921875
DairyPrd,imp,BaBel,3.9490480422973633
DairyPrd,imp,Bengkulu,3.6438722610473633
DairyPrd,imp,Lampung,2.1909942626953125
DairyPrd,imp,DKI,0.1763412058353424
DairyPrd,imp,JaBar,0.4838753044605255
DairyPrd,imp,Banten,0.3789013922214508
DairyPrd,imp,JaTeng,0.32697734236717224
DairyPrd,imp,DIY,1.1472485065460205
DairyPrd,imp,JaTim,0.6180970072746277
DairyPrd,imp,KalBar,6.940406799316406
DairyPrd,imp,KalTeng,7.1967010498046875
DairyPrd,imp,KalSel,7.474827289581299
DairyPrd,imp,KalTim,8.83678913116455
DairyPrd,imp,KalUt,9.450459480285645
DairyPrd,imp,SulUt,13.188591003417969
DairyPrd,imp,Gorontalo,12.563644409179688
DairyPrd,imp,SulTeng,11.752473831176758
DairyPrd,imp,SulaSel,10.952256202697754
DairyPrd,imp,SulBar,10.511530876159668
DairyPrd,imp,SulTra,11.839960098266602
DairyPrd,imp,Bali,4.757182598114014
DairyPrd,imp,NTB,6.968343257904053
DairyPrd,imp,NTT,10.08604621887207
DairyPrd,imp,Maluku,19.029525756835938
DairyPrd,imp,MalUt,16.836870193481445
DairyPrd,imp,PapuaBar,21.606250762939453
DairyPrd,imp,PapuaProv,27.159318923950195
OthFlour,dom,NAD,0.8538153767585754
OthFlour,dom,SumUt,0.7451979517936707
OthFlour,dom,SumBar,1.2932311296463013
OthFlour,dom,RiauProv,0.402783066034317
OthFlour,dom,KepRi,8.785659790039062
OthFlour,dom,Jambi,1.3259177207946777
OthFlour,dom,SumSel,2.0602049827575684
OthFlour,dom,BaBel,3.0468647480010986
OthFlour,dom,Bengkulu,0.50782310962677
OthFlour,dom,Lampung,2.2697715759277344
OthFlour,dom,DKI,0.7137632966041565
OthFlour,dom,JaBar,1.079012393951416
OthFlour,dom,Banten,0.18014933168888092
OthFlour,dom,JaTeng,0.19851741194725037
OthFlour,dom,DIY,0.7579280734062195
OthFlour,dom,JaTim,1.029991626739502
OthFlour,dom,KalBar,0.9572876691818237
OthFlour,dom,KalTeng,5.79621696472168
OthFlour,dom,KalSel,4.891661643981934
OthFlour,dom,KalTim,6.9120049476623535
OthFlour,dom,KalUt,5.767392158508301
OthFlour,dom,SulUt,1.633156657218933
OthFlour,dom,Gorontalo,0.49353909492492676
OthFlour,dom,SulTeng,7.240647792816162
OthFlour,dom,SulaSel,8.163066864013672
OthFlour,dom,SulBar,8.563243865966797
OthFlour,dom,SulTra,8.670788764953613
OthFlour,dom,Bali,3.1880686283111572
OthFlour,dom,NTB,1.04120934009552
OthFlour,dom,NTT,3.698958396911621
OthFlour,dom,Maluku,11.89697551727295
OthFlour,dom,MalUt,14.972612380981445
OthFlour,dom,PapuaBar,17.580732345581055
OthFlour,dom,PapuaProv,25.289852142333984
OthFlour,imp,NAD,5.206068992614746
OthFlour,imp,SumUt,1.0954104661941528
OthFlour,imp,SumBar,3.377178430557251
OthFlour,imp,RiauProv,0.8123596906661987
OthFlour,imp,KepRi,8.481541633605957
OthFlour,imp,Jambi,3.5623574256896973
OthFlour,imp,SumSel,3.001368761062622
OthFlour,imp,BaBel,4.3113813400268555
OthFlour,imp,Bengkulu,3.5270214080810547
OthFlour,imp,Lampung,1.960858702659607
OthFlour,imp,DKI,0.177072212100029
OthFlour,imp,JaBar,0.6324098110198975
OthFlour,imp,Banten,0.39564386010169983
OthFlour,imp,JaTeng,0.6638330817222595
OthFlour,imp,DIY,0.8358867764472961
OthFlour,imp,JaTim,0.469309002161026
OthFlour,imp,KalBar,7.054540157318115
OthFlour,imp,KalTeng,6.677165985107422
OthFlour,imp,KalSel,6.6999125480651855
OthFlour,imp,KalTim,8.182474136352539
OthFlour,imp,KalUt,9.041647911071777
OthFlour,imp,SulUt,12.335343360900879
OthFlour,imp,Gorontalo,11.577054023742676
OthFlour,imp,SulTeng,10.076045989990234
OthFlour,imp,SulaSel,10.281660079956055
OthFlour,imp,SulBar,7.852788925170898
OthFlour,imp,SulTra,10.324945449829102
OthFlour,imp,Bali,3.9947450160980225
OthFlour,imp,NTB,6.346054553985596
OthFlour,imp,NTT,9.522089958190918
OthFlour,imp,Maluku,18.502716064453125
OthFlour,imp,MalUt,16.25217628479004
OthFlour,imp,PapuaBar,21.094139099121094
OthFlour,imp,PapuaProv,26.691232681274414
WheatFlour,dom,NAD,10.860652923583984
WheatFlour,dom,SumUt,5.667720794677734
WheatFlour,dom,SumBar,8.103238105773926
WheatFlour,dom,RiauProv,8.062531471252441
WheatFlour,dom,KepRi,10.45880126953125
WheatFlour,dom,Jambi,6.7314300537109375
WheatFlour,dom,SumSel,3.555917501449585
WheatFlour,dom,BaBel,7.457488536834717
WheatFlour,dom,Bengkulu,5.584109306335449
WheatFlour,dom,Lampung,0.4616345167160034
WheatFlour,dom,DKI,3.6895503997802734
WheatFlour,dom,JaBar,3.2191579341888428
WheatFlour,dom,Banten,3.037283182144165
WheatFlour,dom,JaTeng,0.19974423944950104
WheatFlour,dom,DIY,1.7226836681365967
WheatFlour,dom,JaTim,1.947290301322937
WheatFlour,dom,KalBar,5.964553356170654
WheatFlour,dom,KalTeng,5.293294429779053
WheatFlour,dom,KalSel,4.318727016448975
WheatFlour,dom,KalTim,4.460567951202393
WheatFlour,dom,KalUt,5.455524444580078
WheatFlour,dom,SulUt,2.3848214149475098
WheatFlour,dom,Gorontalo,1.8134615421295166
WheatFlour,dom,SulTeng,0.8975803852081299
WheatFlour,dom,SulaSel,0.2260935753583908
WheatFlour,dom,SulBar,0.446225643157959
WheatFlour,dom,SulTra,0.9971258640289307
WheatFlour,dom,Bali,6.392858982086182
WheatFlour,dom,NTB,6.275968551635742
WheatFlour,dom,NTT,5.724660396575928
WheatFlour,dom,Maluku,2.299898147583008
WheatFlour,dom,MalUt,6.208176136016846
WheatFlour,dom,PapuaBar,10.030259132385254
WheatFlour,dom,PapuaProv,16.930063247680664
WheatFlour,imp,NAD,2.4222917556762695
WheatFlour,imp,SumUt,0.8675963878631592
WheatFlour,imp,SumBar,2.4343903064727783
WheatFlour,imp,RiauProv,2.291569471359253
WheatFlour,imp,KepRi,3.0014238357543945
WheatFlour,imp,Jambi,2.1975011825561523
WheatFlour,imp,SumSel,0.9408082962036133
WheatFlour,imp,BaBel,3.347996234893799
WheatFlour,imp,Bengkulu,1.841294527053833
WheatFlour,imp,Lampung,0.44409406185150146
WheatFlour,imp,DKI,0.32403209805488586
WheatFlour,imp,JaBar,1.2948336601257324
WheatFlour,imp,Banten,0.9614509344100952
WheatFlour,imp,JaTeng,0.5708566904067993
WheatFlour,imp,DIY,1.222931981086731
WheatFlour,imp,JaTim,0.5473017692565918
WheatFlour,imp,KalBar,7.53605842590332
WheatFlour,imp,KalTeng,7.853996753692627
WheatFlour,imp,KalSel,8.452995300292969
WheatFlour,imp,KalTim,9.316427230834961
WheatFlour,imp,KalUt,9.992774963378906
WheatFlour,imp,SulUt,14.746910095214844
WheatFlour,imp,Gorontalo,14.036493301391602
WheatFlour,imp,SulTeng,13.005356788635254
WheatFlour,imp,SulaSel,12.45669174194336
WheatFlour,imp,SulBar,11.32971477508545
WheatFlour,imp,SulTra,13.149861335754395
WheatFlour,imp,Bali,5.697315692901611
WheatFlour,imp,NTB,8.353057861328125
WheatFlour,imp,NTT,11.753960609436035
WheatFlour,imp,Maluku,20.868778228759766
WheatFlour,imp,MalUt,18.58869171142578
WheatFlour,imp,PapuaBar,23.47919273376465
WheatFlour,imp,PapuaProv,29.224727630615234
RiceMilling,dom,NAD,2.3888983726501465
RiceMilling,dom,SumUt,0.792271077632904
RiceMilling,dom,SumBar,0.4024355411529541
RiceMilling,dom,RiauProv,2.430677652359009
RiceMilling,dom,KepRi,9.476963996887207
RiceMilling,dom,Jambi,0.927800178527832
RiceMilling,dom,SumSel,0.4335668087005615
RiceMilling,dom,BaBel,3.81298565864563
RiceMilling,dom,Bengkulu,1.4924646615982056
RiceMilling,dom,Lampung,1.4705721139907837
RiceMilling,dom,DKI,2.1206154823303223
RiceMilling,dom,JaBar,0.5371163487434387
RiceMilling,dom,Banten,2.527000904083252
RiceMilling,dom,JaTeng,0.1677974909543991
RiceMilling,dom,DIY,0.6058858633041382
RiceMilling,dom,JaTim,0.4437684416770935
RiceMilling,dom,KalBar,4.6905198097229
RiceMilling,dom,KalTeng,5.509516716003418
RiceMilling,dom,KalSel,4.241422176361084
RiceMilling,dom,KalTim,5.7947282791137695
RiceMilling,dom,KalUt,6.903294086456299
RiceMilling,dom,SulUt,2.5632436275482178
RiceMilling,dom,Gorontalo,0.4772745668888092
RiceMilling,dom,SulTeng,1.2803725004196167
RiceMilling,dom,SulaSel,0.234052836894989
RiceMilling,dom,SulBar,0.6156622171401978
RiceMilling,dom,SulTra,0.9804138541221619
RiceMilling,dom,Bali,4.2735443115234375
RiceMilling,dom,NTB,1.247213363647461
RiceMilling,dom,NTT,6.295539855957031
RiceMilling,dom,Maluku,11.89313793182373
RiceMilling,dom,MalUt,9.058643341064453
RiceMilling,dom,PapuaBar,14.124536514282227
RiceMilling,dom,PapuaProv,21.622169494628906
RiceMilling,imp,NAD,2.7851903438568115
RiceMilling,imp,SumUt,0.7336801290512085
RiceMilling,imp,SumBar,1.7273427248001099
RiceMilling,imp,RiauProv,1.4992820024490356
RiceMilling,imp,KepRi,9.632068634033203
RiceMilling,imp,Jambi,2.459636688232422
RiceMilling,imp,SumSel,0.4558151662349701
RiceMilling,imp,BaBel,4.293997764587402
RiceMilling,imp,Bengkulu,2.4966483116149902
RiceMilling,imp,Lampung,0.45145002007484436
RiceMilling,imp,DKI,0.18084339797496796
RiceMilling,imp,JaBar,1.0909581184387207
RiceMilling,imp,Banten,0.2082648128271103
RiceMilling,imp,JaTeng,1.2423489093780518
RiceMilling,imp,DIY,1.0485492944717407
RiceMilling,imp,JaTim,0.4366343319416046
RiceMilling,imp,KalBar,7.487750053405762
RiceMilling,imp,KalTeng,6.81895637512207
RiceMilling,imp,KalSel,6.537333965301514
RiceMilling,imp,KalTim,8.018741607666016
RiceMilling,imp,KalUt,8.635680198669434
RiceMilling,imp,SulUt,2.098067045211792
RiceMilling,imp,Gorontalo,6.747470855712891
RiceMilling,imp,SulTeng,8.53190803527832
RiceMilling,imp,SulaSel,9.006999015808105
RiceMilling,imp,SulBar,8.89405632019043
RiceMilling,imp,SulTra,9.422192573547363
RiceMilling,imp,Bali,2.7737371921539307
RiceMilling,imp,NTB,5.648672103881836
RiceMilling,imp,NTT,1.8934741020202637
RiceMilling,imp,Maluku,17.211551666259766
RiceMilling,imp,MalUt,14.62009334564209
RiceMilling,imp,PapuaBar,20.23672103881836
RiceMilling,imp,PapuaProv,26.11960792541504
BreadBiscuit,dom,NAD,3.0273373126983643
BreadBiscuit,dom,SumUt,0.8182162046432495
BreadBiscuit,dom,SumBar,3.108835458755493
BreadBiscuit,dom,RiauProv,2.9584035873413086
BreadBiscuit,dom,KepRi,3.5585122108459473
BreadBiscuit,dom,Jambi,3.7308642864227295
BreadBiscuit,dom,SumSel,3.021411895751953
BreadBiscuit,dom,BaBel,4.645378112792969
BreadBiscuit,dom,Bengkulu,3.9360406398773193
BreadBiscuit,dom,Lampung,2.995426893234253
BreadBiscuit,dom,DKI,1.4017090797424316
BreadBiscuit,dom,JaBar,0.594178318977356
BreadBiscuit,dom,Banten,0.19356340169906616
BreadBiscuit,dom,JaTeng,0.16726215183734894
BreadBiscuit,dom,DIY,0.5408732295036316
BreadBiscuit,dom,JaTim,0.39529722929000854
BreadBiscuit,dom,KalBar,2.4284534454345703
BreadBiscuit,dom,KalTeng,3.6847755908966064
BreadBiscuit,dom,KalSel,2.916292667388916
BreadBiscuit,dom,KalTim,5.808172702789307
BreadBiscuit,dom,KalUt,5.915401458740234
BreadBiscuit,dom,SulUt,3.3652219772338867
BreadBiscuit,dom,Gorontalo,7.556550979614258
BreadBiscuit,dom,SulTeng,5.84882926940918
BreadBiscuit,dom,SulaSel,4.073421955108643
BreadBiscuit,dom,SulBar,0.29973751306533813
BreadBiscuit,dom,SulTra,4.017558574676514
BreadBiscuit,dom,Bali,2.5825352668762207
BreadBiscuit,dom,NTB,4.204287052154541
BreadBiscuit,dom,NTT,3.7972519397735596
BreadBiscuit,dom,Maluku,9.83156681060791
BreadBiscuit,dom,MalUt,6.91510534286499
BreadBiscuit,dom,PapuaBar,8.363357543945312
BreadBiscuit,dom,PapuaProv,22.155410766601562
BreadBiscuit,imp,NAD,2.6459150314331055
BreadBiscuit,imp,SumUt,0.897077202796936
BreadBiscuit,imp,SumBar,3.2280828952789307
BreadBiscuit,imp,RiauProv,2.8195834159851074
BreadBiscuit,imp,KepRi,2.4173331260681152
BreadBiscuit,imp,Jambi,3.758892774581909
BreadBiscuit,imp,SumSel,3.6292076110839844
BreadBiscuit,imp,BaBel,4.628682613372803
BreadBiscuit,imp,Bengkulu,3.9119980335235596
BreadBiscuit,imp,Lampung,2.8348090648651123
BreadBiscuit,imp,DKI,0.17806117236614227
BreadBiscuit,imp,JaBar,0.5675562620162964
BreadBiscuit,imp,Banten,0.46828481554985046
BreadBiscuit,imp,JaTeng,2.066704511642456
BreadBiscuit,imp,DIY,2.056307315826416
BreadBiscuit,imp,JaTim,2.6498091220855713
BreadBiscuit,imp,KalBar,6.1407036781311035
BreadBiscuit,imp,KalTeng,7.118127822875977
BreadBiscuit,imp,KalSel,7.861544609069824
BreadBiscuit,imp,KalTim,8.413065910339355
BreadBiscuit,imp,KalUt,8.71170711517334
BreadBiscuit,imp,SulUt,13.822450637817383
BreadBiscuit,imp,Gorontalo,13.029909133911133
BreadBiscuit,imp,SulTeng,11.70040225982666
BreadBiscuit,imp,SulaSel,11.713370323181152
BreadBiscuit,imp,SulBar,9.54029369354248
BreadBiscuit,imp,SulTra,11.924057960510254
BreadBiscuit,imp,Bali,6.595205783843994
BreadBiscuit,imp,NTB,8.921340942382812
BreadBiscuit,imp,NTT,12.01597785949707
BreadBiscuit,imp,Maluku,19.996976852416992
BreadBiscuit,imp,MalUt,17.706937789916992
BreadBiscuit,imp,PapuaBar,22.573322296142578
BreadBiscuit,imp,PapuaProv,28.40886878967285
Sugar,dom,NAD,4.942835807800293
Sugar,dom,SumUt,2.741400718688965
Sugar,dom,SumBar,2.759110689163208
Sugar,dom,RiauProv,3.0264251232147217
Sugar,dom,KepRi,8.885478973388672
Sugar,dom,Jambi,2.031357765197754
Sugar,dom,SumSel,0.839113712310791
Sugar,dom,BaBel,2.8074474334716797
Sugar,dom,Bengkulu,1.5510133504867554
Sugar,dom,Lampung,0.44251272082328796
Sugar,dom,DKI,0.853613555431366
Sugar,dom,JaBar,1.3419448137283325
Sugar,dom,Banten,0.24378597736358643
Sugar,dom,JaTeng,0.9413925409317017
Sugar,dom,DIY,1.5505990982055664
Sugar,dom,JaTim,0.591247022151947
Sugar,dom,KalBar,7.2349467277526855
Sugar,dom,KalTeng,7.713497638702393
Sugar,dom,KalSel,8.172486305236816
Sugar,dom,KalTim,9.037544250488281
Sugar,dom,KalUt,9.52096939086914
Sugar,dom,SulUt,11.5792818069458
Sugar,dom,Gorontalo,2.0566775798797607
Sugar,dom,SulTeng,10.131830215454102
Sugar,dom,SulaSel,9.181238174438477
Sugar,dom,SulBar,6.180288791656494
Sugar,dom,SulTra,10.795831680297852
Sugar,dom,Bali,5.651344299316406
Sugar,dom,NTB,7.9882307052612305
Sugar,dom,NTT,10.39158821105957
Sugar,dom,Maluku,14.367096900939941
Sugar,dom,MalUt,16.894821166992188
Sugar,dom,PapuaBar,21.380859375
Sugar,dom,PapuaProv,27.8251895904541
Sugar,imp,NAD,4.139948844909668
Sugar,imp,SumUt,1.264256477355957
Sugar,imp,SumBar,3.2008302211761475
Sugar,imp,RiauProv,3.299285411834717
Sugar,imp,KepRi,9.311220169067383
Sugar,imp,Jambi,2.6412434577941895
Sugar,imp,SumSel,1.4518389701843262
Sugar,imp,BaBel,3.4630541801452637
Sugar,imp,Bengkulu,2.1557576656341553
Sugar,imp,Lampung,0.4840700030326843
Sugar,imp,DKI,0.3309512734413147
Sugar,imp,JaBar,0.8747577667236328
Sugar,imp,Banten,0.17699353396892548
Sugar,imp,JaTeng,1.941510796546936
Sugar,imp,DIY,1.83750319480896
Sugar,imp,JaTim,0.9187423586845398
Sugar,imp,KalBar,7.264353275299072
Sugar,imp,KalTeng,7.615604400634766
Sugar,imp,KalSel,8.104889869689941
Sugar,imp,KalTim,9.169576644897461
Sugar,imp,KalUt,9.633465766906738
Sugar,imp,SulUt,13.059564590454102
Sugar,imp,Gorontalo,7.398853302001953
Sugar,imp,SulTeng,12.033191680908203
Sugar,imp,SulaSel,11.592741966247559
Sugar,imp,SulBar,11.194066047668457
Sugar,imp,SulTra,12.502490043640137
Sugar,imp,Bali,5.508227825164795
Sugar,imp,NTB,6.695345878601074
Sugar,imp,NTT,10.765214920043945
Sugar,imp,Maluku,19.933761596679688
Sugar,imp,MalUt,17.687217712402344
Sugar,imp,PapuaBar,22.558162689208984
Sugar,imp,PapuaProv,28.17444610595703
Confectionry,dom,NAD,9.574563026428223
Confectionry,dom,SumUt,1.450744867324829
Confectionry,dom,SumBar,6.970912456512451
Confectionry,dom,RiauProv,6.8053693771362305
Confectionry,dom,KepRi,2.342661142349243
Confectionry,dom,Jambi,6.952178955078125
Confectionry,dom,SumSel,7.22178840637207
Confectionry,dom,BaBel,6.149093151092529
Confectionry,dom,Bengkulu,7.964966773986816
Confectionry,dom,Lampung,6.872089385986328
Confectionry,dom,DKI,2.8557891845703125
Confectionry,dom,JaBar,0.38145747780799866
Confectionry,dom,Banten,0.20488904416561127
Confectionry,dom,JaTeng,5.883112907409668
Confectionry,dom,DIY,6.071408748626709
Confectionry,dom,JaTim,2.193920850753784
Confectionry,dom,KalBar,4.364663124084473
Confectionry,dom,KalTeng,5.444077968597412
Confectionry,dom,KalSel,5.374878406524658
Confectionry,dom,KalTim,5.8588361740112305
Confectionry,dom,KalUt,6.608670234680176
Confectionry,dom,SulUt,2.853978157043457
Confectionry,dom,Gorontalo,3.121992349624634
Confectionry,dom,SulTeng,1.000261902809143
Confectionry,dom,SulaSel,0.22663593292236328
Confectionry,dom,SulBar,0.652157187461853
Confectionry,dom,SulTra,1.3404873609542847
Confectionry,dom,Bali,9.014748573303223
Confectionry,dom,NTB,9.183839797973633
Confectionry,dom,NTT,8.621536254882812
Confectionry,dom,Maluku,12.336689949035645
Confectionry,dom,MalUt,10.101770401000977
Confectionry,dom,PapuaBar,15.832159042358398
Confectionry,dom,PapuaProv,22.951791763305664
Confectionry,imp,NAD,7.480509281158447
Confectionry,imp,SumUt,6.485065460205078
Confectionry,imp,SumBar,4.904548168182373
Confectionry,imp,RiauProv,5.156508445739746
Confectionry,imp,KepRi,2.7346956729888916
Confectionry,imp,Jambi,4.23652982711792
Confectionry,imp,SumSel,3.266880750656128
Confectionry,imp,BaBel,4.102288722991943
Confectionry,imp,Bengkulu,3.8146395683288574
Confectionry,imp,Lampung,2.3097939491271973
Confectionry,imp,DKI,0.17619460821151733
Confectionry,imp,JaBar,0.4622112214565277
Confectionry,imp,Banten,0.36214911937713623
Confectionry,imp,JaTeng,1.568785548210144
Confectionry,imp,DIY,1.6359796524047852
Confectionry,imp,JaTim,1.871509313583374
Confectionry,imp,KalBar,6.535495281219482
Confectionry,imp,KalTeng,6.982669353485107
Confectionry,imp,KalSel,7.238926887512207
Confectionry,imp,KalTim,8.274031639099121
Confectionry,imp,KalUt,8.932860374450684
Confectionry,imp,SulUt,9.988876342773438
Confectionry,imp,Gorontalo,8.587034225463867
Confectionry,imp,SulTeng,5.094587326049805
Confectionry,imp,SulaSel,2.3876688480377197
Confectionry,imp,SulBar,2.601121187210083
Confectionry,imp,SulTra,5.631943225860596
Confectionry,imp,Bali,5.171484470367432
Confectionry,imp,NTB,7.336074352264404
Confectionry,imp,NTT,10.085430145263672
Confectionry,imp,Maluku,18.043228149414062
Confectionry,imp,MalUt,15.497559547424316
Confectionry,imp,PapuaBar,20.78593635559082
Confectionry,imp,PapuaProv,26.648452758789062
PastaNoodle,dom,NAD,2.3396975994110107
PastaNoodle,dom,SumUt,0.7277083396911621
PastaNoodle,dom,SumBar,1.3275035619735718
PastaNoodle,dom,RiauProv,0.3823518455028534
PastaNoodle,dom,KepRi,7.843428134918213
PastaNoodle,dom,Jambi,1.82988703250885
PastaNoodle,dom,SumSel,0.602301299571991
PastaNoodle,dom,BaBel,4.796208381652832
PastaNoodle,dom,Bengkulu,2.9396841526031494
PastaNoodle,dom,Lampung,3.046917676925659
PastaNoodle,dom,DKI,2.768047332763672
PastaNoodle,dom,JaBar,2.485055446624756
PastaNoodle,dom,Banten,1.9110511541366577
PastaNoodle,dom,JaTeng,0.1763872653245926
PastaNoodle,dom,DIY,0.8671128749847412
PastaNoodle,dom,JaTim,0.41525793075561523
PastaNoodle,dom,KalBar,2.624614715576172
PastaNoodle,dom,KalTeng,2.172804355621338
PastaNoodle,dom,KalSel,0.5636825561523438
PastaNoodle,dom,KalTim,3.3413374423980713
PastaNoodle,dom,KalUt,4.642330169677734
PastaNoodle,dom,SulUt,1.1739968061447144
PastaNoodle,dom,Gorontalo,6.617770195007324
PastaNoodle,dom,SulTeng,4.802153587341309
PastaNoodle,dom,SulaSel,3.7774102687835693
PastaNoodle,dom,SulBar,5.924343109130859
PastaNoodle,dom,SulTra,6.443583965301514
PastaNoodle,dom,Bali,4.23883056640625
PastaNoodle,dom,NTB,6.440359592437744
PastaNoodle,dom,NTT,8.446087837219238
PastaNoodle,dom,Maluku,16.019025802612305
PastaNoodle,dom,MalUt,13.307551383972168
PastaNoodle,dom,PapuaBar,17.76933479309082
PastaNoodle,dom,PapuaProv,25.187183380126953
PastaNoodle,imp,NAD,7.067359924316406
PastaNoodle,imp,SumUt,6.386440277099609
PastaNoodle,imp,SumBar,4.868980407714844
PastaNoodle,imp,RiauProv,5.029644966125488
PastaNoodle,imp,KepRi,2.36082124710083
PastaNoodle,imp,Jambi,4.264483451843262
PastaNoodle,imp,SumSel,3.3194055557250977
PastaNoodle,imp,BaBel,4.128464221954346
PastaNoodle,imp,Bengkulu,3.8677756786346436
PastaNoodle,imp,Lampung,2.349569320678711
PastaNoodle,imp,DKI,0.17907075583934784
PastaNoodle,imp,JaBar,0.5314520597457886
PastaNoodle,imp,Banten,0.380765825510025
PastaNoodle,imp,JaTeng,1.6387274265289307
PastaNoodle,imp,DIY,1.661266803741455
PastaNoodle,imp,JaTim,1.7596544027328491
PastaNoodle,imp,KalBar,6.257558822631836
PastaNoodle,imp,KalTeng,6.9301676750183105
PastaNoodle,imp,KalSel,7.436614513397217
PastaNoodle,imp,KalTim,8.308829307556152
PastaNoodle,imp,KalUt,8.758400917053223
PastaNoodle,imp,SulUt,13.299063682556152
PastaNoodle,imp,Gorontalo,12.647298812866211
PastaNoodle,imp,SulTeng,11.866430282592773
PastaNoodle,imp,SulaSel,11.065408706665039
PastaNoodle,imp,SulBar,10.624101638793945
PastaNoodle,imp,SulTra,11.95859432220459
PastaNoodle,imp,Bali,5.349675178527832
PastaNoodle,imp,NTB,7.6282267570495605
PastaNoodle,imp,NTT,10.699170112609863
PastaNoodle,imp,Maluku,19.165998458862305
PastaNoodle,imp,MalUt,16.950420379638672
PastaNoodle,imp,PapuaBar,21.721839904785156
PastaNoodle,imp,PapuaProv,27.366153717041016
CoffeeProc,dom,NAD,3.3559393882751465
CoffeeProc,dom,SumUt,0.762892484664917
CoffeeProc,dom,SumBar,2.190936326980591
CoffeeProc,dom,RiauProv,0.4387722611427307
CoffeeProc,dom,KepRi,9.5543851852417
CoffeeProc,dom,Jambi,0.42646148800849915
CoffeeProc,dom,SumSel,1.8234214782714844
CoffeeProc,dom,BaBel,4.493917465209961
CoffeeProc,dom,Bengkulu,2.5418243408203125
CoffeeProc,dom,Lampung,0.454069584608078
CoffeeProc,dom,DKI,2.354290008544922
CoffeeProc,dom,JaBar,2.133793830871582
CoffeeProc,dom,Banten,2.5612449645996094
CoffeeProc,dom,JaTeng,0.9721155762672424
CoffeeProc,dom,DIY,0.8673180341720581
CoffeeProc,dom,JaTim,0.4079938232898712
CoffeeProc,dom,KalBar,5.580513954162598
CoffeeProc,dom,KalTeng,6.223361968994141
CoffeeProc,dom,KalSel,6.061771392822266
CoffeeProc,dom,KalTim,7.552002429962158
CoffeeProc,dom,KalUt,8.380718231201172
CoffeeProc,dom,SulUt,11.021134376525879
CoffeeProc,dom,Gorontalo,10.713845252990723
CoffeeProc,dom,SulTeng,9.819886207580566
CoffeeProc,dom,SulaSel,8.129881858825684
CoffeeProc,dom,SulBar,9.081411361694336
CoffeeProc,dom,SulTra,9.119416236877441
CoffeeProc,dom,Bali,3.228239059448242
CoffeeProc,dom,NTB,5.382674217224121
CoffeeProc,dom,NTT,8.84218978881836
CoffeeProc,dom,Maluku,17.522382736206055
CoffeeProc,dom,MalUt,12.030377388000488
CoffeeProc,dom,PapuaBar,20.20423126220703
CoffeeProc,dom,PapuaProv,26.182788848876953
CoffeeProc,imp,NAD,8.96898365020752
CoffeeProc,imp,SumUt,7.7391743659973145
CoffeeProc,imp,SumBar,5.947240829467773
CoffeeProc,imp,RiauProv,6.2658185958862305
CoffeeProc,imp,KepRi,4.4124836921691895
CoffeeProc,imp,Jambi,5.211902141571045
CoffeeProc,imp,SumSel,4.218806266784668
CoffeeProc,imp,BaBel,5.0809006690979
CoffeeProc,imp,Bengkulu,4.767358779907227
CoffeeProc,imp,Lampung,3.2512733936309814
CoffeeProc,imp,DKI,0.26076656579971313
CoffeeProc,imp,JaBar,0.931975781917572
CoffeeProc,imp,Banten,0.8091256022453308
CoffeeProc,imp,JaTeng,0.15957771241664886
CoffeeProc,imp,DIY,0.3572810888290405
CoffeeProc,imp,JaTim,0.4763396382331848
CoffeeProc,imp,KalBar,6.752272605895996
CoffeeProc,imp,KalTeng,6.201341152191162
CoffeeProc,imp,KalSel,6.350090980529785
CoffeeProc,imp,KalTim,7.837835311889648
CoffeeProc,imp,KalUt,8.593658447265625
CoffeeProc,imp,SulUt,12.038267135620117
CoffeeProc,imp,Gorontalo,11.414909362792969
CoffeeProc,imp,SulTeng,10.60628890991211
CoffeeProc,imp,SulaSel,9.809133529663086
CoffeeProc,imp,SulBar,9.370414733886719
CoffeeProc,imp,SulTra,10.695968627929688
CoffeeProc,imp,Bali,3.7743306159973145
CoffeeProc,imp,NTB,5.887496471405029
CoffeeProc,imp,NTT,8.955634117126465
CoffeeProc,imp,Maluku,17.87343406677246
CoffeeProc,imp,MalUt,15.6803560256958
CoffeeProc,imp,PapuaBar,20.44574737548828
CoffeeProc,imp,PapuaProv,25.99959945678711
TeaProc,dom,NAD,7.513787269592285
TeaProc,dom,SumUt,5.994939804077148
TeaProc,dom,SumBar,1.0482202768325806
TeaProc,dom,RiauProv,4.729521751403809
TeaProc,dom,KepRi,2.9854631423950195
TeaProc,dom,Jambi,3.7248759269714355
TeaProc,dom,SumSel,3.1512067317962646
TeaProc,dom,BaBel,4.614173412322998
TeaProc,dom,Bengkulu,0.4652599096298218
TeaProc,dom,Lampung,2.7948763370513916
TeaProc,dom,DKI,0.6318685412406921
TeaProc,dom,JaBar,0.26983511447906494
TeaProc,dom,Banten,0.9232314825057983
TeaProc,dom,JaTeng,0.16243235766887665
TeaProc,dom,DIY,0.47439444065093994
TeaProc,dom,JaTim,1.1215695142745972
TeaProc,dom,KalBar,6.750679969787598
TeaProc,dom,KalTeng,6.612876892089844
TeaProc,dom,KalSel,6.818015098571777
TeaProc,dom,KalTim,8.250895500183105
TeaProc,dom,KalUt,8.985113143920898
TeaProc,dom,SulUt,12.600188255310059
TeaProc,dom,Gorontalo,11.946301460266113
TeaProc,dom,SulTeng,11.102723121643066
TeaProc,dom,SulaSel,10.359472274780273
TeaProc,dom,SulBar,9.795724868774414
TeaProc,dom,SulTra,11.207968711853027
TeaProc,dom,Bali,4.327733039855957
TeaProc,dom,NTB,6.518129825592041
TeaProc,dom,NTT,9.610967636108398
TeaProc,dom,Maluku,18.475507736206055
TeaProc,dom,MalUt,16.26639175415039
TeaProc,dom,PapuaBar,21.048355102539062
TeaProc,dom,PapuaProv,26.639619827270508
TeaProc,imp,NAD,6.533382415771484
TeaProc,imp,SumUt,5.488117694854736
TeaProc,imp,SumBar,4.8715057373046875
TeaProc,imp,RiauProv,5.04050350189209
TeaProc,imp,KepRi,6.302426815032959
TeaProc,imp,Jambi,4.386253356933594
TeaProc,imp,SumSel,3.477820634841919
TeaProc,imp,BaBel,4.366856098175049
TeaProc,imp,Bengkulu,4.007710933685303
TeaProc,imp,Lampung,2.5119993686676025
TeaProc,imp,DKI,0.17935146391391754
TeaProc,imp,JaBar,0.5854596495628357
TeaProc,imp,Banten,0.423382967710495
TeaProc,imp,JaTeng,1.2392483949661255
TeaProc,imp,DIY,1.1341230869293213
TeaProc,imp,JaTim,0.5118179321289062
TeaProc,imp,KalBar,6.992533206939697
TeaProc,imp,KalTeng,6.757653713226318
TeaProc,imp,KalSel,6.679633140563965
TeaProc,imp,KalTim,8.213574409484863
TeaProc,imp,KalUt,9.024030685424805
TeaProc,imp,SulUt,12.486048698425293
TeaProc,imp,Gorontalo,11.852019309997559
TeaProc,imp,SulTeng,11.0305814743042
TeaProc,imp,SulaSel,10.217608451843262
TeaProc,imp,SulBar,9.769129753112793
TeaProc,imp,SulTra,11.123260498046875
TeaProc,imp,Bali,3.873103618621826
TeaProc,imp,NTB,6.1829681396484375
TeaProc,imp,NTT,9.35889720916748
TeaProc,imp,Maluku,18.382726669311523
TeaProc,imp,MalUt,16.169679641723633
TeaProc,imp,PapuaBar,20.968265533447266
TeaProc,imp,PapuaProv,26.55435562133789
SoyProcessed,dom,NAD,2.7907023429870605
SoyProcessed,dom,SumUt,1.441766381263733
SoyProcessed,dom,SumBar,0.6296871900558472
SoyProcessed,dom,RiauProv,0.37170591950416565
SoyProcessed,dom,KepRi,6.871339797973633
SoyProcessed,dom,Jambi,1.1016632318496704
SoyProcessed,dom,SumSel,1.996144413948059
SoyProcessed,dom,BaBel,3.810067892074585
SoyProcessed,dom,Bengkulu,1.8452794551849365
SoyProcessed,dom,Lampung,0.9069007039070129
SoyProcessed,dom,DKI,3.297470808029175
SoyProcessed,dom,JaBar,1.2532672882080078
SoyProcessed,dom,Banten,3.453439712524414
SoyProcessed,dom,JaTeng,1.8819433450698853
SoyProcessed,dom,DIY,2.4379799365997314
SoyProcessed,dom,JaTim,0.6213323473930359
SoyProcessed,dom,KalBar,7.000979900360107
SoyProcessed,dom,KalTeng,7.81837797164917
SoyProcessed,dom,KalSel,7.511462211608887
SoyProcessed,dom,KalTim,9.517570495605469
SoyProcessed,dom,KalUt,9.940956115722656
SoyProcessed,dom,SulUt,10.812519073486328
SoyProcessed,dom,Gorontalo,11.960286140441895
SoyProcessed,dom,SulTeng,12.248884201049805
SoyProcessed,dom,SulaSel,10.42261028289795
SoyProcessed,dom,SulBar,11.501784324645996
SoyProcessed,dom,SulTra,12.787904739379883
SoyProcessed,dom,Bali,7.024932861328125
SoyProcessed,dom,NTB,9.464407920837402
SoyProcessed,dom,NTT,6.31837272644043
SoyProcessed,dom,Maluku,20.59300422668457
SoyProcessed,dom,MalUt,18.298080444335938
SoyProcessed,dom,PapuaBar,23.644412994384766
SoyProcessed,dom,PapuaProv,29.803434371948242
SoyProcessed,imp,NAD,7.132009983062744
SoyProcessed,imp,SumUt,6.003287315368652
SoyProcessed,imp,SumBar,4.785001754760742
SoyProcessed,imp,RiauProv,4.974606513977051
SoyProcessed,imp,KepRi,8.32779312133789
SoyProcessed,imp,Jambi,4.1932373046875
SoyProcessed,imp,SumSel,3.244039535522461
SoyProcessed,imp,BaBel,4.12932825088501
SoyProcessed,imp,Bengkulu,3.782750368118286
SoyProcessed,imp,Lampung,2.2902348041534424
SoyProcessed,imp,DKI,0.17672598361968994
SoyProcessed,imp,JaBar,0.4891136586666107
SoyProcessed,imp,Banten,0.4011549651622772
SoyProcessed,imp,JaTeng,1.3046770095825195
SoyProcessed,imp,DIY,1.232087254524231
SoyProcessed,imp,JaTim,0.5584430694580078
SoyProcessed,imp,KalBar,6.988524913787842
SoyProcessed,imp,KalTeng,7.000418186187744
SoyProcessed,imp,KalSel,7.081601142883301
SoyProcessed,imp,KalTim,8.546608924865723
SoyProcessed,imp,KalUt,9.268538475036621
SoyProcessed,imp,SulUt,12.86284351348877
SoyProcessed,imp,Gorontalo,12.232566833496094
SoyProcessed,imp,SulTeng,11.414876937866211
SoyProcessed,imp,SulaSel,10.606761932373047
SoyProcessed,imp,SulBar,10.161200523376465
SoyProcessed,imp,SulTra,11.507822036743164
SoyProcessed,imp,Bali,4.327406406402588
SoyProcessed,imp,NTB,6.610956192016602
SoyProcessed,imp,NTT,9.749458312988281
SoyProcessed,imp,Maluku,18.73958396911621
SoyProcessed,imp,MalUt,16.532371520996094
SoyProcessed,imp,PapuaBar,21.318984985351562
SoyProcessed,imp,PapuaProv,26.893096923828125
OthFood,dom,NAD,3.534644365310669
OthFood,dom,SumUt,1.4161258935928345
OthFood,dom,SumBar,0.4298545718193054
OthFood,dom,RiauProv,3.743556261062622
OthFood,dom,KepRi,9.25702953338623
OthFood,dom,Jambi,3.9843990802764893
OthFood,dom,SumSel,3.8653244972229004
OthFood,dom,BaBel,4.9062910079956055
OthFood,dom,Bengkulu,3.9074060916900635
OthFood,dom,Lampung,1.5276364088058472
OthFood,dom,DKI,0.6956832408905029
OthFood,dom,JaBar,0.2731727957725525
OthFood,dom,Banten,0.9489486813545227
OthFood,dom,JaTeng,0.162944495677948
OthFood,dom,DIY,0.5262260437011719
OthFood,dom,JaTim,0.3970796465873718
OthFood,dom,KalBar,5.600586891174316
OthFood,dom,KalTeng,4.792555332183838
OthFood,dom,KalSel,4.16005277633667
OthFood,dom,KalTim,6.212361812591553
OthFood,dom,KalUt,0.93795245885849
OthFood,dom,SulUt,4.827764987945557
OthFood,dom,Gorontalo,7.614177227020264
OthFood,dom,SulTeng,4.623352527618408
OthFood,dom,SulaSel,4.3159942626953125
OthFood,dom,SulBar,6.921769618988037
OthFood,dom,SulTra,0.5955992937088013
OthFood,dom,Bali,2.5787179470062256
OthFood,dom,NTB,3.9536335468292236
OthFood,dom,NTT,7.162818908691406
OthFood,dom,Maluku,7.579412937164307
OthFood,dom,MalUt,2.759016752243042
OthFood,dom,PapuaBar,17.1065616607666
OthFood,dom,PapuaProv,23.961727142333984
OthFood,imp,NAD,4.563914775848389
OthFood,imp,SumUt,1.279064655303955
OthFood,imp,SumBar,3.779533624649048
OthFood,imp,RiauProv,3.8020424842834473
OthFood,imp,KepRi,4.267385482788086
OthFood,imp,Jambi,3.700307846069336
OthFood,imp,SumSel,3.012115716934204
OthFood,imp,BaBel,3.961287021636963
OthFood,imp,Bengkulu,3.4878060817718506
OthFood,imp,Lampung,2.143218517303467
OthFood,imp,DKI,0.17643612623214722
OthFood,imp,JaBar,0.5110601782798767
OthFood,imp,Banten,0.3744785189628601
OthFood,imp,JaTeng,1.0093214511871338
OthFood,imp,DIY,1.1584043502807617
OthFood,imp,JaTim,0.7342058420181274
OthFood,imp,KalBar,7.0408782958984375
OthFood,imp,KalTeng,7.388516902923584
OthFood,imp,KalSel,7.740379810333252
OthFood,imp,KalTim,9.047167778015137
OthFood,imp,KalUt,9.622072219848633
OthFood,imp,SulUt,13.512563705444336
OthFood,imp,Gorontalo,12.791801452636719
OthFood,imp,SulTeng,12.044354438781738
OthFood,imp,SulaSel,11.261728286743164
OthFood,imp,SulBar,10.817333221435547
OthFood,imp,SulTra,12.153331756591797
OthFood,imp,Bali,5.09712028503418
OthFood,imp,NTB,7.3051018714904785
OthFood,imp,NTT,10.437762260437012
OthFood,imp,Maluku,19.392372131347656
OthFood,imp,MalUt,17.17546272277832
OthFood,imp,PapuaBar,21.975059509277344
OthFood,imp,PapuaProv,27.570903778076172
AnimalFeed,dom,NAD,3.6896004676818848
AnimalFeed,dom,SumUt,0.7951551079750061
AnimalFeed,dom,SumBar,3.2648730278015137
AnimalFeed,dom,RiauProv,3.3069941997528076
AnimalFeed,dom,KepRi,9.909967422485352
AnimalFeed,dom,Jambi,3.4681332111358643
AnimalFeed,dom,SumSel,2.021878242492676
AnimalFeed,dom,BaBel,5.435949802398682
AnimalFeed,dom,Bengkulu,3.0150115489959717
AnimalFeed,dom,Lampung,0.4525154232978821
AnimalFeed,dom,DKI,1.7345249652862549
AnimalFeed,dom,JaBar,1.5410422086715698
AnimalFeed,dom,Banten,0.19385135173797607
AnimalFeed,dom,JaTeng,0.21998484432697296
AnimalFeed,dom,DIY,1.9361811876296997
AnimalFeed,dom,JaTim,0.8696917295455933
AnimalFeed,dom,KalBar,5.825376033782959
AnimalFeed,dom,KalTeng,4.9319281578063965
AnimalFeed,dom,KalSel,3.84656023979187
AnimalFeed,dom,KalTim,4.756109714508057
AnimalFeed,dom,KalUt,6.000940799713135
AnimalFeed,dom,SulUt,2.7282211780548096
AnimalFeed,dom,Gorontalo,2.080508232116699
AnimalFeed,dom,SulTeng,0.9829276204109192
AnimalFeed,dom,SulaSel,0.2509433329105377
AnimalFeed,dom,SulBar,0.487406462430954
AnimalFeed,dom,SulTra,1.112834095954895
AnimalFeed,dom,Bali,6.420229434967041
AnimalFeed,dom,NTB,6.894967079162598
AnimalFeed,dom,NTT,6.14132022857666
AnimalFeed,dom,Maluku,9.8330717086792
AnimalFeed,dom,MalUt,7.176769256591797
AnimalFeed,dom,PapuaBar,12.681360244750977
AnimalFeed,dom,PapuaProv,19.240816116333008
AnimalFeed,imp,NAD,3.8756139278411865
AnimalFeed,imp,SumUt,1.3163819313049316
AnimalFeed,imp,SumBar,3.829927682876587
AnimalFeed,imp,RiauProv,3.594996213912964
AnimalFeed,imp,KepRi,2.60046124458313
AnimalFeed,imp,Jambi,3.8187384605407715
AnimalFeed,imp,SumSel,2.957859754562378
AnimalFeed,imp,BaBel,4.28152322769165
AnimalFeed,imp,Bengkulu,3.57051682472229
AnimalFeed,imp,Lampung,1.7605886459350586
AnimalFeed,imp,DKI,0.17729298770427704
AnimalFeed,imp,JaBar,0.5773472189903259
AnimalFeed,imp,Banten,0.41752031445503235
AnimalFeed,imp,JaTeng,1.093242883682251
AnimalFeed,imp,DIY,1.0342049598693848
AnimalFeed,imp,JaTim,0.5493258833885193
AnimalFeed,imp,KalBar,6.653509616851807
AnimalFeed,imp,KalTeng,6.8447065353393555
AnimalFeed,imp,KalSel,7.15139102935791
AnimalFeed,imp,KalTim,8.376178741455078
AnimalFeed,imp,KalUt,9.045344352722168
AnimalFeed,imp,SulUt,12.15546989440918
AnimalFeed,imp,Gorontalo,11.164615631103516
AnimalFeed,imp,SulTeng,8.660061836242676
AnimalFeed,imp,SulaSel,10.326836585998535
AnimalFeed,imp,SulBar,5.683725357055664
AnimalFeed,imp,SulTra,9.107497215270996
AnimalFeed,imp,Bali,4.6443023681640625
AnimalFeed,imp,NTB,7.041125774383545
AnimalFeed,imp,NTT,10.180334091186523
AnimalFeed,imp,Maluku,18.853137969970703
AnimalFeed,imp,MalUt,16.517410278320312
AnimalFeed,imp,PapuaBar,21.49057960510254
AnimalFeed,imp,PapuaProv,27.22443962097168
AlcoBeverage,dom,NAD,11.590326309204102
AlcoBeverage,dom,SumUt,10.12919807434082
AlcoBeverage,dom,SumBar,9.09355354309082
AlcoBeverage,dom,RiauProv,9.171613693237305
AlcoBeverage,dom,KepRi,10.967358589172363
AlcoBeverage,dom,Jambi,8.0523681640625
AlcoBeverage,dom,SumSel,6.982955455780029
AlcoBeverage,dom,BaBel,7.640018939971924
AlcoBeverage,dom,Bengkulu,7.6238789558410645
AlcoBeverage,dom,Lampung,5.784698009490967
AlcoBeverage,dom,DKI,2.402305841445923
AlcoBeverage,dom,JaBar,1.9757646322250366
AlcoBeverage,dom,Banten,1.059073805809021
AlcoBeverage,dom,JaTeng,0.17521044611930847
AlcoBeverage,dom,DIY,0.5365507006645203
AlcoBeverage,dom,JaTim,0.48465967178344727
AlcoBeverage,dom,KalBar,7.206829071044922
AlcoBeverage,dom,KalTeng,6.042873382568359
AlcoBeverage,dom,KalSel,5.137914657592773
AlcoBeverage,dom,KalTim,6.1689276695251465
AlcoBeverage,dom,KalUt,7.332929611206055
AlcoBeverage,dom,SulUt,2.0506248474121094
AlcoBeverage,dom,Gorontalo,3.6054844856262207
AlcoBeverage,dom,SulTeng,2.333911657333374
AlcoBeverage,dom,SulaSel,0.9754220843315125
AlcoBeverage,dom,SulBar,0.22643017768859863
AlcoBeverage,dom,SulTra,0.5176546573638916
AlcoBeverage,dom,Bali,1.148224115371704
AlcoBeverage,dom,NTB,3.4012742042541504
AlcoBeverage,dom,NTT,1.574268102645874
AlcoBeverage,dom,Maluku,10.503364562988281
AlcoBeverage,dom,MalUt,9.364252090454102
AlcoBeverage,dom,PapuaBar,14.082380294799805
AlcoBeverage,dom,PapuaProv,19.338136672973633
AlcoBeverage,imp,NAD,2.8006417751312256
AlcoBeverage,imp,SumUt,0.9132381081581116
AlcoBeverage,imp,SumBar,3.254239082336426
AlcoBeverage,imp,RiauProv,2.8809571266174316
AlcoBeverage,imp,KepRi,7.680227756500244
AlcoBeverage,imp,Jambi,3.603275775909424
AlcoBeverage,imp,SumSel,2.7754628658294678
AlcoBeverage,imp,BaBel,4.847362518310547
AlcoBeverage,imp,Bengkulu,3.4892959594726562
AlcoBeverage,imp,Lampung,0.46052685379981995
AlcoBeverage,imp,DKI,0.19692420959472656
AlcoBeverage,imp,JaBar,1.0225621461868286
AlcoBeverage,imp,Banten,0.7456436157226562
AlcoBeverage,imp,JaTeng,0.6416905522346497
AlcoBeverage,imp,DIY,0.8175499439239502
AlcoBeverage,imp,JaTim,0.3973310589790344
AlcoBeverage,imp,KalBar,7.3912482261657715
AlcoBeverage,imp,KalTeng,6.779405117034912
AlcoBeverage,imp,KalSel,6.53892183303833
AlcoBeverage,imp,KalTim,8.12967300415039
AlcoBeverage,imp,KalUt,9.05512523651123
AlcoBeverage,imp,SulUt,12.135009765625
AlcoBeverage,imp,Gorontalo,11.31793212890625
AlcoBeverage,imp,SulTeng,9.593971252441406
AlcoBeverage,imp,SulaSel,10.003230094909668
AlcoBeverage,imp,SulBar,7.158040523529053
AlcoBeverage,imp,SulTra,9.885082244873047
AlcoBeverage,imp,Bali,3.596304416656494
AlcoBeverage,imp,NTB,5.984717845916748
AlcoBeverage,imp,NTT,9.32916259765625
AlcoBeverage,imp,Maluku,18.50562858581543
AlcoBeverage,imp,MalUt,16.20426368713379
AlcoBeverage,imp,PapuaBar,21.156381607055664
AlcoBeverage,imp,PapuaProv,26.88222312927246
NonAlcoBev,dom,NAD,1.344621181488037
NonAlcoBev,dom,SumUt,0.6989265084266663
NonAlcoBev,dom,SumBar,1.3233877420425415
NonAlcoBev,dom,RiauProv,1.3302377462387085
NonAlcoBev,dom,KepRi,3.356734275817871
NonAlcoBev,dom,Jambi,1.7210216522216797
NonAlcoBev,dom,SumSel,0.43573275208473206
NonAlcoBev,dom,BaBel,3.368834972381592
NonAlcoBev,dom,Bengkulu,1.2328284978866577
NonAlcoBev,dom,Lampung,0.4634643495082855
NonAlcoBev,dom,DKI,1.712578296661377
NonAlcoBev,dom,JaBar,0.2799339294433594
NonAlcoBev,dom,Banten,1.2423326969146729
NonAlcoBev,dom,JaTeng,0.18633326888084412
NonAlcoBev,dom,DIY,1.0933589935302734
NonAlcoBev,dom,JaTim,0.41050806641578674
NonAlcoBev,dom,KalBar,3.3158681392669678
NonAlcoBev,dom,KalTeng,5.847414970397949
NonAlcoBev,dom,KalSel,1.1763174533843994
NonAlcoBev,dom,KalTim,7.4381327629089355
NonAlcoBev,dom,KalUt,0.7128943204879761
NonAlcoBev,dom,SulUt,0.44109100103378296
NonAlcoBev,dom,Gorontalo,3.364575147628784
NonAlcoBev,dom,SulTeng,3.6260833740234375
NonAlcoBev,dom,SulaSel,0.4109485149383545
NonAlcoBev,dom,SulBar,2.886831283569336
NonAlcoBev,dom,SulTra,3.5646097660064697
NonAlcoBev,dom,Bali,4.142436504364014
NonAlcoBev,dom,NTB,7.280902862548828
NonAlcoBev,dom,NTT,7.019507884979248
NonAlcoBev,dom,Maluku,8.035611152648926
NonAlcoBev,dom,MalUt,1.8857991695404053
NonAlcoBev,dom,PapuaBar,13.568951606750488
NonAlcoBev,dom,PapuaProv,21.737205505371094
NonAlcoBev,imp,NAD,3.542677640914917
NonAlcoBev,imp,SumUt,0.8229017853736877
NonAlcoBev,imp,SumBar,3.670283079147339
NonAlcoBev,imp,RiauProv,3.409903049468994
NonAlcoBev,imp,KepRi,2.3129422664642334
NonAlcoBev,imp,Jambi,4.151574611663818
NonAlcoBev,imp,SumSel,4.006558895111084
NonAlcoBev,imp,BaBel,4.806610107421875
NonAlcoBev,imp,Bengkulu,4.347347259521484
NonAlcoBev,imp,Lampung,3.1530659198760986
NonAlcoBev,imp,DKI,0.26629143953323364
NonAlcoBev,imp,JaBar,0.68412846326828
NonAlcoBev,imp,Banten,0.47981590032577515
NonAlcoBev,imp,JaTeng,2.2659661769866943
NonAlcoBev,imp,DIY,2.3922977447509766
NonAlcoBev,imp,JaTim,0.9721142053604126
NonAlcoBev,imp,KalBar,5.586978912353516
NonAlcoBev,imp,KalTeng,6.699058532714844
NonAlcoBev,imp,KalSel,7.564476490020752
NonAlcoBev,imp,KalTim,8.08083724975586
NonAlcoBev,imp,KalUt,8.430862426757812
NonAlcoBev,imp,SulUt,13.783846855163574
NonAlcoBev,imp,Gorontalo,13.076603889465332
NonAlcoBev,imp,SulTeng,12.333295822143555
NonAlcoBev,imp,SulaSel,11.52449893951416
NonAlcoBev,imp,SulBar,11.078927040100098
NonAlcoBev,imp,SulTra,12.426054954528809
NonAlcoBev,imp,Bali,7.035880088806152
NonAlcoBev,imp,NTB,9.410054206848145
NonAlcoBev,imp,NTT,12.311687469482422
NonAlcoBev,imp,Maluku,19.725130081176758
NonAlcoBev,imp,MalUt,17.463350296020508
NonAlcoBev,imp,PapuaBar,22.26340103149414
NonAlcoBev,imp,PapuaProv,28.11269187927246
Cigarettes,dom,NAD,5.1296515464782715
Cigarettes,dom,SumUt,1.9980980157852173
Cigarettes,dom,SumBar,4.977614879608154
Cigarettes,dom,RiauProv,4.735657215118408
Cigarettes,dom,KepRi,9.588074684143066
Cigarettes,dom,Jambi,5.043663024902344
Cigarettes,dom,SumSel,4.523927211761475
Cigarettes,dom,BaBel,5.456366539001465
Cigarettes,dom,Bengkulu,4.904913902282715
Cigarettes,dom,Lampung,3.7684311866760254
Cigarettes,dom,DKI,1.6244434118270874
Cigarettes,dom,JaBar,1.263099193572998
Cigarettes,dom,Banten,1.9598643779754639
Cigarettes,dom,JaTeng,0.15887141227722168
Cigarettes,dom,DIY,0.3201586902141571
Cigarettes,dom,JaTim,0.5036985874176025
Cigarettes,dom,KalBar,6.862107753753662
Cigarettes,dom,KalTeng,6.183508396148682
Cigarettes,dom,KalSel,6.327007293701172
Cigarettes,dom,KalTim,7.837209701538086
Cigarettes,dom,KalUt,8.612826347351074
Cigarettes,dom,SulUt,11.98857593536377
Cigarettes,dom,Gorontalo,11.351651191711426
Cigarettes,dom,SulTeng,10.541028022766113
Cigarettes,dom,SulaSel,9.734062194824219
Cigarettes,dom,SulBar,9.159445762634277
Cigarettes,dom,SulTra,10.556398391723633
Cigarettes,dom,Bali,3.721322536468506
Cigarettes,dom,NTB,5.207974910736084
Cigarettes,dom,NTT,8.7410306930542
Cigarettes,dom,Maluku,17.857595443725586
Cigarettes,dom,MalUt,15.678703308105469
Cigarettes,dom,PapuaBar,20.4592342376709
Cigarettes,dom,PapuaProv,26.028228759765625
Cigarettes,imp,NAD,8.183420181274414
Cigarettes,imp,SumUt,7.215315818786621
Cigarettes,imp,SumBar,5.352445602416992
Cigarettes,imp,RiauProv,5.652977466583252
Cigarettes,imp,KepRi,10.269364356994629
Cigarettes,imp,Jambi,4.629174709320068
Cigarettes,imp,SumSel,3.608701467514038
Cigarettes,imp,BaBel,4.501010894775391
Cigarettes,imp,Bengkulu,4.173272132873535
Cigarettes,imp,Lampung,2.6080574989318848
Cigarettes,imp,DKI,0.18709032237529755
Cigarettes,imp,JaBar,0.629181444644928
Cigarettes,imp,Banten,0.44369667768478394
Cigarettes,imp,JaTeng,1.1636700630187988
Cigarettes,imp,DIY,1.040832757949829
Cigarettes,imp,JaTim,0.4151022434234619
Cigarettes,imp,KalBar,7.060876846313477
Cigarettes,imp,KalTeng,6.589285850524902
Cigarettes,imp,KalSel,6.402003765106201
Cigarettes,imp,KalTim,8.00264835357666
Cigarettes,imp,KalUt,8.883081436157227
Cigarettes,imp,SulUt,12.166131019592285
Cigarettes,imp,Gorontalo,11.536629676818848
Cigarettes,imp,SulTeng,10.714767456054688
Cigarettes,imp,SulaSel,9.904512405395508
Cigarettes,imp,SulBar,9.457684516906738
Cigarettes,imp,SulTra,10.807968139648438
Cigarettes,imp,Bali,3.6105828285217285
Cigarettes,imp,NTB,5.871081829071045
Cigarettes,imp,NTT,9.013191223144531
Cigarettes,imp,Maluku,18.050405502319336
Cigarettes,imp,MalUt,15.842037200927734
Cigarettes,imp,PapuaBar,20.633848190307617
Cigarettes,imp,PapuaProv,26.202566146850586
TobaccoPrd,dom,NAD,2.2024459838867188
TobaccoPrd,dom,SumUt,0.8698514699935913
TobaccoPrd,dom,SumBar,2.7133891582489014
TobaccoPrd,dom,RiauProv,2.285221576690674
TobaccoPrd,dom,KepRi,9.79958438873291
TobaccoPrd,dom,Jambi,3.165358304977417
TobaccoPrd,dom,SumSel,0.5828496217727661
TobaccoPrd,dom,BaBel,5.178796768188477
TobaccoPrd,dom,Bengkulu,3.269073009490967
TobaccoPrd,dom,Lampung,0.4545702338218689
TobaccoPrd,dom,DKI,2.4145936965942383
TobaccoPrd,dom,JaBar,2.3011837005615234
TobaccoPrd,dom,Banten,3.0851104259490967
TobaccoPrd,dom,JaTeng,0.9132625460624695
TobaccoPrd,dom,DIY,0.6414785385131836
TobaccoPrd,dom,JaTim,0.40515682101249695
TobaccoPrd,dom,KalBar,7.741158962249756
TobaccoPrd,dom,KalTeng,7.107418060302734
TobaccoPrd,dom,KalSel,6.7767415046691895
TobaccoPrd,dom,KalTim,8.3943452835083
TobaccoPrd,dom,KalUt,9.31364917755127
TobaccoPrd,dom,SulUt,12.639307022094727
TobaccoPrd,dom,Gorontalo,12.040226936340332
TobaccoPrd,dom,SulTeng,11.088711738586426
TobaccoPrd,dom,SulaSel,10.270607948303223
TobaccoPrd,dom,SulBar,9.934982299804688
TobaccoPrd,dom,SulTra,10.998586654663086
TobaccoPrd,dom,Bali,3.7027907371520996
TobaccoPrd,dom,NTB,6.0244035720825195
TobaccoPrd,dom,NTT,1.5854225158691406
TobaccoPrd,dom,Maluku,18.577150344848633
TobaccoPrd,dom,MalUt,16.53786849975586
TobaccoPrd,dom,PapuaBar,21.34651756286621
TobaccoPrd,dom,PapuaProv,27.027347564697266
TobaccoPrd,imp,NAD,8.89333724975586
TobaccoPrd,imp,SumUt,7.829972267150879
TobaccoPrd,imp,SumBar,6.314652919769287
TobaccoPrd,imp,RiauProv,6.254195213317871
TobaccoPrd,imp,KepRi,2.349919080734253
TobaccoPrd,imp,Jambi,5.702352523803711
TobaccoPrd,imp,SumSel,4.841696739196777
TobaccoPrd,imp,BaBel,5.280941009521484
TobaccoPrd,imp,Bengkulu,5.465932369232178
TobaccoPrd,imp,Lampung,3.784580707550049
TobaccoPrd,imp,DKI,0.17870891094207764
TobaccoPrd,imp,JaBar,0.308435320854187
TobaccoPrd,imp,Banten,0.695164144039154
TobaccoPrd,imp,JaTeng,1.0194483995437622
TobaccoPrd,imp,DIY,0.6265022158622742
TobaccoPrd,imp,JaTim,0.44972312450408936
TobaccoPrd,imp,KalBar,5.4328227043151855
TobaccoPrd,imp,KalTeng,6.137734889984131
TobaccoPrd,imp,KalSel,6.676793575286865
TobaccoPrd,imp,KalTim,7.483254909515381
TobaccoPrd,imp,KalUt,7.9563727378845215
TobaccoPrd,imp,SulUt,12.695460319519043
TobaccoPrd,imp,Gorontalo,12.01366901397705
TobaccoPrd,imp,SulTeng,11.255345344543457
TobaccoPrd,imp,SulaSel,10.452513694763184
TobaccoPrd,imp,SulBar,10.010215759277344
TobaccoPrd,imp,SulTra,11.347732543945312
TobaccoPrd,imp,Bali,5.314053058624268
TobaccoPrd,imp,NTB,7.549623966217041
TobaccoPrd,imp,NTT,10.73177719116211
TobaccoPrd,imp,Maluku,18.58920669555664
TobaccoPrd,imp,MalUt,16.351070404052734
TobaccoPrd,imp,PapuaBar,21.12641716003418
TobaccoPrd,imp,PapuaProv,26.895353317260742
Yarn,dom,NAD,14.31638240814209
Yarn,dom,SumUt,12.522372245788574
Yarn,dom,SumBar,9.834945678710938
Yarn,dom,RiauProv,10.427401542663574
Yarn,dom,KepRi,10.86996078491211
Yarn,dom,Jambi,9.197481155395508
Yarn,dom,SumSel,7.4340386390686035
Yarn,dom,BaBel,8.453423500061035
Yarn,dom,Bengkulu,8.441545486450195
Yarn,dom,Lampung,5.8967976570129395
Yarn,dom,DKI,0.8891519904136658
Yarn,dom,JaBar,0.2550346255302429
Yarn,dom,Banten,0.18635286390781403
Yarn,dom,JaTeng,0.6881980299949646
Yarn,dom,DIY,3.0943214893341064
Yarn,dom,JaTim,0.4942744970321655
Yarn,dom,KalBar,6.522847652435303
Yarn,dom,KalTeng,5.239939212799072
Yarn,dom,KalSel,2.162231206893921
Yarn,dom,KalTim,4.473654270172119
Yarn,dom,KalUt,5.652525901794434
Yarn,dom,SulUt,2.4586634635925293
Yarn,dom,Gorontalo,1.8734229803085327
Yarn,dom,SulTeng,0.8973278999328613
Yarn,dom,SulaSel,0.22360698878765106
Yarn,dom,SulBar,0.4530342221260071
Yarn,dom,SulTra,1.0120645761489868
Yarn,dom,Bali,2.933439254760742
Yarn,dom,NTB,6.307122230529785
Yarn,dom,NTT,5.320952892303467
Yarn,dom,Maluku,8.760492324829102
Yarn,dom,MalUt,6.36461067199707
Yarn,dom,PapuaBar,11.356234550476074
Yarn,dom,PapuaProv,17.547039031982422
Yarn,imp,NAD,7.588389873504639
Yarn,imp,SumUt,6.293097972869873
Yarn,imp,SumBar,4.643125057220459
Yarn,imp,RiauProv,4.941144943237305
Yarn,imp,KepRi,4.749162197113037
Yarn,imp,Jambi,3.844313621520996
Yarn,imp,SumSel,3.0505740642547607
Yarn,imp,BaBel,3.8785560131073
Yarn,imp,Bengkulu,3.5691945552825928
Yarn,imp,Lampung,2.0953991413116455
Yarn,imp,DKI,0.17617283761501312
Yarn,imp,JaBar,0.5002458095550537
Yarn,imp,Banten,0.3558747470378876
Yarn,imp,JaTeng,1.4274048805236816
Yarn,imp,DIY,1.41787850856781
Yarn,imp,JaTim,0.9264788627624512
Yarn,imp,KalBar,6.88295841217041
Yarn,imp,KalTeng,7.252462863922119
Yarn,imp,KalSel,7.618315696716309
Yarn,imp,KalTim,8.930213928222656
Yarn,imp,KalUt,9.492400169372559
Yarn,imp,SulUt,13.366781234741211
Yarn,imp,Gorontalo,12.742701530456543
Yarn,imp,SulTeng,11.935693740844727
Yarn,imp,SulaSel,11.13841724395752
Yarn,imp,SulBar,10.699326515197754
Yarn,imp,SulTra,12.026837348937988
Yarn,imp,Bali,5.13887357711792
Yarn,imp,NTB,7.271838665008545
Yarn,imp,NTT,10.321763038635254
Yarn,imp,Maluku,19.185855865478516
Yarn,imp,MalUt,17.002037048339844
Yarn,imp,PapuaBar,21.723831176757812
Yarn,imp,PapuaProv,27.183425903320312
Textile,dom,NAD,6.765836715698242
Textile,dom,SumUt,1.4862408638000488
Textile,dom,SumBar,4.272143840789795
Textile,dom,RiauProv,3.782167434692383
Textile,dom,KepRi,10.564189910888672
Textile,dom,Jambi,4.684064865112305
Textile,dom,SumSel,4.249910831451416
Textile,dom,BaBel,4.980462551116943
Textile,dom,Bengkulu,4.691496849060059
Textile,dom,Lampung,3.427168846130371
Textile,dom,DKI,0.8833357095718384
Textile,dom,JaBar,0.3432145416736603
Textile,dom,Banten,1.1088930368423462
Textile,dom,JaTeng,0.15964221954345703
Textile,dom,DIY,0.1643524318933487
Textile,dom,JaTim,0.789921760559082
Textile,dom,KalBar,6.900245189666748
Textile,dom,KalTeng,6.200497627258301
Textile,dom,KalSel,5.356912136077881
Textile,dom,KalTim,7.265313148498535
Textile,dom,KalUt,8.46779727935791
Textile,dom,SulUt,10.534738540649414
Textile,dom,Gorontalo,9.68361759185791
Textile,dom,SulTeng,7.286551475524902
Textile,dom,SulaSel,6.562893867492676
Textile,dom,SulBar,0.5414130091667175
Textile,dom,SulTra,7.018638610839844
Textile,dom,Bali,2.3867173194885254
Textile,dom,NTB,1.0566401481628418
Textile,dom,NTT,5.790463924407959
Textile,dom,Maluku,16.417158126831055
Textile,dom,MalUt,14.568397521972656
Textile,dom,PapuaBar,19.498647689819336
Textile,dom,PapuaProv,24.89657211303711
Textile,imp,NAD,6.830660820007324
Textile,imp,SumUt,5.030367851257324
Textile,imp,SumBar,4.430917739868164
Textile,imp,RiauProv,0.8560247421264648
Textile,imp,KepRi,2.451075792312622
Textile,imp,Jambi,2.8723151683807373
Textile,imp,SumSel,3.5661137104034424
Textile,imp,BaBel,4.415710926055908
Textile,imp,Bengkulu,4.072107315063477
Textile,imp,Lampung,2.5915043354034424
Textile,imp,DKI,0.17869019508361816
Textile,imp,JaBar,0.5912065505981445
Textile,imp,Banten,0.4250130355358124
Textile,imp,JaTeng,0.198727548122406
Textile,imp,DIY,0.7234582304954529
Textile,imp,JaTim,1.5711091756820679
Textile,imp,KalBar,5.951376914978027
Textile,imp,KalTeng,6.677945613861084
Textile,imp,KalSel,7.27136754989624
Textile,imp,KalTim,8.157136917114258
Textile,imp,KalUt,8.62612247467041
Textile,imp,SulUt,13.101984024047852
Textile,imp,Gorontalo,12.434127807617188
Textile,imp,SulTeng,11.683307647705078
Textile,imp,SulaSel,10.897900581359863
Textile,imp,SulBar,10.424698829650879
Textile,imp,SulTra,11.771963119506836
Textile,imp,Bali,5.3849196434021
Textile,imp,NTB,7.5784125328063965
Textile,imp,NTT,10.756561279296875
Textile,imp,Maluku,18.849468231201172
Textile,imp,MalUt,15.830842971801758
Textile,imp,PapuaBar,21.42820930480957
Textile,imp,PapuaProv,26.684288024902344
RopesCarpets,dom,NAD,7.571065425872803
RopesCarpets,dom,SumUt,6.1548991203308105
RopesCarpets,dom,SumBar,4.206129550933838
RopesCarpets,dom,RiauProv,4.645113945007324
RopesCarpets,dom,KepRi,9.842794418334961
RopesCarpets,dom,Jambi,3.6598658561706543
RopesCarpets,dom,SumSel,2.7138729095458984
RopesCarpets,dom,BaBel,3.356265068054199
RopesCarpets,dom,Bengkulu,3.2653567790985107
RopesCarpets,dom,Lampung,1.8148674964904785
RopesCarpets,dom,DKI,0.36188048124313354
RopesCarpets,dom,JaBar,0.31911975145339966
RopesCarpets,dom,Banten,0.1763307899236679
RopesCarpets,dom,JaTeng,1.7130300998687744
RopesCarpets,dom,DIY,1.7094608545303345
RopesCarpets,dom,JaTim,2.2064621448516846
RopesCarpets,dom,KalBar,7.2767744064331055
RopesCarpets,dom,KalTeng,7.5620222091674805
RopesCarpets,dom,KalSel,7.7984185218811035
RopesCarpets,dom,KalTim,9.205469131469727
RopesCarpets,dom,KalUt,9.7633638381958
RopesCarpets,dom,SulUt,12.237598419189453
RopesCarpets,dom,Gorontalo,11.309816360473633
RopesCarpets,dom,SulTeng,11.653534889221191
RopesCarpets,dom,SulaSel,10.737366676330566
RopesCarpets,dom,SulBar,10.533671379089355
RopesCarpets,dom,SulTra,11.682165145874023
RopesCarpets,dom,Bali,5.214382648468018
RopesCarpets,dom,NTB,7.301094055175781
RopesCarpets,dom,NTT,10.387781143188477
RopesCarpets,dom,Maluku,19.187767028808594
RopesCarpets,dom,MalUt,16.858976364135742
RopesCarpets,dom,PapuaBar,21.799592971801758
RopesCarpets,dom,PapuaProv,27.401124954223633
RopesCarpets,imp,NAD,4.465063571929932
RopesCarpets,imp,SumUt,1.2062931060791016
RopesCarpets,imp,SumBar,4.495903968811035
RopesCarpets,imp,RiauProv,4.406022548675537
RopesCarpets,imp,KepRi,2.413264751434326
RopesCarpets,imp,Jambi,4.210003852844238
RopesCarpets,imp,SumSel,3.599721670150757
RopesCarpets,imp,BaBel,4.4662675857543945
RopesCarpets,imp,Bengkulu,4.103784561157227
RopesCarpets,imp,Lampung,2.6147446632385254
RopesCarpets,imp,DKI,0.17697083950042725
RopesCarpets,imp,JaBar,0.5518773794174194
RopesCarpets,imp,Banten,0.4195379614830017
RopesCarpets,imp,JaTeng,0.9035025238990784
RopesCarpets,imp,DIY,1.2797350883483887
RopesCarpets,imp,JaTim,0.941366970539093
RopesCarpets,imp,KalBar,4.5870771408081055
RopesCarpets,imp,KalTeng,6.106369495391846
RopesCarpets,imp,KalSel,6.863384246826172
RopesCarpets,imp,KalTim,7.202845573425293
RopesCarpets,imp,KalUt,7.332762241363525
RopesCarpets,imp,SulUt,13.09644889831543
RopesCarpets,imp,Gorontalo,12.350446701049805
RopesCarpets,imp,SulTeng,11.699433326721191
RopesCarpets,imp,SulaSel,10.788737297058105
RopesCarpets,imp,SulBar,10.335091590881348
RopesCarpets,imp,SulTra,11.718917846679688
RopesCarpets,imp,Bali,5.576855182647705
RopesCarpets,imp,NTB,7.9722065925598145
RopesCarpets,imp,NTT,11.047737121582031
RopesCarpets,imp,Maluku,18.415672302246094
RopesCarpets,imp,MalUt,16.610424041748047
RopesCarpets,imp,PapuaBar,19.817676544189453
RopesCarpets,imp,PapuaProv,8.480575561523438
OthTextilPrd,dom,NAD,5.237251281738281
OthTextilPrd,dom,SumUt,2.9475719928741455
OthTextilPrd,dom,SumBar,1.5232956409454346
OthTextilPrd,dom,RiauProv,4.583837509155273
OthTextilPrd,dom,KepRi,9.621354103088379
OthTextilPrd,dom,Jambi,3.797525644302368
OthTextilPrd,dom,SumSel,3.1673710346221924
OthTextilPrd,dom,BaBel,3.6646769046783447
OthTextilPrd,dom,Bengkulu,3.4530534744262695
OthTextilPrd,dom,Lampung,2.236754894256592
OthTextilPrd,dom,DKI,0.4318200647830963
OthTextilPrd,dom,JaBar,0.24699021875858307
OthTextilPrd,dom,Banten,0.1793229728937149
OthTextilPrd,dom,JaTeng,1.000379204750061
OthTextilPrd,dom,DIY,0.9098267555236816
OthTextilPrd,dom,JaTim,1.027012825012207
OthTextilPrd,dom,KalBar,6.462282657623291
OthTextilPrd,dom,KalTeng,6.806782245635986
OthTextilPrd,dom,KalSel,6.564444065093994
OthTextilPrd,dom,KalTim,8.361321449279785
OthTextilPrd,dom,KalUt,9.264081001281738
OthTextilPrd,dom,SulUt,10.293987274169922
OthTextilPrd,dom,Gorontalo,8.289945602416992
OthTextilPrd,dom,SulTeng,6.598412036895752
OthTextilPrd,dom,SulaSel,7.54759407043457
OthTextilPrd,dom,SulBar,6.526226043701172
OthTextilPrd,dom,SulTra,2.3204307556152344
OthTextilPrd,dom,Bali,3.8213064670562744
OthTextilPrd,dom,NTB,1.3867498636245728
OthTextilPrd,dom,NTT,7.164853572845459
OthTextilPrd,dom,Maluku,17.951831817626953
OthTextilPrd,dom,MalUt,15.724515914916992
OthTextilPrd,dom,PapuaBar,20.764101028442383
OthTextilPrd,dom,PapuaProv,26.374006271362305
OthTextilPrd,imp,NAD,7.267502307891846
OthTextilPrd,imp,SumUt,6.0568132400512695
OthTextilPrd,imp,SumBar,4.64954948425293
OthTextilPrd,imp,RiauProv,4.929201602935791
OthTextilPrd,imp,KepRi,3.9372048377990723
OthTextilPrd,imp,Jambi,4.01124382019043
OthTextilPrd,imp,SumSel,3.0288357734680176
OthTextilPrd,imp,BaBel,3.9260311126708984
OthTextilPrd,imp,Bengkulu,3.580716133117676
OthTextilPrd,imp,Lampung,2.1114742755889893
OthTextilPrd,imp,DKI,0.17607496678829193
OthTextilPrd,imp,JaBar,0.48110321164131165
OthTextilPrd,imp,Banten,0.36944645643234253
OthTextilPrd,imp,JaTeng,0.37663203477859497
OthTextilPrd,imp,DIY,1.297542691230774
OthTextilPrd,imp,JaTim,0.8327720165252686
OthTextilPrd,imp,KalBar,6.804693698883057
OthTextilPrd,imp,KalTeng,7.1914591789245605
OthTextilPrd,imp,KalSel,7.5629448890686035
OthTextilPrd,imp,KalTim,8.867111206054688
OthTextilPrd,imp,KalUt,9.465310096740723
OthTextilPrd,imp,SulUt,13.198182106018066
OthTextilPrd,imp,Gorontalo,12.535272598266602
OthTextilPrd,imp,SulTeng,11.658329963684082
OthTextilPrd,imp,SulaSel,10.954906463623047
OthTextilPrd,imp,SulBar,9.859563827514648
OthTextilPrd,imp,SulTra,11.642644882202148
OthTextilPrd,imp,Bali,4.929721832275391
OthTextilPrd,imp,NTB,7.1451921463012695
OthTextilPrd,imp,NTT,10.242914199829102
OthTextilPrd,imp,Maluku,18.77006721496582
OthTextilPrd,imp,MalUt,16.843780517578125
OthTextilPrd,imp,PapuaBar,20.837011337280273
OthTextilPrd,imp,PapuaProv,24.595945358276367
KnittedPrd,dom,NAD,0.8507108688354492
KnittedPrd,dom,SumUt,4.456759929656982
KnittedPrd,dom,SumBar,1.7215371131896973
KnittedPrd,dom,RiauProv,3.067650079727173
KnittedPrd,dom,KepRi,10.797022819519043
KnittedPrd,dom,Jambi,4.468521595001221
KnittedPrd,dom,SumSel,4.290073871612549
KnittedPrd,dom,BaBel,3.3625311851501465
KnittedPrd,dom,Bengkulu,4.794156074523926
KnittedPrd,dom,Lampung,2.963057279586792
KnittedPrd,dom,DKI,0.6712318062782288
KnittedPrd,dom,JaBar,0.35143110156059265
KnittedPrd,dom,Banten,0.628197193145752
KnittedPrd,dom,JaTeng,0.49018940329551697
KnittedPrd,dom,DIY,0.6045824289321899
KnittedPrd,dom,JaTim,0.3920830190181732
KnittedPrd,dom,KalBar,6.691307544708252
KnittedPrd,dom,KalTeng,5.962677001953125
KnittedPrd,dom,KalSel,4.448660373687744
KnittedPrd,dom,KalTim,7.259698390960693
KnittedPrd,dom,KalUt,8.382712364196777
KnittedPrd,dom,SulUt,10.687909126281738
KnittedPrd,dom,Gorontalo,9.97965145111084
KnittedPrd,dom,SulTeng,8.935216903686523
KnittedPrd,dom,SulaSel,8.467961311340332
KnittedPrd,dom,SulBar,8.449503898620605
KnittedPrd,dom,SulTra,9.523154258728027
KnittedPrd,dom,Bali,2.9725756645202637
KnittedPrd,dom,NTB,2.0920393466949463
KnittedPrd,dom,NTT,7.33071231842041
KnittedPrd,dom,Maluku,17.11350440979004
KnittedPrd,dom,MalUt,14.24714469909668
KnittedPrd,dom,PapuaBar,18.970924377441406
KnittedPrd,dom,PapuaProv,25.413829803466797
KnittedPrd,imp,NAD,8.116409301757812
KnittedPrd,imp,SumUt,6.730562686920166
KnittedPrd,imp,SumBar,4.963315963745117
KnittedPrd,imp,RiauProv,5.297914981842041
KnittedPrd,imp,KepRi,5.695806503295898
KnittedPrd,imp,Jambi,4.125056266784668
KnittedPrd,imp,SumSel,3.2242393493652344
KnittedPrd,imp,BaBel,4.053586483001709
KnittedPrd,imp,Bengkulu,3.765972852706909
KnittedPrd,imp,Lampung,2.2890868186950684
KnittedPrd,imp,DKI,0.1776593178510666
KnittedPrd,imp,JaBar,0.5340629816055298
KnittedPrd,imp,Banten,0.390017569065094
KnittedPrd,imp,JaTeng,0.1708233654499054
KnittedPrd,imp,DIY,0.6690444946289062
KnittedPrd,imp,JaTim,1.5404183864593506
KnittedPrd,imp,KalBar,6.755936622619629
KnittedPrd,imp,KalTeng,7.006581783294678
KnittedPrd,imp,KalSel,7.368228912353516
KnittedPrd,imp,KalTim,8.666619300842285
KnittedPrd,imp,KalUt,9.249646186828613
KnittedPrd,imp,SulUt,13.097379684448242
KnittedPrd,imp,Gorontalo,12.469578742980957
KnittedPrd,imp,SulTeng,11.663607597351074
KnittedPrd,imp,SulaSel,10.864912986755371
KnittedPrd,imp,SulBar,10.425141334533691
KnittedPrd,imp,SulTra,11.750971794128418
KnittedPrd,imp,Bali,4.789760112762451
KnittedPrd,imp,NTB,6.961256504058838
KnittedPrd,imp,NTT,10.070578575134277
KnittedPrd,imp,Maluku,18.928743362426758
KnittedPrd,imp,MalUt,16.73995590209961
KnittedPrd,imp,PapuaBar,21.48769760131836
KnittedPrd,imp,PapuaProv,27.048803329467773
Apparel,dom,NAD,3.306922674179077
Apparel,dom,SumUt,3.4143640995025635
Apparel,dom,SumBar,2.597278356552124
Apparel,dom,RiauProv,4.159306526184082
Apparel,dom,KepRi,3.099947690963745
Apparel,dom,Jambi,3.851848840713501
Apparel,dom,SumSel,2.666555166244507
Apparel,dom,BaBel,4.18057107925415
Apparel,dom,Bengkulu,3.6066508293151855
Apparel,dom,Lampung,2.330733060836792
Apparel,dom,DKI,0.40714031457901
Apparel,dom,JaBar,0.24529947340488434
Apparel,dom,Banten,0.17962968349456787
Apparel,dom,JaTeng,0.6300503015518188
Apparel,dom,DIY,0.17133170366287231
Apparel,dom,JaTim,1.4765108823776245
Apparel,dom,KalBar,6.6700239181518555
Apparel,dom,KalTeng,6.8708600997924805
Apparel,dom,KalSel,7.114242076873779
Apparel,dom,KalTim,8.47989273071289
Apparel,dom,KalUt,9.338407516479492
Apparel,dom,SulUt,10.409435272216797
Apparel,dom,Gorontalo,11.018335342407227
Apparel,dom,SulTeng,9.431364059448242
Apparel,dom,SulaSel,8.722006797790527
Apparel,dom,SulBar,9.781205177307129
Apparel,dom,SulTra,8.80212116241455
Apparel,dom,Bali,2.084709882736206
Apparel,dom,NTB,5.51664400100708
Apparel,dom,NTT,5.592244625091553
Apparel,dom,Maluku,18.052288055419922
Apparel,dom,MalUt,15.012373924255371
Apparel,dom,PapuaBar,20.557788848876953
Apparel,dom,PapuaProv,23.22593879699707
Apparel,imp,NAD,7.746525287628174
Apparel,imp,SumUt,6.258688926696777
Apparel,imp,SumBar,4.730401515960693
Apparel,imp,RiauProv,5.031282901763916
Apparel,imp,KepRi,3.3168020248413086
Apparel,imp,Jambi,4.05823278427124
Apparel,imp,SumSel,3.1017959117889404
Apparel,imp,BaBel,3.935109853744507
Apparel,imp,Bengkulu,3.6337013244628906
Apparel,imp,Lampung,2.1820483207702637
Apparel,imp,DKI,0.17625468969345093
Apparel,imp,JaBar,0.48924410343170166
Apparel,imp,Banten,0.3649474084377289
Apparel,imp,JaTeng,0.3584745526313782
Apparel,imp,DIY,1.1663788557052612
Apparel,imp,JaTim,2.028485059738159
Apparel,imp,KalBar,6.79349946975708
Apparel,imp,KalTeng,7.212532043457031
Apparel,imp,KalSel,7.6047821044921875
Apparel,imp,KalTim,8.853669166564941
Apparel,imp,KalUt,9.39211368560791
Apparel,imp,SulUt,13.297541618347168
Apparel,imp,Gorontalo,12.623080253601074
Apparel,imp,SulTeng,11.856817245483398
Apparel,imp,SulaSel,11.050152778625488
Apparel,imp,SulBar,10.314239501953125
Apparel,imp,SulTra,11.842694282531738
Apparel,imp,Bali,5.1059064865112305
Apparel,imp,NTB,7.246168613433838
Apparel,imp,NTT,10.328347206115723
Apparel,imp,Maluku,19.121023178100586
Apparel,imp,MalUt,16.944934844970703
Apparel,imp,PapuaBar,21.62668228149414
Apparel,imp,PapuaProv,27.165010452270508
Tanning,dom,NAD,1.4820940494537354
Tanning,dom,SumUt,0.6940827369689941
Tanning,dom,SumBar,1.7413692474365234
Tanning,dom,RiauProv,0.4273395240306854
Tanning,dom,KepRi,8.50202751159668
Tanning,dom,Jambi,0.4965749979019165
Tanning,dom,SumSel,0.4694327116012573
Tanning,dom,BaBel,5.061803817749023
Tanning,dom,Bengkulu,2.9605343341827393
Tanning,dom,Lampung,3.533750534057617
Tanning,dom,DKI,1.4587807655334473
Tanning,dom,JaBar,0.3984318673610687
Tanning,dom,Banten,1.501257061958313
Tanning,dom,JaTeng,0.17074188590049744
Tanning,dom,DIY,0.19497312605381012
Tanning,dom,JaTim,2.102017641067505
Tanning,dom,KalBar,9.36485767364502
Tanning,dom,KalTeng,9.856058120727539
Tanning,dom,KalSel,9.764993667602539
Tanning,dom,KalTim,11.312581062316895
Tanning,dom,KalUt,11.857497215270996
Tanning,dom,SulUt,16.514148712158203
Tanning,dom,Gorontalo,16.08032989501953
Tanning,dom,SulTeng,14.065673828125
Tanning,dom,SulaSel,13.77791976928711
Tanning,dom,SulBar,14.185469627380371
Tanning,dom,SulTra,14.372864723205566
Tanning,dom,Bali,1.7710860967636108
Tanning,dom,NTB,10.43601131439209
Tanning,dom,NTT,13.134871482849121
Tanning,dom,Maluku,23.091787338256836
Tanning,dom,MalUt,20.766813278198242
Tanning,dom,PapuaBar,25.715160369873047
Tanning,dom,PapuaProv,31.701475143432617
Tanning,imp,NAD,8.113412857055664
Tanning,imp,SumUt,6.971446990966797
Tanning,imp,SumBar,5.193370819091797
Tanning,imp,RiauProv,5.506985187530518
Tanning,imp,KepRi,9.977229118347168
Tanning,imp,Jambi,4.460512638092041
Tanning,imp,SumSel,3.4502243995666504
Tanning,imp,BaBel,4.323347091674805
Tanning,imp,Bengkulu,4.0067138671875
Tanning,imp,Lampung,2.473782777786255
Tanning,imp,DKI,0.18136216700077057
Tanning,imp,JaBar,0.5894724130630493
Tanning,imp,Banten,0.4190666079521179
Tanning,imp,JaTeng,1.060359001159668
Tanning,imp,DIY,1.0780589580535889
Tanning,imp,JaTim,0.4806906580924988
Tanning,imp,KalBar,7.010502338409424
Tanning,imp,KalTeng,6.731506824493408
Tanning,imp,KalSel,6.6655755043029785
Tanning,imp,KalTim,8.214073181152344
Tanning,imp,KalUt,9.022993087768555
Tanning,imp,SulUt,12.434425354003906
Tanning,imp,Gorontalo,11.805194854736328
Tanning,imp,SulTeng,10.984563827514648
Tanning,imp,SulaSel,10.175158500671387
Tanning,imp,SulBar,9.728804588317871
Tanning,imp,SulTra,11.076578140258789
Tanning,imp,Bali,3.8641738891601562
Tanning,imp,NTB,6.1384100914001465
Tanning,imp,NTT,9.287338256835938
Tanning,imp,Maluku,18.31289291381836
Tanning,imp,MalUt,16.107107162475586
Tanning,imp,PapuaBar,20.895858764648438
Tanning,imp,PapuaProv,26.46212387084961
LeatherPrd,dom,NAD,7.166380405426025
LeatherPrd,dom,SumUt,5.364640235900879
LeatherPrd,dom,SumBar,5.038473129272461
LeatherPrd,dom,RiauProv,4.702980041503906
LeatherPrd,dom,KepRi,6.929325580596924
LeatherPrd,dom,Jambi,3.940300703048706
LeatherPrd,dom,SumSel,3.1618924140930176
LeatherPrd,dom,BaBel,4.747917175292969
LeatherPrd,dom,Bengkulu,3.099827289581299
LeatherPrd,dom,Lampung,1.6379717588424683
LeatherPrd,dom,DKI,0.6402895450592041
LeatherPrd,dom,JaBar,0.2625259757041931
LeatherPrd,dom,Banten,0.27780434489250183
LeatherPrd,dom,JaTeng,0.1625477522611618
LeatherPrd,dom,DIY,0.16050907969474792
LeatherPrd,dom,JaTim,0.813413143157959
LeatherPrd,dom,KalBar,4.473837852478027
LeatherPrd,dom,KalTeng,5.164638519287109
LeatherPrd,dom,KalSel,6.26032018661499
LeatherPrd,dom,KalTim,7.473203182220459
LeatherPrd,dom,KalUt,8.110113143920898
LeatherPrd,dom,SulUt,11.58543872833252
LeatherPrd,dom,Gorontalo,11.128447532653809
LeatherPrd,dom,SulTeng,9.763704299926758
LeatherPrd,dom,SulaSel,9.210485458374023
LeatherPrd,dom,SulBar,8.37081527709961
LeatherPrd,dom,SulTra,7.991079807281494
LeatherPrd,dom,Bali,1.5240023136138916
LeatherPrd,dom,NTB,5.672093391418457
LeatherPrd,dom,NTT,9.106788635253906
LeatherPrd,dom,Maluku,17.170907974243164
LeatherPrd,dom,MalUt,15.432967185974121
LeatherPrd,dom,PapuaBar,11.888799667358398
LeatherPrd,dom,PapuaProv,25.359176635742188
LeatherPrd,imp,NAD,7.030239582061768
LeatherPrd,imp,SumUt,1.7558401823043823
LeatherPrd,imp,SumBar,5.377580165863037
LeatherPrd,imp,RiauProv,5.268776893615723
LeatherPrd,imp,KepRi,2.3600165843963623
LeatherPrd,imp,Jambi,5.109158992767334
LeatherPrd,imp,SumSel,4.328006267547607
LeatherPrd,imp,BaBel,4.959307670593262
LeatherPrd,imp,Bengkulu,4.940987586975098
LeatherPrd,imp,Lampung,3.2202389240264893
LeatherPrd,imp,DKI,0.17821796238422394
LeatherPrd,imp,JaBar,0.6709626317024231
LeatherPrd,imp,Banten,0.4746299982070923
LeatherPrd,imp,JaTeng,1.509417176246643
LeatherPrd,imp,DIY,1.6721272468566895
LeatherPrd,imp,JaTim,2.6981256008148193
LeatherPrd,imp,KalBar,5.2339701652526855
LeatherPrd,imp,KalTeng,6.342494964599609
LeatherPrd,imp,KalSel,7.21445369720459
LeatherPrd,imp,KalTim,7.664324760437012
LeatherPrd,imp,KalUt,7.986320972442627
LeatherPrd,imp,SulUt,13.262487411499023
LeatherPrd,imp,Gorontalo,12.46208381652832
LeatherPrd,imp,SulTeng,11.862614631652832
LeatherPrd,imp,SulaSel,11.095430374145508
LeatherPrd,imp,SulBar,10.640892028808594
LeatherPrd,imp,SulTra,11.961450576782227
LeatherPrd,imp,Bali,1.8887159824371338
LeatherPrd,imp,NTB,9.09963607788086
LeatherPrd,imp,NTT,12.096817016601562
LeatherPrd,imp,Maluku,18.896509170532227
LeatherPrd,imp,MalUt,16.850017547607422
LeatherPrd,imp,PapuaBar,20.881322860717773
LeatherPrd,imp,PapuaProv,25.06092643737793
Footwear,dom,NAD,7.401940822601318
Footwear,dom,SumUt,5.698740482330322
Footwear,dom,SumBar,4.774840831756592
Footwear,dom,RiauProv,5.007101058959961
Footwear,dom,KepRi,5.991890907287598
Footwear,dom,Jambi,4.0042877197265625
Footwear,dom,SumSel,2.9001901149749756
Footwear,dom,BaBel,4.293130874633789
Footwear,dom,Bengkulu,3.5620017051696777
Footwear,dom,Lampung,1.9575539827346802
Footwear,dom,DKI,0.44522637128829956
Footwear,dom,JaBar,0.2586730122566223
Footwear,dom,Banten,0.17815668880939484
Footwear,dom,JaTeng,0.22351662814617157
Footwear,dom,DIY,0.8319208025932312
Footwear,dom,JaTim,0.629372239112854
Footwear,dom,KalBar,7.048746109008789
Footwear,dom,KalTeng,7.0091047286987305
Footwear,dom,KalSel,7.172288417816162
Footwear,dom,KalTim,8.630127906799316
Footwear,dom,KalUt,9.348422050476074
Footwear,dom,SulUt,12.916794776916504
Footwear,dom,Gorontalo,12.268832206726074
Footwear,dom,SulTeng,11.429025650024414
Footwear,dom,SulaSel,10.665136337280273
Footwear,dom,SulBar,10.137396812438965
Footwear,dom,SulTra,11.517207145690918
Footwear,dom,Bali,2.8702681064605713
Footwear,dom,NTB,6.5188422203063965
Footwear,dom,NTT,9.781542778015137
Footwear,dom,Maluku,18.78605842590332
Footwear,dom,MalUt,16.596559524536133
Footwear,dom,PapuaBar,21.383211135864258
Footwear,dom,PapuaProv,26.94194221496582
Footwear,imp,NAD,7.996400356292725
Footwear,imp,SumUt,6.601541519165039
Footwear,imp,SumBar,4.921795845031738
Footwear,imp,RiauProv,5.207139015197754
Footwear,imp,KepRi,2.856843948364258
Footwear,imp,Jambi,4.195089340209961
Footwear,imp,SumSel,3.2044153213500977
Footwear,imp,BaBel,4.033567428588867
Footwear,imp,Bengkulu,3.7589476108551025
Footwear,imp,Lampung,2.259186029434204
Footwear,imp,DKI,0.17638538777828217
Footwear,imp,JaBar,0.5152826309204102
Footwear,imp,Banten,0.3754027485847473
Footwear,imp,JaTeng,1.142967939376831
Footwear,imp,DIY,1.2091104984283447
Footwear,imp,JaTim,0.920703113079071
Footwear,imp,KalBar,6.5633015632629395
Footwear,imp,KalTeng,7.0664143562316895
Footwear,imp,KalSel,7.485297203063965
Footwear,imp,KalTim,8.650229454040527
Footwear,imp,KalUt,9.189889907836914
Footwear,imp,SulUt,13.247359275817871
Footwear,imp,Gorontalo,12.615402221679688
Footwear,imp,SulTeng,11.809493064880371
Footwear,imp,SulaSel,11.026847839355469
Footwear,imp,SulBar,10.551124572753906
Footwear,imp,SulTra,11.904318809509277
Footwear,imp,Bali,5.104464530944824
Footwear,imp,NTB,7.339941501617432
Footwear,imp,NTT,10.416906356811523
Footwear,imp,Maluku,18.90174674987793
Footwear,imp,MalUt,16.852815628051758
Footwear,imp,PapuaBar,21.122339248657227
Footwear,imp,PapuaProv,26.370220184326172
SawMill,dom,NAD,1.1120423078536987
SawMill,dom,SumUt,4.257406711578369
SawMill,dom,SumBar,6.907153606414795
SawMill,dom,RiauProv,6.977997779846191
SawMill,dom,KepRi,10.403119087219238
SawMill,dom,Jambi,0.585412323474884
SawMill,dom,SumSel,6.042425155639648
SawMill,dom,BaBel,9.300538063049316
SawMill,dom,Bengkulu,7.710006237030029
SawMill,dom,Lampung,5.093997001647949
SawMill,dom,DKI,4.570099353790283
SawMill,dom,JaBar,2.56917142868042
SawMill,dom,Banten,5.553761959075928
SawMill,dom,JaTeng,0.22634267807006836
SawMill,dom,DIY,1.1639678478240967
SawMill,dom,JaTim,1.2924009561538696
SawMill,dom,KalBar,4.107580184936523
SawMill,dom,KalTeng,3.512347936630249
SawMill,dom,KalSel,2.3898673057556152
SawMill,dom,KalTim,1.6895592212677002
SawMill,dom,KalUt,0.5705665946006775
SawMill,dom,SulUt,0.5804548859596252
SawMill,dom,Gorontalo,1.886322259902954
SawMill,dom,SulTeng,0.43151766061782837
SawMill,dom,SulaSel,1.4557164907455444
SawMill,dom,SulBar,2.4229371547698975
SawMill,dom,SulTra,0.4967746138572693
SawMill,dom,Bali,1.3454596996307373
SawMill,dom,NTB,1.1700085401535034
SawMill,dom,NTT,1.7761119604110718
SawMill,dom,Maluku,3.0613908767700195
SawMill,dom,MalUt,1.9235129356384277
SawMill,dom,PapuaBar,1.8310353755950928
SawMill,dom,PapuaProv,4.929390907287598
SawMill,imp,NAD,2.227861166000366
SawMill,imp,SumUt,0.8720871806144714
SawMill,imp,SumBar,2.77003812789917
SawMill,imp,RiauProv,2.3798787593841553
SawMill,imp,KepRi,9.157906532287598
SawMill,imp,Jambi,3.342076063156128
SawMill,imp,SumSel,3.3672263622283936
SawMill,imp,BaBel,4.573258876800537
SawMill,imp,Bengkulu,3.541341781616211
SawMill,imp,Lampung,2.78523588180542
SawMill,imp,DKI,0.1793028712272644
SawMill,imp,JaBar,0.6920855641365051
SawMill,imp,Banten,0.4886619746685028
SawMill,imp,JaTeng,0.1776268631219864
SawMill,imp,DIY,0.6898390650749207
SawMill,imp,JaTim,0.5026489496231079
SawMill,imp,KalBar,7.607463359832764
SawMill,imp,KalTeng,7.559523582458496
SawMill,imp,KalSel,7.740020275115967
SawMill,imp,KalTim,9.181056022644043
SawMill,imp,KalUt,9.881437301635742
SawMill,imp,SulUt,13.881796836853027
SawMill,imp,Gorontalo,13.211919784545898
SawMill,imp,SulTeng,12.374488830566406
SawMill,imp,SulaSel,11.528759002685547
SawMill,imp,SulBar,11.060870170593262
SawMill,imp,SulTra,12.47105884552002
SawMill,imp,Bali,4.788013458251953
SawMill,imp,NTB,7.31140661239624
SawMill,imp,NTT,10.696573257446289
SawMill,imp,Maluku,19.9396915435791
SawMill,imp,MalUt,17.6669979095459
SawMill,imp,PapuaBar,22.55646514892578
SawMill,imp,PapuaProv,28.298662185668945
Plywood,dom,NAD,8.487333297729492
Plywood,dom,SumUt,5.930150985717773
Plywood,dom,SumBar,4.160651206970215
Plywood,dom,RiauProv,4.493295192718506
Plywood,dom,KepRi,7.5956621170043945
Plywood,dom,Jambi,0.43104609847068787
Plywood,dom,SumSel,3.031805992126465
Plywood,dom,BaBel,4.486508369445801
Plywood,dom,Bengkulu,3.7529549598693848
Plywood,dom,Lampung,0.5334697961807251
Plywood,dom,DKI,2.200854778289795
Plywood,dom,JaBar,1.4786553382873535
Plywood,dom,Banten,2.6980090141296387
Plywood,dom,JaTeng,0.16359755396842957
Plywood,dom,DIY,0.4121570289134979
Plywood,dom,JaTim,0.4113966226577759
Plywood,dom,KalBar,0.6520344614982605
Plywood,dom,KalTeng,0.5783808827400208
Plywood,dom,KalSel,0.573477566242218
Plywood,dom,KalTim,0.6722986698150635
Plywood,dom,KalUt,1.5453280210494995
Plywood,dom,SulUt,7.8467864990234375
Plywood,dom,Gorontalo,6.6900224685668945
Plywood,dom,SulTeng,0.4851709008216858
Plywood,dom,SulaSel,0.7188293933868408
Plywood,dom,SulBar,3.896822452545166
Plywood,dom,SulTra,5.93483304977417
Plywood,dom,Bali,3.931413173675537
Plywood,dom,NTB,5.6532793045043945
Plywood,dom,NTT,8.359268188476562
Plywood,dom,Maluku,7.140854835510254
Plywood,dom,MalUt,11.460074424743652
Plywood,dom,PapuaBar,7.86850118637085
Plywood,dom,PapuaProv,3.501288890838623
Plywood,imp,NAD,2.76997971534729
Plywood,imp,SumUt,0.7970390319824219
Plywood,imp,SumBar,3.0801455974578857
Plywood,imp,RiauProv,2.72580623626709
Plywood,imp,KepRi,2.531151533126831
Plywood,imp,Jambi,3.7375574111938477
Plywood,imp,SumSel,3.9689369201660156
Plywood,imp,BaBel,5.182983875274658
Plywood,imp,Bengkulu,4.0743489265441895
Plywood,imp,Lampung,3.4330356121063232
Plywood,imp,DKI,0.18327602744102478
Plywood,imp,JaBar,0.9703935384750366
Plywood,imp,Banten,0.7221981287002563
Plywood,imp,JaTeng,0.45367705821990967
Plywood,imp,DIY,0.849812388420105
Plywood,imp,JaTim,0.4023447036743164
Plywood,imp,KalBar,6.804437637329102
Plywood,imp,KalTeng,6.540750980377197
Plywood,imp,KalSel,6.4926533699035645
Plywood,imp,KalTim,7.965691089630127
Plywood,imp,KalUt,8.782153129577637
Plywood,imp,SulUt,12.555889129638672
Plywood,imp,Gorontalo,11.721989631652832
Plywood,imp,SulTeng,10.873690605163574
Plywood,imp,SulaSel,10.268681526184082
Plywood,imp,SulBar,9.371474266052246
Plywood,imp,SulTra,11.037336349487305
Plywood,imp,Bali,3.799070119857788
Plywood,imp,NTB,6.30756139755249
Plywood,imp,NTT,9.671537399291992
Plywood,imp,Maluku,18.68307876586914
Plywood,imp,MalUt,16.387548446655273
Plywood,imp,PapuaBar,21.3020076751709
Plywood,imp,PapuaProv,27.058589935302734
WoodBuildMat,dom,NAD,6.4283833503723145
WoodBuildMat,dom,SumUt,3.3489537239074707
WoodBuildMat,dom,SumBar,0.40475383400917053
WoodBuildMat,dom,RiauProv,3.1798105239868164
WoodBuildMat,dom,KepRi,10.338846206665039
WoodBuildMat,dom,Jambi,1.6111606359481812
WoodBuildMat,dom,SumSel,3.0292396545410156
WoodBuildMat,dom,BaBel,0.9958526492118835
WoodBuildMat,dom,Bengkulu,3.877474546432495
WoodBuildMat,dom,Lampung,0.45989280939102173
WoodBuildMat,dom,DKI,1.9095876216888428
WoodBuildMat,dom,JaBar,1.223158597946167
WoodBuildMat,dom,Banten,2.3066210746765137
WoodBuildMat,dom,JaTeng,0.7470865845680237
WoodBuildMat,dom,DIY,0.7164645195007324
WoodBuildMat,dom,JaTim,0.3945567309856415
WoodBuildMat,dom,KalBar,4.6168928146362305
WoodBuildMat,dom,KalTeng,4.852075576782227
WoodBuildMat,dom,KalSel,4.574699401855469
WoodBuildMat,dom,KalTim,6.018499851226807
WoodBuildMat,dom,KalUt,7.043363571166992
WoodBuildMat,dom,SulUt,7.801159381866455
WoodBuildMat,dom,Gorontalo,0.5391402244567871
WoodBuildMat,dom,SulTeng,6.927448272705078
WoodBuildMat,dom,SulaSel,6.841011047363281
WoodBuildMat,dom,SulBar,7.265246868133545
WoodBuildMat,dom,SulTra,0.838463306427002
WoodBuildMat,dom,Bali,1.0771164894104004
WoodBuildMat,dom,NTB,1.5348314046859741
WoodBuildMat,dom,NTT,6.32566499710083
WoodBuildMat,dom,Maluku,4.787571430206299
WoodBuildMat,dom,MalUt,1.8697903156280518
WoodBuildMat,dom,PapuaBar,14.459228515625
WoodBuildMat,dom,PapuaProv,22.84955406188965
WoodBuildMat,imp,NAD,1.7223378419876099
WoodBuildMat,imp,SumUt,0.7433652877807617
WoodBuildMat,imp,SumBar,2.2545230388641357
WoodBuildMat,imp,RiauProv,1.8790935277938843
WoodBuildMat,imp,KepRi,3.1026666164398193
WoodBuildMat,imp,Jambi,3.0516433715820312
WoodBuildMat,imp,SumSel,3.741260290145874
WoodBuildMat,imp,BaBel,5.273697376251221
WoodBuildMat,imp,Bengkulu,3.580312728881836
WoodBuildMat,imp,Lampung,3.675532817840576
WoodBuildMat,imp,DKI,0.18956302106380463
WoodBuildMat,imp,JaBar,1.1097943782806396
WoodBuildMat,imp,Banten,0.8267733454704285
WoodBuildMat,imp,JaTeng,1.1711307764053345
WoodBuildMat,imp,DIY,1.1087963581085205
WoodBuildMat,imp,JaTim,0.4068976938724518
WoodBuildMat,imp,KalBar,0.940578043460846
WoodBuildMat,imp,KalTeng,7.107851505279541
WoodBuildMat,imp,KalSel,7.970794677734375
WoodBuildMat,imp,KalTim,9.177582740783691
WoodBuildMat,imp,KalUt,9.91928482055664
WoodBuildMat,imp,SulUt,13.218815803527832
WoodBuildMat,imp,Gorontalo,12.74173641204834
WoodBuildMat,imp,SulTeng,11.25800609588623
WoodBuildMat,imp,SulaSel,10.350428581237793
WoodBuildMat,imp,SulBar,10.644771575927734
WoodBuildMat,imp,SulTra,2.4160618782043457
WoodBuildMat,imp,Bali,5.130913734436035
WoodBuildMat,imp,NTB,8.054773330688477
WoodBuildMat,imp,NTT,11.589688301086426
WoodBuildMat,imp,Maluku,12.578041076660156
WoodBuildMat,imp,MalUt,14.191473960876465
WoodBuildMat,imp,PapuaBar,2.447573184967041
WoodBuildMat,imp,PapuaProv,20.221111297607422
OthWoodPrdn,dom,NAD,1.2222096920013428
OthWoodPrdn,dom,SumUt,1.0466208457946777
OthWoodPrdn,dom,SumBar,0.4881375730037689
OthWoodPrdn,dom,RiauProv,4.410306930541992
OthWoodPrdn,dom,KepRi,7.182965278625488
OthWoodPrdn,dom,Jambi,0.4580799341201782
OthWoodPrdn,dom,SumSel,3.9742259979248047
OthWoodPrdn,dom,BaBel,5.060311794281006
OthWoodPrdn,dom,Bengkulu,4.218385696411133
OthWoodPrdn,dom,Lampung,3.4904611110687256
OthWoodPrdn,dom,DKI,0.811442494392395
OthWoodPrdn,dom,JaBar,0.2664715051651001
OthWoodPrdn,dom,Banten,0.8902633190155029
OthWoodPrdn,dom,JaTeng,1.0008865594863892
OthWoodPrdn,dom,DIY,0.1689206063747406
OthWoodPrdn,dom,JaTim,1.1015220880508423
OthWoodPrdn,dom,KalBar,7.017057418823242
OthWoodPrdn,dom,KalTeng,6.300513744354248
OthWoodPrdn,dom,KalSel,5.188900947570801
OthWoodPrdn,dom,KalTim,7.09883975982666
OthWoodPrdn,dom,KalUt,8.18647289276123
OthWoodPrdn,dom,SulUt,5.930164813995361
OthWoodPrdn,dom,Gorontalo,4.747640132904053
OthWoodPrdn,dom,SulTeng,0.8095173239707947
OthWoodPrdn,dom,SulaSel,5.2080793380737305
OthWoodPrdn,dom,SulBar,6.195301055908203
OthWoodPrdn,dom,SulTra,4.8904709815979
OthWoodPrdn,dom,Bali,1.035036325454712
OthWoodPrdn,dom,NTB,1.04483962059021
OthWoodPrdn,dom,NTT,4.6853928565979
OthWoodPrdn,dom,Maluku,12.106756210327148
OthWoodPrdn,dom,MalUt,2.3749680519104004
OthWoodPrdn,dom,PapuaBar,15.6031494140625
OthWoodPrdn,dom,PapuaProv,22.302797317504883
OthWoodPrdn,imp,NAD,1.799551010131836
OthWoodPrdn,imp,SumUt,0.7294486165046692
OthWoodPrdn,imp,SumBar,2.281454563140869
OthWoodPrdn,imp,RiauProv,1.9352155923843384
OthWoodPrdn,imp,KepRi,2.4047391414642334
OthWoodPrdn,imp,Jambi,3.058168888092041
OthWoodPrdn,imp,SumSel,3.7923288345336914
OthWoodPrdn,imp,BaBel,5.2330169677734375
OthWoodPrdn,imp,Bengkulu,3.620466470718384
OthWoodPrdn,imp,Lampung,3.8358423709869385
OthWoodPrdn,imp,DKI,0.18145373463630676
OthWoodPrdn,imp,JaBar,0.2580021321773529
OthWoodPrdn,imp,Banten,1.0332272052764893
OthWoodPrdn,imp,JaTeng,0.17106680572032928
OthWoodPrdn,imp,DIY,0.7472297549247742
OthWoodPrdn,imp,JaTim,0.7225890755653381
OthWoodPrdn,imp,KalBar,7.079712390899658
OthWoodPrdn,imp,KalTeng,7.723456382751465
OthWoodPrdn,imp,KalSel,8.324272155761719
OthWoodPrdn,imp,KalTim,9.238386154174805
OthWoodPrdn,imp,KalUt,9.556352615356445
OthWoodPrdn,imp,SulUt,14.646072387695312
OthWoodPrdn,imp,Gorontalo,13.472678184509277
OthWoodPrdn,imp,SulTeng,13.044588088989258
OthWoodPrdn,imp,SulaSel,12.408088684082031
OthWoodPrdn,imp,SulBar,11.77760124206543
OthWoodPrdn,imp,SulTra,13.26869010925293
OthWoodPrdn,imp,Bali,5.999659538269043
OthWoodPrdn,imp,NTB,8.901622772216797
OthWoodPrdn,imp,NTT,12.453320503234863
OthWoodPrdn,imp,Maluku,20.879127502441406
OthWoodPrdn,imp,MalUt,18.555423736572266
OthWoodPrdn,imp,PapuaBar,23.3680419921875
OthWoodPrdn,imp,PapuaProv,29.25531578063965
PaperPulp,dom,NAD,3.2397522926330566
PaperPulp,dom,SumUt,1.5748472213745117
PaperPulp,dom,SumBar,0.8160185217857361
PaperPulp,dom,RiauProv,0.40071535110473633
PaperPulp,dom,KepRi,6.963690757751465
PaperPulp,dom,Jambi,0.4705769419670105
PaperPulp,dom,SumSel,0.44252070784568787
PaperPulp,dom,BaBel,3.609217882156372
PaperPulp,dom,Bengkulu,1.5386580228805542
PaperPulp,dom,Lampung,2.3422353267669678
PaperPulp,dom,DKI,4.320397853851318
PaperPulp,dom,JaBar,4.878978729248047
PaperPulp,dom,Banten,4.215484619140625
PaperPulp,dom,JaTeng,6.185079097747803
PaperPulp,dom,DIY,6.032448768615723
PaperPulp,dom,JaTim,6.943824768066406
PaperPulp,dom,KalBar,5.021910190582275
PaperPulp,dom,KalTeng,3.552694320678711
PaperPulp,dom,KalSel,2.8918533325195312
PaperPulp,dom,KalTim,0.5896556973457336
PaperPulp,dom,KalUt,2.166179656982422
PaperPulp,dom,SulUt,11.878108978271484
PaperPulp,dom,Gorontalo,10.205066680908203
PaperPulp,dom,SulTeng,10.004257202148438
PaperPulp,dom,SulaSel,8.749910354614258
PaperPulp,dom,SulBar,7.781539440155029
PaperPulp,dom,SulTra,9.904532432556152
PaperPulp,dom,Bali,8.985276222229004
PaperPulp,dom,NTB,10.646147727966309
PaperPulp,dom,NTT,13.043157577514648
PaperPulp,dom,Maluku,19.35589599609375
PaperPulp,dom,MalUt,16.278553009033203
PaperPulp,dom,PapuaBar,21.89107322692871
PaperPulp,dom,PapuaProv,9.950469017028809
PaperPulp,imp,NAD,6.928307056427002
PaperPulp,imp,SumUt,6.281733512878418
PaperPulp,imp,SumBar,2.7651264667510986
PaperPulp,imp,RiauProv,4.396666049957275
PaperPulp,imp,KepRi,9.321044921875
PaperPulp,imp,Jambi,1.088460087776184
PaperPulp,imp,SumSel,3.041663885116577
PaperPulp,imp,BaBel,4.04545783996582
PaperPulp,imp,Bengkulu,3.3986618518829346
PaperPulp,imp,Lampung,2.2964954376220703
PaperPulp,imp,DKI,0.1783408522605896
PaperPulp,imp,JaBar,0.5194485187530518
PaperPulp,imp,Banten,0.38169193267822266
PaperPulp,imp,JaTeng,1.2982354164123535
PaperPulp,imp,DIY,1.2972793579101562
PaperPulp,imp,JaTim,1.0749319791793823
PaperPulp,imp,KalBar,6.598042964935303
PaperPulp,imp,KalTeng,5.546463966369629
PaperPulp,imp,KalSel,0.5947897434234619
PaperPulp,imp,KalTim,7.240528106689453
PaperPulp,imp,KalUt,8.587615013122559
PaperPulp,imp,SulUt,12.676444053649902
PaperPulp,imp,Gorontalo,12.012726783752441
PaperPulp,imp,SulTeng,11.110227584838867
PaperPulp,imp,SulaSel,10.254854202270508
PaperPulp,imp,SulBar,9.752211570739746
PaperPulp,imp,SulTra,11.240172386169434
PaperPulp,imp,Bali,4.511961460113525
PaperPulp,imp,NTB,6.774452209472656
PaperPulp,imp,NTT,9.857154846191406
PaperPulp,imp,Maluku,18.702842712402344
PaperPulp,imp,MalUt,16.454675674438477
PaperPulp,imp,PapuaBar,21.301715850830078
PaperPulp,imp,PapuaProv,26.939729690551758
Paper,dom,NAD,2.902507781982422
Paper,dom,SumUt,1.2008968591690063
Paper,dom,SumBar,0.7963581681251526
Paper,dom,RiauProv,0.38068920373916626
Paper,dom,KepRi,6.07877254486084
Paper,dom,Jambi,1.226594090461731
Paper,dom,SumSel,2.2068045139312744
Paper,dom,BaBel,4.277912616729736
Paper,dom,Bengkulu,2.07726788520813
Paper,dom,Lampung,2.8804590702056885
Paper,dom,DKI,2.063077688217163
Paper,dom,JaBar,0.2703302800655365
Paper,dom,Banten,0.23411546647548676
Paper,dom,JaTeng,1.1318773031234741
Paper,dom,DIY,0.23620560765266418
Paper,dom,JaTim,0.40477102994918823
Paper,dom,KalBar,7.019536018371582
Paper,dom,KalTeng,8.101280212402344
Paper,dom,KalSel,8.393604278564453
Paper,dom,KalTim,9.390260696411133
Paper,dom,KalUt,9.989402770996094
Paper,dom,SulUt,10.562899589538574
Paper,dom,Gorontalo,11.184558868408203
Paper,dom,SulTeng,12.414820671081543
Paper,dom,SulaSel,11.841887474060059
Paper,dom,SulBar,10.93371868133545
Paper,dom,SulTra,12.48097038269043
Paper,dom,Bali,3.999988317489624
Paper,dom,NTB,7.174180507659912
Paper,dom,NTT,9.610547065734863
Paper,dom,Maluku,20.721834182739258
Paper,dom,MalUt,18.155595779418945
Paper,dom,PapuaBar,23.463329315185547
Paper,dom,PapuaProv,29.496503829956055
Paper,imp,NAD,5.489993095397949
Paper,imp,SumUt,2.0788474082946777
Paper,imp,SumBar,0.4054830074310303
Paper,imp,RiauProv,0.6705845594406128
Paper,imp,KepRi,2.478058099746704
Paper,imp,Jambi,3.539909601211548
Paper,imp,SumSel,3.3906302452087402
Paper,imp,BaBel,4.363348960876465
Paper,imp,Bengkulu,3.768562078475952
Paper,imp,Lampung,2.5262019634246826
Paper,imp,DKI,0.1774776726961136
Paper,imp,JaBar,0.5664806365966797
Paper,imp,Banten,0.43187910318374634
Paper,imp,JaTeng,0.7359353303909302
Paper,imp,DIY,0.9967659711837769
Paper,imp,JaTim,0.5281676054000854
Paper,imp,KalBar,5.52197265625
Paper,imp,KalTeng,6.39441442489624
Paper,imp,KalSel,6.675447463989258
Paper,imp,KalTim,7.96173620223999
Paper,imp,KalUt,8.621001243591309
Paper,imp,SulUt,11.799748420715332
Paper,imp,Gorontalo,10.731778144836426
Paper,imp,SulTeng,7.982626438140869
Paper,imp,SulaSel,2.3787894248962402
Paper,imp,SulBar,4.977506637573242
Paper,imp,SulTra,8.468452453613281
Paper,imp,Bali,4.978890419006348
Paper,imp,NTB,7.337156295776367
Paper,imp,NTT,10.374360084533691
Paper,imp,Maluku,18.66584014892578
Paper,imp,MalUt,16.307666778564453
Paper,imp,PapuaBar,21.296375274658203
Paper,imp,PapuaProv,27.06988525390625
PaperPrd,dom,NAD,3.8261773586273193
PaperPrd,dom,SumUt,0.9978774785995483
PaperPrd,dom,SumBar,3.596437454223633
PaperPrd,dom,RiauProv,3.435034990310669
PaperPrd,dom,KepRi,2.930234432220459
PaperPrd,dom,Jambi,3.4645473957061768
PaperPrd,dom,SumSel,2.6216843128204346
PaperPrd,dom,BaBel,4.169103145599365
PaperPrd,dom,Bengkulu,3.2429349422454834
PaperPrd,dom,Lampung,1.7080706357955933
PaperPrd,dom,DKI,0.308552622795105
PaperPrd,dom,JaBar,0.26888298988342285
PaperPrd,dom,Banten,0.17650681734085083
PaperPrd,dom,JaTeng,0.989136815071106
PaperPrd,dom,DIY,1.2893238067626953
PaperPrd,dom,JaTim,0.6277492046356201
PaperPrd,dom,KalBar,7.160192966461182
PaperPrd,dom,KalTeng,7.43668794631958
PaperPrd,dom,KalSel,7.691251277923584
PaperPrd,dom,KalTim,8.995208740234375
PaperPrd,dom,KalUt,9.622350692749023
PaperPrd,dom,SulUt,12.576668739318848
PaperPrd,dom,Gorontalo,11.596359252929688
PaperPrd,dom,SulTeng,11.0595064163208
PaperPrd,dom,SulaSel,9.280280113220215
PaperPrd,dom,SulBar,6.24793004989624
PaperPrd,dom,SulTra,9.584489822387695
PaperPrd,dom,Bali,4.579296112060547
PaperPrd,dom,NTB,7.176358222961426
PaperPrd,dom,NTT,10.407842636108398
PaperPrd,dom,Maluku,19.206987380981445
PaperPrd,dom,MalUt,16.91438865661621
PaperPrd,dom,PapuaBar,21.844043731689453
PaperPrd,dom,PapuaProv,27.55585479736328
PaperPrd,imp,NAD,7.89639139175415
PaperPrd,imp,SumUt,6.484958171844482
PaperPrd,imp,SumBar,4.7212677001953125
PaperPrd,imp,RiauProv,5.177204132080078
PaperPrd,imp,KepRi,2.609686851501465
PaperPrd,imp,Jambi,4.397956848144531
PaperPrd,imp,SumSel,3.4269423484802246
PaperPrd,imp,BaBel,4.319326877593994
PaperPrd,imp,Bengkulu,3.986361026763916
PaperPrd,imp,Lampung,2.4304516315460205
PaperPrd,imp,DKI,0.17773234844207764
PaperPrd,imp,JaBar,0.5760514736175537
PaperPrd,imp,Banten,0.41164645552635193
PaperPrd,imp,JaTeng,0.7103946805000305
PaperPrd,imp,DIY,1.0437296628952026
PaperPrd,imp,JaTim,0.45509299635887146
PaperPrd,imp,KalBar,6.268191337585449
PaperPrd,imp,KalTeng,6.609557151794434
PaperPrd,imp,KalSel,6.915771961212158
PaperPrd,imp,KalTim,8.153022766113281
PaperPrd,imp,KalUt,8.766850471496582
PaperPrd,imp,SulUt,12.79023265838623
PaperPrd,imp,Gorontalo,12.141924858093262
PaperPrd,imp,SulTeng,11.345093727111816
PaperPrd,imp,SulaSel,10.538534164428711
PaperPrd,imp,SulBar,10.093161582946777
PaperPrd,imp,SulTra,11.438180923461914
PaperPrd,imp,Bali,4.40824031829834
PaperPrd,imp,NTB,6.779992580413818
PaperPrd,imp,NTT,9.952281951904297
PaperPrd,imp,Maluku,18.65426254272461
PaperPrd,imp,MalUt,16.457822799682617
PaperPrd,imp,PapuaBar,21.18238639831543
PaperPrd,imp,PapuaProv,26.78775978088379
PrintedPrd,dom,NAD,6.692245006561279
PrintedPrd,dom,SumUt,7.243325710296631
PrintedPrd,dom,SumBar,5.718240737915039
PrintedPrd,dom,RiauProv,6.174530982971191
PrintedPrd,dom,KepRi,10.125991821289062
PrintedPrd,dom,Jambi,5.6005940437316895
PrintedPrd,dom,SumSel,4.624752521514893
PrintedPrd,dom,BaBel,2.5660922527313232
PrintedPrd,dom,Bengkulu,4.895910739898682
PrintedPrd,dom,Lampung,4.015102386474609
PrintedPrd,dom,DKI,0.5379436612129211
PrintedPrd,dom,JaBar,0.6968977451324463
PrintedPrd,dom,Banten,1.2399667501449585
PrintedPrd,dom,JaTeng,0.7646360397338867
PrintedPrd,dom,DIY,0.38767755031585693
PrintedPrd,dom,JaTim,0.39182522892951965
PrintedPrd,dom,KalBar,6.196395397186279
PrintedPrd,dom,KalTeng,4.248671531677246
PrintedPrd,dom,KalSel,3.7207067012786865
PrintedPrd,dom,KalTim,5.890463829040527
PrintedPrd,dom,KalUt,5.91361665725708
PrintedPrd,dom,SulUt,1.0070806741714478
PrintedPrd,dom,Gorontalo,5.622345924377441
PrintedPrd,dom,SulTeng,7.3239922523498535
PrintedPrd,dom,SulaSel,7.010093688964844
PrintedPrd,dom,SulBar,7.529817581176758
PrintedPrd,dom,SulTra,7.729278087615967
PrintedPrd,dom,Bali,1.8982560634613037
PrintedPrd,dom,NTB,3.4953341484069824
PrintedPrd,dom,NTT,7.401463985443115
PrintedPrd,dom,Maluku,13.67232894897461
PrintedPrd,dom,MalUt,10.698165893554688
PrintedPrd,dom,PapuaBar,12.486762046813965
PrintedPrd,dom,PapuaProv,15.216289520263672
PrintedPrd,imp,NAD,7.3678178787231445
PrintedPrd,imp,SumUt,6.327871799468994
PrintedPrd,imp,SumBar,4.645413875579834
PrintedPrd,imp,RiauProv,4.94888162612915
PrintedPrd,imp,KepRi,3.6712629795074463
PrintedPrd,imp,Jambi,3.9358327388763428
PrintedPrd,imp,SumSel,2.965668201446533
PrintedPrd,imp,BaBel,3.856804847717285
PrintedPrd,imp,Bengkulu,3.5055041313171387
PrintedPrd,imp,Lampung,2.0683908462524414
PrintedPrd,imp,DKI,0.17620506882667542
PrintedPrd,imp,JaBar,0.49747800827026367
PrintedPrd,imp,Banten,0.35661938786506653
PrintedPrd,imp,JaTeng,1.4103870391845703
PrintedPrd,imp,DIY,1.6408358812332153
PrintedPrd,imp,JaTim,0.7233569025993347
PrintedPrd,imp,KalBar,6.829982280731201
PrintedPrd,imp,KalTeng,7.223184585571289
PrintedPrd,imp,KalSel,7.619000434875488
PrintedPrd,imp,KalTim,8.899250030517578
PrintedPrd,imp,KalUt,9.392043113708496
PrintedPrd,imp,SulUt,13.330204010009766
PrintedPrd,imp,Gorontalo,12.698808670043945
PrintedPrd,imp,SulTeng,11.898005485534668
PrintedPrd,imp,SulaSel,11.10242748260498
PrintedPrd,imp,SulBar,10.656453132629395
PrintedPrd,imp,SulTra,11.979097366333008
PrintedPrd,imp,Bali,4.709753036499023
PrintedPrd,imp,NTB,7.050676345825195
PrintedPrd,imp,NTT,10.246771812438965
PrintedPrd,imp,Maluku,19.089580535888672
PrintedPrd,imp,MalUt,16.937623977661133
PrintedPrd,imp,PapuaBar,21.56696319580078
PrintedPrd,imp,PapuaProv,27.138431549072266
OthNMmetlPrd,dom,NAD,7.246091842651367
OthNMmetlPrd,dom,SumUt,1.7408093214035034
OthNMmetlPrd,dom,SumBar,0.6032109260559082
OthNMmetlPrd,dom,RiauProv,3.797379732131958
OthNMmetlPrd,dom,KepRi,7.828045845031738
OthNMmetlPrd,dom,Jambi,4.117117404937744
OthNMmetlPrd,dom,SumSel,3.4732887744903564
OthNMmetlPrd,dom,BaBel,1.0152556896209717
OthNMmetlPrd,dom,Bengkulu,4.6757121086120605
OthNMmetlPrd,dom,Lampung,0.5298984050750732
OthNMmetlPrd,dom,DKI,0.9822641015052795
OthNMmetlPrd,dom,JaBar,0.3271101117134094
OthNMmetlPrd,dom,Banten,0.20255693793296814
OthNMmetlPrd,dom,JaTeng,0.16288600862026215
OthNMmetlPrd,dom,DIY,0.1698303520679474
OthNMmetlPrd,dom,JaTim,0.4941871464252472
OthNMmetlPrd,dom,KalBar,4.737814426422119
OthNMmetlPrd,dom,KalTeng,5.047683238983154
OthNMmetlPrd,dom,KalSel,3.4404635429382324
OthNMmetlPrd,dom,KalTim,4.657902717590332
OthNMmetlPrd,dom,KalUt,4.687784194946289
OthNMmetlPrd,dom,SulUt,1.4851291179656982
OthNMmetlPrd,dom,Gorontalo,1.5378732681274414
OthNMmetlPrd,dom,SulTeng,0.4283977448940277
OthNMmetlPrd,dom,SulaSel,0.24568632245063782
OthNMmetlPrd,dom,SulBar,0.5911837220191956
OthNMmetlPrd,dom,SulTra,0.7838384509086609
OthNMmetlPrd,dom,Bali,1.1222789287567139
OthNMmetlPrd,dom,NTB,1.3207955360412598
OthNMmetlPrd,dom,NTT,4.24631404876709
OthNMmetlPrd,dom,Maluku,8.557915687561035
OthNMmetlPrd,dom,MalUt,7.171332836151123
OthNMmetlPrd,dom,PapuaBar,12.162809371948242
OthNMmetlPrd,dom,PapuaProv,19.3208065032959
OthNMmetlPrd,imp,NAD,8.523918151855469
OthNMmetlPrd,imp,SumUt,1.6181784868240356
OthNMmetlPrd,imp,SumBar,7.099873065948486
OthNMmetlPrd,imp,RiauProv,6.656389236450195
OthNMmetlPrd,imp,KepRi,2.624656915664673
OthNMmetlPrd,imp,Jambi,7.5764851570129395
OthNMmetlPrd,imp,SumSel,6.109828948974609
OthNMmetlPrd,imp,BaBel,7.861357688903809
OthNMmetlPrd,imp,Bengkulu,7.445245742797852
OthNMmetlPrd,imp,Lampung,5.606168746948242
OthNMmetlPrd,imp,DKI,0.2599824070930481
OthNMmetlPrd,imp,JaBar,1.4234055280685425
OthNMmetlPrd,imp,Banten,0.9322759509086609
OthNMmetlPrd,imp,JaTeng,0.7308223843574524
OthNMmetlPrd,imp,DIY,2.735309600830078
OthNMmetlPrd,imp,JaTim,1.2853587865829468
OthNMmetlPrd,imp,KalBar,6.796172142028809
OthNMmetlPrd,imp,KalTeng,6.640676975250244
OthNMmetlPrd,imp,KalSel,6.249067783355713
OthNMmetlPrd,imp,KalTim,6.037692070007324
OthNMmetlPrd,imp,KalUt,6.837559700012207
OthNMmetlPrd,imp,SulUt,1.881333589553833
OthNMmetlPrd,imp,Gorontalo,1.5027921199798584
OthNMmetlPrd,imp,SulTeng,0.4306353032588959
OthNMmetlPrd,imp,SulaSel,1.2503156661987305
OthNMmetlPrd,imp,SulBar,1.8557829856872559
OthNMmetlPrd,imp,SulTra,0.5756366848945618
OthNMmetlPrd,imp,Bali,7.57341194152832
OthNMmetlPrd,imp,NTB,7.235848903656006
OthNMmetlPrd,imp,NTT,7.676090717315674
OthNMmetlPrd,imp,Maluku,5.629461288452148
OthNMmetlPrd,imp,MalUt,1.8316594362258911
OthNMmetlPrd,imp,PapuaBar,5.751806735992432
OthNMmetlPrd,imp,PapuaProv,10.640766143798828
OilAndGasRef,dom,NAD,4.366577625274658
OilAndGasRef,dom,SumUt,2.323716163635254
OilAndGasRef,dom,SumBar,1.101935863494873
OilAndGasRef,dom,RiauProv,0.3893190026283264
OilAndGasRef,dom,KepRi,6.6259541511535645
OilAndGasRef,dom,Jambi,0.43562638759613037
OilAndGasRef,dom,SumSel,0.4379156231880188
OilAndGasRef,dom,BaBel,3.6731245517730713
OilAndGasRef,dom,Bengkulu,1.6776460409164429
OilAndGasRef,dom,Lampung,1.8691635131835938
OilAndGasRef,dom,DKI,2.507176399230957
OilAndGasRef,dom,JaBar,0.49268558621406555
OilAndGasRef,dom,Banten,2.917377233505249
OilAndGasRef,dom,JaTeng,0.17810148000717163
OilAndGasRef,dom,DIY,0.8051273822784424
OilAndGasRef,dom,JaTim,2.47017502784729
OilAndGasRef,dom,KalBar,3.6924514770507812
OilAndGasRef,dom,KalTeng,2.5874862670898438
OilAndGasRef,dom,KalSel,2.5168368816375732
OilAndGasRef,dom,KalTim,0.8147503733634949
OilAndGasRef,dom,KalUt,1.658886432647705
OilAndGasRef,dom,SulUt,9.08685302734375
OilAndGasRef,dom,Gorontalo,8.0504789352417
OilAndGasRef,dom,SulTeng,7.410168647766113
OilAndGasRef,dom,SulaSel,6.3365349769592285
OilAndGasRef,dom,SulBar,5.728102684020996
OilAndGasRef,dom,SulTra,7.531295299530029
OilAndGasRef,dom,Bali,6.5925211906433105
OilAndGasRef,dom,NTB,8.348965644836426
OilAndGasRef,dom,NTT,10.649577140808105
OilAndGasRef,dom,Maluku,16.190227508544922
OilAndGasRef,dom,MalUt,13.479528427124023
OilAndGasRef,dom,PapuaBar,18.822036743164062
OilAndGasRef,dom,PapuaProv,25.217313766479492
OilAndGasRef,imp,NAD,6.500694274902344
OilAndGasRef,imp,SumUt,1.0008009672164917
OilAndGasRef,imp,SumBar,0.5368569493293762
OilAndGasRef,imp,RiauProv,2.731900691986084
OilAndGasRef,imp,KepRi,2.3242509365081787
OilAndGasRef,imp,Jambi,4.129498481750488
OilAndGasRef,imp,SumSel,2.8015732765197754
OilAndGasRef,imp,BaBel,3.7390894889831543
OilAndGasRef,imp,Bengkulu,3.981769561767578
OilAndGasRef,imp,Lampung,0.45414718985557556
OilAndGasRef,imp,DKI,0.20229758322238922
OilAndGasRef,imp,JaBar,2.1239285469055176
OilAndGasRef,imp,Banten,0.18257951736450195
OilAndGasRef,imp,JaTeng,2.0267670154571533
OilAndGasRef,imp,DIY,2.1225473880767822
OilAndGasRef,imp,JaTim,0.5256454348564148
OilAndGasRef,imp,KalBar,2.6390042304992676
OilAndGasRef,imp,KalTeng,2.5507819652557373
OilAndGasRef,imp,KalSel,0.5720935463905334
OilAndGasRef,imp,KalTim,1.685178518295288
OilAndGasRef,imp,KalUt,4.402748107910156
OilAndGasRef,imp,SulUt,6.540325164794922
OilAndGasRef,imp,Gorontalo,7.470147132873535
OilAndGasRef,imp,SulTeng,5.625920295715332
OilAndGasRef,imp,SulaSel,4.206117630004883
OilAndGasRef,imp,SulBar,5.029913902282715
OilAndGasRef,imp,SulTra,0.5543281435966492
OilAndGasRef,imp,Bali,6.709898471832275
OilAndGasRef,imp,NTB,8.293402671813965
OilAndGasRef,imp,NTT,9.126977920532227
OilAndGasRef,imp,Maluku,1.8700028657913208
OilAndGasRef,imp,MalUt,9.519572257995605
OilAndGasRef,imp,PapuaBar,9.8537015914917
OilAndGasRef,imp,PapuaProv,4.572576522827148
BasChemicals,dom,NAD,0.7495787143707275
BasChemicals,dom,SumUt,3.0437135696411133
BasChemicals,dom,SumBar,1.5320332050323486
BasChemicals,dom,RiauProv,0.41509300470352173
BasChemicals,dom,KepRi,2.354492425918579
BasChemicals,dom,Jambi,2.2083752155303955
BasChemicals,dom,SumSel,3.0672168731689453
BasChemicals,dom,BaBel,5.072842121124268
BasChemicals,dom,Bengkulu,3.4388034343719482
BasChemicals,dom,Lampung,0.543703019618988
BasChemicals,dom,DKI,0.4397570490837097
BasChemicals,dom,JaBar,0.24754002690315247
BasChemicals,dom,Banten,0.18729479610919952
BasChemicals,dom,JaTeng,1.4606173038482666
BasChemicals,dom,DIY,1.6669275760650635
BasChemicals,dom,JaTim,2.232774496078491
BasChemicals,dom,KalBar,3.6921985149383545
BasChemicals,dom,KalTeng,0.5866354703903198
BasChemicals,dom,KalSel,3.058596611022949
BasChemicals,dom,KalTim,0.5977432727813721
BasChemicals,dom,KalUt,2.6257894039154053
BasChemicals,dom,SulUt,4.681628704071045
BasChemicals,dom,Gorontalo,8.224445343017578
BasChemicals,dom,SulTeng,8.061838150024414
BasChemicals,dom,SulaSel,7.598726749420166
BasChemicals,dom,SulBar,7.145437717437744
BasChemicals,dom,SulTra,8.79705810546875
BasChemicals,dom,Bali,6.987309455871582
BasChemicals,dom,NTB,8.543893814086914
BasChemicals,dom,NTT,11.29206657409668
BasChemicals,dom,Maluku,17.139436721801758
BasChemicals,dom,MalUt,14.621101379394531
BasChemicals,dom,PapuaBar,19.934871673583984
BasChemicals,dom,PapuaProv,26.24779510498047
BasChemicals,imp,NAD,4.123750686645508
BasChemicals,imp,SumUt,0.8790150284767151
BasChemicals,imp,SumBar,2.20111346244812
BasChemicals,imp,RiauProv,0.8074202537536621
BasChemicals,imp,KepRi,2.6271235942840576
BasChemicals,imp,Jambi,2.9240870475769043
BasChemicals,imp,SumSel,2.4407992362976074
BasChemicals,imp,BaBel,4.069836139678955
BasChemicals,imp,Bengkulu,3.1820502281188965
BasChemicals,imp,Lampung,2.021754264831543
BasChemicals,imp,DKI,0.17624139785766602
BasChemicals,imp,JaBar,0.5804591178894043
BasChemicals,imp,Banten,0.24199600517749786
BasChemicals,imp,JaTeng,1.287041425704956
BasChemicals,imp,DIY,1.2521942853927612
BasChemicals,imp,JaTim,0.6409238576889038
BasChemicals,imp,KalBar,1.1629961729049683
BasChemicals,imp,KalTeng,6.115542411804199
BasChemicals,imp,KalSel,6.991826057434082
BasChemicals,imp,KalTim,6.675992488861084
BasChemicals,imp,KalUt,7.331192970275879
BasChemicals,imp,SulUt,12.627883911132812
BasChemicals,imp,Gorontalo,12.321857452392578
BasChemicals,imp,SulTeng,11.527975082397461
BasChemicals,imp,SulaSel,10.396491050720215
BasChemicals,imp,SulBar,7.933000087738037
BasChemicals,imp,SulTra,10.563996315002441
BasChemicals,imp,Bali,5.055510520935059
BasChemicals,imp,NTB,6.85935640335083
BasChemicals,imp,NTT,10.409354209899902
BasChemicals,imp,Maluku,18.98874282836914
BasChemicals,imp,MalUt,16.811859130859375
BasChemicals,imp,PapuaBar,21.531423568725586
BasChemicals,imp,PapuaProv,27.073640823364258
Fertilizer,dom,NAD,1.1837337017059326
Fertilizer,dom,SumUt,4.830882549285889
Fertilizer,dom,SumBar,2.803640604019165
Fertilizer,dom,RiauProv,2.777252197265625
Fertilizer,dom,KepRi,4.818568706512451
Fertilizer,dom,Jambi,1.6828594207763672
Fertilizer,dom,SumSel,0.44155755639076233
Fertilizer,dom,BaBel,3.2309296131134033
Fertilizer,dom,Bengkulu,1.4979325532913208
Fertilizer,dom,Lampung,1.4863592386245728
Fertilizer,dom,DKI,2.0613584518432617
Fertilizer,dom,JaBar,1.5018640756607056
Fertilizer,dom,Banten,0.20022058486938477
Fertilizer,dom,JaTeng,4.316622257232666
Fertilizer,dom,DIY,5.208317756652832
Fertilizer,dom,JaTim,4.367471218109131
Fertilizer,dom,KalBar,2.9142234325408936
Fertilizer,dom,KalTeng,2.0118651390075684
Fertilizer,dom,KalSel,1.957835078239441
Fertilizer,dom,KalTim,0.6370634436607361
Fertilizer,dom,KalUt,1.2840741872787476
Fertilizer,dom,SulUt,7.385743141174316
Fertilizer,dom,Gorontalo,6.4503889083862305
Fertilizer,dom,SulTeng,5.895977973937988
Fertilizer,dom,SulaSel,4.991158962249756
Fertilizer,dom,SulBar,4.3845930099487305
Fertilizer,dom,SulTra,5.99412727355957
Fertilizer,dom,Bali,6.774361610412598
Fertilizer,dom,NTB,7.914493560791016
Fertilizer,dom,NTT,9.672497749328613
Fertilizer,dom,Maluku,14.019927024841309
Fertilizer,dom,MalUt,11.43079662322998
Fertilizer,dom,PapuaBar,16.425439834594727
Fertilizer,dom,PapuaProv,22.80415153503418
Fertilizer,imp,NAD,2.131394863128662
Fertilizer,imp,SumUt,0.7039320468902588
Fertilizer,imp,SumBar,1.4086077213287354
Fertilizer,imp,RiauProv,0.39139387011528015
Fertilizer,imp,KepRi,7.252416610717773
Fertilizer,imp,Jambi,2.041816473007202
Fertilizer,imp,SumSel,1.664758324623108
Fertilizer,imp,BaBel,4.528042793273926
Fertilizer,imp,Bengkulu,2.6301896572113037
Fertilizer,imp,Lampung,0.49920982122421265
Fertilizer,imp,DKI,0.1883121281862259
Fertilizer,imp,JaBar,2.073270797729492
Fertilizer,imp,Banten,0.19156552851200104
Fertilizer,imp,JaTeng,1.5163054466247559
Fertilizer,imp,DIY,1.2041723728179932
Fertilizer,imp,JaTim,0.4706970453262329
Fertilizer,imp,KalBar,1.0930852890014648
Fertilizer,imp,KalTeng,4.218579292297363
Fertilizer,imp,KalSel,0.8098171949386597
Fertilizer,imp,KalTim,0.6118713617324829
Fertilizer,imp,KalUt,0.5841491222381592
Fertilizer,imp,SulUt,10.82128620147705
Fertilizer,imp,Gorontalo,9.22943115234375
Fertilizer,imp,SulTeng,7.065384864807129
Fertilizer,imp,SulaSel,7.353580951690674
Fertilizer,imp,SulBar,4.3683013916015625
Fertilizer,imp,SulTra,7.520874977111816
Fertilizer,imp,Bali,4.69403076171875
Fertilizer,imp,NTB,7.348087310791016
Fertilizer,imp,NTT,10.510415077209473
Fertilizer,imp,Maluku,18.225326538085938
Fertilizer,imp,MalUt,15.534248352050781
Fertilizer,imp,PapuaBar,20.95684814453125
Fertilizer,imp,PapuaProv,27.187416076660156
Plastics,dom,NAD,7.519536018371582
Plastics,dom,SumUt,5.872812747955322
Plastics,dom,SumBar,4.456378936767578
Plastics,dom,RiauProv,4.699545860290527
Plastics,dom,KepRi,9.179852485656738
Plastics,dom,Jambi,3.7564291954040527
Plastics,dom,SumSel,2.2722558975219727
Plastics,dom,BaBel,4.094764232635498
Plastics,dom,Bengkulu,3.316251277923584
Plastics,dom,Lampung,1.854706048965454
Plastics,dom,DKI,0.34900808334350586
Plastics,dom,JaBar,0.400786429643631
Plastics,dom,Banten,0.17598947882652283
Plastics,dom,JaTeng,1.5393540859222412
Plastics,dom,DIY,1.8935253620147705
Plastics,dom,JaTim,1.3485405445098877
Plastics,dom,KalBar,7.161505699157715
Plastics,dom,KalTeng,7.2089152336120605
Plastics,dom,KalSel,6.979312419891357
Plastics,dom,KalTim,4.999046325683594
Plastics,dom,KalUt,9.217195510864258
Plastics,dom,SulUt,13.08220100402832
Plastics,dom,Gorontalo,12.470309257507324
Plastics,dom,SulTeng,11.667169570922852
Plastics,dom,SulaSel,10.882580757141113
Plastics,dom,SulBar,10.518980026245117
Plastics,dom,SulTra,11.818575859069824
Plastics,dom,Bali,4.8881988525390625
Plastics,dom,NTB,7.127631664276123
Plastics,dom,NTT,10.21657943725586
Plastics,dom,Maluku,19.05924415588379
Plastics,dom,MalUt,16.888242721557617
Plastics,dom,PapuaBar,19.645267486572266
Plastics,dom,PapuaProv,27.200990676879883
Plastics,imp,NAD,1.744079351425171
Plastics,imp,SumUt,0.7333643436431885
Plastics,imp,SumBar,2.385744094848633
Plastics,imp,RiauProv,1.943084716796875
Plastics,imp,KepRi,3.818636178970337
Plastics,imp,Jambi,3.0995869636535645
Plastics,imp,SumSel,3.2296481132507324
Plastics,imp,BaBel,4.7637481689453125
Plastics,imp,Bengkulu,3.5123414993286133
Plastics,imp,Lampung,3.115483045578003
Plastics,imp,DKI,0.1816723495721817
Plastics,imp,JaBar,0.7627398371696472
Plastics,imp,Banten,0.5597970485687256
Plastics,imp,JaTeng,0.23447048664093018
Plastics,imp,DIY,1.1231297254562378
Plastics,imp,JaTim,0.48108822107315063
Plastics,imp,KalBar,7.666478157043457
Plastics,imp,KalTeng,7.870902061462402
Plastics,imp,KalSel,8.441947937011719
Plastics,imp,KalTim,9.53831958770752
Plastics,imp,KalUt,9.897355079650879
Plastics,imp,SulUt,14.775491714477539
Plastics,imp,Gorontalo,14.058013916015625
Plastics,imp,SulTeng,13.200334548950195
Plastics,imp,SulaSel,12.420586585998535
Plastics,imp,SulBar,11.783388137817383
Plastics,imp,SulTra,13.308914184570312
Plastics,imp,Bali,5.768464088439941
Plastics,imp,NTB,8.674323081970215
Plastics,imp,NTT,12.117907524108887
Plastics,imp,Maluku,20.89834213256836
Plastics,imp,MalUt,18.594890594482422
Plastics,imp,PapuaBar,23.498022079467773
Plastics,imp,PapuaProv,29.330928802490234
Pesticide,dom,NAD,9.26897144317627
Pesticide,dom,SumUt,8.202669143676758
Pesticide,dom,SumBar,6.535976886749268
Pesticide,dom,RiauProv,6.780017375946045
Pesticide,dom,KepRi,9.92809772491455
Pesticide,dom,Jambi,5.740179061889648
Pesticide,dom,SumSel,4.748804569244385
Pesticide,dom,BaBel,5.681263446807861
Pesticide,dom,Bengkulu,5.30645751953125
Pesticide,dom,Lampung,3.7708771228790283
Pesticide,dom,DKI,0.997590959072113
Pesticide,dom,JaBar,0.2508709728717804
Pesticide,dom,Banten,0.22459082305431366
Pesticide,dom,JaTeng,0.8453313112258911
Pesticide,dom,DIY,0.821142315864563
Pesticide,dom,JaTim,0.4023641347885132
Pesticide,dom,KalBar,6.991106033325195
Pesticide,dom,KalTeng,5.893129825592041
Pesticide,dom,KalSel,5.551931381225586
Pesticide,dom,KalTim,6.891015529632568
Pesticide,dom,KalUt,7.8040642738342285
Pesticide,dom,SulUt,11.10149097442627
Pesticide,dom,Gorontalo,10.379932403564453
Pesticide,dom,SulTeng,9.755002975463867
Pesticide,dom,SulaSel,8.943906784057617
Pesticide,dom,SulBar,8.277767181396484
Pesticide,dom,SulTra,9.776445388793945
Pesticide,dom,Bali,3.0410759449005127
Pesticide,dom,NTB,5.194273471832275
Pesticide,dom,NTT,8.235285758972168
Pesticide,dom,Maluku,17.121158599853516
Pesticide,dom,MalUt,14.892645835876465
Pesticide,dom,PapuaBar,19.702661514282227
Pesticide,dom,PapuaProv,25.27630615234375
Pesticide,imp,NAD,4.029675483703613
Pesticide,imp,SumUt,1.4730144739151
Pesticide,imp,SumBar,3.795302629470825
Pesticide,imp,RiauProv,3.6372547149658203
Pesticide,imp,KepRi,9.55183219909668
Pesticide,imp,Jambi,3.757542610168457
Pesticide,imp,SumSel,3.041282892227173
Pesticide,imp,BaBel,4.077090263366699
Pesticide,imp,Bengkulu,3.51188588142395
Pesticide,imp,Lampung,2.1869351863861084
Pesticide,imp,DKI,0.17766207456588745
Pesticide,imp,JaBar,0.5408538579940796
Pesticide,imp,Banten,0.3928161561489105
Pesticide,imp,JaTeng,1.3606913089752197
Pesticide,imp,DIY,1.2075965404510498
Pesticide,imp,JaTim,0.643983781337738
Pesticide,imp,KalBar,7.171389102935791
Pesticide,imp,KalTeng,7.2413554191589355
Pesticide,imp,KalSel,7.406688213348389
Pesticide,imp,KalTim,8.834033012390137
Pesticide,imp,KalUt,9.49862003326416
Pesticide,imp,SulUt,13.257205963134766
Pesticide,imp,Gorontalo,12.606640815734863
Pesticide,imp,SulTeng,11.710431098937988
Pesticide,imp,SulaSel,11.001471519470215
Pesticide,imp,SulBar,10.313311576843262
Pesticide,imp,SulTra,11.82187271118164
Pesticide,imp,Bali,4.634817123413086
Pesticide,imp,NTB,6.955056667327881
Pesticide,imp,NTT,10.137837409973145
Pesticide,imp,Maluku,19.20237159729004
Pesticide,imp,MalUt,16.97648048400879
Pesticide,imp,PapuaBar,21.793825149536133
Pesticide,imp,PapuaProv,27.407028198242188
Paints,dom,NAD,8.034181594848633
Paints,dom,SumUt,6.851857662200928
Paints,dom,SumBar,5.124683856964111
Paints,dom,RiauProv,5.427180767059326
Paints,dom,KepRi,10.102319717407227
Paints,dom,Jambi,4.377790451049805
Paints,dom,SumSel,3.3555679321289062
Paints,dom,BaBel,4.478971481323242
Paints,dom,Bengkulu,3.9226791858673096
Paints,dom,Lampung,2.378626585006714
Paints,dom,DKI,0.19274811446666718
Paints,dom,JaBar,0.2548888027667999
Paints,dom,Banten,0.17704904079437256
Paints,dom,JaTeng,0.8339285254478455
Paints,dom,DIY,1.0209739208221436
Paints,dom,JaTim,0.4704453647136688
Paints,dom,KalBar,7.139608383178711
Paints,dom,KalTeng,6.835945129394531
Paints,dom,KalSel,6.765963554382324
Paints,dom,KalTim,8.344276428222656
Paints,dom,KalUt,9.179191589355469
Paints,dom,SulUt,12.512409210205078
Paints,dom,Gorontalo,11.87553882598877
Paints,dom,SulTeng,11.06922721862793
Paints,dom,SulaSel,10.2645845413208
Paints,dom,SulBar,9.823331832885742
Paints,dom,SulTra,11.165695190429688
Paints,dom,Bali,3.969985246658325
Paints,dom,NTB,6.243250846862793
Paints,dom,NTT,9.39118766784668
Paints,dom,Maluku,18.402896881103516
Paints,dom,MalUt,16.196352005004883
Paints,dom,PapuaBar,20.985746383666992
Paints,dom,PapuaProv,26.55220603942871
Paints,imp,NAD,8.88582706451416
Paints,imp,SumUt,7.873130798339844
Paints,imp,SumBar,7.126937389373779
Paints,imp,RiauProv,6.466827869415283
Paints,imp,KepRi,2.304978370666504
Paints,imp,Jambi,7.019611358642578
Paints,imp,SumSel,7.04278564453125
Paints,imp,BaBel,5.956596851348877
Paints,imp,Bengkulu,7.563999652862549
Paints,imp,Lampung,7.20745849609375
Paints,imp,DKI,0.5066493153572083
Paints,imp,JaBar,3.1168372631073
Paints,imp,Banten,2.2270026206970215
Paints,imp,JaTeng,6.990133285522461
Paints,imp,DIY,6.068665504455566
Paints,imp,JaTim,8.747692108154297
Paints,imp,KalBar,4.65675687789917
Paints,imp,KalTeng,5.912821292877197
Paints,imp,KalSel,7.001281261444092
Paints,imp,KalTim,7.125219821929932
Paints,imp,KalUt,7.347822666168213
Paints,imp,SulUt,13.352067947387695
Paints,imp,Gorontalo,12.604419708251953
Paints,imp,SulTeng,11.925902366638184
Paints,imp,SulaSel,11.132281303405762
Paints,imp,SulBar,10.695229530334473
Paints,imp,SulTra,12.017281532287598
Paints,imp,Bali,11.226187705993652
Paints,imp,NTB,12.29692268371582
Paints,imp,NTT,13.921111106872559
Paints,imp,Maluku,19.255231857299805
Paints,imp,MalUt,16.983692169189453
Paints,imp,PapuaBar,21.73775863647461
Paints,imp,PapuaProv,27.726985931396484
Varnish,dom,NAD,8.571186065673828
Varnish,dom,SumUt,7.146665096282959
Varnish,dom,SumBar,5.295782566070557
Varnish,dom,RiauProv,5.660893440246582
Varnish,dom,KepRi,10.28663444519043
Varnish,dom,Jambi,4.499286651611328
Varnish,dom,SumSel,3.4364216327667236
Varnish,dom,BaBel,4.612225532531738
Varnish,dom,Bengkulu,4.0179009437561035
Varnish,dom,Lampung,2.4127466678619385
Varnish,dom,DKI,0.46444711089134216
Varnish,dom,JaBar,0.2625381648540497
Varnish,dom,Banten,0.17776504158973694
Varnish,dom,JaTeng,0.4467664957046509
Varnish,dom,DIY,0.1839003711938858
Varnish,dom,JaTim,0.4616398215293884
Varnish,dom,KalBar,7.1701741218566895
Varnish,dom,KalTeng,6.76773738861084
Varnish,dom,KalSel,6.549176216125488
Varnish,dom,KalTim,8.161808967590332
Varnish,dom,KalUt,9.033334732055664
Varnish,dom,SulUt,12.164058685302734
Varnish,dom,Gorontalo,11.52857494354248
Varnish,dom,SulTeng,10.698617935180664
Varnish,dom,SulaSel,9.877763748168945
Varnish,dom,SulBar,9.419713973999023
Varnish,dom,SulTra,10.693334579467773
Varnish,dom,Bali,1.1299362182617188
Varnish,dom,NTB,4.972498893737793
Varnish,dom,NTT,8.647012710571289
Varnish,dom,Maluku,17.955331802368164
Varnish,dom,MalUt,15.861344337463379
Varnish,dom,PapuaBar,20.666894912719727
Varnish,dom,PapuaProv,26.12171745300293
Varnish,imp,NAD,7.804877758026123
Varnish,imp,SumUt,3.8564882278442383
Varnish,imp,SumBar,5.976430416107178
Varnish,imp,RiauProv,5.890142440795898
Varnish,imp,KepRi,2.3906450271606445
Varnish,imp,Jambi,5.481827735900879
Varnish,imp,SumSel,4.30109977722168
Varnish,imp,BaBel,5.364416122436523
Varnish,imp,Bengkulu,5.195929050445557
Varnish,imp,Lampung,3.3539257049560547
Varnish,imp,DKI,0.17954754829406738
Varnish,imp,JaBar,0.6638355255126953
Varnish,imp,Banten,0.4746631979942322
Varnish,imp,JaTeng,2.0867958068847656
Varnish,imp,DIY,1.903882622718811
Varnish,imp,JaTim,2.2739994525909424
Varnish,imp,KalBar,5.811515808105469
Varnish,imp,KalTeng,7.165771007537842
Varnish,imp,KalSel,8.111808776855469
Varnish,imp,KalTim,8.802544593811035
Varnish,imp,KalUt,9.249299049377441
Varnish,imp,SulUt,13.281269073486328
Varnish,imp,Gorontalo,12.959710121154785
Varnish,imp,SulTeng,12.506199836730957
Varnish,imp,SulaSel,11.886019706726074
Varnish,imp,SulBar,11.257063865661621
Varnish,imp,SulTra,12.511953353881836
Varnish,imp,Bali,7.206692218780518
Varnish,imp,NTB,9.841981887817383
Varnish,imp,NTT,12.611882209777832
Varnish,imp,Maluku,12.709980964660645
Varnish,imp,MalUt,12.552672386169434
Varnish,imp,PapuaBar,9.796506881713867
Varnish,imp,PapuaProv,3.3636772632598877
Soaps,dom,NAD,2.032015323638916
Soaps,dom,SumUt,0.7847462296485901
Soaps,dom,SumBar,2.5477755069732666
Soaps,dom,RiauProv,2.203624725341797
Soaps,dom,KepRi,9.006278038024902
Soaps,dom,Jambi,1.0888019800186157
Soaps,dom,SumSel,2.9678099155426025
Soaps,dom,BaBel,4.267653942108154
Soaps,dom,Bengkulu,3.2249300479888916
Soaps,dom,Lampung,1.870216727256775
Soaps,dom,DKI,0.1766202598810196
Soaps,dom,JaBar,0.2512863874435425
Soaps,dom,Banten,0.38153088092803955
Soaps,dom,JaTeng,1.331303358078003
Soaps,dom,DIY,1.8486226797103882
Soaps,dom,JaTim,1.1786388158798218
Soaps,dom,KalBar,7.806649684906006
Soaps,dom,KalTeng,8.062601089477539
Soaps,dom,KalSel,8.422859191894531
Soaps,dom,KalTim,9.67465877532959
Soaps,dom,KalUt,10.192951202392578
Soaps,dom,SulUt,14.397884368896484
Soaps,dom,Gorontalo,13.464710235595703
Soaps,dom,SulTeng,11.994771003723145
Soaps,dom,SulaSel,12.005197525024414
Soaps,dom,SulBar,9.755106925964355
Soaps,dom,SulTra,12.252724647521973
Soaps,dom,Bali,5.711881160736084
Soaps,dom,NTB,8.070049285888672
Soaps,dom,NTT,11.451154708862305
Soaps,dom,Maluku,20.581510543823242
Soaps,dom,MalUt,18.283401489257812
Soaps,dom,PapuaBar,23.209999084472656
Soaps,dom,PapuaProv,28.97903060913086
Soaps,imp,NAD,6.325706481933594
Soaps,imp,SumUt,2.00408673286438
Soaps,imp,SumBar,4.169554710388184
Soaps,imp,RiauProv,4.40149450302124
Soaps,imp,KepRi,4.01122522354126
Soaps,imp,Jambi,3.8761093616485596
Soaps,imp,SumSel,2.9785759449005127
Soaps,imp,BaBel,3.915597677230835
Soaps,imp,Bengkulu,3.478940010070801
Soaps,imp,Lampung,2.1788477897644043
Soaps,imp,DKI,0.1761840432882309
Soaps,imp,JaBar,0.42313075065612793
Soaps,imp,Banten,0.3807951807975769
Soaps,imp,JaTeng,1.4808540344238281
Soaps,imp,DIY,1.5093402862548828
Soaps,imp,JaTim,0.81575608253479
Soaps,imp,KalBar,6.949307441711426
Soaps,imp,KalTeng,7.211007595062256
Soaps,imp,KalSel,7.504566669464111
Soaps,imp,KalTim,8.848368644714355
Soaps,imp,KalUt,9.096905708312988
Soaps,imp,SulUt,13.30498218536377
Soaps,imp,Gorontalo,12.634906768798828
Soaps,imp,SulTeng,11.844198226928711
Soaps,imp,SulaSel,11.063785552978516
Soaps,imp,SulBar,10.579388618469238
Soaps,imp,SulTra,11.94564151763916
Soaps,imp,Bali,5.015036582946777
Soaps,imp,NTB,7.193788051605225
Soaps,imp,NTT,10.289052963256836
Soaps,imp,Maluku,19.046428680419922
Soaps,imp,MalUt,16.907943725585938
Soaps,imp,PapuaBar,21.4223575592041
Soaps,imp,PapuaProv,26.90545654296875
Cosmetics,dom,NAD,10.083893775939941
Cosmetics,dom,SumUt,8.704267501831055
Cosmetics,dom,SumBar,6.930871486663818
Cosmetics,dom,RiauProv,7.2751240730285645
Cosmetics,dom,KepRi,11.321274757385254
Cosmetics,dom,Jambi,6.177819728851318
Cosmetics,dom,SumSel,5.182851791381836
Cosmetics,dom,BaBel,6.077027320861816
Cosmetics,dom,Bengkulu,5.7290143966674805
Cosmetics,dom,Lampung,4.2335710525512695
Cosmetics,dom,DKI,1.3550457954406738
Cosmetics,dom,JaBar,1.5402796268463135
Cosmetics,dom,Banten,0.21025396883487701
Cosmetics,dom,JaTeng,0.18505939841270447
Cosmetics,dom,DIY,0.6942535638809204
Cosmetics,dom,JaTim,0.3930647373199463
Cosmetics,dom,KalBar,7.100383758544922
Cosmetics,dom,KalTeng,5.877947807312012
Cosmetics,dom,KalSel,5.456679344177246
Cosmetics,dom,KalTim,7.106790065765381
Cosmetics,dom,KalUt,8.136069297790527
Cosmetics,dom,SulUt,11.052290916442871
Cosmetics,dom,Gorontalo,10.409951210021973
Cosmetics,dom,SulTeng,9.609565734863281
Cosmetics,dom,SulaSel,8.799907684326172
Cosmetics,dom,SulBar,8.252305030822754
Cosmetics,dom,SulTra,9.714066505432129
Cosmetics,dom,Bali,2.8797385692596436
Cosmetics,dom,NTB,4.967247009277344
Cosmetics,dom,NTT,7.993980407714844
Cosmetics,dom,Maluku,16.902191162109375
Cosmetics,dom,MalUt,14.708337783813477
Cosmetics,dom,PapuaBar,19.474422454833984
Cosmetics,dom,PapuaProv,25.02132225036621
Cosmetics,imp,NAD,8.712080955505371
Cosmetics,imp,SumUt,7.649499893188477
Cosmetics,imp,SumBar,6.506026744842529
Cosmetics,imp,RiauProv,6.235464096069336
Cosmetics,imp,KepRi,2.3514208793640137
Cosmetics,imp,Jambi,6.045672416687012
Cosmetics,imp,SumSel,5.416169166564941
Cosmetics,imp,BaBel,5.4129109382629395
Cosmetics,imp,Bengkulu,6.079527854919434
Cosmetics,imp,Lampung,4.417717933654785
Cosmetics,imp,DKI,0.17955100536346436
Cosmetics,imp,JaBar,0.2659914195537567
Cosmetics,imp,Banten,0.7079014778137207
Cosmetics,imp,JaTeng,2.9653520584106445
Cosmetics,imp,DIY,2.8106980323791504
Cosmetics,imp,JaTim,3.4106435775756836
Cosmetics,imp,KalBar,4.905193328857422
Cosmetics,imp,KalTeng,6.0947346687316895
Cosmetics,imp,KalSel,7.071399688720703
Cosmetics,imp,KalTim,7.359511852264404
Cosmetics,imp,KalUt,7.649658203125
Cosmetics,imp,SulUt,13.306074142456055
Cosmetics,imp,Gorontalo,12.582011222839355
Cosmetics,imp,SulTeng,11.878504753112793
Cosmetics,imp,SulaSel,11.08426570892334
Cosmetics,imp,SulBar,10.647331237792969
Cosmetics,imp,SulTra,11.969828605651855
Cosmetics,imp,Bali,8.322741508483887
Cosmetics,imp,NTB,10.448409080505371
Cosmetics,imp,NTT,12.881622314453125
Cosmetics,imp,Maluku,19.198169708251953
Cosmetics,imp,MalUt,16.94024085998535
Cosmetics,imp,PapuaBar,21.699216842651367
Cosmetics,imp,PapuaProv,27.60618782043457
OthChemPrd,dom,NAD,9.82101821899414
OthChemPrd,dom,SumUt,8.258758544921875
OthChemPrd,dom,SumBar,6.767650604248047
OthChemPrd,dom,RiauProv,6.937553882598877
OthChemPrd,dom,KepRi,10.966309547424316
OthChemPrd,dom,Jambi,5.892416954040527
OthChemPrd,dom,SumSel,5.0123138427734375
OthChemPrd,dom,BaBel,5.95872163772583
OthChemPrd,dom,Bengkulu,5.55385684967041
OthChemPrd,dom,Lampung,4.092543601989746
OthChemPrd,dom,DKI,1.4669450521469116
OthChemPrd,dom,JaBar,1.1300350427627563
OthChemPrd,dom,Banten,1.4268684387207031
OthChemPrd,dom,JaTeng,0.1702880859375
OthChemPrd,dom,DIY,0.6691198348999023
OthChemPrd,dom,JaTim,0.3950936198234558
OthChemPrd,dom,KalBar,6.358917236328125
OthChemPrd,dom,KalTeng,4.604518413543701
OthChemPrd,dom,KalSel,0.8258657455444336
OthChemPrd,dom,KalTim,6.141031742095947
OthChemPrd,dom,KalUt,7.229424953460693
OthChemPrd,dom,SulUt,10.889215469360352
OthChemPrd,dom,Gorontalo,10.217219352722168
OthChemPrd,dom,SulTeng,9.407196044921875
OthChemPrd,dom,SulaSel,8.508906364440918
OthChemPrd,dom,SulBar,8.193774223327637
OthChemPrd,dom,SulTra,9.525254249572754
OthChemPrd,dom,Bali,2.9271905422210693
OthChemPrd,dom,NTB,5.016564846038818
OthChemPrd,dom,NTT,8.05831241607666
OthChemPrd,dom,Maluku,16.77729034423828
OthChemPrd,dom,MalUt,14.627781867980957
OthChemPrd,dom,PapuaBar,19.4066162109375
OthChemPrd,dom,PapuaProv,25.00366973876953
OthChemPrd,imp,NAD,6.6727519035339355
OthChemPrd,imp,SumUt,1.5918595790863037
OthChemPrd,imp,SumBar,4.6501030921936035
OthChemPrd,imp,RiauProv,4.858195781707764
OthChemPrd,imp,KepRi,2.5524802207946777
OthChemPrd,imp,Jambi,4.336162090301514
OthChemPrd,imp,SumSel,3.2844600677490234
OthChemPrd,imp,BaBel,4.376287937164307
OthChemPrd,imp,Bengkulu,3.910062789916992
OthChemPrd,imp,Lampung,2.371203660964966
OthChemPrd,imp,DKI,0.17664067447185516
OthChemPrd,imp,JaBar,0.5460116863250732
OthChemPrd,imp,Banten,0.36877262592315674
OthChemPrd,imp,JaTeng,1.6044347286224365
OthChemPrd,imp,DIY,1.732139229774475
OthChemPrd,imp,JaTim,0.7727231383323669
OthChemPrd,imp,KalBar,5.902632713317871
OthChemPrd,imp,KalTeng,5.547425746917725
OthChemPrd,imp,KalSel,5.4337334632873535
OthChemPrd,imp,KalTim,1.193029761314392
OthChemPrd,imp,KalUt,5.0706048011779785
OthChemPrd,imp,SulUt,9.883946418762207
OthChemPrd,imp,Gorontalo,9.886283874511719
OthChemPrd,imp,SulTeng,10.404913902282715
OthChemPrd,imp,SulaSel,9.96045970916748
OthChemPrd,imp,SulBar,9.40867805480957
OthChemPrd,imp,SulTra,10.851411819458008
OthChemPrd,imp,Bali,5.671380043029785
OthChemPrd,imp,NTB,7.902477741241455
OthChemPrd,imp,NTT,10.907343864440918
OthChemPrd,imp,Maluku,15.23389720916748
OthChemPrd,imp,MalUt,14.721403121948242
OthChemPrd,imp,PapuaBar,13.860188484191895
OthChemPrd,imp,PapuaProv,3.911686658859253
Pharmaceutcl,dom,NAD,8.009324073791504
Pharmaceutcl,dom,SumUt,6.729989051818848
Pharmaceutcl,dom,SumBar,4.9584736824035645
Pharmaceutcl,dom,RiauProv,5.274813175201416
Pharmaceutcl,dom,KepRi,9.953628540039062
Pharmaceutcl,dom,Jambi,4.032135009765625
Pharmaceutcl,dom,SumSel,1.170522928237915
Pharmaceutcl,dom,BaBel,4.262989044189453
Pharmaceutcl,dom,Bengkulu,3.6139345169067383
Pharmaceutcl,dom,Lampung,2.419638156890869
Pharmaceutcl,dom,DKI,0.18841136991977692
Pharmaceutcl,dom,JaBar,0.24323277175426483
Pharmaceutcl,dom,Banten,0.4476225674152374
Pharmaceutcl,dom,JaTeng,0.18164891004562378
Pharmaceutcl,dom,DIY,0.6125678420066833
Pharmaceutcl,dom,JaTim,0.6812392473220825
Pharmaceutcl,dom,KalBar,6.6369242668151855
Pharmaceutcl,dom,KalTeng,2.5513389110565186
Pharmaceutcl,dom,KalSel,6.5208821296691895
Pharmaceutcl,dom,KalTim,8.1007719039917
Pharmaceutcl,dom,KalUt,8.924991607666016
Pharmaceutcl,dom,SulUt,12.628957748413086
Pharmaceutcl,dom,Gorontalo,12.022860527038574
Pharmaceutcl,dom,SulTeng,11.185979843139648
Pharmaceutcl,dom,SulaSel,10.434685707092285
Pharmaceutcl,dom,SulBar,9.934089660644531
Pharmaceutcl,dom,SulTra,11.31082534790039
Pharmaceutcl,dom,Bali,4.440162181854248
Pharmaceutcl,dom,NTB,6.5876078605651855
Pharmaceutcl,dom,NTT,9.663527488708496
Pharmaceutcl,dom,Maluku,18.573829650878906
Pharmaceutcl,dom,MalUt,16.35964012145996
Pharmaceutcl,dom,PapuaBar,21.153400421142578
Pharmaceutcl,dom,PapuaProv,26.726303100585938
Pharmaceutcl,imp,NAD,7.665474891662598
Pharmaceutcl,imp,SumUt,6.532644271850586
Pharmaceutcl,imp,SumBar,4.765623092651367
Pharmaceutcl,imp,RiauProv,5.0875654220581055
Pharmaceutcl,imp,KepRi,9.655302047729492
Pharmaceutcl,imp,Jambi,4.0507001876831055
Pharmaceutcl,imp,SumSel,3.085280418395996
Pharmaceutcl,imp,BaBel,3.9139647483825684
Pharmaceutcl,imp,Bengkulu,3.6138153076171875
Pharmaceutcl,imp,Lampung,2.175217628479004
Pharmaceutcl,imp,DKI,0.1772056221961975
Pharmaceutcl,imp,JaBar,0.5077222585678101
Pharmaceutcl,imp,Banten,0.3669847846031189
Pharmaceutcl,imp,JaTeng,1.4529858827590942
Pharmaceutcl,imp,DIY,1.4098896980285645
Pharmaceutcl,imp,JaTim,0.5735373497009277
Pharmaceutcl,imp,KalBar,6.996129512786865
Pharmaceutcl,imp,KalTeng,7.218891143798828
Pharmaceutcl,imp,KalSel,7.448581695556641
Pharmaceutcl,imp,KalTim,8.842778205871582
Pharmaceutcl,imp,KalUt,9.46792984008789
Pharmaceutcl,imp,SulUt,13.173870086669922
Pharmaceutcl,imp,Gorontalo,12.549759864807129
Pharmaceutcl,imp,SulTeng,11.735943794250488
Pharmaceutcl,imp,SulaSel,10.934409141540527
Pharmaceutcl,imp,SulBar,10.492850303649902
Pharmaceutcl,imp,SulTra,11.828144073486328
Pharmaceutcl,imp,Bali,4.753177165985107
Pharmaceutcl,imp,NTB,6.966885566711426
Pharmaceutcl,imp,NTT,10.05575180053711
Pharmaceutcl,imp,Maluku,19.021747589111328
Pharmaceutcl,imp,MalUt,16.82489585876465
Pharmaceutcl,imp,PapuaBar,21.592510223388672
Pharmaceutcl,imp,PapuaProv,27.14887809753418
TradMedicine,dom,NAD,8.924619674682617
TradMedicine,dom,SumUt,7.6328630447387695
TradMedicine,dom,SumBar,5.885897636413574
TradMedicine,dom,RiauProv,6.242745399475098
TradMedicine,dom,KepRi,10.105998992919922
TradMedicine,dom,Jambi,5.122774600982666
TradMedicine,dom,SumSel,4.104798316955566
TradMedicine,dom,BaBel,5.029435634613037
TradMedicine,dom,Bengkulu,4.686856746673584
TradMedicine,dom,Lampung,3.165428876876831
TradMedicine,dom,DKI,0.18339581787586212
TradMedicine,dom,JaBar,0.7404147982597351
TradMedicine,dom,Banten,0.829657793045044
TradMedicine,dom,JaTeng,0.15897095203399658
TradMedicine,dom,DIY,0.33385220170021057
TradMedicine,dom,JaTim,0.9861928224563599
TradMedicine,dom,KalBar,5.785213470458984
TradMedicine,dom,KalTeng,1.3308396339416504
TradMedicine,dom,KalSel,5.182979583740234
TradMedicine,dom,KalTim,6.647603988647461
TradMedicine,dom,KalUt,7.838560104370117
TradMedicine,dom,SulUt,10.981945991516113
TradMedicine,dom,Gorontalo,9.714191436767578
TradMedicine,dom,SulTeng,9.258875846862793
TradMedicine,dom,SulaSel,8.125244140625
TradMedicine,dom,SulBar,8.88318157196045
TradMedicine,dom,SulTra,9.53817367553711
TradMedicine,dom,Bali,3.806236505508423
TradMedicine,dom,NTB,5.887001991271973
TradMedicine,dom,NTT,8.905946731567383
TradMedicine,dom,Maluku,17.57638931274414
TradMedicine,dom,MalUt,15.297422409057617
TradMedicine,dom,PapuaBar,20.18860626220703
TradMedicine,dom,PapuaProv,25.813066482543945
TradMedicine,imp,NAD,6.643629550933838
TradMedicine,imp,SumUt,6.105556964874268
TradMedicine,imp,SumBar,4.711160182952881
TradMedicine,imp,RiauProv,4.873813629150391
TradMedicine,imp,KepRi,9.810526847839355
TradMedicine,imp,Jambi,4.152635097503662
TradMedicine,imp,SumSel,3.232316493988037
TradMedicine,imp,BaBel,4.0914788246154785
TradMedicine,imp,Bengkulu,3.7542026042938232
TradMedicine,imp,Lampung,2.304161787033081
TradMedicine,imp,DKI,0.18094098567962646
TradMedicine,imp,JaBar,0.5424778461456299
TradMedicine,imp,Banten,0.38798654079437256
TradMedicine,imp,JaTeng,1.1771135330200195
TradMedicine,imp,DIY,1.0811389684677124
TradMedicine,imp,JaTim,0.40317386388778687
TradMedicine,imp,KalBar,7.036076068878174
TradMedicine,imp,KalTeng,7.027042388916016
TradMedicine,imp,KalSel,7.120265960693359
TradMedicine,imp,KalTim,8.59533405303955
TradMedicine,imp,KalUt,9.308578491210938
TradMedicine,imp,SulUt,12.895380973815918
TradMedicine,imp,Gorontalo,12.26656723022461
TradMedicine,imp,SulTeng,11.447120666503906
TradMedicine,imp,SulaSel,10.638850212097168
TradMedicine,imp,SulBar,10.193202018737793
TradMedicine,imp,SulTra,11.540072441101074
TradMedicine,imp,Bali,4.345219135284424
TradMedicine,imp,NTB,6.617851257324219
TradMedicine,imp,NTT,9.752716064453125
TradMedicine,imp,Maluku,18.772159576416016
TradMedicine,imp,MalUt,16.56561279296875
TradMedicine,imp,PapuaBar,21.352970123291016
TradMedicine,imp,PapuaProv,26.92237663269043
Tire,dom,NAD,2.8117053508758545
Tire,dom,SumUt,0.9467117786407471
Tire,dom,SumBar,0.5462474822998047
Tire,dom,RiauProv,0.7386140823364258
Tire,dom,KepRi,6.640645980834961
Tire,dom,Jambi,2.1669809818267822
Tire,dom,SumSel,0.4673972427845001
Tire,dom,BaBel,3.496487617492676
Tire,dom,Bengkulu,1.2225698232650757
Tire,dom,Lampung,0.44361570477485657
Tire,dom,DKI,0.9496700167655945
Tire,dom,JaBar,0.4550591707229614
Tire,dom,Banten,0.22998633980751038
Tire,dom,JaTeng,1.2367058992385864
Tire,dom,DIY,2.1060101985931396
Tire,dom,JaTim,0.6232025027275085
Tire,dom,KalBar,0.6584330797195435
Tire,dom,KalTeng,0.6381893157958984
Tire,dom,KalSel,0.8843035697937012
Tire,dom,KalTim,3.6780476570129395
Tire,dom,KalUt,4.360395431518555
Tire,dom,SulUt,10.53373908996582
Tire,dom,Gorontalo,9.948102951049805
Tire,dom,SulTeng,8.372801780700684
Tire,dom,SulaSel,7.224108695983887
Tire,dom,SulBar,7.971485137939453
Tire,dom,SulTra,8.414525032043457
Tire,dom,Bali,6.355606555938721
Tire,dom,NTB,8.203197479248047
Tire,dom,NTT,10.66948127746582
Tire,dom,Maluku,17.624576568603516
Tire,dom,MalUt,15.200572967529297
Tire,dom,PapuaBar,20.38976287841797
Tire,dom,PapuaProv,26.52400016784668
Tire,imp,NAD,4.948648929595947
Tire,imp,SumUt,0.7528192400932312
Tire,imp,SumBar,5.267139911651611
Tire,imp,RiauProv,4.262426853179932
Tire,imp,KepRi,2.3498077392578125
Tire,imp,Jambi,6.335168838500977
Tire,imp,SumSel,6.627764701843262
Tire,imp,BaBel,7.7737650871276855
Tire,imp,Bengkulu,6.927001476287842
Tire,imp,Lampung,6.05661678314209
Tire,imp,DKI,0.22601938247680664
Tire,imp,JaBar,1.6680415868759155
Tire,imp,Banten,1.1680805683135986
Tire,imp,JaTeng,2.122030735015869
Tire,imp,DIY,2.137336015701294
Tire,imp,JaTim,0.4131107032299042
Tire,imp,KalBar,5.770103931427002
Tire,imp,KalTeng,5.0727972984313965
Tire,imp,KalSel,5.140133857727051
Tire,imp,KalTim,0.6509818434715271
Tire,imp,KalUt,3.762593984603882
Tire,imp,SulUt,11.269179344177246
Tire,imp,Gorontalo,10.43879222869873
Tire,imp,SulTeng,9.834508895874023
Tire,imp,SulaSel,9.32007884979248
Tire,imp,SulBar,7.871155738830566
Tire,imp,SulTra,10.43313980102539
Tire,imp,Bali,6.332979202270508
Tire,imp,NTB,1.0679652690887451
Tire,imp,NTT,11.120437622070312
Tire,imp,Maluku,10.557446479797363
Tire,imp,MalUt,2.4148807525634766
Tire,imp,PapuaBar,8.025040626525879
Tire,imp,PapuaProv,3.17185115814209
SmokedRubber,dom,NAD,0.9467002749443054
SmokedRubber,dom,SumUt,0.8940072059631348
SmokedRubber,dom,SumBar,0.4107551574707031
SmokedRubber,dom,RiauProv,0.375224232673645
SmokedRubber,dom,KepRi,3.3020570278167725
SmokedRubber,dom,Jambi,0.43725091218948364
SmokedRubber,dom,SumSel,0.5941019058227539
SmokedRubber,dom,BaBel,0.9645006656646729
SmokedRubber,dom,Bengkulu,0.43355628848075867
SmokedRubber,dom,Lampung,0.6612695455551147
SmokedRubber,dom,DKI,0.32509127259254456
SmokedRubber,dom,JaBar,1.6768395900726318
SmokedRubber,dom,Banten,2.320077419281006
SmokedRubber,dom,JaTeng,4.072408676147461
SmokedRubber,dom,DIY,3.9757137298583984
SmokedRubber,dom,JaTim,5.051543712615967
SmokedRubber,dom,KalBar,3.160924196243286
SmokedRubber,dom,KalTeng,0.6109797358512878
SmokedRubber,dom,KalSel,0.5819448828697205
SmokedRubber,dom,KalTim,3.0969130992889404
SmokedRubber,dom,KalUt,4.799307346343994
SmokedRubber,dom,SulUt,10.691201210021973
SmokedRubber,dom,Gorontalo,9.845564842224121
SmokedRubber,dom,SulTeng,8.689396858215332
SmokedRubber,dom,SulaSel,7.474832534790039
SmokedRubber,dom,SulBar,6.831666946411133
SmokedRubber,dom,SulTra,8.830131530761719
SmokedRubber,dom,Bali,7.30178165435791
SmokedRubber,dom,NTB,8.719246864318848
SmokedRubber,dom,NTT,10.945636749267578
SmokedRubber,dom,Maluku,2.8245317935943604
SmokedRubber,dom,MalUt,14.913081169128418
SmokedRubber,dom,PapuaBar,19.66791534423828
SmokedRubber,dom,PapuaProv,26.668703079223633
SmokedRubber,imp,NAD,2.1123433113098145
SmokedRubber,imp,SumUt,0.8042948246002197
SmokedRubber,imp,SumBar,2.6540236473083496
SmokedRubber,imp,RiauProv,2.2669475078582764
SmokedRubber,imp,KepRi,2.3133513927459717
SmokedRubber,imp,Jambi,0.49072685837745667
SmokedRubber,imp,SumSel,0.8223546743392944
SmokedRubber,imp,BaBel,5.641937255859375
SmokedRubber,imp,Bengkulu,4.127829551696777
SmokedRubber,imp,Lampung,5.2218546867370605
SmokedRubber,imp,DKI,0.4619538486003876
SmokedRubber,imp,JaBar,3.3520474433898926
SmokedRubber,imp,Banten,2.5606038570404053
SmokedRubber,imp,JaTeng,4.452754497528076
SmokedRubber,imp,DIY,4.0338921546936035
SmokedRubber,imp,JaTim,0.8721483945846558
SmokedRubber,imp,KalBar,5.569709777832031
SmokedRubber,imp,KalTeng,6.893838882446289
SmokedRubber,imp,KalSel,7.9737396240234375
SmokedRubber,imp,KalTim,8.214706420898438
SmokedRubber,imp,KalUt,8.515393257141113
SmokedRubber,imp,SulUt,14.630663871765137
SmokedRubber,imp,Gorontalo,13.862784385681152
SmokedRubber,imp,SulTeng,13.144224166870117
SmokedRubber,imp,SulaSel,12.312374114990234
SmokedRubber,imp,SulBar,11.852997779846191
SmokedRubber,imp,SulTra,13.239789009094238
SmokedRubber,imp,Bali,9.535992622375488
SmokedRubber,imp,NTB,11.796573638916016
SmokedRubber,imp,NTT,14.255997657775879
SmokedRubber,imp,Maluku,20.700035095214844
SmokedRubber,imp,MalUt,18.378419876098633
SmokedRubber,imp,PapuaBar,23.237518310546875
SmokedRubber,imp,PapuaProv,29.28943634033203
OthRubberPrd,dom,NAD,1.3494879007339478
OthRubberPrd,dom,SumUt,0.7111079692840576
OthRubberPrd,dom,SumBar,1.798970341682434
OthRubberPrd,dom,RiauProv,1.7654542922973633
OthRubberPrd,dom,KepRi,2.5670320987701416
OthRubberPrd,dom,Jambi,0.4207501709461212
OthRubberPrd,dom,SumSel,2.5326199531555176
OthRubberPrd,dom,BaBel,4.626623630523682
OthRubberPrd,dom,Bengkulu,2.337320566177368
OthRubberPrd,dom,Lampung,2.1408581733703613
OthRubberPrd,dom,DKI,0.6370500922203064
OthRubberPrd,dom,JaBar,0.24931327998638153
OthRubberPrd,dom,Banten,0.19267535209655762
OthRubberPrd,dom,JaTeng,1.595797061920166
OthRubberPrd,dom,DIY,2.6201770305633545
OthRubberPrd,dom,JaTim,2.299548625946045
OthRubberPrd,dom,KalBar,7.071913242340088
OthRubberPrd,dom,KalTeng,7.957993030548096
OthRubberPrd,dom,KalSel,8.449211120605469
OthRubberPrd,dom,KalTim,9.402469635009766
OthRubberPrd,dom,KalUt,9.949007987976074
OthRubberPrd,dom,SulUt,15.026503562927246
OthRubberPrd,dom,Gorontalo,14.013540267944336
OthRubberPrd,dom,SulTeng,13.271320343017578
OthRubberPrd,dom,SulaSel,12.32961368560791
OthRubberPrd,dom,SulBar,12.420555114746094
OthRubberPrd,dom,SulTra,13.089154243469238
OthRubberPrd,dom,Bali,7.418184280395508
OthRubberPrd,dom,NTB,9.964998245239258
OthRubberPrd,dom,NTT,13.195443153381348
OthRubberPrd,dom,Maluku,21.380327224731445
OthRubberPrd,dom,MalUt,19.02901268005371
OthRubberPrd,dom,PapuaBar,23.97616195678711
OthRubberPrd,dom,PapuaProv,29.94207763671875
OthRubberPrd,imp,NAD,7.611748218536377
OthRubberPrd,imp,SumUt,6.484124660491943
OthRubberPrd,imp,SumBar,5.284334659576416
OthRubberPrd,imp,RiauProv,5.505296230316162
OthRubberPrd,imp,KepRi,2.595555543899536
OthRubberPrd,imp,Jambi,4.658395290374756
OthRubberPrd,imp,SumSel,3.5037975311279297
OthRubberPrd,imp,BaBel,4.508267879486084
OthRubberPrd,imp,Bengkulu,4.173190116882324
OthRubberPrd,imp,Lampung,2.4582955837249756
OthRubberPrd,imp,DKI,0.17735187709331512
OthRubberPrd,imp,JaBar,0.5428829789161682
OthRubberPrd,imp,Banten,0.38918209075927734
OthRubberPrd,imp,JaTeng,1.5589598417282104
OthRubberPrd,imp,DIY,2.0770373344421387
OthRubberPrd,imp,JaTim,1.9524494409561157
OthRubberPrd,imp,KalBar,5.876275062561035
OthRubberPrd,imp,KalTeng,5.558393478393555
OthRubberPrd,imp,KalSel,5.659231185913086
OthRubberPrd,imp,KalTim,1.2130622863769531
OthRubberPrd,imp,KalUt,4.757931709289551
OthRubberPrd,imp,SulUt,11.780329704284668
OthRubberPrd,imp,Gorontalo,11.038073539733887
OthRubberPrd,imp,SulTeng,10.883001327514648
OthRubberPrd,imp,SulaSel,10.063233375549316
OthRubberPrd,imp,SulBar,9.25406551361084
OthRubberPrd,imp,SulTra,10.914753913879395
OthRubberPrd,imp,Bali,5.566253185272217
OthRubberPrd,imp,NTB,7.54561185836792
OthRubberPrd,imp,NTT,10.946844100952148
OthRubberPrd,imp,Maluku,13.693328857421875
OthRubberPrd,imp,MalUt,6.918935775756836
OthRubberPrd,imp,PapuaBar,11.74166488647461
OthRubberPrd,imp,PapuaProv,3.488919258117676
PlasticPrd,dom,NAD,7.499824523925781
PlasticPrd,dom,SumUt,4.86502742767334
PlasticPrd,dom,SumBar,5.437126159667969
PlasticPrd,dom,RiauProv,5.436166763305664
PlasticPrd,dom,KepRi,6.244121074676514
PlasticPrd,dom,Jambi,4.856685161590576
PlasticPrd,dom,SumSel,3.792762041091919
PlasticPrd,dom,BaBel,5.044765472412109
PlasticPrd,dom,Bengkulu,4.437167167663574
PlasticPrd,dom,Lampung,2.5263874530792236
PlasticPrd,dom,DKI,0.5664768218994141
PlasticPrd,dom,JaBar,0.28986674547195435
PlasticPrd,dom,Banten,0.17838814854621887
PlasticPrd,dom,JaTeng,0.2292640209197998
PlasticPrd,dom,DIY,0.6575411558151245
PlasticPrd,dom,JaTim,0.40364935994148254
PlasticPrd,dom,KalBar,6.933351516723633
PlasticPrd,dom,KalTeng,6.257537364959717
PlasticPrd,dom,KalSel,5.914326190948486
PlasticPrd,dom,KalTim,7.524205684661865
PlasticPrd,dom,KalUt,8.53649616241455
PlasticPrd,dom,SulUt,11.440953254699707
PlasticPrd,dom,Gorontalo,11.029038429260254
PlasticPrd,dom,SulTeng,10.149590492248535
PlasticPrd,dom,SulaSel,9.130014419555664
PlasticPrd,dom,SulBar,8.984779357910156
PlasticPrd,dom,SulTra,9.935831069946289
PlasticPrd,dom,Bali,3.178236961364746
PlasticPrd,dom,NTB,5.460909843444824
PlasticPrd,dom,NTT,8.65191650390625
PlasticPrd,dom,Maluku,17.5568904876709
PlasticPrd,dom,MalUt,15.355051040649414
PlasticPrd,dom,PapuaBar,20.155595779418945
PlasticPrd,dom,PapuaProv,25.783035278320312
PlasticPrd,imp,NAD,7.4600419998168945
PlasticPrd,imp,SumUt,3.014756202697754
PlasticPrd,imp,SumBar,5.538702011108398
PlasticPrd,imp,RiauProv,4.948485374450684
PlasticPrd,imp,KepRi,2.3219759464263916
PlasticPrd,imp,Jambi,5.934421539306641
PlasticPrd,imp,SumSel,5.29711389541626
PlasticPrd,imp,BaBel,5.716254234313965
PlasticPrd,imp,Bengkulu,5.952702522277832
PlasticPrd,imp,Lampung,4.67728853225708
PlasticPrd,imp,DKI,0.18525752425193787
PlasticPrd,imp,JaBar,1.1695820093154907
PlasticPrd,imp,Banten,0.8548033237457275
PlasticPrd,imp,JaTeng,1.1876484155654907
PlasticPrd,imp,DIY,1.9638584852218628
PlasticPrd,imp,JaTim,0.480395644903183
PlasticPrd,imp,KalBar,4.224601745605469
PlasticPrd,imp,KalTeng,5.805734157562256
PlasticPrd,imp,KalSel,6.68637228012085
PlasticPrd,imp,KalTim,6.5195698738098145
PlasticPrd,imp,KalUt,7.2329816818237305
PlasticPrd,imp,SulUt,6.472975254058838
PlasticPrd,imp,Gorontalo,5.291501998901367
PlasticPrd,imp,SulTeng,0.45253291726112366
PlasticPrd,imp,SulaSel,3.7786760330200195
PlasticPrd,imp,SulBar,4.372987747192383
PlasticPrd,imp,SulTra,0.5155714750289917
PlasticPrd,imp,Bali,7.425745964050293
PlasticPrd,imp,NTB,9.73992919921875
PlasticPrd,imp,NTT,11.599302291870117
PlasticPrd,imp,Maluku,15.136795043945312
PlasticPrd,imp,MalUt,12.158035278320312
PlasticPrd,imp,PapuaBar,13.318748474121094
PlasticPrd,imp,PapuaProv,4.044742107391357
Glass,dom,NAD,3.666872978210449
Glass,dom,SumUt,4.682597637176514
Glass,dom,SumBar,0.7558932304382324
Glass,dom,RiauProv,3.5936098098754883
Glass,dom,KepRi,9.639724731445312
Glass,dom,Jambi,0.5735046863555908
Glass,dom,SumSel,2.513256072998047
Glass,dom,BaBel,4.068201541900635
Glass,dom,Bengkulu,3.368823766708374
Glass,dom,Lampung,1.9208048582077026
Glass,dom,DKI,0.18091000616550446
Glass,dom,JaBar,0.5996101498603821
Glass,dom,Banten,0.1788567155599594
Glass,dom,JaTeng,0.16274864971637726
Glass,dom,DIY,0.16341517865657806
Glass,dom,JaTim,0.884114682674408
Glass,dom,KalBar,2.320797920227051
Glass,dom,KalTeng,6.049432754516602
Glass,dom,KalSel,5.31356143951416
Glass,dom,KalTim,6.65726900100708
Glass,dom,KalUt,8.168909072875977
Glass,dom,SulUt,3.928422451019287
Glass,dom,Gorontalo,7.264095783233643
Glass,dom,SulTeng,0.9218991994857788
Glass,dom,SulaSel,4.659647464752197
Glass,dom,SulBar,6.244108200073242
Glass,dom,SulTra,7.485324382781982
Glass,dom,Bali,3.636570453643799
Glass,dom,NTB,1.407869577407837
Glass,dom,NTT,7.792361736297607
Glass,dom,Maluku,16.939855575561523
Glass,dom,MalUt,14.760708808898926
Glass,dom,PapuaBar,16.95465660095215
Glass,dom,PapuaProv,25.481300354003906
Glass,imp,NAD,3.311677932739258
Glass,imp,SumUt,0.875584602355957
Glass,imp,SumBar,3.3921611309051514
Glass,imp,RiauProv,3.0039520263671875
Glass,imp,KepRi,2.708747148513794
Glass,imp,Jambi,3.6380536556243896
Glass,imp,SumSel,3.167736530303955
Glass,imp,BaBel,4.233358860015869
Glass,imp,Bengkulu,3.608731985092163
Glass,imp,Lampung,2.181168794631958
Glass,imp,DKI,0.1768462061882019
Glass,imp,JaBar,0.5345874428749084
Glass,imp,Banten,0.39659053087234497
Glass,imp,JaTeng,0.2985595762729645
Glass,imp,DIY,1.3263616561889648
Glass,imp,JaTim,0.5924894213676453
Glass,imp,KalBar,6.418188571929932
Glass,imp,KalTeng,7.062787055969238
Glass,imp,KalSel,7.564872741699219
Glass,imp,KalTim,8.598380088806152
Glass,imp,KalUt,8.885251998901367
Glass,imp,SulUt,13.526378631591797
Glass,imp,Gorontalo,12.824786186218262
Glass,imp,SulTeng,12.031755447387695
Glass,imp,SulaSel,11.288857460021973
Glass,imp,SulBar,10.598936080932617
Glass,imp,SulTra,12.101386070251465
Glass,imp,Bali,4.953292369842529
Glass,imp,NTB,7.604856014251709
Glass,imp,NTT,10.889946937561035
Glass,imp,Maluku,18.81707763671875
Glass,imp,MalUt,16.883546829223633
Glass,imp,PapuaBar,21.031230926513672
Glass,imp,PapuaProv,21.762319564819336
ClayCermcPrd,dom,NAD,3.7624006271362305
ClayCermcPrd,dom,SumUt,0.908704936504364
ClayCermcPrd,dom,SumBar,3.332702398300171
ClayCermcPrd,dom,RiauProv,2.923380136489868
ClayCermcPrd,dom,KepRi,3.285961151123047
ClayCermcPrd,dom,Jambi,2.700237512588501
ClayCermcPrd,dom,SumSel,0.7131026387214661
ClayCermcPrd,dom,BaBel,3.2084689140319824
ClayCermcPrd,dom,Bengkulu,2.7104148864746094
ClayCermcPrd,dom,Lampung,1.3186192512512207
ClayCermcPrd,dom,DKI,0.4194670021533966
ClayCermcPrd,dom,JaBar,0.29069533944129944
ClayCermcPrd,dom,Banten,0.17692594230175018
ClayCermcPrd,dom,JaTeng,1.2415573596954346
ClayCermcPrd,dom,DIY,1.23610520362854
ClayCermcPrd,dom,JaTim,0.48986437916755676
ClayCermcPrd,dom,KalBar,7.120597839355469
ClayCermcPrd,dom,KalTeng,6.948807716369629
ClayCermcPrd,dom,KalSel,6.371408939361572
ClayCermcPrd,dom,KalTim,7.69684362411499
ClayCermcPrd,dom,KalUt,8.598479270935059
ClayCermcPrd,dom,SulUt,9.110977172851562
ClayCermcPrd,dom,Gorontalo,10.337730407714844
ClayCermcPrd,dom,SulTeng,4.5039238929748535
ClayCermcPrd,dom,SulaSel,7.746433734893799
ClayCermcPrd,dom,SulBar,8.334534645080566
ClayCermcPrd,dom,SulTra,4.337246894836426
ClayCermcPrd,dom,Bali,3.604738235473633
ClayCermcPrd,dom,NTB,2.9554760456085205
ClayCermcPrd,dom,NTT,9.595857620239258
ClayCermcPrd,dom,Maluku,15.121648788452148
ClayCermcPrd,dom,MalUt,11.325118064880371
ClayCermcPrd,dom,PapuaBar,11.61898136138916
ClayCermcPrd,dom,PapuaProv,20.89372444152832
ClayCermcPrd,imp,NAD,3.0397391319274902
ClayCermcPrd,imp,SumUt,0.7466896176338196
ClayCermcPrd,imp,SumBar,0.7088208198547363
ClayCermcPrd,imp,RiauProv,2.375549793243408
ClayCermcPrd,imp,KepRi,2.382373094558716
ClayCermcPrd,imp,Jambi,3.7810394763946533
ClayCermcPrd,imp,SumSel,2.920677423477173
ClayCermcPrd,imp,BaBel,5.452822208404541
ClayCermcPrd,imp,Bengkulu,4.086863040924072
ClayCermcPrd,imp,Lampung,3.2388339042663574
ClayCermcPrd,imp,DKI,0.188180074095726
ClayCermcPrd,imp,JaBar,1.0652103424072266
ClayCermcPrd,imp,Banten,0.6312350034713745
ClayCermcPrd,imp,JaTeng,1.1791266202926636
ClayCermcPrd,imp,DIY,1.3491100072860718
ClayCermcPrd,imp,JaTim,0.4762619137763977
ClayCermcPrd,imp,KalBar,1.4059016704559326
ClayCermcPrd,imp,KalTeng,6.349148750305176
ClayCermcPrd,imp,KalSel,6.555727005004883
ClayCermcPrd,imp,KalTim,6.980766773223877
ClayCermcPrd,imp,KalUt,7.488690376281738
ClayCermcPrd,imp,SulUt,2.8812572956085205
ClayCermcPrd,imp,Gorontalo,2.43161940574646
ClayCermcPrd,imp,SulTeng,0.4312264025211334
ClayCermcPrd,imp,SulaSel,0.3516484797000885
ClayCermcPrd,imp,SulBar,2.0432591438293457
ClayCermcPrd,imp,SulTra,0.5380918383598328
ClayCermcPrd,imp,Bali,6.171009063720703
ClayCermcPrd,imp,NTB,8.389303207397461
ClayCermcPrd,imp,NTT,9.438531875610352
ClayCermcPrd,imp,Maluku,8.424453735351562
ClayCermcPrd,imp,MalUt,1.8448508977890015
ClayCermcPrd,imp,PapuaBar,6.9218926429748535
ClayCermcPrd,imp,PapuaProv,17.980438232421875
Cement,dom,NAD,2.9093480110168457
Cement,dom,SumUt,8.726247787475586
Cement,dom,SumBar,0.4136177599430084
Cement,dom,RiauProv,5.187466144561768
Cement,dom,KepRi,9.048493385314941
Cement,dom,Jambi,3.416417121887207
Cement,dom,SumSel,0.45036327838897705
Cement,dom,BaBel,1.1991218328475952
Cement,dom,Bengkulu,3.945859432220459
Cement,dom,Lampung,0.5165623426437378
Cement,dom,DKI,5.835261344909668
Cement,dom,JaBar,5.6307692527771
Cement,dom,Banten,6.809027671813965
Cement,dom,JaTeng,3.720402479171753
Cement,dom,DIY,3.6969571113586426
Cement,dom,JaTim,0.9076507091522217
Cement,dom,KalBar,5.787674427032471
Cement,dom,KalTeng,3.6733624935150146
Cement,dom,KalSel,0.809214174747467
Cement,dom,KalTim,3.7401416301727295
Cement,dom,KalUt,5.045078277587891
Cement,dom,SulUt,2.2293074131011963
Cement,dom,Gorontalo,1.5097720623016357
Cement,dom,SulTeng,0.4536253809928894
Cement,dom,SulaSel,0.2195120006799698
Cement,dom,SulBar,0.450550377368927
Cement,dom,SulTra,1.004722237586975
Cement,dom,Bali,6.449132919311523
Cement,dom,NTB,6.175419330596924
Cement,dom,NTT,5.457189559936523
Cement,dom,Maluku,8.411933898925781
Cement,dom,MalUt,6.121386528015137
Cement,dom,PapuaBar,11.118967056274414
Cement,dom,PapuaProv,17.341197967529297
Cement,imp,NAD,5.5097503662109375
Cement,imp,SumUt,2.91457462310791
Cement,imp,SumBar,0.39573583006858826
Cement,imp,RiauProv,0.3822981119155884
Cement,imp,KepRi,2.3957250118255615
Cement,imp,Jambi,1.981805682182312
Cement,imp,SumSel,2.5899012088775635
Cement,imp,BaBel,5.480006217956543
Cement,imp,Bengkulu,2.963205337524414
Cement,imp,Lampung,0.46500927209854126
Cement,imp,DKI,3.926222324371338
Cement,imp,JaBar,4.3697028160095215
Cement,imp,Banten,0.35554248094558716
Cement,imp,JaTeng,3.183637857437134
Cement,imp,DIY,2.719082832336426
Cement,imp,JaTim,1.0342706441879272
Cement,imp,KalBar,6.843804836273193
Cement,imp,KalTeng,7.467409610748291
Cement,imp,KalSel,7.491344451904297
Cement,imp,KalTim,7.837149143218994
Cement,imp,KalUt,8.641741752624512
Cement,imp,SulUt,3.2831900119781494
Cement,imp,Gorontalo,2.2475500106811523
Cement,imp,SulTeng,0.5059581995010376
Cement,imp,SulaSel,1.9249863624572754
Cement,imp,SulBar,2.8801820278167725
Cement,imp,SulTra,2.6042943000793457
Cement,imp,Bali,7.791114807128906
Cement,imp,NTB,9.799288749694824
Cement,imp,NTT,10.089479446411133
Cement,imp,Maluku,6.709868907928467
Cement,imp,MalUt,1.8707629442214966
Cement,imp,PapuaBar,1.9015886783599854
Cement,imp,PapuaProv,5.716464042663574
BasIronSteel,dom,NAD,2.7668724060058594
BasIronSteel,dom,SumUt,0.7881466746330261
BasIronSteel,dom,SumBar,3.0264549255371094
BasIronSteel,dom,RiauProv,2.733020544052124
BasIronSteel,dom,KepRi,9.106966972351074
BasIronSteel,dom,Jambi,2.5949792861938477
BasIronSteel,dom,SumSel,2.3790245056152344
BasIronSteel,dom,BaBel,4.418388843536377
BasIronSteel,dom,Bengkulu,3.0545685291290283
BasIronSteel,dom,Lampung,0.4503343403339386
BasIronSteel,dom,DKI,0.19874994456768036
BasIronSteel,dom,JaBar,0.6688368916511536
BasIronSteel,dom,Banten,0.17704862356185913
BasIronSteel,dom,JaTeng,1.1362067461013794
BasIronSteel,dom,DIY,1.1234517097473145
BasIronSteel,dom,JaTim,0.449813574552536
BasIronSteel,dom,KalBar,7.617092132568359
BasIronSteel,dom,KalTeng,7.332503318786621
BasIronSteel,dom,KalSel,7.279571056365967
BasIronSteel,dom,KalTim,8.801461219787598
BasIronSteel,dom,KalUt,9.604684829711914
BasIronSteel,dom,SulUt,13.289543151855469
BasIronSteel,dom,Gorontalo,12.59783935546875
BasIronSteel,dom,SulTeng,11.628015518188477
BasIronSteel,dom,SulaSel,10.841700553894043
BasIronSteel,dom,SulBar,10.1248779296875
BasIronSteel,dom,SulTra,11.722883224487305
BasIronSteel,dom,Bali,4.306280136108398
BasIronSteel,dom,NTB,6.6771769523620605
BasIronSteel,dom,NTT,10.148669242858887
BasIronSteel,dom,Maluku,19.374170303344727
BasIronSteel,dom,MalUt,17.104068756103516
BasIronSteel,dom,PapuaBar,21.994770050048828
BasIronSteel,dom,PapuaProv,27.697120666503906
BasIronSteel,imp,NAD,5.2899017333984375
BasIronSteel,imp,SumUt,0.9062942862510681
BasIronSteel,imp,SumBar,4.444727420806885
BasIronSteel,imp,RiauProv,4.055800914764404
BasIronSteel,imp,KepRi,2.3451693058013916
BasIronSteel,imp,Jambi,4.813079833984375
BasIronSteel,imp,SumSel,4.38259220123291
BasIronSteel,imp,BaBel,5.185019493103027
BasIronSteel,imp,Bengkulu,4.916433334350586
BasIronSteel,imp,Lampung,3.495967149734497
BasIronSteel,imp,DKI,0.17973004281520844
BasIronSteel,imp,JaBar,0.891304612159729
BasIronSteel,imp,Banten,0.1858740895986557
BasIronSteel,imp,JaTeng,1.6332192420959473
BasIronSteel,imp,DIY,1.4312394857406616
BasIronSteel,imp,JaTim,0.4678846299648285
BasIronSteel,imp,KalBar,4.6007914543151855
BasIronSteel,imp,KalTeng,5.664563179016113
BasIronSteel,imp,KalSel,6.283576011657715
BasIronSteel,imp,KalTim,5.692841529846191
BasIronSteel,imp,KalUt,6.271669864654541
BasIronSteel,imp,SulUt,10.852106094360352
BasIronSteel,imp,Gorontalo,10.228829383850098
BasIronSteel,imp,SulTeng,6.836480140686035
BasIronSteel,imp,SulaSel,7.881279468536377
BasIronSteel,imp,SulBar,8.747915267944336
BasIronSteel,imp,SulTra,9.835897445678711
BasIronSteel,imp,Bali,5.7607269287109375
BasIronSteel,imp,NTB,8.2545747756958
BasIronSteel,imp,NTT,11.364313125610352
BasIronSteel,imp,Maluku,17.436365127563477
BasIronSteel,imp,MalUt,8.574324607849121
BasIronSteel,imp,PapuaBar,19.240581512451172
BasIronSteel,imp,PapuaProv,20.464365005493164
NonFerrMetal,dom,NAD,2.408107042312622
NonFerrMetal,dom,SumUt,0.7540643215179443
NonFerrMetal,dom,SumBar,2.8780999183654785
NonFerrMetal,dom,RiauProv,2.1527297496795654
NonFerrMetal,dom,KepRi,2.4696567058563232
NonFerrMetal,dom,Jambi,0.6487029790878296
NonFerrMetal,dom,SumSel,3.0243799686431885
NonFerrMetal,dom,BaBel,0.9979901313781738
NonFerrMetal,dom,Bengkulu,3.9755969047546387
NonFerrMetal,dom,Lampung,3.979048490524292
NonFerrMetal,dom,DKI,0.2338421791791916
NonFerrMetal,dom,JaBar,3.954977512359619
NonFerrMetal,dom,Banten,0.6661714911460876
NonFerrMetal,dom,JaTeng,0.39909133315086365
NonFerrMetal,dom,DIY,4.399661064147949
NonFerrMetal,dom,JaTim,1.7328236103057861
NonFerrMetal,dom,KalBar,2.3565995693206787
NonFerrMetal,dom,KalTeng,4.243283271789551
NonFerrMetal,dom,KalSel,6.005535125732422
NonFerrMetal,dom,KalTim,6.293411731719971
NonFerrMetal,dom,KalUt,7.28157377243042
NonFerrMetal,dom,SulUt,1.295951008796692
NonFerrMetal,dom,Gorontalo,1.3243799209594727
NonFerrMetal,dom,SulTeng,0.4328353703022003
NonFerrMetal,dom,SulaSel,0.240794837474823
NonFerrMetal,dom,SulBar,1.5212604999542236
NonFerrMetal,dom,SulTra,0.4923724830150604
NonFerrMetal,dom,Bali,8.212011337280273
NonFerrMetal,dom,NTB,4.494536399841309
NonFerrMetal,dom,NTT,7.913341522216797
NonFerrMetal,dom,Maluku,10.420570373535156
NonFerrMetal,dom,MalUt,1.9137684106826782
NonFerrMetal,dom,PapuaBar,13.422640800476074
NonFerrMetal,dom,PapuaProv,20.7132625579834
NonFerrMetal,imp,NAD,2.968881607055664
NonFerrMetal,imp,SumUt,0.7719453573226929
NonFerrMetal,imp,SumBar,3.4238617420196533
NonFerrMetal,imp,RiauProv,2.998272657394409
NonFerrMetal,imp,KepRi,2.660254955291748
NonFerrMetal,imp,Jambi,4.03499174118042
NonFerrMetal,imp,SumSel,3.957913875579834
NonFerrMetal,imp,BaBel,5.009910583496094
NonFerrMetal,imp,Bengkulu,4.214597225189209
NonFerrMetal,imp,Lampung,3.2047412395477295
NonFerrMetal,imp,DKI,0.18734592199325562
NonFerrMetal,imp,JaBar,0.8172137141227722
NonFerrMetal,imp,Banten,0.571510910987854
NonFerrMetal,imp,JaTeng,1.1958470344543457
NonFerrMetal,imp,DIY,1.0628292560577393
NonFerrMetal,imp,JaTim,0.43715083599090576
NonFerrMetal,imp,KalBar,6.312979698181152
NonFerrMetal,imp,KalTeng,6.490948677062988
NonFerrMetal,imp,KalSel,6.555619716644287
NonFerrMetal,imp,KalTim,7.751101493835449
NonFerrMetal,imp,KalUt,8.27797794342041
NonFerrMetal,imp,SulUt,12.373236656188965
NonFerrMetal,imp,Gorontalo,11.470651626586914
NonFerrMetal,imp,SulTeng,10.768745422363281
NonFerrMetal,imp,SulaSel,9.778609275817871
NonFerrMetal,imp,SulBar,8.136397361755371
NonFerrMetal,imp,SulTra,10.486465454101562
NonFerrMetal,imp,Bali,3.934673547744751
NonFerrMetal,imp,NTB,6.423302173614502
NonFerrMetal,imp,NTT,9.809944152832031
NonFerrMetal,imp,Maluku,18.34684181213379
NonFerrMetal,imp,MalUt,15.193061828613281
NonFerrMetal,imp,PapuaBar,20.69335174560547
NonFerrMetal,imp,PapuaProv,26.263036727905273
FoundryPrd,dom,NAD,0.7155199646949768
FoundryPrd,dom,SumUt,2.5306811332702637
FoundryPrd,dom,SumBar,3.3702268600463867
FoundryPrd,dom,RiauProv,2.0222971439361572
FoundryPrd,dom,KepRi,2.4083621501922607
FoundryPrd,dom,Jambi,3.4424304962158203
FoundryPrd,dom,SumSel,3.269139528274536
FoundryPrd,dom,BaBel,1.254473328590393
FoundryPrd,dom,Bengkulu,3.054842233657837
FoundryPrd,dom,Lampung,2.498530864715576
FoundryPrd,dom,DKI,0.438159704208374
FoundryPrd,dom,JaBar,0.2481708824634552
FoundryPrd,dom,Banten,0.17996227741241455
FoundryPrd,dom,JaTeng,1.1408888101577759
FoundryPrd,dom,DIY,1.7929332256317139
FoundryPrd,dom,JaTim,2.0917460918426514
FoundryPrd,dom,KalBar,0.6858100295066833
FoundryPrd,dom,KalTeng,3.739001750946045
FoundryPrd,dom,KalSel,5.267059326171875
FoundryPrd,dom,KalTim,6.260138988494873
FoundryPrd,dom,KalUt,4.766317844390869
FoundryPrd,dom,SulUt,7.855679035186768
FoundryPrd,dom,Gorontalo,9.703877449035645
FoundryPrd,dom,SulTeng,0.840494692325592
FoundryPrd,dom,SulaSel,5.68179988861084
FoundryPrd,dom,SulBar,8.239348411560059
FoundryPrd,dom,SulTra,8.694417953491211
FoundryPrd,dom,Bali,4.9407429695129395
FoundryPrd,dom,NTB,7.39784574508667
FoundryPrd,dom,NTT,8.72071361541748
FoundryPrd,dom,Maluku,16.91862678527832
FoundryPrd,dom,MalUt,15.603805541992188
FoundryPrd,dom,PapuaBar,17.053512573242188
FoundryPrd,dom,PapuaProv,26.567594528198242
FoundryPrd,imp,NAD,9.546664237976074
FoundryPrd,imp,SumUt,7.317685604095459
FoundryPrd,imp,SumBar,7.3581414222717285
FoundryPrd,imp,RiauProv,6.968807697296143
FoundryPrd,imp,KepRi,2.3128857612609863
FoundryPrd,imp,Jambi,7.434856414794922
FoundryPrd,imp,SumSel,6.527198791503906
FoundryPrd,imp,BaBel,6.584014415740967
FoundryPrd,imp,Bengkulu,7.725225925445557
FoundryPrd,imp,Lampung,6.733977794647217
FoundryPrd,imp,DKI,0.24431048333644867
FoundryPrd,imp,JaBar,3.7794742584228516
FoundryPrd,imp,Banten,2.6607422828674316
FoundryPrd,imp,JaTeng,7.7236552238464355
FoundryPrd,imp,DIY,6.12416410446167
FoundryPrd,imp,JaTim,7.182017803192139
FoundryPrd,imp,KalBar,4.950206279754639
FoundryPrd,imp,KalTeng,6.074244022369385
FoundryPrd,imp,KalSel,6.889812469482422
FoundryPrd,imp,KalTim,1.5369627475738525
FoundryPrd,imp,KalUt,6.562721252441406
FoundryPrd,imp,SulUt,10.287630081176758
FoundryPrd,imp,Gorontalo,9.493980407714844
FoundryPrd,imp,SulTeng,0.6017981767654419
FoundryPrd,imp,SulaSel,8.25993537902832
FoundryPrd,imp,SulBar,7.7180256843566895
FoundryPrd,imp,SulTra,9.817580223083496
FoundryPrd,imp,Bali,11.069933891296387
FoundryPrd,imp,NTB,11.598174095153809
FoundryPrd,imp,NTT,13.667309761047363
FoundryPrd,imp,Maluku,12.027416229248047
FoundryPrd,imp,MalUt,1.8915971517562866
FoundryPrd,imp,PapuaBar,10.099410057067871
FoundryPrd,imp,PapuaProv,3.3480403423309326
FabMetalPrd,dom,NAD,5.754624366760254
FabMetalPrd,dom,SumUt,4.0391645431518555
FabMetalPrd,dom,SumBar,4.276000022888184
FabMetalPrd,dom,RiauProv,4.537596702575684
FabMetalPrd,dom,KepRi,8.534242630004883
FabMetalPrd,dom,Jambi,3.4780638217926025
FabMetalPrd,dom,SumSel,0.618801474571228
FabMetalPrd,dom,BaBel,3.8511648178100586
FabMetalPrd,dom,Bengkulu,2.7300376892089844
FabMetalPrd,dom,Lampung,1.180726170539856
FabMetalPrd,dom,DKI,0.43164217472076416
FabMetalPrd,dom,JaBar,0.24548426270484924
FabMetalPrd,dom,Banten,0.1803966760635376
FabMetalPrd,dom,JaTeng,0.9584802985191345
FabMetalPrd,dom,DIY,1.2978148460388184
FabMetalPrd,dom,JaTim,0.5732435584068298
FabMetalPrd,dom,KalBar,2.2247955799102783
FabMetalPrd,dom,KalTeng,5.673748970031738
FabMetalPrd,dom,KalSel,6.523662090301514
FabMetalPrd,dom,KalTim,7.489992618560791
FabMetalPrd,dom,KalUt,7.638820171356201
FabMetalPrd,dom,SulUt,3.9096391201019287
FabMetalPrd,dom,Gorontalo,8.133926391601562
FabMetalPrd,dom,SulTeng,6.1467485427856445
FabMetalPrd,dom,SulaSel,3.8832075595855713
FabMetalPrd,dom,SulBar,5.404770374298096
FabMetalPrd,dom,SulTra,0.5681248903274536
FabMetalPrd,dom,Bali,3.700143814086914
FabMetalPrd,dom,NTB,6.463033199310303
FabMetalPrd,dom,NTT,8.693363189697266
FabMetalPrd,dom,Maluku,15.791425704956055
FabMetalPrd,dom,MalUt,12.933862686157227
FabMetalPrd,dom,PapuaBar,19.237457275390625
FabMetalPrd,dom,PapuaProv,25.81036949157715
FabMetalPrd,imp,NAD,4.315026760101318
FabMetalPrd,imp,SumUt,0.9011666178703308
FabMetalPrd,imp,SumBar,4.3352789878845215
FabMetalPrd,imp,RiauProv,3.635798215866089
FabMetalPrd,imp,KepRi,2.3545024394989014
FabMetalPrd,imp,Jambi,5.006420135498047
FabMetalPrd,imp,SumSel,4.326783657073975
FabMetalPrd,imp,BaBel,6.981568336486816
FabMetalPrd,imp,Bengkulu,5.963496208190918
FabMetalPrd,imp,Lampung,4.770261764526367
FabMetalPrd,imp,DKI,0.370332270860672
FabMetalPrd,imp,JaBar,4.246464729309082
FabMetalPrd,imp,Banten,2.237579345703125
FabMetalPrd,imp,JaTeng,6.210855007171631
FabMetalPrd,imp,DIY,5.15351676940918
FabMetalPrd,imp,JaTim,4.242945194244385
FabMetalPrd,imp,KalBar,0.8022934198379517
FabMetalPrd,imp,KalTeng,0.7568433284759521
FabMetalPrd,imp,KalSel,3.8270745277404785
FabMetalPrd,imp,KalTim,3.8654298782348633
FabMetalPrd,imp,KalUt,5.598900318145752
FabMetalPrd,imp,SulUt,0.4342619776725769
FabMetalPrd,imp,Gorontalo,1.2821779251098633
FabMetalPrd,imp,SulTeng,0.43197888135910034
FabMetalPrd,imp,SulaSel,0.24505750834941864
FabMetalPrd,imp,SulBar,0.22768962383270264
FabMetalPrd,imp,SulTra,0.5294644236564636
FabMetalPrd,imp,Bali,9.049905776977539
FabMetalPrd,imp,NTB,6.156730651855469
FabMetalPrd,imp,NTT,9.025514602661133
FabMetalPrd,imp,Maluku,7.211753845214844
FabMetalPrd,imp,MalUt,1.834397315979004
FabMetalPrd,imp,PapuaBar,2.193067789077759
FabMetalPrd,imp,PapuaProv,5.377458095550537
WeaponsAmmo,dom,NAD,8.051132202148438
WeaponsAmmo,dom,SumUt,6.794124603271484
WeaponsAmmo,dom,SumBar,5.042972564697266
WeaponsAmmo,dom,RiauProv,5.370189189910889
WeaponsAmmo,dom,KepRi,9.988123893737793
WeaponsAmmo,dom,Jambi,4.321526527404785
WeaponsAmmo,dom,SumSel,3.371093273162842
WeaponsAmmo,dom,BaBel,4.256453514099121
WeaponsAmmo,dom,Bengkulu,3.8887197971343994
WeaponsAmmo,dom,Lampung,2.487421751022339
WeaponsAmmo,dom,DKI,0.48523902893066406
WeaponsAmmo,dom,JaBar,0.2427305430173874
WeaponsAmmo,dom,Banten,0.7224598526954651
WeaponsAmmo,dom,JaTeng,1.2151100635528564
WeaponsAmmo,dom,DIY,1.3899860382080078
WeaponsAmmo,dom,JaTim,2.1327385902404785
WeaponsAmmo,dom,KalBar,7.174565315246582
WeaponsAmmo,dom,KalTeng,7.261013507843018
WeaponsAmmo,dom,KalSel,7.464095115661621
WeaponsAmmo,dom,KalTim,8.960214614868164
WeaponsAmmo,dom,KalUt,9.709094047546387
WeaponsAmmo,dom,SulUt,13.110634803771973
WeaponsAmmo,dom,Gorontalo,12.492076873779297
WeaponsAmmo,dom,SulTeng,11.685968399047852
WeaponsAmmo,dom,SulaSel,10.893665313720703
WeaponsAmmo,dom,SulBar,10.458099365234375
WeaponsAmmo,dom,SulTra,11.777257919311523
WeaponsAmmo,dom,Bali,4.939415454864502
WeaponsAmmo,dom,NTB,7.012234687805176
WeaponsAmmo,dom,NTT,10.025315284729004
WeaponsAmmo,dom,Maluku,18.928903579711914
WeaponsAmmo,dom,MalUt,16.739883422851562
WeaponsAmmo,dom,PapuaBar,21.495004653930664
WeaponsAmmo,dom,PapuaProv,27.036848068237305
WeaponsAmmo,imp,NAD,7.841327667236328
WeaponsAmmo,imp,SumUt,6.467555999755859
WeaponsAmmo,imp,SumBar,4.709647178649902
WeaponsAmmo,imp,RiauProv,5.0544939041137695
WeaponsAmmo,imp,KepRi,9.566201210021973
WeaponsAmmo,imp,Jambi,3.96811580657959
WeaponsAmmo,imp,SumSel,3.004082441329956
WeaponsAmmo,imp,BaBel,3.818282127380371
WeaponsAmmo,imp,Bengkulu,3.5279600620269775
WeaponsAmmo,imp,Lampung,2.109895706176758
WeaponsAmmo,imp,DKI,0.17618007957935333
WeaponsAmmo,imp,JaBar,0.4938949644565582
WeaponsAmmo,imp,Banten,0.3569808900356293
WeaponsAmmo,imp,JaTeng,1.5662866830825806
WeaponsAmmo,imp,DIY,1.694345474243164
WeaponsAmmo,imp,JaTim,2.3614699840545654
WeaponsAmmo,imp,KalBar,6.983791828155518
WeaponsAmmo,imp,KalTeng,7.366252422332764
WeaponsAmmo,imp,KalSel,7.709574222564697
WeaponsAmmo,imp,KalTim,9.035062789916992
WeaponsAmmo,imp,KalUt,9.6008882522583
WeaponsAmmo,imp,SulUt,13.391249656677246
WeaponsAmmo,imp,Gorontalo,12.770544052124023
WeaponsAmmo,imp,SulTeng,11.961206436157227
WeaponsAmmo,imp,SulaSel,11.165178298950195
WeaponsAmmo,imp,SulBar,10.727088928222656
WeaponsAmmo,imp,SulTra,12.052878379821777
WeaponsAmmo,imp,Bali,5.107217788696289
WeaponsAmmo,imp,NTB,7.245964050292969
WeaponsAmmo,imp,NTT,10.291543006896973
WeaponsAmmo,imp,Maluku,19.221561431884766
WeaponsAmmo,imp,MalUt,17.029199600219727
WeaponsAmmo,imp,PapuaBar,21.790660858154297
WeaponsAmmo,imp,PapuaProv,27.336456298828125
DomMetalPrd,dom,NAD,1.3897913694381714
DomMetalPrd,dom,SumUt,4.524598121643066
DomMetalPrd,dom,SumBar,5.423489570617676
DomMetalPrd,dom,RiauProv,5.347888946533203
DomMetalPrd,dom,KepRi,9.386780738830566
DomMetalPrd,dom,Jambi,3.9003260135650635
DomMetalPrd,dom,SumSel,0.61037677526474
DomMetalPrd,dom,BaBel,3.4077491760253906
DomMetalPrd,dom,Bengkulu,2.392312526702881
DomMetalPrd,dom,Lampung,1.237452507019043
DomMetalPrd,dom,DKI,0.8978461623191833
DomMetalPrd,dom,JaBar,0.25404760241508484
DomMetalPrd,dom,Banten,0.6256608366966248
DomMetalPrd,dom,JaTeng,0.6039660573005676
DomMetalPrd,dom,DIY,0.16505104303359985
DomMetalPrd,dom,JaTim,0.3960488736629486
DomMetalPrd,dom,KalBar,6.409567356109619
DomMetalPrd,dom,KalTeng,4.916890621185303
DomMetalPrd,dom,KalSel,5.455020904541016
DomMetalPrd,dom,KalTim,6.626551151275635
DomMetalPrd,dom,KalUt,8.11620044708252
DomMetalPrd,dom,SulUt,8.967076301574707
DomMetalPrd,dom,Gorontalo,7.592486381530762
DomMetalPrd,dom,SulTeng,6.084439277648926
DomMetalPrd,dom,SulaSel,7.406276702880859
DomMetalPrd,dom,SulBar,1.4166404008865356
DomMetalPrd,dom,SulTra,3.7280664443969727
DomMetalPrd,dom,Bali,2.9052233695983887
DomMetalPrd,dom,NTB,2.779545783996582
DomMetalPrd,dom,NTT,7.604628562927246
DomMetalPrd,dom,Maluku,14.41299819946289
DomMetalPrd,dom,MalUt,11.695995330810547
DomMetalPrd,dom,PapuaBar,18.20104217529297
DomMetalPrd,dom,PapuaProv,24.670339584350586
DomMetalPrd,imp,NAD,7.057098865509033
DomMetalPrd,imp,SumUt,3.583003520965576
DomMetalPrd,imp,SumBar,4.863197326660156
DomMetalPrd,imp,RiauProv,4.99738883972168
DomMetalPrd,imp,KepRi,2.437666416168213
DomMetalPrd,imp,Jambi,4.519842147827148
DomMetalPrd,imp,SumSel,3.5590591430664062
DomMetalPrd,imp,BaBel,4.532248497009277
DomMetalPrd,imp,Bengkulu,4.165578365325928
DomMetalPrd,imp,Lampung,2.4693918228149414
DomMetalPrd,imp,DKI,0.17652450501918793
DomMetalPrd,imp,JaBar,0.4689159691333771
DomMetalPrd,imp,Banten,0.39800122380256653
DomMetalPrd,imp,JaTeng,0.6286681890487671
DomMetalPrd,imp,DIY,1.3669134378433228
DomMetalPrd,imp,JaTim,1.0680782794952393
DomMetalPrd,imp,KalBar,6.1336565017700195
DomMetalPrd,imp,KalTeng,6.504293918609619
DomMetalPrd,imp,KalSel,6.924494743347168
DomMetalPrd,imp,KalTim,6.625890731811523
DomMetalPrd,imp,KalUt,7.636513710021973
DomMetalPrd,imp,SulUt,12.298830032348633
DomMetalPrd,imp,Gorontalo,11.833463668823242
DomMetalPrd,imp,SulTeng,11.454751968383789
DomMetalPrd,imp,SulaSel,10.525516510009766
DomMetalPrd,imp,SulBar,9.385644912719727
DomMetalPrd,imp,SulTra,11.528227806091309
DomMetalPrd,imp,Bali,5.628961086273193
DomMetalPrd,imp,NTB,8.062442779541016
DomMetalPrd,imp,NTT,11.11645793914795
DomMetalPrd,imp,Maluku,15.378247261047363
DomMetalPrd,imp,MalUt,13.94972038269043
DomMetalPrd,imp,PapuaBar,13.967788696289062
DomMetalPrd,imp,PapuaProv,3.7533981800079346
OthMetalPrd,dom,NAD,7.522777557373047
OthMetalPrd,dom,SumUt,5.9420576095581055
OthMetalPrd,dom,SumBar,4.658632755279541
OthMetalPrd,dom,RiauProv,4.848752975463867
OthMetalPrd,dom,KepRi,2.761772871017456
OthMetalPrd,dom,Jambi,3.900819778442383
OthMetalPrd,dom,SumSel,2.7347071170806885
OthMetalPrd,dom,BaBel,4.0686445236206055
OthMetalPrd,dom,Bengkulu,3.5081803798675537
OthMetalPrd,dom,Lampung,1.9680453538894653
OthMetalPrd,dom,DKI,0.2983790338039398
OthMetalPrd,dom,JaBar,0.25582370162010193
OthMetalPrd,dom,Banten,0.17691323161125183
OthMetalPrd,dom,JaTeng,1.2474812269210815
OthMetalPrd,dom,DIY,1.4923359155654907
OthMetalPrd,dom,JaTim,0.648540735244751
OthMetalPrd,dom,KalBar,6.538514137268066
OthMetalPrd,dom,KalTeng,6.979388236999512
OthMetalPrd,dom,KalSel,7.199516296386719
OthMetalPrd,dom,KalTim,8.451762199401855
OthMetalPrd,dom,KalUt,8.97706127166748
OthMetalPrd,dom,SulUt,11.666143417358398
OthMetalPrd,dom,Gorontalo,11.915481567382812
OthMetalPrd,dom,SulTeng,11.237751007080078
OthMetalPrd,dom,SulaSel,10.295555114746094
OthMetalPrd,dom,SulBar,10.230484962463379
OthMetalPrd,dom,SulTra,11.115204811096191
OthMetalPrd,dom,Bali,4.831142902374268
OthMetalPrd,dom,NTB,6.99189567565918
OthMetalPrd,dom,NTT,10.211852073669434
OthMetalPrd,dom,Maluku,18.734840393066406
OthMetalPrd,dom,MalUt,16.51336669921875
OthMetalPrd,dom,PapuaBar,21.40699577331543
OthMetalPrd,dom,PapuaProv,27.089208602905273
OthMetalPrd,imp,NAD,9.198948860168457
OthMetalPrd,imp,SumUt,5.9705634117126465
OthMetalPrd,imp,SumBar,7.777667999267578
OthMetalPrd,imp,RiauProv,6.79954195022583
OthMetalPrd,imp,KepRi,2.316596746444702
OthMetalPrd,imp,Jambi,7.503686904907227
OthMetalPrd,imp,SumSel,7.0756635665893555
OthMetalPrd,imp,BaBel,6.819140434265137
OthMetalPrd,imp,Bengkulu,7.744203567504883
OthMetalPrd,imp,Lampung,6.139596939086914
OthMetalPrd,imp,DKI,0.19482575356960297
OthMetalPrd,imp,JaBar,1.7819724082946777
OthMetalPrd,imp,Banten,1.2270578145980835
OthMetalPrd,imp,JaTeng,1.8213061094284058
OthMetalPrd,imp,DIY,3.7632479667663574
OthMetalPrd,imp,JaTim,2.0483181476593018
OthMetalPrd,imp,KalBar,5.296410083770752
OthMetalPrd,imp,KalTeng,6.321966648101807
OthMetalPrd,imp,KalSel,6.920284748077393
OthMetalPrd,imp,KalTim,3.3789267539978027
OthMetalPrd,imp,KalUt,6.932231903076172
OthMetalPrd,imp,SulUt,8.106075286865234
OthMetalPrd,imp,Gorontalo,10.019693374633789
OthMetalPrd,imp,SulTeng,10.34209156036377
OthMetalPrd,imp,SulaSel,9.487323760986328
OthMetalPrd,imp,SulBar,10.312748908996582
OthMetalPrd,imp,SulTra,11.057188034057617
OthMetalPrd,imp,Bali,7.535196304321289
OthMetalPrd,imp,NTB,1.153970718383789
OthMetalPrd,imp,NTT,12.951981544494629
OthMetalPrd,imp,Maluku,11.917613983154297
OthMetalPrd,imp,MalUt,11.482022285461426
OthMetalPrd,imp,PapuaBar,9.205437660217285
OthMetalPrd,imp,PapuaProv,3.24607253074646
ElectroncPrd,dom,NAD,8.638590812683105
ElectroncPrd,dom,SumUt,7.310864448547363
ElectroncPrd,dom,SumBar,6.082082748413086
ElectroncPrd,dom,RiauProv,5.993156909942627
ElectroncPrd,dom,KepRi,2.411184072494507
ElectroncPrd,dom,Jambi,5.394800662994385
ElectroncPrd,dom,SumSel,4.321557998657227
ElectroncPrd,dom,BaBel,5.073060512542725
ElectroncPrd,dom,Bengkulu,5.106927394866943
ElectroncPrd,dom,Lampung,3.4526591300964355
ElectroncPrd,dom,DKI,0.6340276002883911
ElectroncPrd,dom,JaBar,0.24696026742458344
ElectroncPrd,dom,Banten,0.19225746393203735
ElectroncPrd,dom,JaTeng,1.5724068880081177
ElectroncPrd,dom,DIY,1.9724572896957397
ElectroncPrd,dom,JaTim,2.716744899749756
ElectroncPrd,dom,KalBar,5.2123332023620605
ElectroncPrd,dom,KalTeng,6.275681495666504
ElectroncPrd,dom,KalSel,7.065011024475098
ElectroncPrd,dom,KalTim,7.5446672439575195
ElectroncPrd,dom,KalUt,7.971616744995117
ElectroncPrd,dom,SulUt,12.87664794921875
ElectroncPrd,dom,Gorontalo,12.366405487060547
ElectroncPrd,dom,SulTeng,11.388374328613281
ElectroncPrd,dom,SulaSel,10.262066841125488
ElectroncPrd,dom,SulBar,10.31855583190918
ElectroncPrd,dom,SulTra,11.399325370788574
ElectroncPrd,dom,Bali,6.83367919921875
ElectroncPrd,dom,NTB,9.019574165344238
ElectroncPrd,dom,NTT,11.75285530090332
ElectroncPrd,dom,Maluku,18.983989715576172
ElectroncPrd,dom,MalUt,16.698169708251953
ElectroncPrd,dom,PapuaBar,21.508100509643555
ElectroncPrd,dom,PapuaProv,27.362775802612305
ElectroncPrd,imp,NAD,8.186623573303223
ElectroncPrd,imp,SumUt,6.902499675750732
ElectroncPrd,imp,SumBar,5.480985641479492
ElectroncPrd,imp,RiauProv,5.59945821762085
ElectroncPrd,imp,KepRi,2.4886515140533447
ElectroncPrd,imp,Jambi,4.824091911315918
ElectroncPrd,imp,SumSel,3.810235023498535
ElectroncPrd,imp,BaBel,4.5473246574401855
ElectroncPrd,imp,Bengkulu,4.4551849365234375
ElectroncPrd,imp,Lampung,2.744936227798462
ElectroncPrd,imp,DKI,0.17914935946464539
ElectroncPrd,imp,JaBar,0.5870797038078308
ElectroncPrd,imp,Banten,0.4136050045490265
ElectroncPrd,imp,JaTeng,1.5914967060089111
ElectroncPrd,imp,DIY,1.7025521993637085
ElectroncPrd,imp,JaTim,2.773591995239258
ElectroncPrd,imp,KalBar,5.45787239074707
ElectroncPrd,imp,KalTeng,6.485462188720703
ElectroncPrd,imp,KalSel,7.293632507324219
ElectroncPrd,imp,KalTim,7.843417167663574
ElectroncPrd,imp,KalUt,8.15727710723877
ElectroncPrd,imp,SulUt,12.646875381469727
ElectroncPrd,imp,Gorontalo,11.981201171875
ElectroncPrd,imp,SulTeng,9.912686347961426
ElectroncPrd,imp,SulaSel,9.964885711669922
ElectroncPrd,imp,SulBar,8.587666511535645
ElectroncPrd,imp,SulTra,11.012300491333008
ElectroncPrd,imp,Bali,6.407472610473633
ElectroncPrd,imp,NTB,8.684975624084473
ElectroncPrd,imp,NTT,11.574933052062988
ElectroncPrd,imp,Maluku,18.782716751098633
ElectroncPrd,imp,MalUt,16.704805374145508
ElectroncPrd,imp,PapuaBar,21.089962005615234
ElectroncPrd,imp,PapuaProv,26.168243408203125
Instruments,dom,NAD,7.9846510887146
Instruments,dom,SumUt,6.623775959014893
Instruments,dom,SumBar,5.004909038543701
Instruments,dom,RiauProv,5.2950029373168945
Instruments,dom,KepRi,9.141916275024414
Instruments,dom,Jambi,4.273502826690674
Instruments,dom,SumSel,3.292206287384033
Instruments,dom,BaBel,4.293838024139404
Instruments,dom,Bengkulu,3.864842653274536
Instruments,dom,Lampung,2.4460015296936035
Instruments,dom,DKI,0.4544523060321808
Instruments,dom,JaBar,0.2427612692117691
Instruments,dom,Banten,0.6880859732627869
Instruments,dom,JaTeng,1.169098138809204
Instruments,dom,DIY,1.348979115486145
Instruments,dom,JaTim,1.5479873418807983
Instruments,dom,KalBar,6.979380130767822
Instruments,dom,KalTeng,7.030126094818115
Instruments,dom,KalSel,7.256062984466553
Instruments,dom,KalTim,8.675966262817383
Instruments,dom,KalUt,9.321531295776367
Instruments,dom,SulUt,12.040594100952148
Instruments,dom,Gorontalo,11.275174140930176
Instruments,dom,SulTeng,11.188638687133789
Instruments,dom,SulaSel,10.295114517211914
Instruments,dom,SulBar,9.14438533782959
Instruments,dom,SulTra,10.967876434326172
Instruments,dom,Bali,4.680824279785156
Instruments,dom,NTB,6.857507705688477
Instruments,dom,NTT,9.783761978149414
Instruments,dom,Maluku,18.665464401245117
Instruments,dom,MalUt,16.379261016845703
Instruments,dom,PapuaBar,21.266082763671875
Instruments,dom,PapuaProv,26.86248779296875
Instruments,imp,NAD,6.901074409484863
Instruments,imp,SumUt,4.857672691345215
Instruments,imp,SumBar,4.057628154754639
Instruments,imp,RiauProv,4.299376487731934
Instruments,imp,KepRi,2.3802525997161865
Instruments,imp,Jambi,2.830883264541626
Instruments,imp,SumSel,0.5134392380714417
Instruments,imp,BaBel,3.9859912395477295
Instruments,imp,Bengkulu,2.623502492904663
Instruments,imp,Lampung,2.0146660804748535
Instruments,imp,DKI,0.17778153717517853
Instruments,imp,JaBar,0.6061862111091614
Instruments,imp,Banten,0.41902145743370056
Instruments,imp,JaTeng,2.0876922607421875
Instruments,imp,DIY,2.1819870471954346
Instruments,imp,JaTim,2.81032657623291
Instruments,imp,KalBar,4.864114284515381
Instruments,imp,KalTeng,6.2026262283325195
Instruments,imp,KalSel,6.493268966674805
Instruments,imp,KalTim,4.953033924102783
Instruments,imp,KalUt,6.076023578643799
Instruments,imp,SulUt,10.708662986755371
Instruments,imp,Gorontalo,11.038432121276855
Instruments,imp,SulTeng,8.618866920471191
Instruments,imp,SulaSel,4.716363906860352
Instruments,imp,SulBar,5.643487453460693
Instruments,imp,SulTra,9.081175804138184
Instruments,imp,Bali,5.086910724639893
Instruments,imp,NTB,8.274005889892578
Instruments,imp,NTT,11.352063179016113
Instruments,imp,Maluku,16.383939743041992
Instruments,imp,MalUt,3.060351848602295
Instruments,imp,PapuaBar,16.374765396118164
Instruments,imp,PapuaProv,4.490411281585693
ElecMotorGen,dom,NAD,7.590312957763672
ElecMotorGen,dom,SumUt,6.7211174964904785
ElecMotorGen,dom,SumBar,4.95713472366333
ElecMotorGen,dom,RiauProv,5.224012851715088
ElecMotorGen,dom,KepRi,9.973572731018066
ElecMotorGen,dom,Jambi,4.290289878845215
ElecMotorGen,dom,SumSel,3.359536647796631
ElecMotorGen,dom,BaBel,4.255218029022217
ElecMotorGen,dom,Bengkulu,3.8723537921905518
ElecMotorGen,dom,Lampung,2.47711443901062
ElecMotorGen,dom,DKI,0.482807457447052
ElecMotorGen,dom,JaBar,0.24273672699928284
ElecMotorGen,dom,Banten,0.6979185938835144
ElecMotorGen,dom,JaTeng,1.2211514711380005
ElecMotorGen,dom,DIY,1.3963724374771118
ElecMotorGen,dom,JaTim,2.1342132091522217
ElecMotorGen,dom,KalBar,7.185457706451416
ElecMotorGen,dom,KalTeng,7.2781476974487305
ElecMotorGen,dom,KalSel,7.48443078994751
ElecMotorGen,dom,KalTim,8.978536605834961
ElecMotorGen,dom,KalUt,9.72407341003418
ElecMotorGen,dom,SulUt,13.13690185546875
ElecMotorGen,dom,Gorontalo,12.517301559448242
ElecMotorGen,dom,SulTeng,11.71117877960205
ElecMotorGen,dom,SulaSel,10.918388366699219
ElecMotorGen,dom,SulBar,10.481795310974121
ElecMotorGen,dom,SulTra,11.802589416503906
ElecMotorGen,dom,Bali,4.956884384155273
ElecMotorGen,dom,NTB,7.033132076263428
ElecMotorGen,dom,NTT,10.050005912780762
ElecMotorGen,dom,Maluku,18.958454132080078
ElecMotorGen,dom,MalUt,16.76812171936035
ElecMotorGen,dom,PapuaBar,21.525421142578125
ElecMotorGen,dom,PapuaProv,27.070350646972656
ElecMotorGen,imp,NAD,3.307305097579956
ElecMotorGen,imp,SumUt,0.8022539019584656
ElecMotorGen,imp,SumBar,3.5157041549682617
ElecMotorGen,imp,RiauProv,3.1479744911193848
ElecMotorGen,imp,KepRi,2.3915822505950928
ElecMotorGen,imp,Jambi,4.191015243530273
ElecMotorGen,imp,SumSel,3.5923709869384766
ElecMotorGen,imp,BaBel,5.152701377868652
ElecMotorGen,imp,Bengkulu,4.410876750946045
ElecMotorGen,imp,Lampung,0.4873606562614441
ElecMotorGen,imp,DKI,0.1938234269618988
ElecMotorGen,imp,JaBar,0.9996830224990845
ElecMotorGen,imp,Banten,0.6672248244285583
ElecMotorGen,imp,JaTeng,0.44496485590934753
ElecMotorGen,imp,DIY,2.4019408226013184
ElecMotorGen,imp,JaTim,0.9117154479026794
ElecMotorGen,imp,KalBar,5.547710418701172
ElecMotorGen,imp,KalTeng,5.693757057189941
ElecMotorGen,imp,KalSel,5.599881172180176
ElecMotorGen,imp,KalTim,5.124660491943359
ElecMotorGen,imp,KalUt,6.416192054748535
ElecMotorGen,imp,SulUt,1.7135980129241943
ElecMotorGen,imp,Gorontalo,2.0208561420440674
ElecMotorGen,imp,SulTeng,0.43154871463775635
ElecMotorGen,imp,SulaSel,1.267922043800354
ElecMotorGen,imp,SulBar,1.2404789924621582
ElecMotorGen,imp,SulTra,0.49144887924194336
ElecMotorGen,imp,Bali,6.816837310791016
ElecMotorGen,imp,NTB,1.8128440380096436
ElecMotorGen,imp,NTT,8.013028144836426
ElecMotorGen,imp,Maluku,6.923615455627441
ElecMotorGen,imp,MalUt,1.8527164459228516
ElecMotorGen,imp,PapuaBar,1.8590316772460938
ElecMotorGen,imp,PapuaProv,5.575932025909424
ElectEqp,dom,NAD,7.887645721435547
ElectEqp,dom,SumUt,6.531929969787598
ElectEqp,dom,SumBar,4.962020397186279
ElectEqp,dom,RiauProv,5.299998760223389
ElectEqp,dom,KepRi,8.137465476989746
ElectEqp,dom,Jambi,4.245007038116455
ElectEqp,dom,SumSel,3.183353900909424
ElectEqp,dom,BaBel,4.298630714416504
ElectEqp,dom,Bengkulu,3.8239145278930664
ElectEqp,dom,Lampung,2.4978489875793457
ElectEqp,dom,DKI,0.4691568613052368
ElectEqp,dom,JaBar,0.24276408553123474
ElectEqp,dom,Banten,0.6275734305381775
ElectEqp,dom,JaTeng,1.2232545614242554
ElectEqp,dom,DIY,1.392599105834961
ElectEqp,dom,JaTim,1.9899338483810425
ElectEqp,dom,KalBar,6.8244452476501465
ElectEqp,dom,KalTeng,7.057962417602539
ElectEqp,dom,KalSel,7.340945720672607
ElectEqp,dom,KalTim,8.69605827331543
ElectEqp,dom,KalUt,9.369569778442383
ElectEqp,dom,SulUt,12.960527420043945
ElectEqp,dom,Gorontalo,12.255425453186035
ElectEqp,dom,SulTeng,11.140698432922363
ElectEqp,dom,SulaSel,10.64542293548584
ElectEqp,dom,SulBar,9.491120338439941
ElectEqp,dom,SulTra,11.30593204498291
ElectEqp,dom,Bali,5.009068012237549
ElectEqp,dom,NTB,7.140598297119141
ElectEqp,dom,NTT,9.8572998046875
ElectEqp,dom,Maluku,18.88289451599121
ElectEqp,dom,MalUt,16.676240921020508
ElectEqp,dom,PapuaBar,21.456222534179688
ElectEqp,dom,PapuaProv,27.04680633544922
ElectEqp,imp,NAD,8.163661003112793
ElectEqp,imp,SumUt,5.050201892852783
ElectEqp,imp,SumBar,6.036962509155273
ElectEqp,imp,RiauProv,5.797399044036865
ElectEqp,imp,KepRi,2.3210537433624268
ElectEqp,imp,Jambi,5.3826422691345215
ElectEqp,imp,SumSel,0.5328044891357422
ElectEqp,imp,BaBel,5.237337112426758
ElectEqp,imp,Bengkulu,5.265572547912598
ElectEqp,imp,Lampung,3.187260866165161
ElectEqp,imp,DKI,0.19571541249752045
ElectEqp,imp,JaBar,1.650633454322815
ElectEqp,imp,Banten,1.0853291749954224
ElectEqp,imp,JaTeng,3.637691020965576
ElectEqp,imp,DIY,3.4615230560302734
ElectEqp,imp,JaTim,3.6428918838500977
ElectEqp,imp,KalBar,3.935138702392578
ElectEqp,imp,KalTeng,5.9498090744018555
ElectEqp,imp,KalSel,6.65886116027832
ElectEqp,imp,KalTim,6.608438491821289
ElectEqp,imp,KalUt,6.687596797943115
ElectEqp,imp,SulUt,4.796217918395996
ElectEqp,imp,Gorontalo,0.5198699831962585
ElectEqp,imp,SulTeng,0.44094666838645935
ElectEqp,imp,SulaSel,2.8312740325927734
ElectEqp,imp,SulBar,3.733166456222534
ElectEqp,imp,SulTra,2.9064290523529053
ElectEqp,imp,Bali,8.491781234741211
ElectEqp,imp,NTB,5.415432453155518
ElectEqp,imp,NTT,11.508933067321777
ElectEqp,imp,Maluku,13.147586822509766
ElectEqp,imp,MalUt,1.9310005903244019
ElectEqp,imp,PapuaBar,11.394028663635254
ElectEqp,imp,PapuaProv,3.813204288482666
Batteries,dom,NAD,7.869001388549805
Batteries,dom,SumUt,6.407476425170898
Batteries,dom,SumBar,6.1660075187683105
Batteries,dom,RiauProv,5.754332542419434
Batteries,dom,KepRi,2.3251585960388184
Batteries,dom,Jambi,5.529458522796631
Batteries,dom,SumSel,4.365421295166016
Batteries,dom,BaBel,5.367727279663086
Batteries,dom,Bengkulu,5.438964366912842
Batteries,dom,Lampung,3.1257309913635254
Batteries,dom,DKI,0.28468796610832214
Batteries,dom,JaBar,0.6979711651802063
Batteries,dom,Banten,0.17772996425628662
Batteries,dom,JaTeng,2.399050712585449
Batteries,dom,DIY,2.726076364517212
Batteries,dom,JaTim,2.4575860500335693
Batteries,dom,KalBar,4.945193290710449
Batteries,dom,KalTeng,6.131359100341797
Batteries,dom,KalSel,7.094463348388672
Batteries,dom,KalTim,7.384510040283203
Batteries,dom,KalUt,7.649100303649902
Batteries,dom,SulUt,12.955717086791992
Batteries,dom,Gorontalo,12.103241920471191
Batteries,dom,SulTeng,10.560916900634766
Batteries,dom,SulaSel,10.622705459594727
Batteries,dom,SulBar,8.333898544311523
Batteries,dom,SulTra,10.830535888671875
Batteries,dom,Bali,8.454373359680176
Batteries,dom,NTB,10.53014087677002
Batteries,dom,NTT,12.881365776062012
Batteries,dom,Maluku,19.16069793701172
Batteries,dom,MalUt,16.863174438476562
Batteries,dom,PapuaBar,21.68366813659668
Batteries,dom,PapuaProv,27.616146087646484
Batteries,imp,NAD,8.74026870727539
Batteries,imp,SumUt,7.70949649810791
Batteries,imp,SumBar,6.975619316101074
Batteries,imp,RiauProv,6.421642303466797
Batteries,imp,KepRi,2.311127185821533
Batteries,imp,Jambi,6.675614356994629
Batteries,imp,SumSel,6.461248397827148
Batteries,imp,BaBel,5.876573085784912
Batteries,imp,Bengkulu,7.110873222351074
Batteries,imp,Lampung,6.260813236236572
Batteries,imp,DKI,0.21957705914974213
Batteries,imp,JaBar,1.9735121726989746
Batteries,imp,Banten,1.351456880569458
Batteries,imp,JaTeng,3.749072790145874
Batteries,imp,DIY,4.100575923919678
Batteries,imp,JaTim,4.922725200653076
Batteries,imp,KalBar,4.652752876281738
Batteries,imp,KalTeng,5.620456695556641
Batteries,imp,KalSel,6.468821048736572
Batteries,imp,KalTim,6.210068225860596
Batteries,imp,KalUt,6.090023040771484
Batteries,imp,SulUt,12.840561866760254
Batteries,imp,Gorontalo,12.048046112060547
Batteries,imp,SulTeng,11.46280288696289
Batteries,imp,SulaSel,10.686185836791992
Batteries,imp,SulBar,10.016876220703125
Batteries,imp,SulTra,11.51308822631836
Batteries,imp,Bali,9.3358154296875
Batteries,imp,NTB,11.211816787719727
Batteries,imp,NTT,13.381659507751465
Batteries,imp,Maluku,18.189836502075195
Batteries,imp,MalUt,13.400296211242676
Batteries,imp,PapuaBar,19.944313049316406
Batteries,imp,PapuaProv,7.045473098754883
OthElecEqp,dom,NAD,7.6894941329956055
OthElecEqp,dom,SumUt,6.444482326507568
OthElecEqp,dom,SumBar,5.03689432144165
OthElecEqp,dom,RiauProv,5.292079925537109
OthElecEqp,dom,KepRi,2.8102715015411377
OthElecEqp,dom,Jambi,4.331845760345459
OthElecEqp,dom,SumSel,3.2953977584838867
OthElecEqp,dom,BaBel,4.365685939788818
OthElecEqp,dom,Bengkulu,3.888702630996704
OthElecEqp,dom,Lampung,2.333261013031006
OthElecEqp,dom,DKI,0.389114111661911
OthElecEqp,dom,JaBar,0.2504127323627472
OthElecEqp,dom,Banten,0.17817044258117676
OthElecEqp,dom,JaTeng,1.2715461254119873
OthElecEqp,dom,DIY,1.507468342781067
OthElecEqp,dom,JaTim,1.2071572542190552
OthElecEqp,dom,KalBar,6.563037395477295
OthElecEqp,dom,KalTeng,6.966907978057861
OthElecEqp,dom,KalSel,7.284875869750977
OthElecEqp,dom,KalTim,8.513649940490723
OthElecEqp,dom,KalUt,9.114853858947754
OthElecEqp,dom,SulUt,12.870513916015625
OthElecEqp,dom,Gorontalo,12.083667755126953
OthElecEqp,dom,SulTeng,11.425914764404297
OthElecEqp,dom,SulaSel,10.594630241394043
OthElecEqp,dom,SulBar,9.606536865234375
OthElecEqp,dom,SulTra,11.327814102172852
OthElecEqp,dom,Bali,4.855909824371338
OthElecEqp,dom,NTB,7.1573381423950195
OthElecEqp,dom,NTT,10.268658638000488
OthElecEqp,dom,Maluku,18.840087890625
OthElecEqp,dom,MalUt,16.646230697631836
OthElecEqp,dom,PapuaBar,21.430992126464844
OthElecEqp,dom,PapuaProv,27.07522201538086
OthElecEqp,imp,NAD,0.9803613424301147
OthElecEqp,imp,SumUt,5.12308406829834
OthElecEqp,imp,SumBar,6.0606818199157715
OthElecEqp,imp,RiauProv,5.892510414123535
OthElecEqp,imp,KepRi,2.3248534202575684
OthElecEqp,imp,Jambi,5.989622592926025
OthElecEqp,imp,SumSel,4.400994777679443
OthElecEqp,imp,BaBel,5.772557735443115
OthElecEqp,imp,Bengkulu,5.807440280914307
OthElecEqp,imp,Lampung,4.523969650268555
OthElecEqp,imp,DKI,0.18411420285701752
OthElecEqp,imp,JaBar,1.122246265411377
OthElecEqp,imp,Banten,0.7543067336082458
OthElecEqp,imp,JaTeng,0.810481071472168
OthElecEqp,imp,DIY,2.5310921669006348
OthElecEqp,imp,JaTim,1.1571528911590576
OthElecEqp,imp,KalBar,4.131610870361328
OthElecEqp,imp,KalTeng,5.223923683166504
OthElecEqp,imp,KalSel,5.780182838439941
OthElecEqp,imp,KalTim,0.7600656747817993
OthElecEqp,imp,KalUt,5.285881042480469
OthElecEqp,imp,SulUt,7.871192455291748
OthElecEqp,imp,Gorontalo,6.843632698059082
OthElecEqp,imp,SulTeng,0.46140357851982117
OthElecEqp,imp,SulaSel,1.7143025398254395
OthElecEqp,imp,SulBar,4.5117878913879395
OthElecEqp,imp,SulTra,6.3961100578308105
OthElecEqp,imp,Bali,7.133864402770996
OthElecEqp,imp,NTB,9.518407821655273
OthElecEqp,imp,NTT,11.977140426635742
OthElecEqp,imp,Maluku,13.759568214416504
OthElecEqp,imp,MalUt,2.004424810409546
OthElecEqp,imp,PapuaBar,12.849973678588867
OthElecEqp,imp,PapuaProv,3.4398677349090576
DomElectEqp,dom,NAD,2.9920294284820557
DomElectEqp,dom,SumUt,0.9300758242607117
DomElectEqp,dom,SumBar,3.2955689430236816
DomElectEqp,dom,RiauProv,2.97269606590271
DomElectEqp,dom,KepRi,9.754080772399902
DomElectEqp,dom,Jambi,3.5526483058929443
DomElectEqp,dom,SumSel,3.016444444656372
DomElectEqp,dom,BaBel,4.48587703704834
DomElectEqp,dom,Bengkulu,3.4676876068115234
DomElectEqp,dom,Lampung,1.619596242904663
DomElectEqp,dom,DKI,0.4533393979072571
DomElectEqp,dom,JaBar,0.28341010212898254
DomElectEqp,dom,Banten,0.17730426788330078
DomElectEqp,dom,JaTeng,0.7954647541046143
DomElectEqp,dom,DIY,1.0865302085876465
DomElectEqp,dom,JaTim,0.455081969499588
DomElectEqp,dom,KalBar,7.536166191101074
DomElectEqp,dom,KalTeng,7.32362174987793
DomElectEqp,dom,KalSel,7.283936500549316
DomElectEqp,dom,KalTim,8.83224105834961
DomElectEqp,dom,KalUt,9.621804237365723
DomElectEqp,dom,SulUt,12.685248374938965
DomElectEqp,dom,Gorontalo,12.248412132263184
DomElectEqp,dom,SulTeng,10.982409477233887
DomElectEqp,dom,SulaSel,10.1000337600708
DomElectEqp,dom,SulBar,9.591940879821777
DomElectEqp,dom,SulTra,8.276284217834473
DomElectEqp,dom,Bali,4.3657450675964355
DomElectEqp,dom,NTB,6.798995018005371
DomElectEqp,dom,NTT,10.035286903381348
DomElectEqp,dom,Maluku,19.104921340942383
DomElectEqp,dom,MalUt,16.855314254760742
DomElectEqp,dom,PapuaBar,21.77349090576172
DomElectEqp,dom,PapuaProv,27.483606338500977
DomElectEqp,imp,NAD,7.32050085067749
DomElectEqp,imp,SumUt,4.484968662261963
DomElectEqp,imp,SumBar,5.6142449378967285
DomElectEqp,imp,RiauProv,5.520912170410156
DomElectEqp,imp,KepRi,2.3962581157684326
DomElectEqp,imp,Jambi,5.19942045211792
DomElectEqp,imp,SumSel,4.251010894775391
DomElectEqp,imp,BaBel,4.922952175140381
DomElectEqp,imp,Bengkulu,4.933664321899414
DomElectEqp,imp,Lampung,3.0620713233947754
DomElectEqp,imp,DKI,0.17862136662006378
DomElectEqp,imp,JaBar,0.6225429177284241
DomElectEqp,imp,Banten,0.4522482752799988
DomElectEqp,imp,JaTeng,2.026484727859497
DomElectEqp,imp,DIY,2.05647873878479
DomElectEqp,imp,JaTim,2.7842917442321777
DomElectEqp,imp,KalBar,5.42595100402832
DomElectEqp,imp,KalTeng,6.299193382263184
DomElectEqp,imp,KalSel,6.607285022735596
DomElectEqp,imp,KalTim,6.912187099456787
DomElectEqp,imp,KalUt,7.387643814086914
DomElectEqp,imp,SulUt,3.3342959880828857
DomElectEqp,imp,Gorontalo,2.260549306869507
DomElectEqp,imp,SulTeng,0.46852627396583557
DomElectEqp,imp,SulaSel,1.8674421310424805
DomElectEqp,imp,SulBar,2.7226009368896484
DomElectEqp,imp,SulTra,2.669245481491089
DomElectEqp,imp,Bali,6.376672744750977
DomElectEqp,imp,NTB,8.313944816589355
DomElectEqp,imp,NTT,9.645970344543457
DomElectEqp,imp,Maluku,13.532975196838379
DomElectEqp,imp,MalUt,9.730085372924805
DomElectEqp,imp,PapuaBar,15.476173400878906
DomElectEqp,imp,PapuaProv,14.5358247756958
PrimaryMover,dom,NAD,5.992715835571289
PrimaryMover,dom,SumUt,1.7249420881271362
PrimaryMover,dom,SumBar,4.636029243469238
PrimaryMover,dom,RiauProv,4.646129131317139
PrimaryMover,dom,KepRi,8.622414588928223
PrimaryMover,dom,Jambi,4.183164119720459
PrimaryMover,dom,SumSel,3.2933521270751953
PrimaryMover,dom,BaBel,4.337123394012451
PrimaryMover,dom,Bengkulu,3.8327221870422363
PrimaryMover,dom,Lampung,2.543482780456543
PrimaryMover,dom,DKI,0.49152955412864685
PrimaryMover,dom,JaBar,0.24390919506549835
PrimaryMover,dom,Banten,0.6548640131950378
PrimaryMover,dom,JaTeng,0.18932868540287018
PrimaryMover,dom,DIY,0.955508828163147
PrimaryMover,dom,JaTim,2.0190956592559814
PrimaryMover,dom,KalBar,6.91628885269165
PrimaryMover,dom,KalTeng,7.1675920486450195
PrimaryMover,dom,KalSel,7.489188194274902
PrimaryMover,dom,KalTim,8.806570053100586
PrimaryMover,dom,KalUt,9.501420974731445
PrimaryMover,dom,SulUt,13.20373821258545
PrimaryMover,dom,Gorontalo,12.572145462036133
PrimaryMover,dom,SulTeng,11.771892547607422
PrimaryMover,dom,SulaSel,10.975027084350586
PrimaryMover,dom,SulBar,10.53615665435791
PrimaryMover,dom,SulTra,11.863661766052246
PrimaryMover,dom,Bali,5.0750603675842285
PrimaryMover,dom,NTB,7.216106414794922
PrimaryMover,dom,NTT,10.2650728225708
PrimaryMover,dom,Maluku,19.049270629882812
PrimaryMover,dom,MalUt,16.846900939941406
PrimaryMover,dom,PapuaBar,21.614614486694336
PrimaryMover,dom,PapuaProv,27.206174850463867
PrimaryMover,imp,NAD,5.389281272888184
PrimaryMover,imp,SumUt,0.8374805450439453
PrimaryMover,imp,SumBar,4.055298328399658
PrimaryMover,imp,RiauProv,2.7730724811553955
PrimaryMover,imp,KepRi,2.347428560256958
PrimaryMover,imp,Jambi,3.880300760269165
PrimaryMover,imp,SumSel,0.5211123824119568
PrimaryMover,imp,BaBel,1.0248898267745972
PrimaryMover,imp,Bengkulu,4.016909599304199
PrimaryMover,imp,Lampung,0.5816206932067871
PrimaryMover,imp,DKI,0.18420103192329407
PrimaryMover,imp,JaBar,1.0454021692276
PrimaryMover,imp,Banten,0.6179249882698059
PrimaryMover,imp,JaTeng,2.0907604694366455
PrimaryMover,imp,DIY,2.06707763671875
PrimaryMover,imp,JaTim,0.5824279189109802
PrimaryMover,imp,KalBar,0.7717156410217285
PrimaryMover,imp,KalTeng,5.139128684997559
PrimaryMover,imp,KalSel,5.604549884796143
PrimaryMover,imp,KalTim,3.9879367351531982
PrimaryMover,imp,KalUt,5.429704189300537
PrimaryMover,imp,SulUt,1.6690999269485474
PrimaryMover,imp,Gorontalo,2.044269323348999
PrimaryMover,imp,SulTeng,0.4315979480743408
PrimaryMover,imp,SulaSel,1.5513885021209717
PrimaryMover,imp,SulBar,2.4260032176971436
PrimaryMover,imp,SulTra,0.5529330968856812
PrimaryMover,imp,Bali,5.938482761383057
PrimaryMover,imp,NTB,1.5302619934082031
PrimaryMover,imp,NTT,9.014690399169922
PrimaryMover,imp,Maluku,10.501484870910645
PrimaryMover,imp,MalUt,1.9029396772384644
PrimaryMover,imp,PapuaBar,4.726073265075684
PrimaryMover,imp,PapuaProv,3.858266592025757
OfficeMachin,dom,NAD,8.078141212463379
OfficeMachin,dom,SumUt,6.78580904006958
OfficeMachin,dom,SumBar,5.066244602203369
OfficeMachin,dom,RiauProv,5.390334606170654
OfficeMachin,dom,KepRi,4.03481912612915
OfficeMachin,dom,Jambi,4.336362838745117
OfficeMachin,dom,SumSel,3.3816285133361816
OfficeMachin,dom,BaBel,4.286407947540283
OfficeMachin,dom,Bengkulu,3.9064483642578125
OfficeMachin,dom,Lampung,2.4965920448303223
OfficeMachin,dom,DKI,0.48432937264442444
OfficeMachin,dom,JaBar,0.24286238849163055
OfficeMachin,dom,Banten,0.6877117156982422
OfficeMachin,dom,JaTeng,1.232604742050171
OfficeMachin,dom,DIY,1.4026670455932617
OfficeMachin,dom,JaTim,2.1375057697296143
OfficeMachin,dom,KalBar,7.01267671585083
OfficeMachin,dom,KalTeng,7.189898490905762
OfficeMachin,dom,KalSel,7.427837371826172
OfficeMachin,dom,KalTim,8.853181838989258
OfficeMachin,dom,KalUt,9.576541900634766
OfficeMachin,dom,SulUt,13.02737045288086
OfficeMachin,dom,Gorontalo,12.288252830505371
OfficeMachin,dom,SulTeng,11.41513729095459
OfficeMachin,dom,SulaSel,10.841901779174805
OfficeMachin,dom,SulBar,10.054977416992188
OfficeMachin,dom,SulTra,11.563661575317383
OfficeMachin,dom,Bali,4.986743450164795
OfficeMachin,dom,NTB,7.081462383270264
OfficeMachin,dom,NTT,10.095726013183594
OfficeMachin,dom,Maluku,18.908336639404297
OfficeMachin,dom,MalUt,16.699037551879883
OfficeMachin,dom,PapuaBar,21.477964401245117
OfficeMachin,dom,PapuaProv,27.042987823486328
OfficeMachin,imp,NAD,6.495353698730469
OfficeMachin,imp,SumUt,5.13751220703125
OfficeMachin,imp,SumBar,4.482513904571533
OfficeMachin,imp,RiauProv,4.641397476196289
OfficeMachin,imp,KepRi,5.051477432250977
OfficeMachin,imp,Jambi,3.9415526390075684
OfficeMachin,imp,SumSel,3.0189404487609863
OfficeMachin,imp,BaBel,3.8873186111450195
OfficeMachin,imp,Bengkulu,3.541905164718628
OfficeMachin,imp,Lampung,2.0676028728485107
OfficeMachin,imp,DKI,0.17598553001880646
OfficeMachin,imp,JaBar,0.49087077379226685
OfficeMachin,imp,Banten,0.35651111602783203
OfficeMachin,imp,JaTeng,0.8858619928359985
OfficeMachin,imp,DIY,1.3055144548416138
OfficeMachin,imp,JaTim,2.0111498832702637
OfficeMachin,imp,KalBar,6.921227931976318
OfficeMachin,imp,KalTeng,7.318176746368408
OfficeMachin,imp,KalSel,7.692939758300781
OfficeMachin,imp,KalTim,8.983150482177734
OfficeMachin,imp,KalUt,9.533607482910156
OfficeMachin,imp,SulUt,13.419797897338867
OfficeMachin,imp,Gorontalo,12.793627738952637
OfficeMachin,imp,SulTeng,11.985832214355469
OfficeMachin,imp,SulaSel,11.187113761901855
OfficeMachin,imp,SulBar,10.74736499786377
OfficeMachin,imp,SulTra,12.077757835388184
OfficeMachin,imp,Bali,5.14585542678833
OfficeMachin,imp,NTB,7.305037498474121
OfficeMachin,imp,NTT,10.367663383483887
OfficeMachin,imp,Maluku,19.25563621520996
OfficeMachin,imp,MalUt,17.06319808959961
OfficeMachin,imp,PapuaBar,21.807714462280273
OfficeMachin,imp,PapuaProv,27.386899948120117
OthMachinEqp,dom,NAD,7.607460975646973
OthMachinEqp,dom,SumUt,5.756465911865234
OthMachinEqp,dom,SumBar,4.843794345855713
OthMachinEqp,dom,RiauProv,5.055790901184082
OthMachinEqp,dom,KepRi,2.9610953330993652
OthMachinEqp,dom,Jambi,4.217353820800781
OthMachinEqp,dom,SumSel,3.09574031829834
OthMachinEqp,dom,BaBel,4.323421001434326
OthMachinEqp,dom,Bengkulu,3.7580151557922363
OthMachinEqp,dom,Lampung,1.8641618490219116
OthMachinEqp,dom,DKI,0.48575320839881897
OthMachinEqp,dom,JaBar,0.2429284006357193
OthMachinEqp,dom,Banten,0.5764952301979065
OthMachinEqp,dom,JaTeng,1.1526720523834229
OthMachinEqp,dom,DIY,1.01356840133667
OthMachinEqp,dom,JaTim,2.029837131500244
OthMachinEqp,dom,KalBar,6.547021389007568
OthMachinEqp,dom,KalTeng,6.943864822387695
OthMachinEqp,dom,KalSel,7.266930103302002
OthMachinEqp,dom,KalTim,8.431805610656738
OthMachinEqp,dom,KalUt,9.179264068603516
OthMachinEqp,dom,SulUt,11.185145378112793
OthMachinEqp,dom,Gorontalo,10.094073295593262
OthMachinEqp,dom,SulTeng,8.278237342834473
OthMachinEqp,dom,SulaSel,8.300753593444824
OthMachinEqp,dom,SulBar,5.594978332519531
OthMachinEqp,dom,SulTra,8.839984893798828
OthMachinEqp,dom,Bali,5.07322359085083
OthMachinEqp,dom,NTB,7.142480850219727
OthMachinEqp,dom,NTT,10.127094268798828
OthMachinEqp,dom,Maluku,18.302711486816406
OthMachinEqp,dom,MalUt,15.912816047668457
OthMachinEqp,dom,PapuaBar,21.027305603027344
OthMachinEqp,dom,PapuaProv,26.826505661010742
OthMachinEqp,imp,NAD,7.539739608764648
OthMachinEqp,imp,SumUt,3.154202938079834
OthMachinEqp,imp,SumBar,4.868329048156738
OthMachinEqp,imp,RiauProv,0.8540103435516357
OthMachinEqp,imp,KepRi,2.328756093978882
OthMachinEqp,imp,Jambi,4.241478443145752
OthMachinEqp,imp,SumSel,0.5136719942092896
OthMachinEqp,imp,BaBel,5.296507358551025
OthMachinEqp,imp,Bengkulu,4.362924575805664
OthMachinEqp,imp,Lampung,1.574784755706787
OthMachinEqp,imp,DKI,0.18266049027442932
OthMachinEqp,imp,JaBar,0.9322539567947388
OthMachinEqp,imp,Banten,0.6011265516281128
OthMachinEqp,imp,JaTeng,1.991196632385254
OthMachinEqp,imp,DIY,2.0589561462402344
OthMachinEqp,imp,JaTim,1.28220534324646
OthMachinEqp,imp,KalBar,3.522383689880371
OthMachinEqp,imp,KalTeng,3.388641119003296
OthMachinEqp,imp,KalSel,4.799864768981934
OthMachinEqp,imp,KalTim,1.0980361700057983
OthMachinEqp,imp,KalUt,5.317628383636475
OthMachinEqp,imp,SulUt,4.342273712158203
OthMachinEqp,imp,Gorontalo,3.7357335090637207
OthMachinEqp,imp,SulTeng,0.4417268931865692
OthMachinEqp,imp,SulaSel,2.5228724479675293
OthMachinEqp,imp,SulBar,3.893733024597168
OthMachinEqp,imp,SulTra,4.036365032196045
OthMachinEqp,imp,Bali,7.533360958099365
OthMachinEqp,imp,NTB,8.016016960144043
OthMachinEqp,imp,NTT,10.68662166595459
OthMachinEqp,imp,Maluku,9.704150199890137
OthMachinEqp,imp,MalUt,1.8360835313796997
OthMachinEqp,imp,PapuaBar,8.417149543762207
OthMachinEqp,imp,PapuaProv,3.5544991493225098
MotorVehicle,dom,NAD,6.603739261627197
MotorVehicle,dom,SumUt,5.010743141174316
MotorVehicle,dom,SumBar,4.610741138458252
MotorVehicle,dom,RiauProv,4.78392219543457
MotorVehicle,dom,KepRi,9.761330604553223
MotorVehicle,dom,Jambi,4.040244102478027
MotorVehicle,dom,SumSel,3.14320969581604
MotorVehicle,dom,BaBel,4.048671722412109
MotorVehicle,dom,Bengkulu,3.6628530025482178
MotorVehicle,dom,Lampung,2.2418675422668457
MotorVehicle,dom,DKI,0.18252743780612946
MotorVehicle,dom,JaBar,0.24342817068099976
MotorVehicle,dom,Banten,0.34576866030693054
MotorVehicle,dom,JaTeng,1.272411823272705
MotorVehicle,dom,DIY,1.5383254289627075
MotorVehicle,dom,JaTim,1.894525170326233
MotorVehicle,dom,KalBar,7.080387592315674
MotorVehicle,dom,KalTeng,7.157491683959961
MotorVehicle,dom,KalSel,7.4187846183776855
MotorVehicle,dom,KalTim,8.775431632995605
MotorVehicle,dom,KalUt,9.298358917236328
MotorVehicle,dom,SulUt,12.99819278717041
MotorVehicle,dom,Gorontalo,12.204376220703125
MotorVehicle,dom,SulTeng,11.637937545776367
MotorVehicle,dom,SulaSel,10.757259368896484
MotorVehicle,dom,SulBar,10.47319221496582
MotorVehicle,dom,SulTra,11.64474105834961
MotorVehicle,dom,Bali,4.972243785858154
MotorVehicle,dom,NTB,7.101690769195557
MotorVehicle,dom,NTT,10.142189979553223
MotorVehicle,dom,Maluku,19.018688201904297
MotorVehicle,dom,MalUt,16.78902816772461
MotorVehicle,dom,PapuaBar,21.605266571044922
MotorVehicle,dom,PapuaProv,27.180416107177734
MotorVehicle,imp,NAD,8.09407901763916
MotorVehicle,imp,SumUt,6.749523639678955
MotorVehicle,imp,SumBar,4.957706451416016
MotorVehicle,imp,RiauProv,5.341021537780762
MotorVehicle,imp,KepRi,3.2428174018859863
MotorVehicle,imp,Jambi,4.218022346496582
MotorVehicle,imp,SumSel,3.16740083694458
MotorVehicle,imp,BaBel,4.063275337219238
MotorVehicle,imp,Bengkulu,3.753626823425293
MotorVehicle,imp,Lampung,2.196211338043213
MotorVehicle,imp,DKI,0.1762969046831131
MotorVehicle,imp,JaBar,0.4918271601200104
MotorVehicle,imp,Banten,0.36075153946876526
MotorVehicle,imp,JaTeng,1.6349995136260986
MotorVehicle,imp,DIY,1.7127958536148071
MotorVehicle,imp,JaTim,2.240175247192383
MotorVehicle,imp,KalBar,6.904315948486328
MotorVehicle,imp,KalTeng,6.958831310272217
MotorVehicle,imp,KalSel,7.2357354164123535
MotorVehicle,imp,KalTim,3.3541510105133057
MotorVehicle,imp,KalUt,7.5961594581604
MotorVehicle,imp,SulUt,12.241608619689941
MotorVehicle,imp,Gorontalo,11.261743545532227
MotorVehicle,imp,SulTeng,7.278372764587402
MotorVehicle,imp,SulaSel,9.754922866821289
MotorVehicle,imp,SulBar,9.417227745056152
MotorVehicle,imp,SulTra,9.596491813659668
MotorVehicle,imp,Bali,5.488675594329834
MotorVehicle,imp,NTB,7.645293712615967
MotorVehicle,imp,NTT,10.690061569213867
MotorVehicle,imp,Maluku,14.640616416931152
MotorVehicle,imp,MalUt,14.862895011901855
MotorVehicle,imp,PapuaBar,10.685120582580566
MotorVehicle,imp,PapuaProv,3.692007064819336
Ships,dom,NAD,4.296261787414551
Ships,dom,SumUt,0.8517225384712219
Ships,dom,SumBar,2.490422010421753
Ships,dom,RiauProv,2.5704901218414307
Ships,dom,KepRi,2.5160107612609863
Ships,dom,Jambi,0.42207324504852295
Ships,dom,SumSel,1.9717439413070679
Ships,dom,BaBel,1.184836506843567
Ships,dom,Bengkulu,2.4564812183380127
Ships,dom,Lampung,0.4835064709186554
Ships,dom,DKI,4.776440143585205
Ships,dom,JaBar,5.508443355560303
Ships,dom,Banten,4.327977657318115
Ships,dom,JaTeng,5.434045314788818
Ships,dom,DIY,4.895922660827637
Ships,dom,JaTim,3.7247140407562256
Ships,dom,KalBar,0.788580060005188
Ships,dom,KalTeng,2.361189365386963
Ships,dom,KalSel,3.608962059020996
Ships,dom,KalTim,0.7415714859962463
Ships,dom,KalUt,0.5701344013214111
Ships,dom,SulUt,3.2647578716278076
Ships,dom,Gorontalo,4.07459020614624
Ships,dom,SulTeng,2.4831738471984863
Ships,dom,SulaSel,1.885899305343628
Ships,dom,SulBar,2.7349636554718018
Ships,dom,SulTra,0.5158828496932983
Ships,dom,Bali,7.7159953117370605
Ships,dom,NTB,6.661462306976318
Ships,dom,NTT,7.8540849685668945
Ships,dom,Maluku,8.718240737915039
Ships,dom,MalUt,5.573305606842041
Ships,dom,PapuaBar,12.158247947692871
Ships,dom,PapuaProv,20.456117630004883
Ships,imp,NAD,6.288384437561035
Ships,imp,SumUt,0.8238300681114197
Ships,imp,SumBar,3.0406835079193115
Ships,imp,RiauProv,1.7509164810180664
Ships,imp,KepRi,2.319868803024292
Ships,imp,Jambi,0.43563181161880493
Ships,imp,SumSel,3.707286834716797
Ships,imp,BaBel,0.9845901131629944
Ships,imp,Bengkulu,3.6226253509521484
Ships,imp,Lampung,5.139383792877197
Ships,imp,DKI,0.2139931321144104
Ships,imp,JaBar,3.7041594982147217
Ships,imp,Banten,0.22321590781211853
Ships,imp,JaTeng,3.7518842220306396
Ships,imp,DIY,3.0112109184265137
Ships,imp,JaTim,0.5201030373573303
Ships,imp,KalBar,1.0305185317993164
Ships,imp,KalTeng,5.192456245422363
Ships,imp,KalSel,0.798560380935669
Ships,imp,KalTim,4.2753472328186035
Ships,imp,KalUt,5.8603034019470215
Ships,imp,SulUt,9.683517456054688
Ships,imp,Gorontalo,8.245596885681152
Ships,imp,SulTeng,0.514132559299469
Ships,imp,SulaSel,0.3469173312187195
Ships,imp,SulBar,3.2171599864959717
Ships,imp,SulTra,6.160918712615967
Ships,imp,Bali,1.093934178352356
Ships,imp,NTB,8.447300910949707
Ships,imp,NTT,11.62363338470459
Ships,imp,Maluku,3.146033525466919
Ships,imp,MalUt,14.296533584594727
Ships,imp,PapuaBar,17.873842239379883
Ships,imp,PapuaProv,25.402118682861328
RailwayEqp,dom,NAD,3.6960816383361816
RailwayEqp,dom,SumUt,0.905981719493866
RailwayEqp,dom,SumBar,4.308434009552002
RailwayEqp,dom,RiauProv,3.808513641357422
RailwayEqp,dom,KepRi,10.857832908630371
RailwayEqp,dom,Jambi,4.9746317863464355
RailwayEqp,dom,SumSel,5.022260665893555
RailwayEqp,dom,BaBel,6.149399757385254
RailwayEqp,dom,Bengkulu,5.184283256530762
RailwayEqp,dom,Lampung,4.528765678405762
RailwayEqp,dom,DKI,2.575695514678955
RailwayEqp,dom,JaBar,2.171933889389038
RailwayEqp,dom,Banten,2.9129650592803955
RailwayEqp,dom,JaTeng,0.9157899022102356
RailwayEqp,dom,DIY,0.7937120199203491
RailwayEqp,dom,JaTim,0.3926519453525543
RailwayEqp,dom,KalBar,7.367440700531006
RailwayEqp,dom,KalTeng,6.152966499328613
RailwayEqp,dom,KalSel,5.703756809234619
RailwayEqp,dom,KalTim,7.401514053344727
RailwayEqp,dom,KalUt,8.473954200744629
RailwayEqp,dom,SulUt,11.367938041687012
RailwayEqp,dom,Gorontalo,10.674701690673828
RailwayEqp,dom,SulTeng,9.933850288391113
RailwayEqp,dom,SulaSel,9.057559967041016
RailwayEqp,dom,SulBar,8.678976058959961
RailwayEqp,dom,SulTra,9.996240615844727
RailwayEqp,dom,Bali,2.989135980606079
RailwayEqp,dom,NTB,5.167372226715088
RailwayEqp,dom,NTT,8.304459571838379
RailwayEqp,dom,Maluku,17.388471603393555
RailwayEqp,dom,MalUt,15.152017593383789
RailwayEqp,dom,PapuaBar,19.989423751831055
RailwayEqp,dom,PapuaProv,25.619510650634766
RailwayEqp,imp,NAD,18.39458465576172
RailwayEqp,imp,SumUt,16.79997444152832
RailwayEqp,imp,SumBar,12.615187644958496
RailwayEqp,imp,RiauProv,13.23320198059082
RailwayEqp,imp,KepRi,18.97003936767578
RailwayEqp,imp,Jambi,10.90927791595459
RailwayEqp,imp,SumSel,8.248334884643555
RailwayEqp,imp,BaBel,10.679408073425293
RailwayEqp,imp,Bengkulu,9.762903213500977
RailwayEqp,imp,Lampung,5.749545574188232
RailwayEqp,imp,DKI,0.20111823081970215
RailwayEqp,imp,JaBar,1.0758930444717407
RailwayEqp,imp,Banten,0.726443350315094
RailwayEqp,imp,JaTeng,3.326233386993408
RailwayEqp,imp,DIY,2.9857120513916016
RailwayEqp,imp,JaTim,0.6285843253135681
RailwayEqp,imp,KalBar,15.448063850402832
RailwayEqp,imp,KalTeng,15.061532020568848
RailwayEqp,imp,KalSel,15.077621459960938
RailwayEqp,imp,KalTim,16.373249053955078
RailwayEqp,imp,KalUt,17.12882423400879
RailwayEqp,imp,SulUt,14.179048538208008
RailwayEqp,imp,Gorontalo,14.700380325317383
RailwayEqp,imp,SulTeng,14.971126556396484
RailwayEqp,imp,SulaSel,15.343544960021973
RailwayEqp,imp,SulBar,15.291289329528809
RailwayEqp,imp,SulTra,14.905694007873535
RailwayEqp,imp,Bali,11.434408187866211
RailwayEqp,imp,NTB,14.508265495300293
RailwayEqp,imp,NTT,15.415971755981445
RailwayEqp,imp,Maluku,9.037646293640137
RailwayEqp,imp,MalUt,11.554646492004395
RailwayEqp,imp,PapuaBar,6.515788555145264
RailwayEqp,imp,PapuaProv,3.123053550720215
Aircraft,dom,NAD,8.18028736114502
Aircraft,dom,SumUt,6.811953544616699
Aircraft,dom,SumBar,5.063869476318359
Aircraft,dom,RiauProv,5.404329776763916
Aircraft,dom,KepRi,9.913253784179688
Aircraft,dom,Jambi,4.325737476348877
Aircraft,dom,SumSel,3.369290590286255
Aircraft,dom,BaBel,4.2519755363464355
Aircraft,dom,Bengkulu,3.8878962993621826
Aircraft,dom,Lampung,2.4802770614624023
Aircraft,dom,DKI,0.4832318425178528
Aircraft,dom,JaBar,0.24272961914539337
Aircraft,dom,Banten,0.7090774774551392
Aircraft,dom,JaTeng,1.2187880277633667
Aircraft,dom,DIY,1.396133542060852
Aircraft,dom,JaTim,2.1310040950775146
Aircraft,dom,KalBar,7.13966178894043
Aircraft,dom,KalTeng,7.252213478088379
Aircraft,dom,KalSel,7.466709136962891
Aircraft,dom,KalTim,8.946197509765625
Aircraft,dom,KalUt,9.687175750732422
Aircraft,dom,SulUt,13.11587905883789
Aircraft,dom,Gorontalo,12.496745109558105
Aircraft,dom,SulTeng,11.69154167175293
Aircraft,dom,SulaSel,10.899455070495605
Aircraft,dom,SulBar,10.463983535766602
Aircraft,dom,SulTra,11.782812118530273
Aircraft,dom,Bali,4.958810329437256
Aircraft,dom,NTB,7.0320329666137695
Aircraft,dom,NTT,10.04494571685791
Aircraft,dom,Maluku,18.933704376220703
Aircraft,dom,MalUt,16.744503021240234
Aircraft,dom,PapuaBar,21.499065399169922
Aircraft,dom,PapuaProv,27.0429744720459
Aircraft,imp,NAD,6.677456855773926
Aircraft,imp,SumUt,5.852795124053955
Aircraft,imp,SumBar,4.793281555175781
Aircraft,imp,RiauProv,4.870444297790527
Aircraft,imp,KepRi,3.367065906524658
Aircraft,imp,Jambi,4.169003009796143
Aircraft,imp,SumSel,3.2337143421173096
Aircraft,imp,BaBel,4.115586280822754
Aircraft,imp,Bengkulu,3.7719149589538574
Aircraft,imp,Lampung,2.261937379837036
Aircraft,imp,DKI,0.17766252160072327
Aircraft,imp,JaBar,0.5029780268669128
Aircraft,imp,Banten,0.3717726469039917
Aircraft,imp,JaTeng,1.7006909847259521
Aircraft,imp,DIY,1.8334096670150757
Aircraft,imp,JaTim,2.426936388015747
Aircraft,imp,KalBar,6.582406997680664
Aircraft,imp,KalTeng,6.947262287139893
Aircraft,imp,KalSel,6.9222331047058105
Aircraft,imp,KalTim,7.6983866691589355
Aircraft,imp,KalUt,8.47205924987793
Aircraft,imp,SulUt,6.744772911071777
Aircraft,imp,Gorontalo,5.3298869132995605
Aircraft,imp,SulTeng,2.5339744091033936
Aircraft,imp,SulaSel,1.2940207719802856
Aircraft,imp,SulBar,1.1647542715072632
Aircraft,imp,SulTra,2.88840913772583
Aircraft,imp,Bali,5.349215030670166
Aircraft,imp,NTB,7.250702857971191
Aircraft,imp,NTT,9.450277328491211
Aircraft,imp,Maluku,15.39011287689209
Aircraft,imp,MalUt,13.045836448669434
Aircraft,imp,PapuaBar,16.79248809814453
Aircraft,imp,PapuaProv,12.871726989746094
OthTrnsEqp,dom,NAD,7.437387466430664
OthTrnsEqp,dom,SumUt,4.097915172576904
OthTrnsEqp,dom,SumBar,6.470435619354248
OthTrnsEqp,dom,RiauProv,5.733966827392578
OthTrnsEqp,dom,KepRi,2.30568265914917
OthTrnsEqp,dom,Jambi,6.636813163757324
OthTrnsEqp,dom,SumSel,6.4739813804626465
OthTrnsEqp,dom,BaBel,6.00635290145874
OthTrnsEqp,dom,Bengkulu,7.145304203033447
OthTrnsEqp,dom,Lampung,4.158502101898193
OthTrnsEqp,dom,DKI,4.431574821472168
OthTrnsEqp,dom,JaBar,5.961531639099121
OthTrnsEqp,dom,Banten,6.428116798400879
OthTrnsEqp,dom,JaTeng,6.795243263244629
OthTrnsEqp,dom,DIY,5.425314426422119
OthTrnsEqp,dom,JaTim,0.5584635138511658
OthTrnsEqp,dom,KalBar,4.522157669067383
OthTrnsEqp,dom,KalTeng,5.42464017868042
OthTrnsEqp,dom,KalSel,6.0072340965271
OthTrnsEqp,dom,KalTim,5.973487854003906
OthTrnsEqp,dom,KalUt,6.326761245727539
OthTrnsEqp,dom,SulUt,11.68290901184082
OthTrnsEqp,dom,Gorontalo,9.047049522399902
OthTrnsEqp,dom,SulTeng,9.409602165222168
OthTrnsEqp,dom,SulaSel,9.769270896911621
OthTrnsEqp,dom,SulBar,7.140503883361816
OthTrnsEqp,dom,SulTra,9.958120346069336
OthTrnsEqp,dom,Bali,10.978803634643555
OthTrnsEqp,dom,NTB,12.097294807434082
OthTrnsEqp,dom,NTT,13.633956909179688
OthTrnsEqp,dom,Maluku,18.831256866455078
OthTrnsEqp,dom,MalUt,16.391494750976562
OthTrnsEqp,dom,PapuaBar,21.381418228149414
OthTrnsEqp,dom,PapuaProv,27.46609878540039
OthTrnsEqp,imp,NAD,7.547740936279297
OthTrnsEqp,imp,SumUt,5.888684272766113
OthTrnsEqp,imp,SumBar,4.9593658447265625
OthTrnsEqp,imp,RiauProv,5.199644565582275
OthTrnsEqp,imp,KepRi,7.342633247375488
OthTrnsEqp,imp,Jambi,4.3400654792785645
OthTrnsEqp,imp,SumSel,3.3932180404663086
OthTrnsEqp,imp,BaBel,4.287833213806152
OthTrnsEqp,imp,Bengkulu,3.9598889350891113
OthTrnsEqp,imp,Lampung,2.4383749961853027
OthTrnsEqp,imp,DKI,0.17774087190628052
OthTrnsEqp,imp,JaBar,0.5663973093032837
OthTrnsEqp,imp,Banten,0.4091237187385559
OthTrnsEqp,imp,JaTeng,0.17666085064411163
OthTrnsEqp,imp,DIY,0.9390141367912292
OthTrnsEqp,imp,JaTim,0.43825069069862366
OthTrnsEqp,imp,KalBar,6.881920337677002
OthTrnsEqp,imp,KalTeng,6.794509410858154
OthTrnsEqp,imp,KalSel,6.8441338539123535
OthTrnsEqp,imp,KalTim,8.298876762390137
OthTrnsEqp,imp,KalUt,9.042304039001465
OthTrnsEqp,imp,SulUt,12.567757606506348
OthTrnsEqp,imp,Gorontalo,11.866110801696777
OthTrnsEqp,imp,SulTeng,11.143974304199219
OthTrnsEqp,imp,SulaSel,10.363271713256836
OthTrnsEqp,imp,SulBar,9.911450386047363
OthTrnsEqp,imp,SulTra,11.258665084838867
OthTrnsEqp,imp,Bali,4.089883804321289
OthTrnsEqp,imp,NTB,6.380814075469971
OthTrnsEqp,imp,NTT,9.545374870300293
OthTrnsEqp,imp,Maluku,18.421701431274414
OthTrnsEqp,imp,MalUt,16.265230178833008
OthTrnsEqp,imp,PapuaBar,20.844385147094727
OthTrnsEqp,imp,PapuaProv,26.281944274902344
Motorcycle,dom,NAD,7.60427713394165
Motorcycle,dom,SumUt,6.4297637939453125
Motorcycle,dom,SumBar,4.867580890655518
Motorcycle,dom,RiauProv,5.1693596839904785
Motorcycle,dom,KepRi,9.857381820678711
Motorcycle,dom,Jambi,4.165185928344727
Motorcycle,dom,SumSel,3.1787052154541016
Motorcycle,dom,BaBel,4.1351470947265625
Motorcycle,dom,Bengkulu,3.728559970855713
Motorcycle,dom,Lampung,2.2418811321258545
Motorcycle,dom,DKI,0.1778775453567505
Motorcycle,dom,JaBar,0.24429452419281006
Motorcycle,dom,Banten,0.2930211126804352
Motorcycle,dom,JaTeng,1.2704353332519531
Motorcycle,dom,DIY,1.4705932140350342
Motorcycle,dom,JaTim,1.9292787313461304
Motorcycle,dom,KalBar,7.119156837463379
Motorcycle,dom,KalTeng,7.224575996398926
Motorcycle,dom,KalSel,7.449416637420654
Motorcycle,dom,KalTim,8.887238502502441
Motorcycle,dom,KalUt,9.543233871459961
Motorcycle,dom,SulUt,12.757776260375977
Motorcycle,dom,Gorontalo,12.190389633178711
Motorcycle,dom,SulTeng,11.560107231140137
Motorcycle,dom,SulaSel,10.819815635681152
Motorcycle,dom,SulBar,10.377277374267578
Motorcycle,dom,SulTra,11.67746353149414
Motorcycle,dom,Bali,4.904018878936768
Motorcycle,dom,NTB,7.021707534790039
Motorcycle,dom,NTT,10.043316841125488
Motorcycle,dom,Maluku,18.91670036315918
Motorcycle,dom,MalUt,16.669179916381836
Motorcycle,dom,PapuaBar,21.50034523010254
Motorcycle,dom,PapuaProv,27.069433212280273
Motorcycle,imp,NAD,6.829272270202637
Motorcycle,imp,SumUt,5.489909648895264
Motorcycle,imp,SumBar,4.5340495109558105
Motorcycle,imp,RiauProv,4.76762056350708
Motorcycle,imp,KepRi,9.105530738830566
Motorcycle,imp,Jambi,3.946195125579834
Motorcycle,imp,SumSel,3.0186095237731934
Motorcycle,imp,BaBel,3.891406297683716
Motorcycle,imp,Bengkulu,3.550524950027466
Motorcycle,imp,Lampung,2.1310372352600098
Motorcycle,imp,DKI,0.17624519765377045
Motorcycle,imp,JaBar,0.4975130259990692
Motorcycle,imp,Banten,0.35756516456604004
Motorcycle,imp,JaTeng,0.18694579601287842
Motorcycle,imp,DIY,1.1905946731567383
Motorcycle,imp,JaTim,1.7755205631256104
Motorcycle,imp,KalBar,6.976335525512695
Motorcycle,imp,KalTeng,7.257307529449463
Motorcycle,imp,KalSel,7.584134578704834
Motorcycle,imp,KalTim,8.938292503356934
Motorcycle,imp,KalUt,9.368602752685547
Motorcycle,imp,SulUt,13.329920768737793
Motorcycle,imp,Gorontalo,12.701109886169434
Motorcycle,imp,SulTeng,11.883156776428223
Motorcycle,imp,SulaSel,11.096854209899902
Motorcycle,imp,SulBar,10.62335205078125
Motorcycle,imp,SulTra,11.976896286010742
Motorcycle,imp,Bali,5.015951633453369
Motorcycle,imp,NTB,7.185338973999023
Motorcycle,imp,NTT,10.256278038024902
Motorcycle,imp,Maluku,19.1824951171875
Motorcycle,imp,MalUt,16.98577880859375
Motorcycle,imp,PapuaBar,21.75285530090332
Motorcycle,imp,PapuaProv,27.316566467285156
Furniture,dom,NAD,1.0516289472579956
Furniture,dom,SumUt,3.5891149044036865
Furniture,dom,SumBar,0.7342329025268555
Furniture,dom,RiauProv,3.4860012531280518
Furniture,dom,KepRi,6.280448913574219
Furniture,dom,Jambi,3.230891466140747
Furniture,dom,SumSel,3.5071582794189453
Furniture,dom,BaBel,4.849844932556152
Furniture,dom,Bengkulu,0.4690372049808502
Furniture,dom,Lampung,1.9618631601333618
Furniture,dom,DKI,1.681878924369812
Furniture,dom,JaBar,1.2004953622817993
Furniture,dom,Banten,0.26568126678466797
Furniture,dom,JaTeng,0.514181911945343
Furniture,dom,DIY,0.16610747575759888
Furniture,dom,JaTim,0.39679405093193054
Furniture,dom,KalBar,4.156970500946045
Furniture,dom,KalTeng,2.940316915512085
Furniture,dom,KalSel,3.3848750591278076
Furniture,dom,KalTim,3.593100070953369
Furniture,dom,KalUt,0.6093800067901611
Furniture,dom,SulUt,0.4704287052154541
Furniture,dom,Gorontalo,0.4154168665409088
Furniture,dom,SulTeng,0.4758637249469757
Furniture,dom,SulaSel,0.40467312932014465
Furniture,dom,SulBar,3.1222221851348877
Furniture,dom,SulTra,0.5160554051399231
Furniture,dom,Bali,1.0621963739395142
Furniture,dom,NTB,1.0719531774520874
Furniture,dom,NTT,1.6013575792312622
Furniture,dom,Maluku,1.9355993270874023
Furniture,dom,MalUt,1.9539693593978882
Furniture,dom,PapuaBar,5.676599502563477
Furniture,dom,PapuaProv,4.067461967468262
Furniture,imp,NAD,6.410937309265137
Furniture,imp,SumUt,3.817523956298828
Furniture,imp,SumBar,4.0728960037231445
Furniture,imp,RiauProv,4.2590765953063965
Furniture,imp,KepRi,2.973001480102539
Furniture,imp,Jambi,3.8769443035125732
Furniture,imp,SumSel,3.1575846672058105
Furniture,imp,BaBel,4.070725440979004
Furniture,imp,Bengkulu,3.6575839519500732
Furniture,imp,Lampung,2.2523422241210938
Furniture,imp,DKI,0.1765940934419632
Furniture,imp,JaBar,0.25144681334495544
Furniture,imp,Banten,0.40527063608169556
Furniture,imp,JaTeng,1.163609266281128
Furniture,imp,DIY,1.2565131187438965
Furniture,imp,JaTim,1.7306742668151855
Furniture,imp,KalBar,6.067483901977539
Furniture,imp,KalTeng,6.870467185974121
Furniture,imp,KalSel,7.407190322875977
Furniture,imp,KalTim,8.610123634338379
Furniture,imp,KalUt,9.159930229187012
Furniture,imp,SulUt,13.159271240234375
Furniture,imp,Gorontalo,12.411582946777344
Furniture,imp,SulTeng,11.333073616027832
Furniture,imp,SulaSel,10.922614097595215
Furniture,imp,SulBar,9.603033065795898
Furniture,imp,SulTra,11.50008773803711
Furniture,imp,Bali,5.0558319091796875
Furniture,imp,NTB,7.24921178817749
Furniture,imp,NTT,10.318764686584473
Furniture,imp,Maluku,18.895971298217773
Furniture,imp,MalUt,16.81242561340332
Furniture,imp,PapuaBar,21.499893188476562
Furniture,imp,PapuaProv,26.24896240234375
Jewelry,dom,NAD,0.7953586578369141
Jewelry,dom,SumUt,2.5101699829101562
Jewelry,dom,SumBar,3.481696367263794
Jewelry,dom,RiauProv,3.028074026107788
Jewelry,dom,KepRi,8.921637535095215
Jewelry,dom,Jambi,3.376038074493408
Jewelry,dom,SumSel,1.69674551486969
Jewelry,dom,BaBel,4.194199085235596
Jewelry,dom,Bengkulu,0.5190634727478027
Jewelry,dom,Lampung,2.0224685668945312
Jewelry,dom,DKI,0.5112486481666565
Jewelry,dom,JaBar,0.24344612658023834
Jewelry,dom,Banten,0.7370782494544983
Jewelry,dom,JaTeng,1.2509187459945679
Jewelry,dom,DIY,1.3370941877365112
Jewelry,dom,JaTim,1.9088917970657349
Jewelry,dom,KalBar,6.3995771408081055
Jewelry,dom,KalTeng,1.998295783996582
Jewelry,dom,KalSel,5.8871588706970215
Jewelry,dom,KalTim,5.952639579772949
Jewelry,dom,KalUt,8.525099754333496
Jewelry,dom,SulUt,5.85206413269043
Jewelry,dom,Gorontalo,0.5616229176521301
Jewelry,dom,SulTeng,7.764866352081299
Jewelry,dom,SulaSel,5.700265407562256
Jewelry,dom,SulBar,4.376458644866943
Jewelry,dom,SulTra,8.666523933410645
Jewelry,dom,Bali,1.1325608491897583
Jewelry,dom,NTB,1.7014557123184204
Jewelry,dom,NTT,6.635033130645752
Jewelry,dom,Maluku,2.596346616744995
Jewelry,dom,MalUt,13.208850860595703
Jewelry,dom,PapuaBar,13.785969734191895
Jewelry,dom,PapuaProv,24.432598114013672
Jewelry,imp,NAD,7.814334392547607
Jewelry,imp,SumUt,4.412416458129883
Jewelry,imp,SumBar,6.713895320892334
Jewelry,imp,RiauProv,6.123655796051025
Jewelry,imp,KepRi,2.317652463912964
Jewelry,imp,Jambi,6.619387149810791
Jewelry,imp,SumSel,6.4313507080078125
Jewelry,imp,BaBel,6.056835174560547
Jewelry,imp,Bengkulu,7.011897087097168
Jewelry,imp,Lampung,5.790716648101807
Jewelry,imp,DKI,0.19746921956539154
Jewelry,imp,JaBar,2.2887353897094727
Jewelry,imp,Banten,1.6951028108596802
Jewelry,imp,JaTeng,0.42317235469818115
Jewelry,imp,DIY,4.549005508422852
Jewelry,imp,JaTim,3.952113628387451
Jewelry,imp,KalBar,4.871395111083984
Jewelry,imp,KalTeng,5.947362899780273
Jewelry,imp,KalSel,6.624745845794678
Jewelry,imp,KalTim,7.112306594848633
Jewelry,imp,KalUt,7.4805192947387695
Jewelry,imp,SulUt,12.435403823852539
Jewelry,imp,Gorontalo,11.767516136169434
Jewelry,imp,SulTeng,11.047924041748047
Jewelry,imp,SulaSel,10.240262031555176
Jewelry,imp,SulBar,9.787108421325684
Jewelry,imp,SulTra,10.976218223571777
Jewelry,imp,Bali,1.0554226636886597
Jewelry,imp,NTB,5.302316188812256
Jewelry,imp,NTT,10.304224014282227
Jewelry,imp,Maluku,18.01519203186035
Jewelry,imp,MalUt,14.548903465270996
Jewelry,imp,PapuaBar,20.772811889648438
Jewelry,imp,PapuaProv,26.668563842773438
MusicInstrum,dom,NAD,7.687680244445801
MusicInstrum,dom,SumUt,7.314996719360352
MusicInstrum,dom,SumBar,5.936090469360352
MusicInstrum,dom,RiauProv,6.050970554351807
MusicInstrum,dom,KepRi,10.474165916442871
MusicInstrum,dom,Jambi,5.1495208740234375
MusicInstrum,dom,SumSel,4.049372673034668
MusicInstrum,dom,BaBel,5.074684143066406
MusicInstrum,dom,Bengkulu,2.8594577312469482
MusicInstrum,dom,Lampung,3.1196060180664062
MusicInstrum,dom,DKI,0.6450307965278625
MusicInstrum,dom,JaBar,0.24588201940059662
MusicInstrum,dom,Banten,1.1323970556259155
MusicInstrum,dom,JaTeng,0.16507300734519958
MusicInstrum,dom,DIY,0.37005624175071716
MusicInstrum,dom,JaTim,0.4264332056045532
MusicInstrum,dom,KalBar,6.808051109313965
MusicInstrum,dom,KalTeng,5.1621270179748535
MusicInstrum,dom,KalSel,5.807949542999268
MusicInstrum,dom,KalTim,7.21484899520874
MusicInstrum,dom,KalUt,7.983235836029053
MusicInstrum,dom,SulUt,10.476938247680664
MusicInstrum,dom,Gorontalo,9.950215339660645
MusicInstrum,dom,SulTeng,9.647329330444336
MusicInstrum,dom,SulaSel,8.75712776184082
MusicInstrum,dom,SulBar,8.122822761535645
MusicInstrum,dom,SulTra,9.727288246154785
MusicInstrum,dom,Bali,1.0744413137435913
MusicInstrum,dom,NTB,4.466575622558594
MusicInstrum,dom,NTT,7.800454616546631
MusicInstrum,dom,Maluku,16.764141082763672
MusicInstrum,dom,MalUt,14.933137893676758
MusicInstrum,dom,PapuaBar,19.743667602539062
MusicInstrum,dom,PapuaProv,25.29347801208496
MusicInstrum,imp,NAD,7.793360233306885
MusicInstrum,imp,SumUt,6.447367191314697
MusicInstrum,imp,SumBar,4.763377666473389
MusicInstrum,imp,RiauProv,5.129980087280273
MusicInstrum,imp,KepRi,9.436074256896973
MusicInstrum,imp,Jambi,4.075263977050781
MusicInstrum,imp,SumSel,3.082153081893921
MusicInstrum,imp,BaBel,3.966085910797119
MusicInstrum,imp,Bengkulu,3.6253821849823
MusicInstrum,imp,Lampung,2.1757586002349854
MusicInstrum,imp,DKI,0.17647115886211395
MusicInstrum,imp,JaBar,0.516727864742279
MusicInstrum,imp,Banten,0.36578312516212463
MusicInstrum,imp,JaTeng,1.071486473083496
MusicInstrum,imp,DIY,1.0864310264587402
MusicInstrum,imp,JaTim,0.570935845375061
MusicInstrum,imp,KalBar,6.972488880157471
MusicInstrum,imp,KalTeng,7.132187843322754
MusicInstrum,imp,KalSel,7.346199989318848
MusicInstrum,imp,KalTim,8.75057315826416
MusicInstrum,imp,KalUt,9.395744323730469
MusicInstrum,imp,SulUt,13.083144187927246
MusicInstrum,imp,Gorontalo,12.457745552062988
MusicInstrum,imp,SulTeng,11.643550872802734
MusicInstrum,imp,SulaSel,10.840996742248535
MusicInstrum,imp,SulBar,10.398836135864258
MusicInstrum,imp,SulTra,11.735652923583984
MusicInstrum,imp,Bali,4.639707565307617
MusicInstrum,imp,NTB,6.871171474456787
MusicInstrum,imp,NTT,9.969533920288086
MusicInstrum,imp,Maluku,18.93683624267578
MusicInstrum,imp,MalUt,16.737516403198242
MusicInstrum,imp,PapuaBar,21.51151466369629
MusicInstrum,imp,PapuaProv,27.069494247436523
SportsEquip,dom,NAD,5.85323429107666
SportsEquip,dom,SumUt,1.5730763673782349
SportsEquip,dom,SumBar,5.13643217086792
SportsEquip,dom,RiauProv,4.804068088531494
SportsEquip,dom,KepRi,5.73445987701416
SportsEquip,dom,Jambi,5.071588039398193
SportsEquip,dom,SumSel,4.50629997253418
SportsEquip,dom,BaBel,5.476717472076416
SportsEquip,dom,Bengkulu,4.963911533355713
SportsEquip,dom,Lampung,3.7562131881713867
SportsEquip,dom,DKI,1.4721118211746216
SportsEquip,dom,JaBar,0.9729483723640442
SportsEquip,dom,Banten,1.8575307130813599
SportsEquip,dom,JaTeng,0.1590103656053543
SportsEquip,dom,DIY,0.32327336072921753
SportsEquip,dom,JaTim,0.46508511900901794
SportsEquip,dom,KalBar,6.688352108001709
SportsEquip,dom,KalTeng,6.13162088394165
SportsEquip,dom,KalSel,6.245543956756592
SportsEquip,dom,KalTim,7.685784816741943
SportsEquip,dom,KalUt,8.402106285095215
SportsEquip,dom,SulUt,11.735773086547852
SportsEquip,dom,Gorontalo,11.020045280456543
SportsEquip,dom,SulTeng,9.699230194091797
SportsEquip,dom,SulaSel,9.503143310546875
SportsEquip,dom,SulBar,7.800138473510742
SportsEquip,dom,SulTra,9.891992568969727
SportsEquip,dom,Bali,3.2088234424591064
SportsEquip,dom,NTB,5.393912315368652
SportsEquip,dom,NTT,8.846822738647461
SportsEquip,dom,Maluku,17.769243240356445
SportsEquip,dom,MalUt,15.560113906860352
SportsEquip,dom,PapuaBar,20.377168655395508
SportsEquip,dom,PapuaProv,25.974313735961914
SportsEquip,imp,NAD,6.450599670410156
SportsEquip,imp,SumUt,1.5237430334091187
SportsEquip,imp,SumBar,4.618252277374268
SportsEquip,imp,RiauProv,4.504394054412842
SportsEquip,imp,KepRi,2.366551160812378
SportsEquip,imp,Jambi,4.700820446014404
SportsEquip,imp,SumSel,3.9820544719696045
SportsEquip,imp,BaBel,4.802066802978516
SportsEquip,imp,Bengkulu,4.539233684539795
SportsEquip,imp,Lampung,2.873513698577881
SportsEquip,imp,DKI,0.1776602566242218
SportsEquip,imp,JaBar,0.5759463310241699
SportsEquip,imp,Banten,0.47452402114868164
SportsEquip,imp,JaTeng,0.23846976459026337
SportsEquip,imp,DIY,1.0393000841140747
SportsEquip,imp,JaTim,2.080824136734009
SportsEquip,imp,KalBar,5.411784648895264
SportsEquip,imp,KalTeng,6.399809837341309
SportsEquip,imp,KalSel,7.161980152130127
SportsEquip,imp,KalTim,7.771453857421875
SportsEquip,imp,KalUt,8.15536117553711
SportsEquip,imp,SulUt,12.889681816101074
SportsEquip,imp,Gorontalo,11.961200714111328
SportsEquip,imp,SulTeng,10.397378921508789
SportsEquip,imp,SulaSel,10.551077842712402
SportsEquip,imp,SulBar,10.396110534667969
SportsEquip,imp,SulTra,10.677679061889648
SportsEquip,imp,Bali,5.022381782531738
SportsEquip,imp,NTB,8.296468734741211
SportsEquip,imp,NTT,11.454628944396973
SportsEquip,imp,Maluku,18.899858474731445
SportsEquip,imp,MalUt,16.514873504638672
SportsEquip,imp,PapuaBar,21.389970779418945
SportsEquip,imp,PapuaProv,27.204383850097656
GamesAndToys,dom,NAD,6.973069667816162
GamesAndToys,dom,SumUt,6.098985195159912
GamesAndToys,dom,SumBar,4.799030780792236
GamesAndToys,dom,RiauProv,5.018186092376709
GamesAndToys,dom,KepRi,9.744519233703613
GamesAndToys,dom,Jambi,3.9776196479797363
GamesAndToys,dom,SumSel,2.5864052772521973
GamesAndToys,dom,BaBel,4.161586761474609
GamesAndToys,dom,Bengkulu,3.585671901702881
GamesAndToys,dom,Lampung,2.303969383239746
GamesAndToys,dom,DKI,0.3111249804496765
GamesAndToys,dom,JaBar,0.24313253164291382
GamesAndToys,dom,Banten,0.18495801091194153
GamesAndToys,dom,JaTeng,1.0553258657455444
GamesAndToys,dom,DIY,1.1293443441390991
GamesAndToys,dom,JaTim,1.8160223960876465
GamesAndToys,dom,KalBar,6.981205940246582
GamesAndToys,dom,KalTeng,7.081029891967773
GamesAndToys,dom,KalSel,7.279058933258057
GamesAndToys,dom,KalTim,8.732365608215332
GamesAndToys,dom,KalUt,9.405869483947754
GamesAndToys,dom,SulUt,12.833719253540039
GamesAndToys,dom,Gorontalo,12.109862327575684
GamesAndToys,dom,SulTeng,11.361974716186523
GamesAndToys,dom,SulaSel,10.46595573425293
GamesAndToys,dom,SulBar,9.614863395690918
GamesAndToys,dom,SulTra,11.473786354064941
GamesAndToys,dom,Bali,4.341685771942139
GamesAndToys,dom,NTB,2.431149482727051
GamesAndToys,dom,NTT,9.605973243713379
GamesAndToys,dom,Maluku,18.346574783325195
GamesAndToys,dom,MalUt,16.438325881958008
GamesAndToys,dom,PapuaBar,19.54663848876953
GamesAndToys,dom,PapuaProv,26.496652603149414
GamesAndToys,imp,NAD,6.964249610900879
GamesAndToys,imp,SumUt,5.777310371398926
GamesAndToys,imp,SumBar,4.579706192016602
GamesAndToys,imp,RiauProv,4.775582790374756
GamesAndToys,imp,KepRi,9.238597869873047
GamesAndToys,imp,Jambi,3.9870386123657227
GamesAndToys,imp,SumSel,3.0636353492736816
GamesAndToys,imp,BaBel,3.910439968109131
GamesAndToys,imp,Bengkulu,3.5861024856567383
GamesAndToys,imp,Lampung,2.1626346111297607
GamesAndToys,imp,DKI,0.17617835104465485
GamesAndToys,imp,JaBar,0.4811389148235321
GamesAndToys,imp,Banten,0.367051362991333
GamesAndToys,imp,JaTeng,0.3374805450439453
GamesAndToys,imp,DIY,1.1443268060684204
GamesAndToys,imp,JaTim,1.8301724195480347
GamesAndToys,imp,KalBar,6.978724002838135
GamesAndToys,imp,KalTeng,7.286853313446045
GamesAndToys,imp,KalSel,7.61773157119751
GamesAndToys,imp,KalTim,8.959734916687012
GamesAndToys,imp,KalUt,9.534041404724121
GamesAndToys,imp,SulUt,13.332599639892578
GamesAndToys,imp,Gorontalo,12.70820140838623
GamesAndToys,imp,SulTeng,11.897825241088867
GamesAndToys,imp,SulaSel,11.098615646362305
GamesAndToys,imp,SulBar,10.658568382263184
GamesAndToys,imp,SulTra,11.989001274108887
GamesAndToys,imp,Bali,5.0032501220703125
GamesAndToys,imp,NTB,7.166896820068359
GamesAndToys,imp,NTT,10.239607810974121
GamesAndToys,imp,Maluku,19.174427032470703
GamesAndToys,imp,MalUt,16.979036331176758
GamesAndToys,imp,PapuaBar,21.743127822875977
GamesAndToys,imp,PapuaProv,27.304542541503906
MedicalDvces,dom,NAD,6.8406782150268555
MedicalDvces,dom,SumUt,3.8582375049591064
MedicalDvces,dom,SumBar,5.8037214279174805
MedicalDvces,dom,RiauProv,5.412737846374512
MedicalDvces,dom,KepRi,2.365663766860962
MedicalDvces,dom,Jambi,5.455548286437988
MedicalDvces,dom,SumSel,4.657423973083496
MedicalDvces,dom,BaBel,5.170457363128662
MedicalDvces,dom,Bengkulu,5.40936803817749
MedicalDvces,dom,Lampung,3.7726693153381348
MedicalDvces,dom,DKI,0.1816684752702713
MedicalDvces,dom,JaBar,0.24738474190235138
MedicalDvces,dom,Banten,0.6195971369743347
MedicalDvces,dom,JaTeng,1.825979471206665
MedicalDvces,dom,DIY,0.18977901339530945
MedicalDvces,dom,JaTim,3.5668885707855225
MedicalDvces,dom,KalBar,5.043120861053467
MedicalDvces,dom,KalTeng,6.181875705718994
MedicalDvces,dom,KalSel,7.157386779785156
MedicalDvces,dom,KalTim,7.516574859619141
MedicalDvces,dom,KalUt,7.827380180358887
MedicalDvces,dom,SulUt,13.034719467163086
MedicalDvces,dom,Gorontalo,12.136420249938965
MedicalDvces,dom,SulTeng,11.793535232543945
MedicalDvces,dom,SulaSel,10.999405860900879
MedicalDvces,dom,SulBar,10.646122932434082
MedicalDvces,dom,SulTra,11.853225708007812
MedicalDvces,dom,Bali,7.917762279510498
MedicalDvces,dom,NTB,10.049184799194336
MedicalDvces,dom,NTT,12.596199989318848
MedicalDvces,dom,Maluku,18.855697631835938
MedicalDvces,dom,MalUt,16.780731201171875
MedicalDvces,dom,PapuaBar,20.6994571685791
MedicalDvces,dom,PapuaProv,27.258413314819336
MedicalDvces,imp,NAD,8.04507064819336
MedicalDvces,imp,SumUt,6.788185119628906
MedicalDvces,imp,SumBar,5.221471786499023
MedicalDvces,imp,RiauProv,5.392458438873291
MedicalDvces,imp,KepRi,2.517833948135376
MedicalDvces,imp,Jambi,4.510047912597656
MedicalDvces,imp,SumSel,3.482506275177002
MedicalDvces,imp,BaBel,4.284424781799316
MedicalDvces,imp,Bengkulu,4.100966453552246
MedicalDvces,imp,Lampung,2.483337163925171
MedicalDvces,imp,DKI,0.1771937757730484
MedicalDvces,imp,JaBar,0.5303221940994263
MedicalDvces,imp,Banten,0.38760048151016235
MedicalDvces,imp,JaTeng,1.8322774171829224
MedicalDvces,imp,DIY,1.9030529260635376
MedicalDvces,imp,JaTim,2.6343624591827393
MedicalDvces,imp,KalBar,5.846832752227783
MedicalDvces,imp,KalTeng,6.755492210388184
MedicalDvces,imp,KalSel,7.434942245483398
MedicalDvces,imp,KalTim,8.179712295532227
MedicalDvces,imp,KalUt,8.572669982910156
MedicalDvces,imp,SulUt,13.363845825195312
MedicalDvces,imp,Gorontalo,12.700662612915039
MedicalDvces,imp,SulTeng,11.946550369262695
MedicalDvces,imp,SulaSel,11.151853561401367
MedicalDvces,imp,SulBar,10.698370933532715
MedicalDvces,imp,SulTra,12.027499198913574
MedicalDvces,imp,Bali,5.822787284851074
MedicalDvces,imp,NTB,8.112327575683594
MedicalDvces,imp,NTT,11.196259498596191
MedicalDvces,imp,Maluku,18.860923767089844
MedicalDvces,imp,MalUt,16.886568069458008
MedicalDvces,imp,PapuaBar,20.76933479309082
MedicalDvces,imp,PapuaProv,25.459501266479492
OthIndustPrd,dom,NAD,3.349066734313965
OthIndustPrd,dom,SumUt,0.9387827515602112
OthIndustPrd,dom,SumBar,4.0926361083984375
OthIndustPrd,dom,RiauProv,3.1915946006774902
OthIndustPrd,dom,KepRi,2.512089729309082
OthIndustPrd,dom,Jambi,4.104123592376709
OthIndustPrd,dom,SumSel,2.69288969039917
OthIndustPrd,dom,BaBel,4.706644058227539
OthIndustPrd,dom,Bengkulu,3.3085036277770996
OthIndustPrd,dom,Lampung,2.1153101921081543
OthIndustPrd,dom,DKI,0.632113516330719
OthIndustPrd,dom,JaBar,0.26051902770996094
OthIndustPrd,dom,Banten,0.18708036839962006
OthIndustPrd,dom,JaTeng,0.16137094795703888
OthIndustPrd,dom,DIY,0.16235460340976715
OthIndustPrd,dom,JaTim,0.8395519256591797
OthIndustPrd,dom,KalBar,6.140164375305176
OthIndustPrd,dom,KalTeng,5.826581001281738
OthIndustPrd,dom,KalSel,6.0891032218933105
OthIndustPrd,dom,KalTim,7.249190807342529
OthIndustPrd,dom,KalUt,8.255043983459473
OthIndustPrd,dom,SulUt,9.13880443572998
OthIndustPrd,dom,Gorontalo,10.602641105651855
OthIndustPrd,dom,SulTeng,9.39665412902832
OthIndustPrd,dom,SulaSel,8.512092590332031
OthIndustPrd,dom,SulBar,7.868297100067139
OthIndustPrd,dom,SulTra,9.343713760375977
OthIndustPrd,dom,Bali,1.0901787281036377
OthIndustPrd,dom,NTB,4.140438556671143
OthIndustPrd,dom,NTT,6.256879806518555
OthIndustPrd,dom,Maluku,16.618614196777344
OthIndustPrd,dom,MalUt,14.495473861694336
OthIndustPrd,dom,PapuaBar,16.498218536376953
OthIndustPrd,dom,PapuaProv,25.119720458984375
OthIndustPrd,imp,NAD,6.74892520904541
OthIndustPrd,imp,SumUt,3.173365354537964
OthIndustPrd,imp,SumBar,4.692858695983887
OthIndustPrd,imp,RiauProv,4.874892711639404
OthIndustPrd,imp,KepRi,2.885988235473633
OthIndustPrd,imp,Jambi,4.402080059051514
OthIndustPrd,imp,SumSel,3.453838348388672
OthIndustPrd,imp,BaBel,4.480735778808594
OthIndustPrd,imp,Bengkulu,4.0186076164245605
OthIndustPrd,imp,Lampung,2.4595024585723877
OthIndustPrd,imp,DKI,0.17712131142616272
OthIndustPrd,imp,JaBar,0.49235063791275024
OthIndustPrd,imp,Banten,0.4497494101524353
OthIndustPrd,imp,JaTeng,0.27043479681015015
OthIndustPrd,imp,DIY,0.9954943656921387
OthIndustPrd,imp,JaTim,0.4267579913139343
OthIndustPrd,imp,KalBar,6.789947986602783
OthIndustPrd,imp,KalTeng,6.704981803894043
OthIndustPrd,imp,KalSel,6.699936866760254
OthIndustPrd,imp,KalTim,8.146896362304688
OthIndustPrd,imp,KalUt,8.923371315002441
OthIndustPrd,imp,SulUt,12.45566463470459
OthIndustPrd,imp,Gorontalo,11.791488647460938
OthIndustPrd,imp,SulTeng,10.94698715209961
OthIndustPrd,imp,SulaSel,10.184640884399414
OthIndustPrd,imp,SulBar,9.639954566955566
OthIndustPrd,imp,SulTra,11.0626802444458
OthIndustPrd,imp,Bali,3.860335111618042
OthIndustPrd,imp,NTB,6.199702739715576
OthIndustPrd,imp,NTT,9.465473175048828
OthIndustPrd,imp,Maluku,17.844430923461914
OthIndustPrd,imp,MalUt,16.024431228637695
OthIndustPrd,imp,PapuaBar,19.48145294189453
OthIndustPrd,imp,PapuaProv,20.427371978759766
ManMtlRepair,dom,NAD,0.8296410441398621
ManMtlRepair,dom,SumUt,4.1544318199157715
ManMtlRepair,dom,SumBar,7.130080223083496
ManMtlRepair,dom,RiauProv,6.122026443481445
ManMtlRepair,dom,KepRi,2.3365821838378906
ManMtlRepair,dom,Jambi,7.3992838859558105
ManMtlRepair,dom,SumSel,0.8717025518417358
ManMtlRepair,dom,BaBel,6.959582328796387
ManMtlRepair,dom,Bengkulu,8.142894744873047
ManMtlRepair,dom,Lampung,5.705358505249023
ManMtlRepair,dom,DKI,0.335088312625885
ManMtlRepair,dom,JaBar,1.8682870864868164
ManMtlRepair,dom,Banten,1.3645093441009521
ManMtlRepair,dom,JaTeng,0.2548362612724304
ManMtlRepair,dom,DIY,4.770596504211426
ManMtlRepair,dom,JaTim,2.781716823577881
ManMtlRepair,dom,KalBar,4.751352310180664
ManMtlRepair,dom,KalTeng,4.063870429992676
ManMtlRepair,dom,KalSel,0.8643147945404053
ManMtlRepair,dom,KalTim,1.0448375940322876
ManMtlRepair,dom,KalUt,3.266862154006958
ManMtlRepair,dom,SulUt,2.364509105682373
ManMtlRepair,dom,Gorontalo,1.6123183965682983
ManMtlRepair,dom,SulTeng,1.0797854661941528
ManMtlRepair,dom,SulaSel,0.21980638802051544
ManMtlRepair,dom,SulBar,0.49015679955482483
ManMtlRepair,dom,SulTra,1.2530567646026611
ManMtlRepair,dom,Bali,6.770090103149414
ManMtlRepair,dom,NTB,7.121098041534424
ManMtlRepair,dom,NTT,5.314947128295898
ManMtlRepair,dom,Maluku,9.875173568725586
ManMtlRepair,dom,MalUt,7.4544172286987305
ManMtlRepair,dom,PapuaBar,3.9911787509918213
ManMtlRepair,dom,PapuaProv,19.825498580932617
ManMtlRepair,imp,NAD,0.7075672745704651
ManMtlRepair,imp,SumUt,0.7135050296783447
ManMtlRepair,imp,SumBar,0.5156468152999878
ManMtlRepair,imp,RiauProv,0.4947164058685303
ManMtlRepair,imp,KepRi,2.3235485553741455
ManMtlRepair,imp,Jambi,0.4544779658317566
ManMtlRepair,imp,SumSel,0.45671746134757996
ManMtlRepair,imp,BaBel,1.0084905624389648
ManMtlRepair,imp,Bengkulu,0.5340029001235962
ManMtlRepair,imp,Lampung,0.4702390432357788
ManMtlRepair,imp,DKI,0.22364938259124756
ManMtlRepair,imp,JaBar,0.28415805101394653
ManMtlRepair,imp,Banten,0.24095377326011658
ManMtlRepair,imp,JaTeng,0.24081870913505554
ManMtlRepair,imp,DIY,0.2577357292175293
ManMtlRepair,imp,JaTim,0.4392283260822296
ManMtlRepair,imp,KalBar,0.7270714044570923
ManMtlRepair,imp,KalTeng,0.6900304555892944
ManMtlRepair,imp,KalSel,0.6579015254974365
ManMtlRepair,imp,KalTim,0.7156285643577576
ManMtlRepair,imp,KalUt,0.7314185500144958
ManMtlRepair,imp,SulUt,0.5886462926864624
ManMtlRepair,imp,Gorontalo,0.6454136967658997
ManMtlRepair,imp,SulTeng,0.5593836903572083
ManMtlRepair,imp,SulaSel,0.4958409070968628
ManMtlRepair,imp,SulBar,0.5801843404769897
ManMtlRepair,imp,SulTra,0.5864521265029907
ManMtlRepair,imp,Bali,1.058440089225769
ManMtlRepair,imp,NTB,1.0574047565460205
ManMtlRepair,imp,NTT,1.5607000589370728
ManMtlRepair,imp,Maluku,1.8192667961120605
ManMtlRepair,imp,MalUt,1.862456202507019
ManMtlRepair,imp,PapuaBar,1.820047378540039
ManMtlRepair,imp,PapuaProv,3.119471549987793
Electricity,dom,NAD,0.6971276998519897
Electricity,dom,SumUt,0.6929184198379517
Electricity,dom,SumBar,0.38336285948753357
Electricity,dom,RiauProv,0.3837626576423645
Electricity,dom,KepRi,2.3315746784210205
Electricity,dom,Jambi,0.4225435256958008
Electricity,dom,SumSel,0.43751445412635803
Electricity,dom,BaBel,0.966575026512146
Electricity,dom,Bengkulu,0.4326165020465851
Electricity,dom,Lampung,0.45468464493751526
Electricity,dom,DKI,0.17613905668258667
Electricity,dom,JaBar,0.24495908617973328
Electricity,dom,Banten,0.1760154813528061
Electricity,dom,JaTeng,0.15914605557918549
Electricity,dom,DIY,0.16057808697223663
Electricity,dom,JaTim,0.3926757276058197
Electricity,dom,KalBar,0.666778564453125
Electricity,dom,KalTeng,0.6487684845924377
Electricity,dom,KalSel,0.6097097992897034
Electricity,dom,KalTim,0.6436779499053955
Electricity,dom,KalUt,0.7094565033912659
Electricity,dom,SulUt,0.4106920063495636
Electricity,dom,Gorontalo,0.41120871901512146
Electricity,dom,SulTeng,0.430228054523468
Electricity,dom,SulaSel,0.2185821682214737
Electricity,dom,SulBar,0.22754046320915222
Electricity,dom,SulTra,0.4823113977909088
Electricity,dom,Bali,1.0439449548721313
Electricity,dom,NTB,1.0483121871948242
Electricity,dom,NTT,1.5906294584274292
Electricity,dom,Maluku,1.8313204050064087
Electricity,dom,MalUt,1.8760685920715332
Electricity,dom,PapuaBar,1.837281346321106
Electricity,dom,PapuaProv,3.168142557144165
Electricity,imp,NAD,11.60544490814209
Electricity,imp,SumUt,10.228340148925781
Electricity,imp,SumBar,8.802438735961914
Electricity,imp,RiauProv,8.742377281188965
Electricity,imp,KepRi,4.608654022216797
Electricity,imp,Jambi,7.982485294342041
Electricity,imp,SumSel,7.120373725891113
Electricity,imp,BaBel,5.2127461433410645
Electricity,imp,Bengkulu,7.979288578033447
Electricity,imp,Lampung,7.263509750366211
Electricity,imp,DKI,6.976766109466553
Electricity,imp,JaBar,7.17263650894165
Electricity,imp,Banten,7.328596115112305
Electricity,imp,JaTeng,6.744721412658691
Electricity,imp,DIY,7.061491966247559
Electricity,imp,JaTim,7.141918182373047
Electricity,imp,KalBar,0.6356667876243591
Electricity,imp,KalTeng,1.2713335752487183
Electricity,imp,KalSel,2.3820388317108154
Electricity,imp,KalTim,2.474684000015259
Electricity,imp,KalUt,2.7139315605163574
Electricity,imp,SulUt,8.738741874694824
Electricity,imp,Gorontalo,7.988367557525635
Electricity,imp,SulTeng,7.314972877502441
Electricity,imp,SulaSel,6.5233473777771
Electricity,imp,SulBar,6.088046550750732
Electricity,imp,SulTra,7.406184673309326
Electricity,imp,Bali,7.407459259033203
Electricity,imp,NTB,8.112689971923828
Electricity,imp,NTT,9.51416301727295
Electricity,imp,Maluku,14.639618873596191
Electricity,imp,MalUt,12.366355895996094
Electricity,imp,PapuaBar,17.1202392578125
Electricity,imp,PapuaProv,23.120677947998047
GasDist,dom,NAD,0.6984797120094299
GasDist,dom,SumUt,0.6928991675376892
GasDist,dom,SumBar,0.3859233260154724
GasDist,dom,RiauProv,0.382276326417923
GasDist,dom,KepRi,2.32835054397583
GasDist,dom,Jambi,0.42368337512016296
GasDist,dom,SumSel,0.4366011619567871
GasDist,dom,BaBel,0.966696560382843
GasDist,dom,Bengkulu,0.43180814385414124
GasDist,dom,Lampung,0.45217105746269226
GasDist,dom,DKI,0.17599381506443024
GasDist,dom,JaBar,0.2447061687707901
GasDist,dom,Banten,0.17616532742977142
GasDist,dom,JaTeng,0.1592036932706833
GasDist,dom,DIY,0.16146570444107056
GasDist,dom,JaTim,0.3927556276321411
GasDist,dom,KalBar,0.6792893409729004
GasDist,dom,KalTeng,0.6842817664146423
GasDist,dom,KalSel,0.6275877952575684
GasDist,dom,KalTim,0.6604666709899902
GasDist,dom,KalUt,0.7452859878540039
GasDist,dom,SulUt,0.41198745369911194
GasDist,dom,Gorontalo,0.4137507379055023
GasDist,dom,SulTeng,0.43046554923057556
GasDist,dom,SulaSel,0.21901902556419373
GasDist,dom,SulBar,0.2325238138437271
GasDist,dom,SulTra,0.4827514886856079
GasDist,dom,Bali,1.0468816757202148
GasDist,dom,NTB,1.052188754081726
GasDist,dom,NTT,1.6157203912734985
GasDist,dom,Maluku,1.8756061792373657
GasDist,dom,MalUt,1.9178156852722168
GasDist,dom,PapuaBar,1.906973958015442
GasDist,dom,PapuaProv,3.279996395111084
GasDist,imp,NAD,8.05383586883545
GasDist,imp,SumUt,6.656070232391357
GasDist,imp,SumBar,4.865222454071045
GasDist,imp,RiauProv,5.208756923675537
GasDist,imp,KepRi,2.340036392211914
GasDist,imp,Jambi,4.08378267288208
GasDist,imp,SumSel,3.0498452186584473
GasDist,imp,BaBel,3.9392242431640625
GasDist,imp,Bengkulu,3.5980865955352783
GasDist,imp,Lampung,2.1062049865722656
GasDist,imp,DKI,0.1765177994966507
GasDist,imp,JaBar,0.48581427335739136
GasDist,imp,Banten,0.351985901594162
GasDist,imp,JaTeng,1.6444350481033325
GasDist,imp,DIY,1.8520302772521973
GasDist,imp,JaTim,2.6000211238861084
GasDist,imp,KalBar,5.686479568481445
GasDist,imp,KalTeng,6.808915615081787
GasDist,imp,KalSel,7.594194412231445
GasDist,imp,KalTim,8.27561092376709
GasDist,imp,KalUt,8.637195587158203
GasDist,imp,SulUt,13.491369247436523
GasDist,imp,Gorontalo,12.83586597442627
GasDist,imp,SulTeng,12.067070007324219
GasDist,imp,SulaSel,11.275070190429688
GasDist,imp,SulBar,10.839530944824219
GasDist,imp,SulTra,12.158321380615234
GasDist,imp,Bali,5.573761940002441
GasDist,imp,NTB,7.789074897766113
GasDist,imp,NTT,10.909317016601562
GasDist,imp,Maluku,19.33110237121582
GasDist,imp,MalUt,17.119857788085938
GasDist,imp,PapuaBar,21.87438201904297
GasDist,imp,PapuaProv,27.53282928466797
WaterSupply,dom,NAD,0.6907505393028259
WaterSupply,dom,SumUt,0.6907781362533569
WaterSupply,dom,SumBar,0.37135422229766846
WaterSupply,dom,RiauProv,0.3713717460632324
WaterSupply,dom,KepRi,2.3046462535858154
WaterSupply,dom,Jambi,0.4099797308444977
WaterSupply,dom,SumSel,0.4295060336589813
WaterSupply,dom,BaBel,0.9565342664718628
WaterSupply,dom,Bengkulu,0.4294587969779968
WaterSupply,dom,Lampung,0.4416768252849579
WaterSupply,dom,DKI,0.1759200245141983
WaterSupply,dom,JaBar,0.24272817373275757
WaterSupply,dom,Banten,0.17591692507266998
WaterSupply,dom,JaTeng,0.15839672088623047
WaterSupply,dom,DIY,0.15838606655597687
WaterSupply,dom,JaTim,0.39180347323417664
WaterSupply,dom,KalBar,0.6357096433639526
WaterSupply,dom,KalTeng,0.5553712844848633
WaterSupply,dom,KalSel,0.5553849935531616
WaterSupply,dom,KalTim,0.5650011897087097
WaterSupply,dom,KalUt,0.5649567246437073
WaterSupply,dom,SulUt,0.4059958755970001
WaterSupply,dom,Gorontalo,0.40595743060112
WaterSupply,dom,SulTeng,0.4262908101081848
WaterSupply,dom,SulaSel,0.2176608294248581
WaterSupply,dom,SulBar,0.21765179932117462
WaterSupply,dom,SulTra,0.4795868396759033
WaterSupply,dom,Bali,1.032045602798462
WaterSupply,dom,NTB,1.0320831537246704
WaterSupply,dom,NTT,1.537715196609497
WaterSupply,dom,Maluku,1.769667387008667
WaterSupply,dom,MalUt,1.813903570175171
WaterSupply,dom,PapuaBar,1.7696603536605835
WaterSupply,dom,PapuaProv,3.0906476974487305
WaterSupply,imp,NAD,0.692074716091156
WaterSupply,imp,SumUt,0.698014497756958
WaterSupply,imp,SumBar,0.4574700593948364
WaterSupply,imp,RiauProv,0.4868274927139282
WaterSupply,imp,KepRi,2.3045506477355957
WaterSupply,imp,Jambi,0.4400538206100464
WaterSupply,imp,SumSel,0.43428120017051697
WaterSupply,imp,BaBel,0.9576684832572937
WaterSupply,imp,Bengkulu,0.4417586326599121
WaterSupply,imp,Lampung,0.445209264755249
WaterSupply,imp,DKI,0.18324290215969086
WaterSupply,imp,JaBar,0.24492612481117249
WaterSupply,imp,Banten,0.18613024055957794
WaterSupply,imp,JaTeng,0.21600662171840668
WaterSupply,imp,DIY,0.22888103127479553
WaterSupply,imp,JaTim,0.3973540961742401
WaterSupply,imp,KalBar,0.654386043548584
WaterSupply,imp,KalTeng,0.6056895852088928
WaterSupply,imp,KalSel,0.6271325349807739
WaterSupply,imp,KalTim,0.7188026309013367
WaterSupply,imp,KalUt,0.6342586874961853
WaterSupply,imp,SulUt,0.4503476917743683
WaterSupply,imp,Gorontalo,0.43044912815093994
WaterSupply,imp,SulTeng,0.45432743430137634
WaterSupply,imp,SulaSel,0.4294346570968628
WaterSupply,imp,SulBar,0.4314069449901581
WaterSupply,imp,SulTra,0.5003748536109924
WaterSupply,imp,Bali,1.0326743125915527
WaterSupply,imp,NTB,1.0328161716461182
WaterSupply,imp,NTT,1.5390613079071045
WaterSupply,imp,Maluku,1.7712815999984741
WaterSupply,imp,MalUt,1.8162468671798706
WaterSupply,imp,PapuaBar,1.7751011848449707
WaterSupply,imp,PapuaProv,3.0998077392578125
WasteManage,dom,NAD,0.695162296295166
WasteManage,dom,SumUt,3.840927839279175
WasteManage,dom,SumBar,0.3715086877346039
WasteManage,dom,RiauProv,0.3719007968902588
WasteManage,dom,KepRi,2.305509090423584
WasteManage,dom,Jambi,0.410066157579422
WasteManage,dom,SumSel,0.42952999472618103
WasteManage,dom,BaBel,0.9569218158721924
WasteManage,dom,Bengkulu,0.42952921986579895
WasteManage,dom,Lampung,0.4417002201080322
WasteManage,dom,DKI,0.18443553149700165
WasteManage,dom,JaBar,0.2427094280719757
WasteManage,dom,Banten,0.17661382257938385
WasteManage,dom,JaTeng,0.1583879292011261
WasteManage,dom,DIY,0.15838737785816193
WasteManage,dom,JaTim,0.4055666923522949
WasteManage,dom,KalBar,0.6357524991035461
WasteManage,dom,KalTeng,0.5553838014602661
WasteManage,dom,KalSel,0.5553964972496033
WasteManage,dom,KalTim,0.5649893283843994
WasteManage,dom,KalUt,0.5649706721305847
WasteManage,dom,SulUt,0.40598466992378235
WasteManage,dom,Gorontalo,0.405959814786911
WasteManage,dom,SulTeng,0.4262891411781311
WasteManage,dom,SulaSel,0.21765436232089996
WasteManage,dom,SulBar,0.2176538109779358
WasteManage,dom,SulTra,0.47958990931510925
WasteManage,dom,Bali,1.0320773124694824
WasteManage,dom,NTB,1.0320897102355957
WasteManage,dom,NTT,1.5377117395401
WasteManage,dom,Maluku,1.7696529626846313
WasteManage,dom,MalUt,1.8139021396636963
WasteManage,dom,PapuaBar,1.7696419954299927
WasteManage,dom,PapuaProv,3.0904955863952637
WasteManage,imp,NAD,1.3853269815444946
WasteManage,imp,SumUt,0.6927897930145264
WasteManage,imp,SumBar,1.7991539239883423
WasteManage,imp,RiauProv,1.495685338973999
WasteManage,imp,KepRi,2.4493589401245117
WasteManage,imp,Jambi,2.527092933654785
WasteManage,imp,SumSel,3.41548752784729
WasteManage,imp,BaBel,5.073867321014404
WasteManage,imp,Bengkulu,3.1175777912139893
WasteManage,imp,Lampung,3.355637311935425
WasteManage,imp,DKI,0.176030695438385
WasteManage,imp,JaBar,0.5086271166801453
WasteManage,imp,Banten,0.366129606962204
WasteManage,imp,JaTeng,1.806627631187439
WasteManage,imp,DIY,0.8076539635658264
WasteManage,imp,JaTim,3.1634767055511475
WasteManage,imp,KalBar,8.50961685180664
WasteManage,imp,KalTeng,9.800821304321289
WasteManage,imp,KalSel,10.793874740600586
WasteManage,imp,KalTim,11.402070999145508
WasteManage,imp,KalUt,11.652146339416504
WasteManage,imp,SulUt,17.585954666137695
WasteManage,imp,Gorontalo,16.791366577148438
WasteManage,imp,SulTeng,16.04579734802246
WasteManage,imp,SulaSel,15.183255195617676
WasteManage,imp,SulBar,14.701635360717773
WasteManage,imp,SulTra,16.147918701171875
WasteManage,imp,Bali,8.597183227539062
WasteManage,imp,NTB,11.377564430236816
WasteManage,imp,NTT,15.031400680541992
WasteManage,imp,Maluku,23.735820770263672
WasteManage,imp,MalUt,21.403533935546875
WasteManage,imp,PapuaBar,26.305469512939453
WasteManage,imp,PapuaProv,32.32510757446289
ResidBuildng,dom,NAD,0.7540559768676758
ResidBuildng,dom,SumUt,0.7223401069641113
ResidBuildng,dom,SumBar,0.405332088470459
ResidBuildng,dom,RiauProv,0.39151522517204285
ResidBuildng,dom,KepRi,2.3357603549957275
ResidBuildng,dom,Jambi,0.4514455199241638
ResidBuildng,dom,SumSel,0.45394301414489746
ResidBuildng,dom,BaBel,1.0370216369628906
ResidBuildng,dom,Bengkulu,0.5355533361434937
ResidBuildng,dom,Lampung,0.47841256856918335
ResidBuildng,dom,DKI,0.1894313246011734
ResidBuildng,dom,JaBar,0.25310492515563965
ResidBuildng,dom,Banten,0.18602514266967773
ResidBuildng,dom,JaTeng,0.1870926022529602
ResidBuildng,dom,DIY,0.2097761034965515
ResidBuildng,dom,JaTim,0.41678908467292786
ResidBuildng,dom,KalBar,0.666176438331604
ResidBuildng,dom,KalTeng,0.6012806296348572
ResidBuildng,dom,KalSel,0.58753502368927
ResidBuildng,dom,KalTim,0.5814740657806396
ResidBuildng,dom,KalUt,0.6165853142738342
ResidBuildng,dom,SulUt,0.43940073251724243
ResidBuildng,dom,Gorontalo,0.5040329098701477
ResidBuildng,dom,SulTeng,0.4819985330104828
ResidBuildng,dom,SulaSel,0.23795859515666962
ResidBuildng,dom,SulBar,0.2269512563943863
ResidBuildng,dom,SulTra,0.531797468662262
ResidBuildng,dom,Bali,1.0799992084503174
ResidBuildng,dom,NTB,1.0728259086608887
ResidBuildng,dom,NTT,1.5778709650039673
ResidBuildng,dom,Maluku,1.7872658967971802
ResidBuildng,dom,MalUt,1.8397191762924194
ResidBuildng,dom,PapuaBar,1.7814804315567017
ResidBuildng,dom,PapuaProv,3.0954957008361816
ResidBuildng,imp,NAD,0.7018195986747742
ResidBuildng,imp,SumUt,0.7067001461982727
ResidBuildng,imp,SumBar,0.4678109884262085
ResidBuildng,imp,RiauProv,0.4929807782173157
ResidBuildng,imp,KepRi,2.308784008026123
ResidBuildng,imp,Jambi,0.4746047556400299
ResidBuildng,imp,SumSel,0.45158064365386963
ResidBuildng,imp,BaBel,0.9661796689033508
ResidBuildng,imp,Bengkulu,0.5109750032424927
ResidBuildng,imp,Lampung,0.46952003240585327
ResidBuildng,imp,DKI,0.20386014878749847
ResidBuildng,imp,JaBar,0.266178697347641
ResidBuildng,imp,Banten,0.2101375162601471
ResidBuildng,imp,JaTeng,0.2475924789905548
ResidBuildng,imp,DIY,0.23742470145225525
ResidBuildng,imp,JaTim,0.4118160307407379
ResidBuildng,imp,KalBar,0.6625495553016663
ResidBuildng,imp,KalTeng,0.6231979131698608
ResidBuildng,imp,KalSel,0.620118260383606
ResidBuildng,imp,KalTim,0.7027482986450195
ResidBuildng,imp,KalUt,0.7355319857597351
ResidBuildng,imp,SulUt,0.5001448392868042
ResidBuildng,imp,Gorontalo,0.504104733467102
ResidBuildng,imp,SulTeng,0.4898168742656708
ResidBuildng,imp,SulaSel,0.45331066846847534
ResidBuildng,imp,SulBar,0.43253785371780396
ResidBuildng,imp,SulTra,0.5263447761535645
ResidBuildng,imp,Bali,1.0386183261871338
ResidBuildng,imp,NTB,1.038292407989502
ResidBuildng,imp,NTT,1.5457741022109985
ResidBuildng,imp,Maluku,1.7935035228729248
ResidBuildng,imp,MalUt,1.840166449546814
ResidBuildng,imp,PapuaBar,1.795314073562622
ResidBuildng,imp,PapuaProv,3.1006908416748047
EleGasInfstr,dom,NAD,0.774240255355835
EleGasInfstr,dom,SumUt,0.7373307943344116
EleGasInfstr,dom,SumBar,0.4485343098640442
EleGasInfstr,dom,RiauProv,0.40896695852279663
EleGasInfstr,dom,KepRi,2.3779215812683105
EleGasInfstr,dom,Jambi,0.4832156300544739
EleGasInfstr,dom,SumSel,0.4741990268230438
EleGasInfstr,dom,BaBel,1.074944019317627
EleGasInfstr,dom,Bengkulu,0.5563741326332092
EleGasInfstr,dom,Lampung,0.5141651630401611
EleGasInfstr,dom,DKI,0.2162574827671051
EleGasInfstr,dom,JaBar,0.2755545675754547
EleGasInfstr,dom,Banten,0.21159079670906067
EleGasInfstr,dom,JaTeng,0.20513498783111572
EleGasInfstr,dom,DIY,0.2223166525363922
EleGasInfstr,dom,JaTim,0.43086808919906616
EleGasInfstr,dom,KalBar,0.7040544748306274
EleGasInfstr,dom,KalTeng,0.6454929709434509
EleGasInfstr,dom,KalSel,0.612713634967804
EleGasInfstr,dom,KalTim,0.607295572757721
EleGasInfstr,dom,KalUt,0.6676868200302124
EleGasInfstr,dom,SulUt,0.45476365089416504
EleGasInfstr,dom,Gorontalo,0.5484758615493774
EleGasInfstr,dom,SulTeng,0.503383457660675
EleGasInfstr,dom,SulaSel,0.24776458740234375
EleGasInfstr,dom,SulBar,0.24151577055454254
EleGasInfstr,dom,SulTra,0.5598103404045105
EleGasInfstr,dom,Bali,1.0961928367614746
EleGasInfstr,dom,NTB,1.0976780652999878
EleGasInfstr,dom,NTT,1.5941684246063232
EleGasInfstr,dom,Maluku,1.8087375164031982
EleGasInfstr,dom,MalUt,1.8664734363555908
EleGasInfstr,dom,PapuaBar,1.8061838150024414
EleGasInfstr,dom,PapuaProv,3.1104366779327393
EleGasInfstr,imp,NAD,0.7250886559486389
EleGasInfstr,imp,SumUt,0.7275736927986145
EleGasInfstr,imp,SumBar,0.527036190032959
EleGasInfstr,imp,RiauProv,0.5071164965629578
EleGasInfstr,imp,KepRi,2.3217272758483887
EleGasInfstr,imp,Jambi,0.5120692253112793
EleGasInfstr,imp,SumSel,0.47226983308792114
EleGasInfstr,imp,BaBel,0.9909104108810425
EleGasInfstr,imp,Bengkulu,0.5868801474571228
EleGasInfstr,imp,Lampung,0.5067470073699951
EleGasInfstr,imp,DKI,0.23304910957813263
EleGasInfstr,imp,JaBar,0.28376951813697815
EleGasInfstr,imp,Banten,0.26071804761886597
EleGasInfstr,imp,JaTeng,0.258998304605484
EleGasInfstr,imp,DIY,0.2633220851421356
EleGasInfstr,imp,JaTim,0.4320385158061981
EleGasInfstr,imp,KalBar,0.688454806804657
EleGasInfstr,imp,KalTeng,0.6496703028678894
EleGasInfstr,imp,KalSel,0.6400347948074341
EleGasInfstr,imp,KalTim,0.7018945813179016
EleGasInfstr,imp,KalUt,0.7808416485786438
EleGasInfstr,imp,SulUt,0.548467755317688
EleGasInfstr,imp,Gorontalo,0.5538449883460999
EleGasInfstr,imp,SulTeng,0.5001926422119141
EleGasInfstr,imp,SulaSel,0.47200697660446167
EleGasInfstr,imp,SulBar,0.5237531661987305
EleGasInfstr,imp,SulTra,0.5398180484771729
EleGasInfstr,imp,Bali,1.0550965070724487
EleGasInfstr,imp,NTB,1.0511194467544556
EleGasInfstr,imp,NTT,1.556320309638977
EleGasInfstr,imp,Maluku,1.829930067062378
EleGasInfstr,imp,MalUt,1.8648788928985596
EleGasInfstr,imp,PapuaBar,1.840923547744751
EleGasInfstr,imp,PapuaProv,3.1316702365875244
AgricInfstrc,dom,NAD,0.7782158851623535
AgricInfstrc,dom,SumUt,0.7223616242408752
AgricInfstrc,dom,SumBar,0.4118732511997223
AgricInfstrc,dom,RiauProv,0.39099621772766113
AgricInfstrc,dom,KepRi,2.478346109390259
AgricInfstrc,dom,Jambi,0.44782158732414246
AgricInfstrc,dom,SumSel,0.4712979197502136
AgricInfstrc,dom,BaBel,1.04457426071167
AgricInfstrc,dom,Bengkulu,0.4840865433216095
AgricInfstrc,dom,Lampung,0.4794767200946808
AgricInfstrc,dom,DKI,0.19005823135375977
AgricInfstrc,dom,JaBar,0.25418058037757874
AgricInfstrc,dom,Banten,0.2223798781633377
AgricInfstrc,dom,JaTeng,0.18215623497962952
AgricInfstrc,dom,DIY,0.2338995486497879
AgricInfstrc,dom,JaTim,0.43233415484428406
AgricInfstrc,dom,KalBar,0.6783612966537476
AgricInfstrc,dom,KalTeng,0.604735791683197
AgricInfstrc,dom,KalSel,0.6059001088142395
AgricInfstrc,dom,KalTim,0.6040348410606384
AgricInfstrc,dom,KalUt,0.639755368232727
AgricInfstrc,dom,SulUt,0.4912208020687103
AgricInfstrc,dom,Gorontalo,0.5286274552345276
AgricInfstrc,dom,SulTeng,0.46370646357536316
AgricInfstrc,dom,SulaSel,0.23915868997573853
AgricInfstrc,dom,SulBar,0.3017055094242096
AgricInfstrc,dom,SulTra,0.5880777835845947
AgricInfstrc,dom,Bali,1.2164504528045654
AgricInfstrc,dom,NTB,1.2032347917556763
AgricInfstrc,dom,NTT,1.687975287437439
AgricInfstrc,dom,Maluku,1.7754452228546143
AgricInfstrc,dom,MalUt,1.8211851119995117
AgricInfstrc,dom,PapuaBar,1.771135926246643
AgricInfstrc,dom,PapuaProv,3.09212064743042
AgricInfstrc,imp,NAD,0.7683189511299133
AgricInfstrc,imp,SumUt,0.7130216956138611
AgricInfstrc,imp,SumBar,0.46156585216522217
AgricInfstrc,imp,RiauProv,5.202671051025391
AgricInfstrc,imp,KepRi,2.304780960083008
AgricInfstrc,imp,Jambi,0.4961831867694855
AgricInfstrc,imp,SumSel,0.44902437925338745
AgricInfstrc,imp,BaBel,1.0537470579147339
AgricInfstrc,imp,Bengkulu,0.4406561851501465
AgricInfstrc,imp,Lampung,0.4476001262664795
AgricInfstrc,imp,DKI,1.790583848953247
AgricInfstrc,imp,JaBar,0.25115010142326355
AgricInfstrc,imp,Banten,0.1943322718143463
AgricInfstrc,imp,JaTeng,0.21144293248653412
AgricInfstrc,imp,DIY,0.24302852153778076
AgricInfstrc,imp,JaTim,0.3990471363067627
AgricInfstrc,imp,KalBar,0.6772847175598145
AgricInfstrc,imp,KalTeng,0.6733551621437073
AgricInfstrc,imp,KalSel,0.6166500449180603
AgricInfstrc,imp,KalTim,0.9962383508682251
AgricInfstrc,imp,KalUt,8.406578063964844
AgricInfstrc,imp,SulUt,0.48335981369018555
AgricInfstrc,imp,Gorontalo,0.4689283072948456
AgricInfstrc,imp,SulTeng,0.4720521867275238
AgricInfstrc,imp,SulaSel,0.4125019311904907
AgricInfstrc,imp,SulBar,0.6245728135108948
AgricInfstrc,imp,SulTra,0.5157026648521423
AgricInfstrc,imp,Bali,1.0331636667251587
AgricInfstrc,imp,NTB,1.0341898202896118
AgricInfstrc,imp,NTT,1.5406275987625122
AgricInfstrc,imp,Maluku,1.7699997425079346
AgricInfstrc,imp,MalUt,1.8178975582122803
AgricInfstrc,imp,PapuaBar,1.774582028388977
AgricInfstrc,imp,PapuaProv,3.131385087966919
RoadsBridges,dom,NAD,0.8005019426345825
RoadsBridges,dom,SumUt,0.7511261701583862
RoadsBridges,dom,SumBar,0.45106902718544006
RoadsBridges,dom,RiauProv,0.4274241626262665
RoadsBridges,dom,KepRi,2.394956350326538
RoadsBridges,dom,Jambi,0.5203765034675598
RoadsBridges,dom,SumSel,0.49449461698532104
RoadsBridges,dom,BaBel,1.1610968112945557
RoadsBridges,dom,Bengkulu,0.61571204662323
RoadsBridges,dom,Lampung,0.5289415121078491
RoadsBridges,dom,DKI,0.21082939207553864
RoadsBridges,dom,JaBar,0.30834662914276123
RoadsBridges,dom,Banten,0.2550930976867676
RoadsBridges,dom,JaTeng,0.21930243074893951
RoadsBridges,dom,DIY,0.24926520884037018
RoadsBridges,dom,JaTim,0.4499204158782959
RoadsBridges,dom,KalBar,0.7065111994743347
RoadsBridges,dom,KalTeng,0.6603061556816101
RoadsBridges,dom,KalSel,0.6294217705726624
RoadsBridges,dom,KalTim,0.6168150305747986
RoadsBridges,dom,KalUt,0.7064840793609619
RoadsBridges,dom,SulUt,0.4726288616657257
RoadsBridges,dom,Gorontalo,0.5697555541992188
RoadsBridges,dom,SulTeng,0.53271484375
RoadsBridges,dom,SulaSel,0.2631680965423584
RoadsBridges,dom,SulBar,0.4070388972759247
RoadsBridges,dom,SulTra,0.5746278762817383
RoadsBridges,dom,Bali,1.1400097608566284
RoadsBridges,dom,NTB,1.1317909955978394
RoadsBridges,dom,NTT,1.6062712669372559
RoadsBridges,dom,Maluku,1.8123750686645508
RoadsBridges,dom,MalUt,1.8671211004257202
RoadsBridges,dom,PapuaBar,1.8050814867019653
RoadsBridges,dom,PapuaProv,3.104560613632202
RoadsBridges,imp,NAD,0.7233736515045166
RoadsBridges,imp,SumUt,0.7273059487342834
RoadsBridges,imp,SumBar,0.5310913920402527
RoadsBridges,imp,RiauProv,0.5076419115066528
RoadsBridges,imp,KepRi,2.3220107555389404
RoadsBridges,imp,Jambi,0.5079980492591858
RoadsBridges,imp,SumSel,0.47089922428131104
RoadsBridges,imp,BaBel,0.9916650652885437
RoadsBridges,imp,Bengkulu,0.5893104076385498
RoadsBridges,imp,Lampung,0.5074583292007446
RoadsBridges,imp,DKI,0.23314902186393738
RoadsBridges,imp,JaBar,0.28325214982032776
RoadsBridges,imp,Banten,0.2573608160018921
RoadsBridges,imp,JaTeng,0.2567633390426636
RoadsBridges,imp,DIY,0.25999829173088074
RoadsBridges,imp,JaTim,0.4314972758293152
RoadsBridges,imp,KalBar,0.6827771663665771
RoadsBridges,imp,KalTeng,0.6390034556388855
RoadsBridges,imp,KalSel,0.6290264129638672
RoadsBridges,imp,KalTim,0.6985660195350647
RoadsBridges,imp,KalUt,0.7930280566215515
RoadsBridges,imp,SulUt,0.49518388509750366
RoadsBridges,imp,Gorontalo,0.5727217793464661
RoadsBridges,imp,SulTeng,0.5003757476806641
RoadsBridges,imp,SulaSel,0.4783801734447479
RoadsBridges,imp,SulBar,0.5317978262901306
RoadsBridges,imp,SulTra,0.5411016345024109
RoadsBridges,imp,Bali,1.0543582439422607
RoadsBridges,imp,NTB,1.050580620765686
RoadsBridges,imp,NTT,1.5558098554611206
RoadsBridges,imp,Maluku,1.8309845924377441
RoadsBridges,imp,MalUt,1.8644037246704102
RoadsBridges,imp,PapuaBar,1.841781497001648
RoadsBridges,imp,PapuaProv,3.1348628997802734
OthBuildings,dom,NAD,0.8158098459243774
OthBuildings,dom,SumUt,0.7575865983963013
OthBuildings,dom,SumBar,0.4427020251750946
OthBuildings,dom,RiauProv,0.41118985414505005
OthBuildings,dom,KepRi,2.3713202476501465
OthBuildings,dom,Jambi,0.4935859143733978
OthBuildings,dom,SumSel,0.4763113260269165
OthBuildings,dom,BaBel,1.0953298807144165
OthBuildings,dom,Bengkulu,0.5948199033737183
OthBuildings,dom,Lampung,0.5231825709342957
OthBuildings,dom,DKI,0.2238231748342514
OthBuildings,dom,JaBar,0.277003675699234
OthBuildings,dom,Banten,0.21863755583763123
OthBuildings,dom,JaTeng,0.21142683923244476
OthBuildings,dom,DIY,0.22758536040782928
OthBuildings,dom,JaTim,0.4390287697315216
OthBuildings,dom,KalBar,0.7096660733222961
OthBuildings,dom,KalTeng,0.6433186531066895
OthBuildings,dom,KalSel,0.6142467856407166
OthBuildings,dom,KalTim,0.6004236340522766
OthBuildings,dom,KalUt,0.6582974195480347
OthBuildings,dom,SulUt,0.46445009112358093
OthBuildings,dom,Gorontalo,0.5709479451179504
OthBuildings,dom,SulTeng,0.5056205987930298
OthBuildings,dom,SulaSel,0.2508544623851776
OthBuildings,dom,SulBar,0.3734290897846222
OthBuildings,dom,SulTra,0.5695390105247498
OthBuildings,dom,Bali,1.107822060585022
OthBuildings,dom,NTB,1.10727059841156
OthBuildings,dom,NTT,1.605906367301941
OthBuildings,dom,Maluku,1.81223726272583
OthBuildings,dom,MalUt,1.8694597482681274
OthBuildings,dom,PapuaBar,1.803469181060791
OthBuildings,dom,PapuaProv,3.107555866241455
OthBuildings,imp,NAD,0.7232667803764343
OthBuildings,imp,SumUt,0.7270435690879822
OthBuildings,imp,SumBar,0.530488133430481
OthBuildings,imp,RiauProv,0.5078921318054199
OthBuildings,imp,KepRi,2.321990966796875
OthBuildings,imp,Jambi,0.5088017582893372
OthBuildings,imp,SumSel,0.4715012013912201
OthBuildings,imp,BaBel,0.9921116828918457
OthBuildings,imp,Bengkulu,0.5933566093444824
OthBuildings,imp,Lampung,0.5087614059448242
OthBuildings,imp,DKI,0.23295937478542328
OthBuildings,imp,JaBar,0.28343579173088074
OthBuildings,imp,Banten,0.2567429840564728
OthBuildings,imp,JaTeng,0.2567000687122345
OthBuildings,imp,DIY,0.2600612938404083
OthBuildings,imp,JaTim,0.4316418170928955
OthBuildings,imp,KalBar,0.682267963886261
OthBuildings,imp,KalTeng,0.6383795142173767
OthBuildings,imp,KalSel,0.6273778080940247
OthBuildings,imp,KalTim,0.6990381479263306
OthBuildings,imp,KalUt,0.7958154678344727
OthBuildings,imp,SulUt,0.49536049365997314
OthBuildings,imp,Gorontalo,0.5731157064437866
OthBuildings,imp,SulTeng,0.500511884689331
OthBuildings,imp,SulaSel,0.4803406894207001
OthBuildings,imp,SulBar,0.5329339504241943
OthBuildings,imp,SulTra,0.5412824749946594
OthBuildings,imp,Bali,1.0545275211334229
OthBuildings,imp,NTB,1.05064857006073
OthBuildings,imp,NTT,1.5558195114135742
OthBuildings,imp,Maluku,1.8334580659866333
OthBuildings,imp,MalUt,1.8656812906265259
OthBuildings,imp,PapuaBar,1.8456348180770874
OthBuildings,imp,PapuaProv,3.1346938610076904
CarTrading,dom,NAD,12.844608306884766
CarTrading,dom,SumUt,11.55370044708252
CarTrading,dom,SumBar,10.206832885742188
CarTrading,dom,RiauProv,10.283659934997559
CarTrading,dom,KepRi,10.665107727050781
CarTrading,dom,Jambi,9.616233825683594
CarTrading,dom,SumSel,9.048975944519043
CarTrading,dom,BaBel,8.800602912902832
CarTrading,dom,Bengkulu,9.571221351623535
CarTrading,dom,Lampung,8.928945541381836
CarTrading,dom,DKI,8.23730182647705
CarTrading,dom,JaBar,8.156813621520996
CarTrading,dom,Banten,8.372121810913086
CarTrading,dom,JaTeng,7.872461795806885
CarTrading,dom,DIY,7.918159008026123
CarTrading,dom,JaTim,7.842899799346924
CarTrading,dom,KalBar,7.876184940338135
CarTrading,dom,KalTeng,7.647246360778809
CarTrading,dom,KalSel,7.606939792633057
CarTrading,dom,KalTim,8.028119087219238
CarTrading,dom,KalUt,8.627639770507812
CarTrading,dom,SulUt,10.14597225189209
CarTrading,dom,Gorontalo,9.719557762145996
CarTrading,dom,SulTeng,9.23178768157959
CarTrading,dom,SulaSel,8.796514511108398
CarTrading,dom,SulBar,8.595081329345703
CarTrading,dom,SulTra,9.312198638916016
CarTrading,dom,Bali,8.316405296325684
CarTrading,dom,NTB,8.988265037536621
CarTrading,dom,NTT,10.128576278686523
CarTrading,dom,Maluku,14.718734741210938
CarTrading,dom,MalUt,13.021674156188965
CarTrading,dom,PapuaBar,16.968460083007812
CarTrading,dom,PapuaProv,22.350976943969727
CarTrading,imp,NAD,12.844608306884766
CarTrading,imp,SumUt,11.55370044708252
CarTrading,imp,SumBar,10.206832885742188
CarTrading,imp,RiauProv,10.283659934997559
CarTrading,imp,KepRi,10.665107727050781
CarTrading,imp,Jambi,9.616233825683594
CarTrading,imp,SumSel,9.048975944519043
CarTrading,imp,BaBel,8.800602912902832
CarTrading,imp,Bengkulu,9.571221351623535
CarTrading,imp,Lampung,8.928945541381836
CarTrading,imp,DKI,8.23730182647705
CarTrading,imp,JaBar,8.156813621520996
CarTrading,imp,Banten,8.372121810913086
CarTrading,imp,JaTeng,7.872461795806885
CarTrading,imp,DIY,7.918159008026123
CarTrading,imp,JaTim,7.842899799346924
CarTrading,imp,KalBar,7.876184940338135
CarTrading,imp,KalTeng,7.647246360778809
CarTrading,imp,KalSel,7.606939792633057
CarTrading,imp,KalTim,8.028119087219238
CarTrading,imp,KalUt,8.627639770507812
CarTrading,imp,SulUt,10.14597225189209
CarTrading,imp,Gorontalo,9.719557762145996
CarTrading,imp,SulTeng,9.23178768157959
CarTrading,imp,SulaSel,8.796514511108398
CarTrading,imp,SulBar,8.595081329345703
CarTrading,imp,SulTra,9.312198638916016
CarTrading,imp,Bali,8.316405296325684
CarTrading,imp,NTB,8.988265037536621
CarTrading,imp,NTT,10.128576278686523
CarTrading,imp,Maluku,14.718734741210938
CarTrading,imp,MalUt,13.021674156188965
CarTrading,imp,PapuaBar,16.968460083007812
CarTrading,imp,PapuaProv,22.350976943969727
CarRepair,dom,NAD,0.6907504200935364
CarRepair,dom,SumUt,0.6907749176025391
CarRepair,dom,SumBar,0.3713560402393341
CarRepair,dom,RiauProv,0.37136831879615784
CarRepair,dom,KepRi,2.3046653270721436
CarRepair,dom,Jambi,0.40997961163520813
CarRepair,dom,SumSel,0.4294988811016083
CarRepair,dom,BaBel,0.9565343856811523
CarRepair,dom,Bengkulu,0.42945894598960876
CarRepair,dom,Lampung,0.4416745603084564
CarRepair,dom,DKI,0.1759214848279953
CarRepair,dom,JaBar,0.24272847175598145
CarRepair,dom,Banten,0.17591695487499237
CarRepair,dom,JaTeng,0.158397376537323
CarRepair,dom,DIY,0.15838611125946045
CarRepair,dom,JaTim,0.3917965292930603
CarRepair,dom,KalBar,0.6357046961784363
CarRepair,dom,KalTeng,0.5553728342056274
CarRepair,dom,KalSel,0.5553861856460571
CarRepair,dom,KalTim,0.5650026202201843
CarRepair,dom,KalUt,0.5649574995040894
CarRepair,dom,SulUt,0.4059949815273285
CarRepair,dom,Gorontalo,0.40595752000808716
CarRepair,dom,SulTeng,0.4262883961200714
CarRepair,dom,SulaSel,0.21766087412834167
CarRepair,dom,SulBar,0.21765181422233582
CarRepair,dom,SulTra,0.47958436608314514
CarRepair,dom,Bali,1.0320500135421753
CarRepair,dom,NTB,1.0320825576782227
CarRepair,dom,NTT,1.5377377271652222
CarRepair,dom,Maluku,1.7696499824523926
CarRepair,dom,MalUt,1.8138620853424072
CarRepair,dom,PapuaBar,1.7696237564086914
CarRepair,dom,PapuaProv,3.0905673503875732
CarRepair,imp,NAD,0.693902313709259
CarRepair,imp,SumUt,0.702519953250885
CarRepair,imp,SumBar,0.4661361277103424
CarRepair,imp,RiauProv,0.4795103669166565
CarRepair,imp,KepRi,2.3045592308044434
CarRepair,imp,Jambi,0.44983792304992676
CarRepair,imp,SumSel,0.4342939853668213
CarRepair,imp,BaBel,0.9588385820388794
CarRepair,imp,Bengkulu,0.4436027407646179
CarRepair,imp,Lampung,0.44539931416511536
CarRepair,imp,DKI,0.18450549244880676
CarRepair,imp,JaBar,0.24818557500839233
CarRepair,imp,Banten,0.18179553747177124
CarRepair,imp,JaTeng,0.22407443821430206
CarRepair,imp,DIY,0.24890673160552979
CarRepair,imp,JaTim,0.3979909420013428
CarRepair,imp,KalBar,0.6630678176879883
CarRepair,imp,KalTeng,0.6187147498130798
CarRepair,imp,KalSel,0.627877950668335
CarRepair,imp,KalTim,0.7428994178771973
CarRepair,imp,KalUt,0.6535585522651672
CarRepair,imp,SulUt,0.47280874848365784
CarRepair,imp,Gorontalo,0.4443991482257843
CarRepair,imp,SulTeng,0.46990060806274414
CarRepair,imp,SulaSel,0.4397548735141754
CarRepair,imp,SulBar,0.4951632022857666
CarRepair,imp,SulTra,0.5149862766265869
CarRepair,imp,Bali,1.0327661037445068
CarRepair,imp,NTB,1.0329357385635376
CarRepair,imp,NTT,1.5383267402648926
CarRepair,imp,Maluku,1.7711811065673828
CarRepair,imp,MalUt,1.8177615404129028
CarRepair,imp,PapuaBar,1.775653600692749
CarRepair,imp,PapuaProv,3.102532386779785
OthTrade,dom,NAD,12.844608306884766
OthTrade,dom,SumUt,11.55370044708252
OthTrade,dom,SumBar,10.206832885742188
OthTrade,dom,RiauProv,10.283659934997559
OthTrade,dom,KepRi,10.665107727050781
OthTrade,dom,Jambi,9.616233825683594
OthTrade,dom,SumSel,9.048975944519043
OthTrade,dom,BaBel,8.800602912902832
OthTrade,dom,Bengkulu,9.571221351623535
OthTrade,dom,Lampung,8.928945541381836
OthTrade,dom,DKI,8.23730182647705
OthTrade,dom,JaBar,8.156813621520996
OthTrade,dom,Banten,8.372121810913086
OthTrade,dom,JaTeng,7.872461795806885
OthTrade,dom,DIY,7.918159008026123
OthTrade,dom,JaTim,7.842899799346924
OthTrade,dom,KalBar,7.876184940338135
OthTrade,dom,KalTeng,7.647246360778809
OthTrade,dom,KalSel,7.606939792633057
OthTrade,dom,KalTim,8.028119087219238
OthTrade,dom,KalUt,8.627639770507812
OthTrade,dom,SulUt,10.14597225189209
OthTrade,dom,Gorontalo,9.719557762145996
OthTrade,dom,SulTeng,9.23178768157959
OthTrade,dom,SulaSel,8.796514511108398
OthTrade,dom,SulBar,8.595081329345703
OthTrade,dom,SulTra,9.312198638916016
OthTrade,dom,Bali,8.316405296325684
OthTrade,dom,NTB,8.988265037536621
OthTrade,dom,NTT,10.128576278686523
OthTrade,dom,Maluku,14.718734741210938
OthTrade,dom,MalUt,13.021674156188965
OthTrade,dom,PapuaBar,16.968460083007812
OthTrade,dom,PapuaProv,22.350976943969727
OthTrade,imp,NAD,12.844608306884766
OthTrade,imp,SumUt,11.55370044708252
OthTrade,imp,SumBar,10.206832885742188
OthTrade,imp,RiauProv,10.283659934997559
OthTrade,imp,KepRi,10.665107727050781
OthTrade,imp,Jambi,9.616233825683594
OthTrade,imp,SumSel,9.048975944519043
OthTrade,imp,BaBel,8.800602912902832
OthTrade,imp,Bengkulu,9.571221351623535
OthTrade,imp,Lampung,8.928945541381836
OthTrade,imp,DKI,8.23730182647705
OthTrade,imp,JaBar,8.156813621520996
OthTrade,imp,Banten,8.372121810913086
OthTrade,imp,JaTeng,7.872461795806885
OthTrade,imp,DIY,7.918159008026123
OthTrade,imp,JaTim,7.842899799346924
OthTrade,imp,KalBar,7.876184940338135
OthTrade,imp,KalTeng,7.647246360778809
OthTrade,imp,KalSel,7.606939792633057
OthTrade,imp,KalTim,8.028119087219238
OthTrade,imp,KalUt,8.627639770507812
OthTrade,imp,SulUt,10.14597225189209
OthTrade,imp,Gorontalo,9.719557762145996
OthTrade,imp,SulTeng,9.23178768157959
OthTrade,imp,SulaSel,8.796514511108398
OthTrade,imp,SulBar,8.595081329345703
OthTrade,imp,SulTra,9.312198638916016
OthTrade,imp,Bali,8.316405296325684
OthTrade,imp,NTB,8.988265037536621
OthTrade,imp,NTT,10.128576278686523
OthTrade,imp,Maluku,14.718734741210938
OthTrade,imp,MalUt,13.021674156188965
OthTrade,imp,PapuaBar,16.968460083007812
OthTrade,imp,PapuaProv,22.350976943969727
RailTransprt,dom,NAD,4.943813800811768
RailTransprt,dom,SumUt,0.9880520701408386
RailTransprt,dom,SumBar,3.8802359104156494
RailTransprt,dom,RiauProv,3.9511284828186035
RailTransprt,dom,KepRi,10.386515617370605
RailTransprt,dom,Jambi,3.3594553470611572
RailTransprt,dom,SumSel,1.4898381233215332
RailTransprt,dom,BaBel,4.721757411956787
RailTransprt,dom,Bengkulu,3.094362497329712
RailTransprt,dom,Lampung,0.4943388104438782
RailTransprt,dom,DKI,0.27195438742637634
RailTransprt,dom,JaBar,0.7070533633232117
RailTransprt,dom,Banten,0.9729569554328918
RailTransprt,dom,JaTeng,0.16878792643547058
RailTransprt,dom,DIY,0.15992136299610138
RailTransprt,dom,JaTim,0.4058568775653839
RailTransprt,dom,KalBar,7.182474613189697
RailTransprt,dom,KalTeng,6.369401454925537
RailTransprt,dom,KalSel,6.136650562286377
RailTransprt,dom,KalTim,7.76409912109375
RailTransprt,dom,KalUt,8.712044715881348
RailTransprt,dom,SulUt,11.929471969604492
RailTransprt,dom,Gorontalo,11.288680076599121
RailTransprt,dom,SulTeng,10.46878433227539
RailTransprt,dom,SulaSel,9.655813217163086
RailTransprt,dom,SulBar,9.199913024902344
RailTransprt,dom,SulTra,10.562214851379395
RailTransprt,dom,Bali,3.380563497543335
RailTransprt,dom,NTB,5.614843845367432
RailTransprt,dom,NTT,8.770439147949219
RailTransprt,dom,Maluku,17.852493286132812
RailTransprt,dom,MalUt,15.631089210510254
RailTransprt,dom,PapuaBar,20.44416618347168
RailTransprt,dom,PapuaProv,26.06220245361328
RailTransprt,imp,NAD,1.5654336214065552
RailTransprt,imp,SumUt,1.261060357093811
RailTransprt,imp,SumBar,2.6529037952423096
RailTransprt,imp,RiauProv,1.1305534839630127
RailTransprt,imp,KepRi,2.8948464393615723
RailTransprt,imp,Jambi,4.72247838973999
RailTransprt,imp,SumSel,5.743578910827637
RailTransprt,imp,BaBel,2.5444724559783936
RailTransprt,imp,Bengkulu,5.812082767486572
RailTransprt,imp,Lampung,3.609196186065674
RailTransprt,imp,DKI,3.150031566619873
RailTransprt,imp,JaBar,2.736640453338623
RailTransprt,imp,Banten,3.9467875957489014
RailTransprt,imp,JaTeng,3.058720827102661
RailTransprt,imp,DIY,4.5704731941223145
RailTransprt,imp,JaTim,2.522810220718384
RailTransprt,imp,KalBar,0.666639506816864
RailTransprt,imp,KalTeng,0.6119945645332336
RailTransprt,imp,KalSel,0.6330410838127136
RailTransprt,imp,KalTim,0.615680456161499
RailTransprt,imp,KalUt,0.6335514187812805
RailTransprt,imp,SulUt,0.4308459162712097
RailTransprt,imp,Gorontalo,0.4250539541244507
RailTransprt,imp,SulTeng,0.4364551901817322
RailTransprt,imp,SulaSel,0.23106534779071808
RailTransprt,imp,SulBar,0.22906024754047394
RailTransprt,imp,SulTra,0.492866188287735
RailTransprt,imp,Bali,1.0926107168197632
RailTransprt,imp,NTB,1.1325745582580566
RailTransprt,imp,NTT,1.6119848489761353
RailTransprt,imp,Maluku,1.861515760421753
RailTransprt,imp,MalUt,1.9253268241882324
RailTransprt,imp,PapuaBar,1.8675479888916016
RailTransprt,imp,PapuaProv,3.222743511199951
LandTransprt,dom,NAD,1.6221455335617065
LandTransprt,dom,SumUt,0.9219001531600952
LandTransprt,dom,SumBar,0.3796231746673584
LandTransprt,dom,RiauProv,1.774541974067688
LandTransprt,dom,KepRi,8.550676345825195
LandTransprt,dom,Jambi,1.1448979377746582
LandTransprt,dom,SumSel,1.4402077198028564
LandTransprt,dom,BaBel,2.812608242034912
LandTransprt,dom,Bengkulu,0.46473440527915955
LandTransprt,dom,Lampung,0.4862895905971527
LandTransprt,dom,DKI,0.17815960943698883
LandTransprt,dom,JaBar,0.24868467450141907
LandTransprt,dom,Banten,0.18230925500392914
LandTransprt,dom,JaTeng,0.202651709318161
LandTransprt,dom,DIY,0.1684437245130539
LandTransprt,dom,JaTim,1.2491638660430908
LandTransprt,dom,KalBar,2.8807973861694336
LandTransprt,dom,KalTeng,0.8511038422584534
LandTransprt,dom,KalSel,3.9750125408172607
LandTransprt,dom,KalTim,6.005345821380615
LandTransprt,dom,KalUt,6.945768356323242
LandTransprt,dom,SulUt,0.4423087537288666
LandTransprt,dom,Gorontalo,0.4303494393825531
LandTransprt,dom,SulTeng,2.186492919921875
LandTransprt,dom,SulaSel,0.9788212776184082
LandTransprt,dom,SulBar,2.2485299110412598
LandTransprt,dom,SulTra,1.1218236684799194
LandTransprt,dom,Bali,2.6785826683044434
LandTransprt,dom,NTB,1.4284443855285645
LandTransprt,dom,NTT,2.8184292316436768
LandTransprt,dom,Maluku,9.916913986206055
LandTransprt,dom,MalUt,4.85341739654541
LandTransprt,dom,PapuaBar,9.456304550170898
LandTransprt,dom,PapuaProv,9.0604887008667
LandTransprt,imp,NAD,0.7248556017875671
LandTransprt,imp,SumUt,0.7268032431602478
LandTransprt,imp,SumBar,0.5214270949363708
LandTransprt,imp,RiauProv,0.5027613639831543
LandTransprt,imp,KepRi,2.321350336074829
LandTransprt,imp,Jambi,0.5131670236587524
LandTransprt,imp,SumSel,0.473389595746994
LandTransprt,imp,BaBel,0.9882460236549377
LandTransprt,imp,Bengkulu,0.5837501287460327
LandTransprt,imp,Lampung,0.5053467750549316
LandTransprt,imp,DKI,0.23228852450847626
LandTransprt,imp,JaBar,0.2853693664073944
LandTransprt,imp,Banten,0.2623891234397888
LandTransprt,imp,JaTeng,0.2586803138256073
LandTransprt,imp,DIY,0.2650716304779053
LandTransprt,imp,JaTim,0.4318740665912628
LandTransprt,imp,KalBar,0.6854748725891113
LandTransprt,imp,KalTeng,0.6399796009063721
LandTransprt,imp,KalSel,0.6749459505081177
LandTransprt,imp,KalTim,0.6848770380020142
LandTransprt,imp,KalUt,0.7640299797058105
LandTransprt,imp,SulUt,0.5439732074737549
LandTransprt,imp,Gorontalo,0.5526876449584961
LandTransprt,imp,SulTeng,0.5018326640129089
LandTransprt,imp,SulaSel,0.46957603096961975
LandTransprt,imp,SulBar,0.5363097190856934
LandTransprt,imp,SulTra,0.5393703579902649
LandTransprt,imp,Bali,1.05696439743042
LandTransprt,imp,NTB,1.0513328313827515
LandTransprt,imp,NTT,1.5566011667251587
LandTransprt,imp,Maluku,1.827023983001709
LandTransprt,imp,MalUt,1.8631653785705566
LandTransprt,imp,PapuaBar,1.839608073234558
LandTransprt,imp,PapuaProv,3.129030704498291
SeaTransport,dom,NAD,0.8105865120887756
SeaTransport,dom,SumUt,0.7323315143585205
SeaTransport,dom,SumBar,0.3816641867160797
SeaTransport,dom,RiauProv,0.8959206938743591
SeaTransport,dom,KepRi,2.381822109222412
SeaTransport,dom,Jambi,0.4222429692745209
SeaTransport,dom,SumSel,1.7880525588989258
SeaTransport,dom,BaBel,0.9760575294494629
SeaTransport,dom,Bengkulu,0.43929800391197205
SeaTransport,dom,Lampung,0.46001312136650085
SeaTransport,dom,DKI,0.3414497971534729
SeaTransport,dom,JaBar,2.624070644378662
SeaTransport,dom,Banten,2.075608015060425
SeaTransport,dom,JaTeng,0.42613255977630615
SeaTransport,dom,DIY,2.3288326263427734
SeaTransport,dom,JaTim,0.5486460328102112
SeaTransport,dom,KalBar,2.814344644546509
SeaTransport,dom,KalTeng,0.591945469379425
SeaTransport,dom,KalSel,0.830289363861084
SeaTransport,dom,KalTim,2.043536901473999
SeaTransport,dom,KalUt,0.6107556819915771
SeaTransport,dom,SulUt,0.41917774081230164
SeaTransport,dom,Gorontalo,1.403049349784851
SeaTransport,dom,SulTeng,1.7373895645141602
SeaTransport,dom,SulaSel,0.3522801995277405
SeaTransport,dom,SulBar,1.3506877422332764
SeaTransport,dom,SulTra,0.4870844781398773
SeaTransport,dom,Bali,4.523423671722412
SeaTransport,dom,NTB,1.1301207542419434
SeaTransport,dom,NTT,3.76894474029541
SeaTransport,dom,Maluku,3.268878698348999
SeaTransport,dom,MalUt,2.134289503097534
SeaTransport,dom,PapuaBar,8.174171447753906
SeaTransport,dom,PapuaProv,11.022269248962402
SeaTransport,imp,NAD,0.771224319934845
SeaTransport,imp,SumUt,0.7564424276351929
SeaTransport,imp,SumBar,0.38777127861976624
SeaTransport,imp,RiauProv,0.42346587777137756
SeaTransport,imp,KepRi,2.6062331199645996
SeaTransport,imp,Jambi,0.41933268308639526
SeaTransport,imp,SumSel,0.4467972218990326
SeaTransport,imp,BaBel,1.0351530313491821
SeaTransport,imp,Bengkulu,0.44508063793182373
SeaTransport,imp,Lampung,0.4649609327316284
SeaTransport,imp,DKI,0.18056336045265198
SeaTransport,imp,JaBar,0.2531930208206177
SeaTransport,imp,Banten,0.18130865693092346
SeaTransport,imp,JaTeng,0.1772090643644333
SeaTransport,imp,DIY,0.17681658267974854
SeaTransport,imp,JaTim,0.45170918107032776
SeaTransport,imp,KalBar,3.448028802871704
SeaTransport,imp,KalTeng,2.952944040298462
SeaTransport,imp,KalSel,2.099785089492798
SeaTransport,imp,KalTim,1.7997856140136719
SeaTransport,imp,KalUt,3.268101453781128
SeaTransport,imp,SulUt,5.6911821365356445
SeaTransport,imp,Gorontalo,7.1421332359313965
SeaTransport,imp,SulTeng,5.391001224517822
SeaTransport,imp,SulaSel,4.020673751831055
SeaTransport,imp,SulBar,6.681489944458008
SeaTransport,imp,SulTra,5.952868461608887
SeaTransport,imp,Bali,2.740032911300659
SeaTransport,imp,NTB,2.8949389457702637
SeaTransport,imp,NTT,5.0929388999938965
SeaTransport,imp,Maluku,13.465970039367676
SeaTransport,imp,MalUt,11.74504566192627
SeaTransport,imp,PapuaBar,14.51913070678711
SeaTransport,imp,PapuaProv,15.668066024780273
RiverTrnsprt,dom,NAD,4.772993087768555
RiverTrnsprt,dom,SumUt,3.738635778427124
RiverTrnsprt,dom,SumBar,0.46286100149154663
RiverTrnsprt,dom,RiauProv,0.8774062395095825
RiverTrnsprt,dom,KepRi,9.059900283813477
RiverTrnsprt,dom,Jambi,0.5072655081748962
RiverTrnsprt,dom,SumSel,0.7843742370605469
RiverTrnsprt,dom,BaBel,3.9924001693725586
RiverTrnsprt,dom,Bengkulu,0.5996976494789124
RiverTrnsprt,dom,Lampung,0.49140891432762146
RiverTrnsprt,dom,DKI,0.6448190808296204
RiverTrnsprt,dom,JaBar,1.4347714185714722
RiverTrnsprt,dom,Banten,0.20179276168346405
RiverTrnsprt,dom,JaTeng,0.9121519327163696
RiverTrnsprt,dom,DIY,2.0952916145324707
RiverTrnsprt,dom,JaTim,0.5435512065887451
RiverTrnsprt,dom,KalBar,5.585725784301758
RiverTrnsprt,dom,KalTeng,2.6885147094726562
RiverTrnsprt,dom,KalSel,6.131030559539795
RiverTrnsprt,dom,KalTim,6.657923221588135
RiverTrnsprt,dom,KalUt,8.074210166931152
RiverTrnsprt,dom,SulUt,0.4366380274295807
RiverTrnsprt,dom,Gorontalo,0.44838225841522217
RiverTrnsprt,dom,SulTeng,0.5807912349700928
RiverTrnsprt,dom,SulaSel,0.3509795665740967
RiverTrnsprt,dom,SulBar,0.2698781192302704
RiverTrnsprt,dom,SulTra,0.500571608543396
RiverTrnsprt,dom,Bali,1.0492756366729736
RiverTrnsprt,dom,NTB,1.0824607610702515
RiverTrnsprt,dom,NTT,1.638342261314392
RiverTrnsprt,dom,Maluku,1.7918332815170288
RiverTrnsprt,dom,MalUt,1.8353049755096436
RiverTrnsprt,dom,PapuaBar,2.2426652908325195
RiverTrnsprt,dom,PapuaProv,3.2967615127563477
RiverTrnsprt,imp,NAD,1.2701241970062256
RiverTrnsprt,imp,SumUt,1.001001238822937
RiverTrnsprt,imp,SumBar,0.5895506143569946
RiverTrnsprt,imp,RiauProv,0.487787127494812
RiverTrnsprt,imp,KepRi,3.7738330364227295
RiverTrnsprt,imp,Jambi,0.5433051586151123
RiverTrnsprt,imp,SumSel,0.5774949193000793
RiverTrnsprt,imp,BaBel,1.8934111595153809
RiverTrnsprt,imp,Bengkulu,0.6578134894371033
RiverTrnsprt,imp,Lampung,0.6720954179763794
RiverTrnsprt,imp,DKI,0.17810557782649994
RiverTrnsprt,imp,JaBar,0.25551822781562805
RiverTrnsprt,imp,Banten,0.18358522653579712
RiverTrnsprt,imp,JaTeng,0.17020776867866516
RiverTrnsprt,imp,DIY,0.1684112697839737
RiverTrnsprt,imp,JaTim,0.43818721175193787
RiverTrnsprt,imp,KalBar,7.055876731872559
RiverTrnsprt,imp,KalTeng,6.958358287811279
RiverTrnsprt,imp,KalSel,6.730494022369385
RiverTrnsprt,imp,KalTim,7.282831192016602
RiverTrnsprt,imp,KalUt,8.815564155578613
RiverTrnsprt,imp,SulUt,0.5210925340652466
RiverTrnsprt,imp,Gorontalo,0.491085946559906
RiverTrnsprt,imp,SulTeng,0.4714219868183136
RiverTrnsprt,imp,SulaSel,0.3284500241279602
RiverTrnsprt,imp,SulBar,0.2891097366809845
RiverTrnsprt,imp,SulTra,0.5360885858535767
RiverTrnsprt,imp,Bali,1.1656060218811035
RiverTrnsprt,imp,NTB,1.2745389938354492
RiverTrnsprt,imp,NTT,1.9380191564559937
RiverTrnsprt,imp,Maluku,2.1038050651550293
RiverTrnsprt,imp,MalUt,2.131958484649658
RiverTrnsprt,imp,PapuaBar,2.1480774879455566
RiverTrnsprt,imp,PapuaProv,3.4404492378234863
AirTransport,dom,NAD,5.095551013946533
AirTransport,dom,SumUt,1.209467887878418
AirTransport,dom,SumBar,0.49482589960098267
AirTransport,dom,RiauProv,3.659414529800415
AirTransport,dom,KepRi,2.386556386947632
AirTransport,dom,Jambi,2.2682394981384277
AirTransport,dom,SumSel,2.015822410583496
AirTransport,dom,BaBel,1.066558599472046
AirTransport,dom,Bengkulu,1.8920809030532837
AirTransport,dom,Lampung,2.6603682041168213
AirTransport,dom,DKI,0.6690401434898376
AirTransport,dom,JaBar,1.615423321723938
AirTransport,dom,Banten,0.1807817667722702
AirTransport,dom,JaTeng,1.5713549852371216
AirTransport,dom,DIY,0.172745481133461
AirTransport,dom,JaTim,1.1557799577713013
AirTransport,dom,KalBar,0.6836475133895874
AirTransport,dom,KalTeng,1.5007857084274292
AirTransport,dom,KalSel,1.6014248132705688
AirTransport,dom,KalTim,1.01498281955719
AirTransport,dom,KalUt,1.5560383796691895
AirTransport,dom,SulUt,0.4287119209766388
AirTransport,dom,Gorontalo,0.440856397151947
AirTransport,dom,SulTeng,0.6428043842315674
AirTransport,dom,SulaSel,0.23253023624420166
AirTransport,dom,SulBar,0.7777623534202576
AirTransport,dom,SulTra,0.5020337700843811
AirTransport,dom,Bali,1.0445516109466553
AirTransport,dom,NTB,1.1196017265319824
AirTransport,dom,NTT,1.6458455324172974
AirTransport,dom,Maluku,4.554276466369629
AirTransport,dom,MalUt,3.9229230880737305
AirTransport,dom,PapuaBar,6.9232611656188965
AirTransport,dom,PapuaProv,9.336801528930664
AirTransport,imp,NAD,0.7548469305038452
AirTransport,imp,SumUt,0.7429546117782593
AirTransport,imp,SumBar,0.4021465480327606
AirTransport,imp,RiauProv,0.42788103222846985
AirTransport,imp,KepRi,2.454864740371704
AirTransport,imp,Jambi,0.4348352551460266
AirTransport,imp,SumSel,0.4494897425174713
AirTransport,imp,BaBel,0.9878705739974976
AirTransport,imp,Bengkulu,0.4623500108718872
AirTransport,imp,Lampung,0.46234849095344543
AirTransport,imp,DKI,0.18176031112670898
AirTransport,imp,JaBar,0.24865837395191193
AirTransport,imp,Banten,0.18604786694049835
AirTransport,imp,JaTeng,0.17969393730163574
AirTransport,imp,DIY,0.19370684027671814
AirTransport,imp,JaTim,0.42284372448921204
AirTransport,imp,KalBar,0.7615370750427246
AirTransport,imp,KalTeng,0.6528441905975342
AirTransport,imp,KalSel,0.6972913146018982
AirTransport,imp,KalTim,0.7588562965393066
AirTransport,imp,KalUt,0.6979289054870605
AirTransport,imp,SulUt,0.7038730382919312
AirTransport,imp,Gorontalo,0.5522481203079224
AirTransport,imp,SulTeng,0.5142617225646973
AirTransport,imp,SulaSel,0.3822205066680908
AirTransport,imp,SulBar,0.3836306631565094
AirTransport,imp,SulTra,0.5693497657775879
AirTransport,imp,Bali,1.1174702644348145
AirTransport,imp,NTB,1.1612313985824585
AirTransport,imp,NTT,1.810306429862976
AirTransport,imp,Maluku,10.281783103942871
AirTransport,imp,MalUt,8.956731796264648
AirTransport,imp,PapuaBar,13.652504920959473
AirTransport,imp,PapuaProv,16.58690071105957
TransportSvc,dom,NAD,2.209702253341675
TransportSvc,dom,SumUt,0.7504673004150391
TransportSvc,dom,SumBar,0.5454329252243042
TransportSvc,dom,RiauProv,1.7367236614227295
TransportSvc,dom,KepRi,7.526325702667236
TransportSvc,dom,Jambi,2.313992977142334
TransportSvc,dom,SumSel,2.3333311080932617
TransportSvc,dom,BaBel,2.902776002883911
TransportSvc,dom,Bengkulu,2.8117661476135254
TransportSvc,dom,Lampung,1.792398452758789
TransportSvc,dom,DKI,0.17648018896579742
TransportSvc,dom,JaBar,0.4719978868961334
TransportSvc,dom,Banten,0.24492256343364716
TransportSvc,dom,JaTeng,1.1422934532165527
TransportSvc,dom,DIY,0.19423986971378326
TransportSvc,dom,JaTim,0.45208364725112915
TransportSvc,dom,KalBar,3.7562317848205566
TransportSvc,dom,KalTeng,4.466789722442627
TransportSvc,dom,KalSel,5.045413970947266
TransportSvc,dom,KalTim,3.9192426204681396
TransportSvc,dom,KalUt,5.948146820068359
TransportSvc,dom,SulUt,5.439032554626465
TransportSvc,dom,Gorontalo,6.00937032699585
TransportSvc,dom,SulTeng,3.7761898040771484
TransportSvc,dom,SulaSel,0.44138631224632263
TransportSvc,dom,SulBar,2.1921658515930176
TransportSvc,dom,SulTra,3.984595537185669
TransportSvc,dom,Bali,1.5865389108657837
TransportSvc,dom,NTB,3.3923237323760986
TransportSvc,dom,NTT,5.732718467712402
TransportSvc,dom,Maluku,8.823182106018066
TransportSvc,dom,MalUt,10.221222877502441
TransportSvc,dom,PapuaBar,12.446069717407227
TransportSvc,dom,PapuaProv,4.384566307067871
TransportSvc,imp,NAD,0.7375351786613464
TransportSvc,imp,SumUt,0.7321768999099731
TransportSvc,imp,SumBar,0.48851484060287476
TransportSvc,imp,RiauProv,0.4754363000392914
TransportSvc,imp,KepRi,2.320899724960327
TransportSvc,imp,Jambi,0.5126475095748901
TransportSvc,imp,SumSel,0.4806880056858063
TransportSvc,imp,BaBel,0.988426685333252
TransportSvc,imp,Bengkulu,0.5821090936660767
TransportSvc,imp,Lampung,0.5117445588111877
TransportSvc,imp,DKI,0.2381063997745514
TransportSvc,imp,JaBar,0.28044193983078003
TransportSvc,imp,Banten,0.25522080063819885
TransportSvc,imp,JaTeng,0.27022120356559753
TransportSvc,imp,DIY,0.2779296338558197
TransportSvc,imp,JaTim,0.43790197372436523
TransportSvc,imp,KalBar,0.67882239818573
TransportSvc,imp,KalTeng,0.6327606439590454
TransportSvc,imp,KalSel,0.6207233667373657
TransportSvc,imp,KalTim,0.6853952407836914
TransportSvc,imp,KalUt,0.7665817141532898
TransportSvc,imp,SulUt,0.5884170532226562
TransportSvc,imp,Gorontalo,0.5589783191680908
TransportSvc,imp,SulTeng,0.5066641569137573
TransportSvc,imp,SulaSel,0.47804373502731323
TransportSvc,imp,SulBar,0.48894932866096497
TransportSvc,imp,SulTra,0.5327020883560181
TransportSvc,imp,Bali,1.0510379076004028
TransportSvc,imp,NTB,1.0517405271530151
TransportSvc,imp,NTT,1.5560104846954346
TransportSvc,imp,Maluku,1.823879599571228
TransportSvc,imp,MalUt,1.8623937368392944
TransportSvc,imp,PapuaBar,1.831941843032837
TransportSvc,imp,PapuaProv,3.1332356929779053
Postal,dom,NAD,2.856881618499756
Postal,dom,SumUt,0.7545021176338196
Postal,dom,SumBar,0.44511350989341736
Postal,dom,RiauProv,2.3177974224090576
Postal,dom,KepRi,7.929712295532227
Postal,dom,Jambi,2.3689494132995605
Postal,dom,SumSel,2.7273731231689453
Postal,dom,BaBel,3.070417642593384
Postal,dom,Bengkulu,3.020057201385498
Postal,dom,Lampung,2.31337571144104
Postal,dom,DKI,0.17901082336902618
Postal,dom,JaBar,0.6701920628547668
Postal,dom,Banten,0.17968814074993134
Postal,dom,JaTeng,1.5689117908477783
Postal,dom,DIY,0.1758483499288559
Postal,dom,JaTim,0.4970294237136841
Postal,dom,KalBar,2.1993203163146973
Postal,dom,KalTeng,1.2927733659744263
Postal,dom,KalSel,1.7501922845840454
Postal,dom,KalTim,0.608950138092041
Postal,dom,KalUt,0.6373517513275146
Postal,dom,SulUt,2.0960373878479004
Postal,dom,Gorontalo,2.6192312240600586
Postal,dom,SulTeng,1.657536506652832
Postal,dom,SulaSel,0.2479223608970642
Postal,dom,SulBar,0.8647796511650085
Postal,dom,SulTra,1.6446051597595215
Postal,dom,Bali,1.0843534469604492
Postal,dom,NTB,2.2930426597595215
Postal,dom,NTT,4.816371917724609
Postal,dom,Maluku,5.188201904296875
Postal,dom,MalUt,6.5205888748168945
Postal,dom,PapuaBar,7.977597236633301
Postal,dom,PapuaProv,3.287266492843628
Postal,imp,NAD,7.99074125289917
Postal,imp,SumUt,6.46031379699707
Postal,imp,SumBar,4.502111911773682
Postal,imp,RiauProv,4.760686874389648
Postal,imp,KepRi,2.373910665512085
Postal,imp,Jambi,3.438814401626587
Postal,imp,SumSel,1.7107104063034058
Postal,imp,BaBel,4.197261810302734
Postal,imp,Bengkulu,2.7108283042907715
Postal,imp,Lampung,0.45408472418785095
Postal,imp,DKI,0.6686212420463562
Postal,imp,JaBar,1.3101983070373535
Postal,imp,Banten,0.9090334177017212
Postal,imp,JaTeng,4.040200710296631
Postal,imp,DIY,4.4398016929626465
Postal,imp,JaTim,5.678624153137207
Postal,imp,KalBar,5.10869026184082
Postal,imp,KalTeng,6.373880386352539
Postal,imp,KalSel,7.458449363708496
Postal,imp,KalTim,7.652981758117676
Postal,imp,KalUt,7.914033889770508
Postal,imp,SulUt,13.775167465209961
Postal,imp,Gorontalo,13.053878784179688
Postal,imp,SulTeng,12.343079566955566
Postal,imp,SulaSel,11.54605770111084
Postal,imp,SulBar,11.107507705688477
Postal,imp,SulTra,12.434874534606934
Postal,imp,Bali,9.082194328308105
Postal,imp,NTB,10.883417129516602
Postal,imp,NTT,13.206687927246094
Postal,imp,Maluku,19.675378799438477
Postal,imp,MalUt,17.41839599609375
Postal,imp,PapuaBar,22.185556411743164
Postal,imp,PapuaProv,28.0627384185791
Hotels,dom,NAD,7.334402561187744
Hotels,dom,SumUt,3.622816801071167
Hotels,dom,SumBar,2.247920036315918
Hotels,dom,RiauProv,2.057631492614746
Hotels,dom,KepRi,2.3762900829315186
Hotels,dom,Jambi,3.8501739501953125
Hotels,dom,SumSel,2.9884872436523438
Hotels,dom,BaBel,5.990416049957275
Hotels,dom,Bengkulu,5.50864839553833
Hotels,dom,Lampung,4.981692314147949
Hotels,dom,DKI,0.28307345509529114
Hotels,dom,JaBar,1.7373470067977905
Hotels,dom,Banten,3.158287763595581
Hotels,dom,JaTeng,0.8854618668556213
Hotels,dom,DIY,0.17992782592773438
Hotels,dom,JaTim,0.8133918046951294
Hotels,dom,KalBar,2.4203474521636963
Hotels,dom,KalTeng,3.370615005493164
Hotels,dom,KalSel,2.3880953788757324
Hotels,dom,KalTim,3.769662618637085
Hotels,dom,KalUt,3.9253759384155273
Hotels,dom,SulUt,0.47390803694725037
Hotels,dom,Gorontalo,3.0545148849487305
Hotels,dom,SulTeng,4.113522052764893
Hotels,dom,SulaSel,2.719520330429077
Hotels,dom,SulBar,4.928099632263184
Hotels,dom,SulTra,3.9641711711883545
Hotels,dom,Bali,1.0343825817108154
Hotels,dom,NTB,1.0617913007736206
Hotels,dom,NTT,3.404864549636841
Hotels,dom,Maluku,4.658211708068848
Hotels,dom,MalUt,7.118519306182861
Hotels,dom,PapuaBar,7.321493625640869
Hotels,dom,PapuaProv,8.841936111450195
Hotels,imp,NAD,0.7284867763519287
Hotels,imp,SumUt,0.7296576499938965
Hotels,imp,SumBar,0.5181373357772827
Hotels,imp,RiauProv,0.5030754208564758
Hotels,imp,KepRi,2.321195602416992
Hotels,imp,Jambi,0.5184945464134216
Hotels,imp,SumSel,0.4752291142940521
Hotels,imp,BaBel,0.9935681223869324
Hotels,imp,Bengkulu,0.5737408399581909
Hotels,imp,Lampung,0.50296550989151
Hotels,imp,DKI,0.2335885912179947
Hotels,imp,JaBar,0.2852282226085663
Hotels,imp,Banten,0.2649008631706238
Hotels,imp,JaTeng,0.26194465160369873
Hotels,imp,DIY,0.26208725571632385
Hotels,imp,JaTim,0.43276748061180115
Hotels,imp,KalBar,0.7095702290534973
Hotels,imp,KalTeng,0.6791948676109314
Hotels,imp,KalSel,0.677750289440155
Hotels,imp,KalTim,0.6884773373603821
Hotels,imp,KalUt,0.695976972579956
Hotels,imp,SulUt,0.553817629814148
Hotels,imp,Gorontalo,0.5477023720741272
Hotels,imp,SulTeng,0.5041227340698242
Hotels,imp,SulaSel,0.47053468227386475
Hotels,imp,SulBar,0.5127553939819336
Hotels,imp,SulTra,0.5376967787742615
Hotels,imp,Bali,1.0539692640304565
Hotels,imp,NTB,1.0513546466827393
Hotels,imp,NTT,1.5566829442977905
Hotels,imp,Maluku,1.8241232633590698
Hotels,imp,MalUt,1.8631259202957153
Hotels,imp,PapuaBar,1.8347055912017822
Hotels,imp,PapuaProv,3.12658429145813
Restaurants,dom,NAD,0.6923555731773376
Restaurants,dom,SumUt,0.6925498843193054
Restaurants,dom,SumBar,0.3719763159751892
Restaurants,dom,RiauProv,0.3719031810760498
Restaurants,dom,KepRi,2.307567596435547
Restaurants,dom,Jambi,0.4106912612915039
Restaurants,dom,SumSel,0.43299299478530884
Restaurants,dom,BaBel,0.9644034504890442
Restaurants,dom,Bengkulu,0.4316517412662506
Restaurants,dom,Lampung,0.44594475626945496
Restaurants,dom,DKI,0.1770971119403839
Restaurants,dom,JaBar,0.24581128358840942
Restaurants,dom,Banten,0.1769389659166336
Restaurants,dom,JaTeng,0.1622561514377594
Restaurants,dom,DIY,0.15966194868087769
Restaurants,dom,JaTim,0.407232403755188
Restaurants,dom,KalBar,0.6363223195075989
Restaurants,dom,KalTeng,0.5557647943496704
Restaurants,dom,KalSel,0.5559800863265991
Restaurants,dom,KalTim,0.565391480922699
Restaurants,dom,KalUt,0.5652992129325867
Restaurants,dom,SulUt,0.4076802730560303
Restaurants,dom,Gorontalo,0.40680524706840515
Restaurants,dom,SulTeng,0.42716437578201294
Restaurants,dom,SulaSel,0.21892386674880981
Restaurants,dom,SulBar,0.21849817037582397
Restaurants,dom,SulTra,0.4809724688529968
Restaurants,dom,Bali,1.0474672317504883
Restaurants,dom,NTB,1.0355336666107178
Restaurants,dom,NTT,1.541245460510254
Restaurants,dom,Maluku,1.7701835632324219
Restaurants,dom,MalUt,1.814157247543335
Restaurants,dom,PapuaBar,1.7697545289993286
Restaurants,dom,PapuaProv,3.090545892715454
Restaurants,imp,NAD,0.7260628342628479
Restaurants,imp,SumUt,0.7275881171226501
Restaurants,imp,SumBar,0.5217581987380981
Restaurants,imp,RiauProv,0.5055551528930664
Restaurants,imp,KepRi,2.32125186920166
Restaurants,imp,Jambi,0.5157663822174072
Restaurants,imp,SumSel,0.47581666707992554
Restaurants,imp,BaBel,0.9934027791023254
Restaurants,imp,Bengkulu,0.5838004350662231
Restaurants,imp,Lampung,0.5040806531906128
Restaurants,imp,DKI,0.23322521150112152
Restaurants,imp,JaBar,0.2878230810165405
Restaurants,imp,Banten,0.26156631112098694
Restaurants,imp,JaTeng,0.2618117034435272
Restaurants,imp,DIY,0.2625207304954529
Restaurants,imp,JaTim,0.432300329208374
Restaurants,imp,KalBar,0.6991357207298279
Restaurants,imp,KalTeng,0.6587592959403992
Restaurants,imp,KalSel,0.6823742985725403
Restaurants,imp,KalTim,0.6872228384017944
Restaurants,imp,KalUt,0.7507597804069519
Restaurants,imp,SulUt,0.5463961362838745
Restaurants,imp,Gorontalo,0.5456181168556213
Restaurants,imp,SulTeng,0.4981457591056824
Restaurants,imp,SulaSel,0.4636187255382538
Restaurants,imp,SulBar,0.5166047215461731
Restaurants,imp,SulTra,0.5376097559928894
Restaurants,imp,Bali,1.0543475151062012
Restaurants,imp,NTB,1.0505683422088623
Restaurants,imp,NTT,1.5558586120605469
Restaurants,imp,Maluku,1.8232207298278809
Restaurants,imp,MalUt,1.860891580581665
Restaurants,imp,PapuaBar,1.8323415517807007
Restaurants,imp,PapuaProv,3.128380298614502
Publishing,dom,NAD,2.706705331802368
Publishing,dom,SumUt,2.206617832183838
Publishing,dom,SumBar,0.3814690411090851
Publishing,dom,RiauProv,0.9957270622253418
Publishing,dom,KepRi,9.398660659790039
Publishing,dom,Jambi,0.42817771434783936
Publishing,dom,SumSel,0.8869112133979797
Publishing,dom,BaBel,3.460049629211426
Publishing,dom,Bengkulu,0.8525680303573608
Publishing,dom,Lampung,0.48805126547813416
Publishing,dom,DKI,0.1759321093559265
Publishing,dom,JaBar,0.33390697836875916
Publishing,dom,Banten,0.24569851160049438
Publishing,dom,JaTeng,0.16322574019432068
Publishing,dom,DIY,0.1584598422050476
Publishing,dom,JaTim,0.3935691714286804
Publishing,dom,KalBar,0.7467342019081116
Publishing,dom,KalTeng,2.9844107627868652
Publishing,dom,KalSel,0.6748239398002625
Publishing,dom,KalTim,3.5221099853515625
Publishing,dom,KalUt,3.926976203918457
Publishing,dom,SulUt,0.5269308686256409
Publishing,dom,Gorontalo,2.699068784713745
Publishing,dom,SulTeng,1.4072036743164062
Publishing,dom,SulaSel,0.7466506361961365
Publishing,dom,SulBar,0.24128107726573944
Publishing,dom,SulTra,0.9470196962356567
Publishing,dom,Bali,1.058980107307434
Publishing,dom,NTB,2.7291667461395264
Publishing,dom,NTT,1.5707507133483887
Publishing,dom,Maluku,2.573028564453125
Publishing,dom,MalUt,2.83823561668396
Publishing,dom,PapuaBar,4.731675148010254
Publishing,dom,PapuaProv,4.409297943115234
Publishing,imp,NAD,6.667453765869141
Publishing,imp,SumUt,6.382300853729248
Publishing,imp,SumBar,4.592144012451172
Publishing,imp,RiauProv,4.844982624053955
Publishing,imp,KepRi,9.180829048156738
Publishing,imp,Jambi,3.9016735553741455
Publishing,imp,SumSel,2.9137966632843018
Publishing,imp,BaBel,3.7712531089782715
Publishing,imp,Bengkulu,3.462094306945801
Publishing,imp,Lampung,2.0732483863830566
Publishing,imp,DKI,0.17591658234596252
Publishing,imp,JaBar,0.4842151701450348
Publishing,imp,Banten,0.35222160816192627
Publishing,imp,JaTeng,1.6236344575881958
Publishing,imp,DIY,1.7161177396774292
Publishing,imp,JaTim,2.499664545059204
Publishing,imp,KalBar,6.954220771789551
Publishing,imp,KalTeng,7.3971710205078125
Publishing,imp,KalSel,7.810388088226318
Publishing,imp,KalTim,9.119003295898438
Publishing,imp,KalUt,9.362074851989746
Publishing,imp,SulUt,13.509705543518066
Publishing,imp,Gorontalo,12.888894081115723
Publishing,imp,SulTeng,12.08204460144043
Publishing,imp,SulaSel,11.28537368774414
Publishing,imp,SulBar,10.84620475769043
Publishing,imp,SulTra,12.168970108032227
Publishing,imp,Bali,5.293089389801025
Publishing,imp,NTB,7.20463228225708
Publishing,imp,NTT,10.40589427947998
Publishing,imp,Maluku,19.106616973876953
Publishing,imp,MalUt,17.103200912475586
Publishing,imp,PapuaBar,20.682891845703125
Publishing,imp,PapuaProv,27.31269645690918
Broadcasting,dom,NAD,2.396834135055542
Broadcasting,dom,SumUt,2.2206878662109375
Broadcasting,dom,SumBar,0.3788033127784729
Broadcasting,dom,RiauProv,0.8873890042304993
Broadcasting,dom,KepRi,6.545821189880371
Broadcasting,dom,Jambi,0.4172213077545166
Broadcasting,dom,SumSel,0.554129421710968
Broadcasting,dom,BaBel,2.4324169158935547
Broadcasting,dom,Bengkulu,0.8815395832061768
Broadcasting,dom,Lampung,0.5901269912719727
Broadcasting,dom,DKI,0.17592072486877441
Broadcasting,dom,JaBar,0.33686763048171997
Broadcasting,dom,Banten,0.23745614290237427
Broadcasting,dom,JaTeng,0.5470839142799377
Broadcasting,dom,DIY,0.15929359197616577
Broadcasting,dom,JaTim,0.5699670910835266
Broadcasting,dom,KalBar,0.6948894262313843
Broadcasting,dom,KalTeng,2.5757014751434326
Broadcasting,dom,KalSel,1.491892695426941
Broadcasting,dom,KalTim,3.103808879852295
Broadcasting,dom,KalUt,3.6172940731048584
Broadcasting,dom,SulUt,0.408176988363266
Broadcasting,dom,Gorontalo,0.6681238412857056
Broadcasting,dom,SulTeng,0.4862545430660248
Broadcasting,dom,SulaSel,0.2876092791557312
Broadcasting,dom,SulBar,0.21840156614780426
Broadcasting,dom,SulTra,0.48738619685173035
Broadcasting,dom,Bali,1.0356539487838745
Broadcasting,dom,NTB,1.7281227111816406
Broadcasting,dom,NTT,1.543296217918396
Broadcasting,dom,Maluku,1.7984895706176758
Broadcasting,dom,MalUt,1.9093828201293945
Broadcasting,dom,PapuaBar,2.438626289367676
Broadcasting,dom,PapuaProv,3.099822998046875
Broadcasting,imp,NAD,7.753171920776367
Broadcasting,imp,SumUt,6.5271315574646
Broadcasting,imp,SumBar,4.74383020401001
Broadcasting,imp,RiauProv,5.0812153816223145
Broadcasting,imp,KepRi,7.534902095794678
Broadcasting,imp,Jambi,3.993521213531494
Broadcasting,imp,SumSel,2.9721968173980713
Broadcasting,imp,BaBel,3.8580617904663086
Broadcasting,imp,Bengkulu,3.537865161895752
Broadcasting,imp,Lampung,2.1176180839538574
Broadcasting,imp,DKI,0.17592571675777435
Broadcasting,imp,JaBar,0.4756885766983032
Broadcasting,imp,Banten,0.35513052344322205
Broadcasting,imp,JaTeng,0.17024366557598114
Broadcasting,imp,DIY,0.41165250539779663
Broadcasting,imp,JaTim,1.0910745859146118
Broadcasting,imp,KalBar,6.835756778717041
Broadcasting,imp,KalTeng,7.120093822479248
Broadcasting,imp,KalSel,7.401126384735107
Broadcasting,imp,KalTim,8.780364990234375
Broadcasting,imp,KalUt,9.39021110534668
Broadcasting,imp,SulUt,13.18575668334961
Broadcasting,imp,Gorontalo,12.55770206451416
Broadcasting,imp,SulTeng,11.742719650268555
Broadcasting,imp,SulaSel,10.937493324279785
Broadcasting,imp,SulBar,10.493535041809082
Broadcasting,imp,SulTra,11.835064888000488
Broadcasting,imp,Bali,4.621771335601807
Broadcasting,imp,NTB,6.926700115203857
Broadcasting,imp,NTT,10.07231330871582
Broadcasting,imp,Maluku,19.046382904052734
Broadcasting,imp,MalUt,16.84476089477539
Broadcasting,imp,PapuaBar,21.621360778808594
Broadcasting,imp,PapuaProv,27.184446334838867
Telecommunic,dom,NAD,3.513413429260254
Telecommunic,dom,SumUt,2.8201329708099365
Telecommunic,dom,SumBar,0.48977333307266235
Telecommunic,dom,RiauProv,1.807605504989624
Telecommunic,dom,KepRi,5.728387832641602
Telecommunic,dom,Jambi,0.9690986275672913
Telecommunic,dom,SumSel,1.1841926574707031
Telecommunic,dom,BaBel,2.956324815750122
Telecommunic,dom,Bengkulu,1.525122880935669
Telecommunic,dom,Lampung,0.8747569918632507
Telecommunic,dom,DKI,0.1765233278274536
Telecommunic,dom,JaBar,0.365464448928833
Telecommunic,dom,Banten,0.26773613691329956
Telecommunic,dom,JaTeng,0.36016687750816345
Telecommunic,dom,DIY,0.16563016176223755
Telecommunic,dom,JaTim,0.45937395095825195
Telecommunic,dom,KalBar,1.575627326965332
Telecommunic,dom,KalTeng,4.0400848388671875
Telecommunic,dom,KalSel,2.4452452659606934
Telecommunic,dom,KalTim,4.5414509773254395
Telecommunic,dom,KalUt,5.42010498046875
Telecommunic,dom,SulUt,2.5212953090667725
Telecommunic,dom,Gorontalo,5.489065647125244
Telecommunic,dom,SulTeng,3.5552659034729004
Telecommunic,dom,SulaSel,2.223341703414917
Telecommunic,dom,SulBar,3.142303228378296
Telecommunic,dom,SulTra,3.1788113117218018
Telecommunic,dom,Bali,1.1956605911254883
Telecommunic,dom,NTB,3.768249988555908
Telecommunic,dom,NTT,2.1422746181488037
Telecommunic,dom,Maluku,5.540600299835205
Telecommunic,dom,MalUt,5.549320697784424
Telecommunic,dom,PapuaBar,7.406808376312256
Telecommunic,dom,PapuaProv,7.695071697235107
Telecommunic,imp,NAD,0.7287538051605225
Telecommunic,imp,SumUt,0.7280083298683167
Telecommunic,imp,SumBar,0.5176433324813843
Telecommunic,imp,RiauProv,0.5033631324768066
Telecommunic,imp,KepRi,2.3211750984191895
Telecommunic,imp,Jambi,0.5121564269065857
Telecommunic,imp,SumSel,0.4733000695705414
Telecommunic,imp,BaBel,0.9933087229728699
Telecommunic,imp,Bengkulu,0.5788558721542358
Telecommunic,imp,Lampung,0.5001158118247986
Telecommunic,imp,DKI,0.23280677199363708
Telecommunic,imp,JaBar,0.28307783603668213
Telecommunic,imp,Banten,0.2633597254753113
Telecommunic,imp,JaTeng,0.2615358233451843
Telecommunic,imp,DIY,0.26329731941223145
Telecommunic,imp,JaTim,0.4339810609817505
Telecommunic,imp,KalBar,0.6992575526237488
Telecommunic,imp,KalTeng,0.6591306328773499
Telecommunic,imp,KalSel,0.6846506595611572
Telecommunic,imp,KalTim,0.6877087354660034
Telecommunic,imp,KalUt,0.7480320334434509
Telecommunic,imp,SulUt,0.5529257655143738
Telecommunic,imp,Gorontalo,0.5502104163169861
Telecommunic,imp,SulTeng,0.4981783330440521
Telecommunic,imp,SulaSel,0.46659931540489197
Telecommunic,imp,SulBar,0.5055518746376038
Telecommunic,imp,SulTra,0.5357748866081238
Telecommunic,imp,Bali,1.0532610416412354
Telecommunic,imp,NTB,1.0514394044876099
Telecommunic,imp,NTT,1.5556021928787231
Telecommunic,imp,Maluku,1.8227301836013794
Telecommunic,imp,MalUt,1.8613922595977783
Telecommunic,imp,PapuaBar,1.829880952835083
Telecommunic,imp,PapuaProv,3.127835273742676
InformatTech,dom,NAD,0.6981731653213501
InformatTech,dom,SumUt,0.6940017342567444
InformatTech,dom,SumBar,0.37589871883392334
InformatTech,dom,RiauProv,0.37545034289360046
InformatTech,dom,KepRi,2.3374669551849365
InformatTech,dom,Jambi,0.417132169008255
InformatTech,dom,SumSel,0.43479785323143005
InformatTech,dom,BaBel,0.9674654006958008
InformatTech,dom,Bengkulu,0.4377491772174835
InformatTech,dom,Lampung,0.4503128230571747
InformatTech,dom,DKI,0.17593032121658325
InformatTech,dom,JaBar,0.24474643170833588
InformatTech,dom,Banten,0.1771608293056488
InformatTech,dom,JaTeng,0.15936197340488434
InformatTech,dom,DIY,0.15981444716453552
InformatTech,dom,JaTim,0.39244353771209717
InformatTech,dom,KalBar,0.6477431058883667
InformatTech,dom,KalTeng,0.5759028792381287
InformatTech,dom,KalSel,0.5693012475967407
InformatTech,dom,KalTim,0.5788586139678955
InformatTech,dom,KalUt,0.5894095301628113
InformatTech,dom,SulUt,0.40961629152297974
InformatTech,dom,Gorontalo,0.4105495810508728
InformatTech,dom,SulTeng,0.4286837875843048
InformatTech,dom,SulaSel,0.2177220582962036
InformatTech,dom,SulBar,0.2197943776845932
InformatTech,dom,SulTra,0.48205187916755676
InformatTech,dom,Bali,1.0433015823364258
InformatTech,dom,NTB,1.0466209650039673
InformatTech,dom,NTT,1.5743368864059448
InformatTech,dom,Maluku,1.7993531227111816
InformatTech,dom,MalUt,1.838466763496399
InformatTech,dom,PapuaBar,1.7890604734420776
InformatTech,dom,PapuaProv,3.103285074234009
InformatTech,imp,NAD,0.69197678565979
InformatTech,imp,SumUt,0.6973909139633179
InformatTech,imp,SumBar,0.4528632164001465
InformatTech,imp,RiauProv,0.47068506479263306
InformatTech,imp,KepRi,2.304553508758545
InformatTech,imp,Jambi,0.4362715780735016
InformatTech,imp,SumSel,0.4331650733947754
InformatTech,imp,BaBel,0.9576663970947266
InformatTech,imp,Bengkulu,0.439802348613739
InformatTech,imp,Lampung,0.44401752948760986
InformatTech,imp,DKI,0.18408413231372833
InformatTech,imp,JaBar,0.2442793846130371
InformatTech,imp,Banten,0.18661223351955414
InformatTech,imp,JaTeng,0.2133922427892685
InformatTech,imp,DIY,0.22308628261089325
InformatTech,imp,JaTim,0.39682403206825256
InformatTech,imp,KalBar,0.6489027142524719
InformatTech,imp,KalTeng,0.5948917269706726
InformatTech,imp,KalSel,0.6229162216186523
InformatTech,imp,KalTim,0.7248384356498718
InformatTech,imp,KalUt,0.64518141746521
InformatTech,imp,SulUt,0.4594351053237915
InformatTech,imp,Gorontalo,0.429423451423645
InformatTech,imp,SulTeng,0.4516039490699768
InformatTech,imp,SulaSel,0.4310736656188965
InformatTech,imp,SulBar,0.42395904660224915
InformatTech,imp,SulTra,0.49765825271606445
InformatTech,imp,Bali,1.0325297117233276
InformatTech,imp,NTB,1.0327609777450562
InformatTech,imp,NTT,1.5392253398895264
InformatTech,imp,Maluku,1.7713463306427002
InformatTech,imp,MalUt,1.8163659572601318
InformatTech,imp,PapuaBar,1.7758551836013794
InformatTech,imp,PapuaProv,3.103339672088623
FinancialSvc,dom,NAD,3.0548417568206787
FinancialSvc,dom,SumUt,1.5532962083816528
FinancialSvc,dom,SumBar,1.9103046655654907
FinancialSvc,dom,RiauProv,3.018667221069336
FinancialSvc,dom,KepRi,5.936709403991699
FinancialSvc,dom,Jambi,1.8040003776550293
FinancialSvc,dom,SumSel,1.6410419940948486
FinancialSvc,dom,BaBel,2.58963942527771
FinancialSvc,dom,Bengkulu,0.4728758931159973
FinancialSvc,dom,Lampung,1.293230652809143
FinancialSvc,dom,DKI,0.17616760730743408
FinancialSvc,dom,JaBar,0.37285417318344116
FinancialSvc,dom,Banten,0.2907746732234955
FinancialSvc,dom,JaTeng,0.48013874888420105
FinancialSvc,dom,DIY,0.20419523119926453
FinancialSvc,dom,JaTim,0.6890184283256531
FinancialSvc,dom,KalBar,1.1606147289276123
FinancialSvc,dom,KalTeng,3.41094970703125
FinancialSvc,dom,KalSel,2.5826003551483154
FinancialSvc,dom,KalTim,4.577469348907471
FinancialSvc,dom,KalUt,6.000327110290527
FinancialSvc,dom,SulUt,0.9461342096328735
FinancialSvc,dom,Gorontalo,0.4583762288093567
FinancialSvc,dom,SulTeng,1.665395736694336
FinancialSvc,dom,SulaSel,0.46486955881118774
FinancialSvc,dom,SulBar,1.596449375152588
FinancialSvc,dom,SulTra,1.577783226966858
FinancialSvc,dom,Bali,1.1004785299301147
FinancialSvc,dom,NTB,1.6181427240371704
FinancialSvc,dom,NTT,1.9225176572799683
FinancialSvc,dom,Maluku,5.611118316650391
FinancialSvc,dom,MalUt,4.220872402191162
FinancialSvc,dom,PapuaBar,7.63236665725708
FinancialSvc,dom,PapuaProv,12.229320526123047
FinancialSvc,imp,NAD,0.7253937125205994
FinancialSvc,imp,SumUt,0.727374792098999
FinancialSvc,imp,SumBar,0.5262137651443481
FinancialSvc,imp,RiauProv,0.5102328062057495
FinancialSvc,imp,KepRi,2.32110595703125
FinancialSvc,imp,Jambi,0.5088179111480713
FinancialSvc,imp,SumSel,0.4726119339466095
FinancialSvc,imp,BaBel,0.9911274313926697
FinancialSvc,imp,Bengkulu,0.5811730027198792
FinancialSvc,imp,Lampung,0.501828134059906
FinancialSvc,imp,DKI,0.2298041731119156
FinancialSvc,imp,JaBar,0.28589001297950745
FinancialSvc,imp,Banten,0.25588881969451904
FinancialSvc,imp,JaTeng,0.25698021054267883
FinancialSvc,imp,DIY,0.26014116406440735
FinancialSvc,imp,JaTim,0.4304385781288147
FinancialSvc,imp,KalBar,0.6929822564125061
FinancialSvc,imp,KalTeng,0.6480571627616882
FinancialSvc,imp,KalSel,0.6826162934303284
FinancialSvc,imp,KalTim,0.6886854767799377
FinancialSvc,imp,KalUt,0.763822078704834
FinancialSvc,imp,SulUt,0.5466745495796204
FinancialSvc,imp,Gorontalo,0.5441225171089172
FinancialSvc,imp,SulTeng,0.49353349208831787
FinancialSvc,imp,SulaSel,0.46315324306488037
FinancialSvc,imp,SulBar,0.5080820918083191
FinancialSvc,imp,SulTra,0.5367314219474792
FinancialSvc,imp,Bali,1.0541718006134033
FinancialSvc,imp,NTB,1.0502794981002808
FinancialSvc,imp,NTT,1.555150032043457
FinancialSvc,imp,Maluku,1.8234319686889648
FinancialSvc,imp,MalUt,1.8618577718734741
FinancialSvc,imp,PapuaBar,1.8303420543670654
FinancialSvc,imp,PapuaProv,3.129505157470703
InsuranceSvc,dom,NAD,6.321591854095459
InsuranceSvc,dom,SumUt,3.7820847034454346
InsuranceSvc,dom,SumBar,3.3302817344665527
InsuranceSvc,dom,RiauProv,3.20920467376709
InsuranceSvc,dom,KepRi,3.222395896911621
InsuranceSvc,dom,Jambi,2.872224807739258
InsuranceSvc,dom,SumSel,1.6568505764007568
InsuranceSvc,dom,BaBel,3.0808591842651367
InsuranceSvc,dom,Bengkulu,2.9475784301757812
InsuranceSvc,dom,Lampung,1.658898115158081
InsuranceSvc,dom,DKI,0.1760590821504593
InsuranceSvc,dom,JaBar,0.4504645764827728
InsuranceSvc,dom,Banten,0.2821570038795471
InsuranceSvc,dom,JaTeng,1.217812180519104
InsuranceSvc,dom,DIY,1.3578293323516846
InsuranceSvc,dom,JaTim,0.6773970723152161
InsuranceSvc,dom,KalBar,3.4389050006866455
InsuranceSvc,dom,KalTeng,4.149575233459473
InsuranceSvc,dom,KalSel,3.989265203475952
InsuranceSvc,dom,KalTim,4.956760406494141
InsuranceSvc,dom,KalUt,7.277879238128662
InsuranceSvc,dom,SulUt,6.031734943389893
InsuranceSvc,dom,Gorontalo,1.5047166347503662
InsuranceSvc,dom,SulTeng,6.2509541511535645
InsuranceSvc,dom,SulaSel,3.935105323791504
InsuranceSvc,dom,SulBar,6.760169506072998
InsuranceSvc,dom,SulTra,6.651318073272705
InsuranceSvc,dom,Bali,3.1320910453796387
InsuranceSvc,dom,NTB,5.4247002601623535
InsuranceSvc,dom,NTT,8.774484634399414
InsuranceSvc,dom,Maluku,12.80119800567627
InsuranceSvc,dom,MalUt,12.989246368408203
InsuranceSvc,dom,PapuaBar,15.267751693725586
InsuranceSvc,dom,PapuaProv,20.39265251159668
InsuranceSvc,imp,NAD,0.7257790565490723
InsuranceSvc,imp,SumUt,0.7265482544898987
InsuranceSvc,imp,SumBar,0.5230975151062012
InsuranceSvc,imp,RiauProv,0.5075441002845764
InsuranceSvc,imp,KepRi,2.3212790489196777
InsuranceSvc,imp,Jambi,0.5081323981285095
InsuranceSvc,imp,SumSel,0.47106483578681946
InsuranceSvc,imp,BaBel,0.9917011857032776
InsuranceSvc,imp,Bengkulu,0.5682880878448486
InsuranceSvc,imp,Lampung,0.4980809986591339
InsuranceSvc,imp,DKI,0.23499420285224915
InsuranceSvc,imp,JaBar,0.2807820439338684
InsuranceSvc,imp,Banten,0.2631535232067108
InsuranceSvc,imp,JaTeng,0.26215511560440063
InsuranceSvc,imp,DIY,0.26717251539230347
InsuranceSvc,imp,JaTim,0.43397414684295654
InsuranceSvc,imp,KalBar,0.6986371278762817
InsuranceSvc,imp,KalTeng,0.6572128534317017
InsuranceSvc,imp,KalSel,0.6811137795448303
InsuranceSvc,imp,KalTim,0.6874079704284668
InsuranceSvc,imp,KalUt,0.7519789338111877
InsuranceSvc,imp,SulUt,0.5467466711997986
InsuranceSvc,imp,Gorontalo,0.5395545959472656
InsuranceSvc,imp,SulTeng,0.4966971278190613
InsuranceSvc,imp,SulaSel,0.4630297124385834
InsuranceSvc,imp,SulBar,0.5153751373291016
InsuranceSvc,imp,SulTra,0.5362673997879028
InsuranceSvc,imp,Bali,1.0546209812164307
InsuranceSvc,imp,NTB,1.0512685775756836
InsuranceSvc,imp,NTT,1.5558900833129883
InsuranceSvc,imp,Maluku,1.8238730430603027
InsuranceSvc,imp,MalUt,1.8617140054702759
InsuranceSvc,imp,PapuaBar,1.8337160348892212
InsuranceSvc,imp,PapuaProv,3.126772165298462
PensionSvc,dom,NAD,5.591701030731201
PensionSvc,dom,SumUt,1.291193962097168
PensionSvc,dom,SumBar,0.673564612865448
PensionSvc,dom,RiauProv,3.369027614593506
PensionSvc,dom,KepRi,8.052306175231934
PensionSvc,dom,Jambi,2.0318174362182617
PensionSvc,dom,SumSel,1.9052741527557373
PensionSvc,dom,BaBel,2.55424165725708
PensionSvc,dom,Bengkulu,1.308502197265625
PensionSvc,dom,Lampung,1.6094310283660889
PensionSvc,dom,DKI,0.1760958731174469
PensionSvc,dom,JaBar,0.36522796750068665
PensionSvc,dom,Banten,0.35182899236679077
PensionSvc,dom,JaTeng,0.8216978311538696
PensionSvc,dom,DIY,0.27905458211898804
PensionSvc,dom,JaTim,1.0991989374160767
PensionSvc,dom,KalBar,2.0549654960632324
PensionSvc,dom,KalTeng,3.3822474479675293
PensionSvc,dom,KalSel,3.104712963104248
PensionSvc,dom,KalTim,3.172757863998413
PensionSvc,dom,KalUt,4.059478759765625
PensionSvc,dom,SulUt,0.5019528865814209
PensionSvc,dom,Gorontalo,0.4320060610771179
PensionSvc,dom,SulTeng,2.8722405433654785
PensionSvc,dom,SulaSel,0.8833116292953491
PensionSvc,dom,SulBar,3.042390823364258
PensionSvc,dom,SulTra,2.2579281330108643
PensionSvc,dom,Bali,2.330594539642334
PensionSvc,dom,NTB,1.754506230354309
PensionSvc,dom,NTT,2.491441011428833
PensionSvc,dom,Maluku,10.283660888671875
PensionSvc,dom,MalUt,2.6259877681732178
PensionSvc,dom,PapuaBar,11.478255271911621
PensionSvc,dom,PapuaProv,14.946895599365234
PensionSvc,imp,NAD,12.844608306884766
PensionSvc,imp,SumUt,11.55370044708252
PensionSvc,imp,SumBar,10.206832885742188
PensionSvc,imp,RiauProv,10.283659934997559
PensionSvc,imp,KepRi,10.665107727050781
PensionSvc,imp,Jambi,9.616233825683594
PensionSvc,imp,SumSel,9.048975944519043
PensionSvc,imp,BaBel,8.800602912902832
PensionSvc,imp,Bengkulu,9.571221351623535
PensionSvc,imp,Lampung,8.928945541381836
PensionSvc,imp,DKI,8.23730182647705
PensionSvc,imp,JaBar,8.156813621520996
PensionSvc,imp,Banten,8.372121810913086
PensionSvc,imp,JaTeng,7.872461795806885
PensionSvc,imp,DIY,7.918159008026123
PensionSvc,imp,JaTim,7.842899799346924
PensionSvc,imp,KalBar,7.876184940338135
PensionSvc,imp,KalTeng,7.647246360778809
PensionSvc,imp,KalSel,7.606939792633057
PensionSvc,imp,KalTim,8.028119087219238
PensionSvc,imp,KalUt,8.627639770507812
PensionSvc,imp,SulUt,10.14597225189209
PensionSvc,imp,Gorontalo,9.719557762145996
PensionSvc,imp,SulTeng,9.23178768157959
PensionSvc,imp,SulaSel,8.796514511108398
PensionSvc,imp,SulBar,8.595081329345703
PensionSvc,imp,SulTra,9.312198638916016
PensionSvc,imp,Bali,8.316405296325684
PensionSvc,imp,NTB,8.988265037536621
PensionSvc,imp,NTT,10.128576278686523
PensionSvc,imp,Maluku,14.718734741210938
PensionSvc,imp,MalUt,13.021674156188965
PensionSvc,imp,PapuaBar,16.968460083007812
PensionSvc,imp,PapuaProv,22.350976943969727
OthFinancSvc,dom,NAD,7.013086318969727
OthFinancSvc,dom,SumUt,4.968785285949707
OthFinancSvc,dom,SumBar,4.145528793334961
OthFinancSvc,dom,RiauProv,4.446346759796143
OthFinancSvc,dom,KepRi,4.783753395080566
OthFinancSvc,dom,Jambi,3.820369243621826
OthFinancSvc,dom,SumSel,2.918055772781372
OthFinancSvc,dom,BaBel,3.8653509616851807
OthFinancSvc,dom,Bengkulu,3.4943065643310547
OthFinancSvc,dom,Lampung,2.066358804702759
OthFinancSvc,dom,DKI,0.1759638488292694
OthFinancSvc,dom,JaBar,0.4525711238384247
OthFinancSvc,dom,Banten,0.33667057752609253
OthFinancSvc,dom,JaTeng,1.4481784105300903
OthFinancSvc,dom,DIY,1.6285358667373657
OthFinancSvc,dom,JaTim,1.98516047000885
OthFinancSvc,dom,KalBar,3.276681423187256
OthFinancSvc,dom,KalTeng,6.7044172286987305
OthFinancSvc,dom,KalSel,6.94028377532959
OthFinancSvc,dom,KalTim,8.342287063598633
OthFinancSvc,dom,KalUt,8.783955574035645
OthFinancSvc,dom,SulUt,11.31554889678955
OthFinancSvc,dom,Gorontalo,11.53157901763916
OthFinancSvc,dom,SulTeng,9.604043960571289
OthFinancSvc,dom,SulaSel,7.0255537033081055
OthFinancSvc,dom,SulBar,8.075562477111816
OthFinancSvc,dom,SulTra,2.9918861389160156
OthFinancSvc,dom,Bali,3.0680770874023438
OthFinancSvc,dom,NTB,6.906793117523193
OthFinancSvc,dom,NTT,9.803531646728516
OthFinancSvc,dom,Maluku,18.303852081298828
OthFinancSvc,dom,MalUt,16.27117156982422
OthFinancSvc,dom,PapuaBar,20.42667007446289
OthFinancSvc,dom,PapuaProv,26.622560501098633
OthFinancSvc,imp,NAD,0.725841760635376
OthFinancSvc,imp,SumUt,0.7267886400222778
OthFinancSvc,imp,SumBar,0.5216602683067322
OthFinancSvc,imp,RiauProv,0.5050045847892761
OthFinancSvc,imp,KepRi,2.321357011795044
OthFinancSvc,imp,Jambi,0.5105651617050171
OthFinancSvc,imp,SumSel,0.4719322621822357
OthFinancSvc,imp,BaBel,0.9890449047088623
OthFinancSvc,imp,Bengkulu,0.5843402147293091
OthFinancSvc,imp,Lampung,0.5025855302810669
OthFinancSvc,imp,DKI,0.23183012008666992
OthFinancSvc,imp,JaBar,0.2829277217388153
OthFinancSvc,imp,Banten,0.2614932656288147
OthFinancSvc,imp,JaTeng,0.2605466842651367
OthFinancSvc,imp,DIY,0.26671111583709717
OthFinancSvc,imp,JaTim,0.4332289695739746
OthFinancSvc,imp,KalBar,0.6884386539459229
OthFinancSvc,imp,KalTeng,0.6415899991989136
OthFinancSvc,imp,KalSel,0.6770127415657043
OthFinancSvc,imp,KalTim,0.6882737278938293
OthFinancSvc,imp,KalUt,0.767001211643219
OthFinancSvc,imp,SulUt,0.5505260825157166
OthFinancSvc,imp,Gorontalo,0.5521572232246399
OthFinancSvc,imp,SulTeng,0.4982045888900757
OthFinancSvc,imp,SulaSel,0.46720564365386963
OthFinancSvc,imp,SulBar,0.5177616477012634
OthFinancSvc,imp,SulTra,0.5374178886413574
OthFinancSvc,imp,Bali,1.0558834075927734
OthFinancSvc,imp,NTB,1.0511521100997925
OthFinancSvc,imp,NTT,1.5561162233352661
OthFinancSvc,imp,Maluku,1.82847261428833
OthFinancSvc,imp,MalUt,1.864531397819519
OthFinancSvc,imp,PapuaBar,1.8390202522277832
OthFinancSvc,imp,PapuaProv,3.1289968490600586
RealEstatSvc,dom,NAD,0.6907822489738464
RealEstatSvc,dom,SumUt,0.6908054351806641
RealEstatSvc,dom,SumBar,0.37135252356529236
RealEstatSvc,dom,RiauProv,0.37136268615722656
RealEstatSvc,dom,KepRi,2.3048012256622314
RealEstatSvc,dom,Jambi,0.41000229120254517
RealEstatSvc,dom,SumSel,0.4294910430908203
RealEstatSvc,dom,BaBel,0.9566513895988464
RealEstatSvc,dom,Bengkulu,0.4294748604297638
RealEstatSvc,dom,Lampung,0.44166702032089233
RealEstatSvc,dom,DKI,0.17591941356658936
RealEstatSvc,dom,JaBar,0.242725670337677
RealEstatSvc,dom,Banten,0.17591653764247894
RealEstatSvc,dom,JaTeng,0.15839533507823944
RealEstatSvc,dom,DIY,0.1583859771490097
RealEstatSvc,dom,JaTim,0.39179250597953796
RealEstatSvc,dom,KalBar,0.6357079148292542
RealEstatSvc,dom,KalTeng,0.5553727149963379
RealEstatSvc,dom,KalSel,0.5553897619247437
RealEstatSvc,dom,KalTim,0.5650037527084351
RealEstatSvc,dom,KalUt,0.5649588704109192
RealEstatSvc,dom,SulUt,0.40599608421325684
RealEstatSvc,dom,Gorontalo,0.4059579074382782
RealEstatSvc,dom,SulTeng,0.4262905716896057
RealEstatSvc,dom,SulaSel,0.2176608294248581
RealEstatSvc,dom,SulBar,0.21765170991420746
RealEstatSvc,dom,SulTra,0.47958531975746155
RealEstatSvc,dom,Bali,1.0321743488311768
RealEstatSvc,dom,NTB,1.0321866273880005
RealEstatSvc,dom,NTT,1.5379101037979126
RealEstatSvc,dom,Maluku,1.7697091102600098
RealEstatSvc,dom,MalUt,1.8139183521270752
RealEstatSvc,dom,PapuaBar,1.769666075706482
RealEstatSvc,dom,PapuaProv,3.0906670093536377
RealEstatSvc,imp,NAD,0.6919656991958618
RealEstatSvc,imp,SumUt,0.6976022124290466
RealEstatSvc,imp,SumBar,0.4557405710220337
RealEstatSvc,imp,RiauProv,0.4803829491138458
RealEstatSvc,imp,KepRi,2.304563283920288
RealEstatSvc,imp,Jambi,0.4382516145706177
RealEstatSvc,imp,SumSel,0.4341276288032532
RealEstatSvc,imp,BaBel,0.9575836062431335
RealEstatSvc,imp,Bengkulu,0.4416574239730835
RealEstatSvc,imp,Lampung,0.4447205662727356
RealEstatSvc,imp,DKI,0.18289607763290405
RealEstatSvc,imp,JaBar,0.24459338188171387
RealEstatSvc,imp,Banten,0.18548445403575897
RealEstatSvc,imp,JaTeng,0.21442726254463196
RealEstatSvc,imp,DIY,0.22369946539402008
RealEstatSvc,imp,JaTim,0.3968578279018402
RealEstatSvc,imp,KalBar,0.6495237946510315
RealEstatSvc,imp,KalTeng,0.595646321773529
RealEstatSvc,imp,KalSel,0.620259165763855
RealEstatSvc,imp,KalTim,0.7242082953453064
RealEstatSvc,imp,KalUt,0.644296407699585
RealEstatSvc,imp,SulUt,0.4517814517021179
RealEstatSvc,imp,Gorontalo,0.42886286973953247
RealEstatSvc,imp,SulTeng,0.4520799219608307
RealEstatSvc,imp,SulaSel,0.4288221299648285
RealEstatSvc,imp,SulBar,0.42579615116119385
RealEstatSvc,imp,SulTra,0.4984593689441681
RealEstatSvc,imp,Bali,1.0326138734817505
RealEstatSvc,imp,NTB,1.0328094959259033
RealEstatSvc,imp,NTT,1.539124608039856
RealEstatSvc,imp,Maluku,1.7714298963546753
RealEstatSvc,imp,MalUt,1.81620192527771
RealEstatSvc,imp,PapuaBar,1.776042103767395
RealEstatSvc,imp,PapuaProv,3.1004490852355957
ProfSciTech,dom,NAD,0.7583195567131042
ProfSciTech,dom,SumUt,0.740949273109436
ProfSciTech,dom,SumBar,0.37466856837272644
ProfSciTech,dom,RiauProv,0.37933632731437683
ProfSciTech,dom,KepRi,2.4221737384796143
ProfSciTech,dom,Jambi,0.41868487000465393
ProfSciTech,dom,SumSel,0.4487590789794922
ProfSciTech,dom,BaBel,1.1060885190963745
ProfSciTech,dom,Bengkulu,0.43785789608955383
ProfSciTech,dom,Lampung,0.47023868560791016
ProfSciTech,dom,DKI,0.17626284062862396
ProfSciTech,dom,JaBar,0.24639682471752167
ProfSciTech,dom,Banten,0.1760757714509964
ProfSciTech,dom,JaTeng,0.15975195169448853
ProfSciTech,dom,DIY,0.1585759073495865
ProfSciTech,dom,JaTim,0.4445575177669525
ProfSciTech,dom,KalBar,0.6356952786445618
ProfSciTech,dom,KalTeng,0.5553702712059021
ProfSciTech,dom,KalSel,0.555382490158081
ProfSciTech,dom,KalTim,0.5649659633636475
ProfSciTech,dom,KalUt,0.5649558901786804
ProfSciTech,dom,SulUt,0.49569210410118103
ProfSciTech,dom,Gorontalo,0.46433937549591064
ProfSciTech,dom,SulTeng,0.4925846755504608
ProfSciTech,dom,SulaSel,0.23673488199710846
ProfSciTech,dom,SulBar,0.21955151855945587
ProfSciTech,dom,SulTra,0.574881374835968
ProfSciTech,dom,Bali,1.1865766048431396
ProfSciTech,dom,NTB,1.2113776206970215
ProfSciTech,dom,NTT,1.7563778162002563
ProfSciTech,dom,Maluku,1.8560525178909302
ProfSciTech,dom,MalUt,1.8905665874481201
ProfSciTech,dom,PapuaBar,1.789181113243103
ProfSciTech,dom,PapuaProv,3.1223084926605225
ProfSciTech,imp,NAD,0.6924524307250977
ProfSciTech,imp,SumUt,0.69841068983078
ProfSciTech,imp,SumBar,0.4553174674510956
ProfSciTech,imp,RiauProv,0.46211597323417664
ProfSciTech,imp,KepRi,2.3045177459716797
ProfSciTech,imp,Jambi,0.4388038218021393
ProfSciTech,imp,SumSel,0.43309861421585083
ProfSciTech,imp,BaBel,0.957724928855896
ProfSciTech,imp,Bengkulu,0.4396788775920868
ProfSciTech,imp,Lampung,0.4440590739250183
ProfSciTech,imp,DKI,0.18401017785072327
ProfSciTech,imp,JaBar,0.24430984258651733
ProfSciTech,imp,Banten,0.18706415593624115
ProfSciTech,imp,JaTeng,0.2147853970527649
ProfSciTech,imp,DIY,0.2208653837442398
ProfSciTech,imp,JaTim,0.39623746275901794
ProfSciTech,imp,KalBar,0.6508291363716125
ProfSciTech,imp,KalTeng,0.6007643938064575
ProfSciTech,imp,KalSel,0.6287028193473816
ProfSciTech,imp,KalTim,0.7246868014335632
ProfSciTech,imp,KalUt,0.6397030353546143
ProfSciTech,imp,SulUt,0.4614980220794678
ProfSciTech,imp,Gorontalo,0.4300062358379364
ProfSciTech,imp,SulTeng,0.45173391699790955
ProfSciTech,imp,SulaSel,0.4303662180900574
ProfSciTech,imp,SulBar,0.4293942153453827
ProfSciTech,imp,SulTra,0.49711480736732483
ProfSciTech,imp,Bali,1.0325193405151367
ProfSciTech,imp,NTB,1.032698154449463
ProfSciTech,imp,NTT,1.5392836332321167
ProfSciTech,imp,Maluku,1.7712032794952393
ProfSciTech,imp,MalUt,1.8163223266601562
ProfSciTech,imp,PapuaBar,1.775681972503662
ProfSciTech,imp,PapuaProv,3.1061348915100098
RentalSvc,dom,NAD,0.7351860404014587
RentalSvc,dom,SumUt,0.706135094165802
RentalSvc,dom,SumBar,0.37813106179237366
RentalSvc,dom,RiauProv,0.3795531392097473
RentalSvc,dom,KepRi,2.4230151176452637
RentalSvc,dom,Jambi,0.4272228479385376
RentalSvc,dom,SumSel,0.44389230012893677
RentalSvc,dom,BaBel,1.0355607271194458
RentalSvc,dom,Bengkulu,0.44542816281318665
RentalSvc,dom,Lampung,0.46176865696907043
RentalSvc,dom,DKI,0.17596715688705444
RentalSvc,dom,JaBar,0.2454562485218048
RentalSvc,dom,Banten,0.1773352175951004
RentalSvc,dom,JaTeng,0.1596681922674179
RentalSvc,dom,DIY,0.16154278814792633
RentalSvc,dom,JaTim,0.4000939726829529
RentalSvc,dom,KalBar,0.6386405229568481
RentalSvc,dom,KalTeng,0.556368350982666
RentalSvc,dom,KalSel,0.5564833283424377
RentalSvc,dom,KalTim,0.5660979151725769
RentalSvc,dom,KalUt,0.5659167170524597
RentalSvc,dom,SulUt,0.42032867670059204
RentalSvc,dom,Gorontalo,0.4207192659378052
RentalSvc,dom,SulTeng,0.4373447895050049
RentalSvc,dom,SulaSel,0.21815794706344604
RentalSvc,dom,SulBar,0.22002500295639038
RentalSvc,dom,SulTra,0.49612727761268616
RentalSvc,dom,Bali,1.1093101501464844
RentalSvc,dom,NTB,1.1360102891921997
RentalSvc,dom,NTT,1.6958773136138916
RentalSvc,dom,Maluku,1.7952483892440796
RentalSvc,dom,MalUt,1.841172695159912
RentalSvc,dom,PapuaBar,1.7761214971542358
RentalSvc,dom,PapuaProv,3.095658540725708
RentalSvc,imp,NAD,0.6916751861572266
RentalSvc,imp,SumUt,0.6965590715408325
RentalSvc,imp,SumBar,0.4501139521598816
RentalSvc,imp,RiauProv,0.46919018030166626
RentalSvc,imp,KepRi,2.304619789123535
RentalSvc,imp,Jambi,0.43316763639450073
RentalSvc,imp,SumSel,0.4334357678890228
RentalSvc,imp,BaBel,0.9574309587478638
RentalSvc,imp,Bengkulu,0.4398321807384491
RentalSvc,imp,Lampung,0.443707674741745
RentalSvc,imp,DKI,0.1828974336385727
RentalSvc,imp,JaBar,0.24409276247024536
RentalSvc,imp,Banten,0.18463703989982605
RentalSvc,imp,JaTeng,0.20957410335540771
RentalSvc,imp,DIY,0.21423707902431488
RentalSvc,imp,JaTim,0.3958262801170349
RentalSvc,imp,KalBar,0.6432862877845764
RentalSvc,imp,KalTeng,0.58250492811203
RentalSvc,imp,KalSel,0.5904811024665833
RentalSvc,imp,KalTim,0.7228119373321533
RentalSvc,imp,KalUt,0.6538229584693909
RentalSvc,imp,SulUt,0.4549453556537628
RentalSvc,imp,Gorontalo,0.4259445071220398
RentalSvc,imp,SulTeng,0.4492163360118866
RentalSvc,imp,SulaSel,0.43156513571739197
RentalSvc,imp,SulBar,0.41245269775390625
RentalSvc,imp,SulTra,0.4958810806274414
RentalSvc,imp,Bali,1.0325385332107544
RentalSvc,imp,NTB,1.032800316810608
RentalSvc,imp,NTT,1.5392807722091675
RentalSvc,imp,Maluku,1.7720751762390137
RentalSvc,imp,MalUt,1.8161143064498901
RentalSvc,imp,PapuaBar,1.778320550918579
RentalSvc,imp,PapuaProv,3.1029610633850098
GenGovernmet,dom,NAD,0.9062176942825317
GenGovernmet,dom,SumUt,0.8412129282951355
GenGovernmet,dom,SumBar,0.47830405831336975
GenGovernmet,dom,RiauProv,0.4633238613605499
GenGovernmet,dom,KepRi,2.7860467433929443
GenGovernmet,dom,Jambi,0.5478847622871399
GenGovernmet,dom,SumSel,0.5109397172927856
GenGovernmet,dom,BaBel,1.1910240650177002
GenGovernmet,dom,Bengkulu,0.5765548944473267
GenGovernmet,dom,Lampung,0.5208521485328674
GenGovernmet,dom,DKI,0.18685679137706757
GenGovernmet,dom,JaBar,0.2601996064186096
GenGovernmet,dom,Banten,0.22137042880058289
GenGovernmet,dom,JaTeng,0.1904434859752655
GenGovernmet,dom,DIY,0.25941500067710876
GenGovernmet,dom,JaTim,0.4514019787311554
GenGovernmet,dom,KalBar,0.7775918841362
GenGovernmet,dom,KalTeng,0.7433303594589233
GenGovernmet,dom,KalSel,0.6994643211364746
GenGovernmet,dom,KalTim,0.7121511697769165
GenGovernmet,dom,KalUt,0.8029685616493225
GenGovernmet,dom,SulUt,0.5432377457618713
GenGovernmet,dom,Gorontalo,0.6085934042930603
GenGovernmet,dom,SulTeng,0.5516852140426636
GenGovernmet,dom,SulaSel,0.29081404209136963
GenGovernmet,dom,SulBar,0.40784960985183716
GenGovernmet,dom,SulTra,0.6028254628181458
GenGovernmet,dom,Bali,1.3452436923980713
GenGovernmet,dom,NTB,1.339133858680725
GenGovernmet,dom,NTT,1.8009564876556396
GenGovernmet,dom,Maluku,1.7769619226455688
GenGovernmet,dom,MalUt,1.8217467069625854
GenGovernmet,dom,PapuaBar,1.772577166557312
GenGovernmet,dom,PapuaProv,3.0914416313171387
GenGovernmet,imp,NAD,0.6919357776641846
GenGovernmet,imp,SumUt,0.6975812911987305
GenGovernmet,imp,SumBar,0.4408896863460541
GenGovernmet,imp,RiauProv,0.43984270095825195
GenGovernmet,imp,KepRi,2.3044629096984863
GenGovernmet,imp,Jambi,0.4332190454006195
GenGovernmet,imp,SumSel,0.43349745869636536
GenGovernmet,imp,BaBel,0.9574518799781799
GenGovernmet,imp,Bengkulu,0.4371074140071869
GenGovernmet,imp,Lampung,0.44430994987487793
GenGovernmet,imp,DKI,0.18571491539478302
GenGovernmet,imp,JaBar,0.24425750970840454
GenGovernmet,imp,Banten,0.18976201117038727
GenGovernmet,imp,JaTeng,0.20663680136203766
GenGovernmet,imp,DIY,0.2213335633277893
GenGovernmet,imp,JaTim,0.396065354347229
GenGovernmet,imp,KalBar,0.6722676753997803
GenGovernmet,imp,KalTeng,0.6126703023910522
GenGovernmet,imp,KalSel,0.6659232974052429
GenGovernmet,imp,KalTim,0.6644232273101807
GenGovernmet,imp,KalUt,0.5942411422729492
GenGovernmet,imp,SulUt,0.48585760593414307
GenGovernmet,imp,Gorontalo,0.4449402987957001
GenGovernmet,imp,SulTeng,0.47896260023117065
GenGovernmet,imp,SulaSel,0.4416113495826721
GenGovernmet,imp,SulBar,0.5070890784263611
GenGovernmet,imp,SulTra,0.5183058381080627
GenGovernmet,imp,Bali,1.032771348953247
GenGovernmet,imp,NTB,1.0336341857910156
GenGovernmet,imp,NTT,1.5383020639419556
GenGovernmet,imp,Maluku,1.7788587808609009
GenGovernmet,imp,MalUt,1.8165500164031982
GenGovernmet,imp,PapuaBar,1.789094090461731
GenGovernmet,imp,PapuaProv,3.1041126251220703
GovEducation,dom,NAD,0.6907773613929749
GovEducation,dom,SumUt,0.6907894015312195
GovEducation,dom,SumBar,0.37136146426200867
GovEducation,dom,RiauProv,0.3713698387145996
GovEducation,dom,KepRi,2.3045716285705566
GovEducation,dom,Jambi,0.4099835455417633
GovEducation,dom,SumSel,0.42948204278945923
GovEducation,dom,BaBel,0.9566477537155151
GovEducation,dom,Bengkulu,0.4294672906398773
GovEducation,dom,Lampung,0.44166600704193115
GovEducation,dom,DKI,0.17592443525791168
GovEducation,dom,JaBar,0.242714986205101
GovEducation,dom,Banten,0.17591673135757446
GovEducation,dom,JaTeng,0.15839634835720062
GovEducation,dom,DIY,0.15838629007339478
GovEducation,dom,JaTim,0.39180317521095276
GovEducation,dom,KalBar,0.6357131600379944
GovEducation,dom,KalTeng,0.5553727746009827
GovEducation,dom,KalSel,0.555391252040863
GovEducation,dom,KalTim,0.564985990524292
GovEducation,dom,KalUt,0.5649623274803162
GovEducation,dom,SulUt,0.40600067377090454
GovEducation,dom,Gorontalo,0.40596216917037964
GovEducation,dom,SulTeng,0.4262916147708893
GovEducation,dom,SulaSel,0.21766161918640137
GovEducation,dom,SulBar,0.2176521122455597
GovEducation,dom,SulTra,0.47959187626838684
GovEducation,dom,Bali,1.0322270393371582
GovEducation,dom,NTB,1.0320806503295898
GovEducation,dom,NTT,1.5377798080444336
GovEducation,dom,Maluku,1.7696400880813599
GovEducation,dom,MalUt,1.8138365745544434
GovEducation,dom,PapuaBar,1.7695900201797485
GovEducation,dom,PapuaProv,3.0905168056488037
GovEducation,imp,NAD,0.6919524073600769
GovEducation,imp,SumUt,0.697516918182373
GovEducation,imp,SumBar,0.44034698605537415
GovEducation,imp,RiauProv,0.43917080760002136
GovEducation,imp,KepRi,2.304457902908325
GovEducation,imp,Jambi,0.4330524504184723
GovEducation,imp,SumSel,0.4334760010242462
GovEducation,imp,BaBel,0.9574398994445801
GovEducation,imp,Bengkulu,0.4370149075984955
GovEducation,imp,Lampung,0.4443132281303406
GovEducation,imp,DKI,0.18586046993732452
GovEducation,imp,JaBar,0.2442602515220642
GovEducation,imp,Banten,0.19016343355178833
GovEducation,imp,JaTeng,0.20651032030582428
GovEducation,imp,DIY,0.2206268012523651
GovEducation,imp,JaTim,0.3959943950176239
GovEducation,imp,KalBar,0.672120213508606
GovEducation,imp,KalTeng,0.6120532751083374
GovEducation,imp,KalSel,0.6649429202079773
GovEducation,imp,KalTim,0.6602330803871155
GovEducation,imp,KalUt,0.5928188562393188
GovEducation,imp,SulUt,0.4826255142688751
GovEducation,imp,Gorontalo,0.44460025429725647
GovEducation,imp,SulTeng,0.4791618287563324
GovEducation,imp,SulaSel,0.44083163142204285
GovEducation,imp,SulBar,0.5069857835769653
GovEducation,imp,SulTra,0.5185479521751404
GovEducation,imp,Bali,1.0327996015548706
GovEducation,imp,NTB,1.0336556434631348
GovEducation,imp,NTT,1.5382928848266602
GovEducation,imp,Maluku,1.7790812253952026
GovEducation,imp,MalUt,1.8164855241775513
GovEducation,imp,PapuaBar,1.789355754852295
GovEducation,imp,PapuaProv,3.104017972946167
GovHealth,dom,NAD,0.6907517910003662
GovHealth,dom,SumUt,0.6907610893249512
GovHealth,dom,SumBar,0.3713533878326416
GovHealth,dom,RiauProv,0.37135928869247437
GovHealth,dom,KepRi,2.304786443710327
GovHealth,dom,Jambi,0.41000038385391235
GovHealth,dom,SumSel,0.429501473903656
GovHealth,dom,BaBel,0.9566675424575806
GovHealth,dom,Bengkulu,0.4294779300689697
GovHealth,dom,Lampung,0.4416772127151489
GovHealth,dom,DKI,0.17592644691467285
GovHealth,dom,JaBar,0.24271947145462036
GovHealth,dom,Banten,0.17591704428195953
GovHealth,dom,JaTeng,0.15840032696723938
GovHealth,dom,DIY,0.15838652849197388
GovHealth,dom,JaTim,0.3918301463127136
GovHealth,dom,KalBar,0.6357041001319885
GovHealth,dom,KalTeng,0.5553712248802185
GovHealth,dom,KalSel,0.555385410785675
GovHealth,dom,KalTim,0.5649818181991577
GovHealth,dom,KalUt,0.5649574398994446
GovHealth,dom,SulUt,0.40599435567855835
GovHealth,dom,Gorontalo,0.4059610962867737
GovHealth,dom,SulTeng,0.4262911379337311
GovHealth,dom,SulaSel,0.21766166388988495
GovHealth,dom,SulBar,0.21765214204788208
GovHealth,dom,SulTra,0.47959110140800476
GovHealth,dom,Bali,1.0320936441421509
GovHealth,dom,NTB,1.0321263074874878
GovHealth,dom,NTT,1.5378170013427734
GovHealth,dom,Maluku,1.76963210105896
GovHealth,dom,MalUt,1.8138360977172852
GovHealth,dom,PapuaBar,1.7695934772491455
GovHealth,dom,PapuaProv,3.090515375137329
GovHealth,imp,NAD,0.6919087171554565
GovHealth,imp,SumUt,0.6977065801620483
GovHealth,imp,SumBar,0.443288117647171
GovHealth,imp,RiauProv,0.44408607482910156
GovHealth,imp,KepRi,2.3044686317443848
GovHealth,imp,Jambi,0.43340444564819336
GovHealth,imp,SumSel,0.4337090253829956
GovHealth,imp,BaBel,0.957494854927063
GovHealth,imp,Bengkulu,0.43752220273017883
GovHealth,imp,Lampung,0.44443807005882263
GovHealth,imp,DKI,0.18580858409404755
GovHealth,imp,JaBar,0.24431714415550232
GovHealth,imp,Banten,0.18982335925102234
GovHealth,imp,JaTeng,0.20748507976531982
GovHealth,imp,DIY,0.2223231941461563
GovHealth,imp,JaTim,0.39619094133377075
GovHealth,imp,KalBar,0.6723642349243164
GovHealth,imp,KalTeng,0.612421989440918
GovHealth,imp,KalSel,0.666029155254364
GovHealth,imp,KalTim,0.6688794493675232
GovHealth,imp,KalUt,0.5968397855758667
GovHealth,imp,SulUt,0.4808018207550049
GovHealth,imp,Gorontalo,0.4441126883029938
GovHealth,imp,SulTeng,0.4787452816963196
GovHealth,imp,SulaSel,0.4404769241809845
GovHealth,imp,SulBar,0.5074191689491272
GovHealth,imp,SulTra,0.518332839012146
GovHealth,imp,Bali,1.032809853553772
GovHealth,imp,NTB,1.0336109399795532
GovHealth,imp,NTT,1.53829026222229
GovHealth,imp,Maluku,1.7783664464950562
GovHealth,imp,MalUt,1.8164749145507812
GovHealth,imp,PapuaBar,1.7883421182632446
GovHealth,imp,PapuaProv,3.103907585144043
OthGovSvc,dom,NAD,0.6924617886543274
OthGovSvc,dom,SumUt,0.6924729347229004
OthGovSvc,dom,SumBar,0.371937096118927
OthGovSvc,dom,RiauProv,0.37243443727493286
OthGovSvc,dom,KepRi,2.3218908309936523
OthGovSvc,dom,Jambi,0.41061457991600037
OthGovSvc,dom,SumSel,0.431014746427536
OthGovSvc,dom,BaBel,0.9685176610946655
OthGovSvc,dom,Bengkulu,0.4304777979850769
OthGovSvc,dom,Lampung,0.4454560875892639
OthGovSvc,dom,DKI,0.17613817751407623
OthGovSvc,dom,JaBar,0.24332958459854126
OthGovSvc,dom,Banten,0.1761929988861084
OthGovSvc,dom,JaTeng,0.15892693400382996
OthGovSvc,dom,DIY,0.15901009738445282
OthGovSvc,dom,JaTim,0.40272852778434753
OthGovSvc,dom,KalBar,0.6395667791366577
OthGovSvc,dom,KalTeng,0.5575439929962158
OthGovSvc,dom,KalSel,0.5618189573287964
OthGovSvc,dom,KalTim,0.5684055685997009
OthGovSvc,dom,KalUt,0.5669094324111938
OthGovSvc,dom,SulUt,0.40824511647224426
OthGovSvc,dom,Gorontalo,0.4068935811519623
OthGovSvc,dom,SulTeng,0.427276074886322
OthGovSvc,dom,SulaSel,0.2180139273405075
OthGovSvc,dom,SulBar,0.21820728480815887
OthGovSvc,dom,SulTra,0.48229068517684937
OthGovSvc,dom,Bali,5.021391868591309
OthGovSvc,dom,NTB,1.3162988424301147
OthGovSvc,dom,NTT,1.6019724607467651
OthGovSvc,dom,Maluku,1.7750645875930786
OthGovSvc,dom,MalUt,1.8198800086975098
OthGovSvc,dom,PapuaBar,1.7728863954544067
OthGovSvc,dom,PapuaProv,3.0947017669677734
OthGovSvc,imp,NAD,8.554311752319336
OthGovSvc,imp,SumUt,7.1422624588012695
OthGovSvc,imp,SumBar,5.307016372680664
OthGovSvc,imp,RiauProv,5.670680522918701
OthGovSvc,imp,KepRi,10.080666542053223
OthGovSvc,imp,Jambi,4.516263961791992
OthGovSvc,imp,SumSel,3.4627177715301514
OthGovSvc,imp,BaBel,4.357487678527832
OthGovSvc,imp,Bengkulu,4.039566516876221
OthGovSvc,imp,Lampung,2.445704936981201
OthGovSvc,imp,DKI,0.18841271102428436
OthGovSvc,imp,JaBar,0.5560141205787659
OthGovSvc,imp,Banten,0.3677290380001068
OthGovSvc,imp,JaTeng,0.15872164070606232
OthGovSvc,imp,DIY,0.3213197588920593
OthGovSvc,imp,JaTim,0.974293053150177
OthGovSvc,imp,KalBar,6.825769424438477
OthGovSvc,imp,KalTeng,6.39367151260376
OthGovSvc,imp,KalSel,6.639605522155762
OthGovSvc,imp,KalTim,8.132044792175293
OthGovSvc,imp,KalUt,8.8429536819458
OthGovSvc,imp,SulUt,12.382539749145508
OthGovSvc,imp,Gorontalo,11.757742881774902
OthGovSvc,imp,SulTeng,10.942573547363281
OthGovSvc,imp,SulaSel,10.14023208618164
OthGovSvc,imp,SulBar,9.698396682739258
OthGovSvc,imp,SulTra,11.034934043884277
OthGovSvc,imp,Bali,4.0302534103393555
OthGovSvc,imp,NTB,6.180850505828857
OthGovSvc,imp,NTT,9.258795738220215
OthGovSvc,imp,Maluku,18.24018669128418
OthGovSvc,imp,MalUt,16.03944969177246
OthGovSvc,imp,PapuaBar,20.817155838012695
OthGovSvc,imp,PapuaProv,26.37519645690918
PrvEducation,dom,NAD,0.6916226744651794
PrvEducation,dom,SumUt,0.691458523273468
PrvEducation,dom,SumBar,0.3731342852115631
PrvEducation,dom,RiauProv,0.3738110661506653
PrvEducation,dom,KepRi,2.322416305541992
PrvEducation,dom,Jambi,0.41253364086151123
PrvEducation,dom,SumSel,0.43205726146698
PrvEducation,dom,BaBel,0.9584323763847351
PrvEducation,dom,Bengkulu,0.4319809079170227
PrvEducation,dom,Lampung,0.44578811526298523
PrvEducation,dom,DKI,0.17593914270401
PrvEducation,dom,JaBar,0.24409647285938263
PrvEducation,dom,Banten,0.17691917717456818
PrvEducation,dom,JaTeng,0.15938906371593475
PrvEducation,dom,DIY,0.1607694774866104
PrvEducation,dom,JaTim,0.39340490102767944
PrvEducation,dom,KalBar,0.6378127932548523
PrvEducation,dom,KalTeng,0.5578363537788391
PrvEducation,dom,KalSel,0.5614278316497803
PrvEducation,dom,KalTim,0.5734315514564514
PrvEducation,dom,KalUt,0.5687114596366882
PrvEducation,dom,SulUt,0.408064067363739
PrvEducation,dom,Gorontalo,0.4068862497806549
PrvEducation,dom,SulTeng,0.42699360847473145
PrvEducation,dom,SulaSel,0.21777884662151337
PrvEducation,dom,SulBar,0.21864740550518036
PrvEducation,dom,SulTra,0.48061850666999817
PrvEducation,dom,Bali,1.034794569015503
PrvEducation,dom,NTB,1.0356619358062744
PrvEducation,dom,NTT,1.5478519201278687
PrvEducation,dom,Maluku,1.775814175605774
PrvEducation,dom,MalUt,1.8184655904769897
PrvEducation,dom,PapuaBar,1.7743936777114868
PrvEducation,dom,PapuaProv,3.0954854488372803
PrvEducation,imp,NAD,0.6920287013053894
PrvEducation,imp,SumUt,0.6979149580001831
PrvEducation,imp,SumBar,0.4570326805114746
PrvEducation,imp,RiauProv,0.4876726567745209
PrvEducation,imp,KepRi,2.304553985595703
PrvEducation,imp,Jambi,0.4397673010826111
PrvEducation,imp,SumSel,0.43437686562538147
PrvEducation,imp,BaBel,0.9576553702354431
PrvEducation,imp,Bengkulu,0.4417791962623596
PrvEducation,imp,Lampung,0.4452749490737915
PrvEducation,imp,DKI,0.18320052325725555
PrvEducation,imp,JaBar,0.24495083093643188
PrvEducation,imp,Banten,0.1858581304550171
PrvEducation,imp,JaTeng,0.21593131124973297
PrvEducation,imp,DIY,0.2285415083169937
PrvEducation,imp,JaTim,0.39727893471717834
PrvEducation,imp,KalBar,0.6543479561805725
PrvEducation,imp,KalTeng,0.6054033637046814
PrvEducation,imp,KalSel,0.6272713541984558
PrvEducation,imp,KalTim,0.7191269993782043
PrvEducation,imp,KalUt,0.6347307562828064
PrvEducation,imp,SulUt,0.44606271386146545
PrvEducation,imp,Gorontalo,0.4297983646392822
PrvEducation,imp,SulTeng,0.4543894827365875
PrvEducation,imp,SulaSel,0.42855507135391235
PrvEducation,imp,SulBar,0.4312632381916046
PrvEducation,imp,SulTra,0.5005692839622498
PrvEducation,imp,Bali,1.0326869487762451
PrvEducation,imp,NTB,1.0328266620635986
PrvEducation,imp,NTT,1.5390315055847168
PrvEducation,imp,Maluku,1.7712968587875366
PrvEducation,imp,MalUt,1.8161695003509521
PrvEducation,imp,PapuaBar,1.7750861644744873
PrvEducation,imp,PapuaProv,3.0995047092437744
PrvHealth,dom,NAD,0.6918549537658691
PrvHealth,dom,SumUt,0.6915930509567261
PrvHealth,dom,SumBar,0.37190860509872437
PrvHealth,dom,RiauProv,0.3730342388153076
PrvHealth,dom,KepRi,2.3182733058929443
PrvHealth,dom,Jambi,0.41224581003189087
PrvHealth,dom,SumSel,0.4325338900089264
PrvHealth,dom,BaBel,0.9593147039413452
PrvHealth,dom,Bengkulu,0.43203356862068176
PrvHealth,dom,Lampung,0.4458795189857483
PrvHealth,dom,DKI,0.17595013976097107
PrvHealth,dom,JaBar,0.24429011344909668
PrvHealth,dom,Banten,0.17696179449558258
PrvHealth,dom,JaTeng,0.1596391350030899
PrvHealth,dom,DIY,0.16123859584331512
PrvHealth,dom,JaTim,0.39399826526641846
PrvHealth,dom,KalBar,0.6381277441978455
PrvHealth,dom,KalTeng,0.5584458708763123
PrvHealth,dom,KalSel,0.5583333969116211
PrvHealth,dom,KalTim,0.5690364837646484
PrvHealth,dom,KalUt,0.5683159232139587
PrvHealth,dom,SulUt,0.40807199478149414
PrvHealth,dom,Gorontalo,0.40706902742385864
PrvHealth,dom,SulTeng,0.4271935820579529
PrvHealth,dom,SulaSel,0.21785329282283783
PrvHealth,dom,SulBar,0.2188718020915985
PrvHealth,dom,SulTra,0.4809599220752716
PrvHealth,dom,Bali,1.036975383758545
PrvHealth,dom,NTB,1.037847876548767
PrvHealth,dom,NTT,1.5519448518753052
PrvHealth,dom,Maluku,1.7750500440597534
PrvHealth,dom,MalUt,1.8178070783615112
PrvHealth,dom,PapuaBar,1.7731882333755493
PrvHealth,dom,PapuaProv,3.0933234691619873
PrvHealth,imp,NAD,0.6919831037521362
PrvHealth,imp,SumUt,0.6977061629295349
PrvHealth,imp,SumBar,0.45585790276527405
PrvHealth,imp,RiauProv,0.4887673258781433
PrvHealth,imp,KepRi,2.3045578002929688
PrvHealth,imp,Jambi,0.43876975774765015
PrvHealth,imp,SumSel,0.43416252732276917
PrvHealth,imp,BaBel,0.9576120972633362
PrvHealth,imp,Bengkulu,0.4413481056690216
PrvHealth,imp,Lampung,0.44512543082237244
PrvHealth,imp,DKI,0.18310077488422394
PrvHealth,imp,JaBar,0.24486055970191956
PrvHealth,imp,Banten,0.18574555218219757
PrvHealth,imp,JaTeng,0.21515540778636932
PrvHealth,imp,DIY,0.22744780778884888
PrvHealth,imp,JaTim,0.39722132682800293
PrvHealth,imp,KalBar,0.6535599231719971
PrvHealth,imp,KalTeng,0.6040218472480774
PrvHealth,imp,KalSel,0.6263619661331177
PrvHealth,imp,KalTim,0.7180097103118896
PrvHealth,imp,KalUt,0.6336169838905334
PrvHealth,imp,SulUt,0.4492136538028717
PrvHealth,imp,Gorontalo,0.4292239248752594
PrvHealth,imp,SulTeng,0.4532095491886139
PrvHealth,imp,SulaSel,0.4278711974620819
PrvHealth,imp,SulBar,0.4257259964942932
PrvHealth,imp,SulTra,0.4997051954269409
PrvHealth,imp,Bali,1.032690167427063
PrvHealth,imp,NTB,1.0328096151351929
PrvHealth,imp,NTT,1.5390719175338745
PrvHealth,imp,Maluku,1.77130925655365
PrvHealth,imp,MalUt,1.8161466121673584
PrvHealth,imp,PapuaBar,1.7753305435180664
PrvHealth,imp,PapuaProv,3.1009256839752197
ArtsEntrtain,dom,NAD,0.6983606219291687
ArtsEntrtain,dom,SumUt,0.6942169666290283
ArtsEntrtain,dom,SumBar,0.3720790147781372
ArtsEntrtain,dom,RiauProv,0.3721112310886383
ArtsEntrtain,dom,KepRi,2.3611438274383545
ArtsEntrtain,dom,Jambi,0.41355517506599426
ArtsEntrtain,dom,SumSel,0.4335481524467468
ArtsEntrtain,dom,BaBel,0.9751871228218079
ArtsEntrtain,dom,Bengkulu,0.4348393976688385
ArtsEntrtain,dom,Lampung,0.4476267695426941
ArtsEntrtain,dom,DKI,0.17593787610530853
ArtsEntrtain,dom,JaBar,0.24462981522083282
ArtsEntrtain,dom,Banten,0.1770472228527069
ArtsEntrtain,dom,JaTeng,0.1586655229330063
ArtsEntrtain,dom,DIY,0.15895341336727142
ArtsEntrtain,dom,JaTim,0.39395779371261597
ArtsEntrtain,dom,KalBar,0.639187753200531
ArtsEntrtain,dom,KalTeng,0.5583964586257935
ArtsEntrtain,dom,KalSel,0.5587016344070435
ArtsEntrtain,dom,KalTim,0.5722256898880005
ArtsEntrtain,dom,KalUt,0.5691973567008972
ArtsEntrtain,dom,SulUt,0.407814621925354
ArtsEntrtain,dom,Gorontalo,0.40714091062545776
ArtsEntrtain,dom,SulTeng,0.42879825830459595
ArtsEntrtain,dom,SulaSel,0.21779364347457886
ArtsEntrtain,dom,SulBar,0.21853341162204742
ArtsEntrtain,dom,SulTra,0.4833102822303772
ArtsEntrtain,dom,Bali,1.0514609813690186
ArtsEntrtain,dom,NTB,1.0608975887298584
ArtsEntrtain,dom,NTT,1.58966863155365
ArtsEntrtain,dom,Maluku,1.7777739763259888
ArtsEntrtain,dom,MalUt,1.8206137418746948
ArtsEntrtain,dom,PapuaBar,1.7736605405807495
ArtsEntrtain,dom,PapuaProv,3.094357490539551
ArtsEntrtain,imp,NAD,0.6919718980789185
ArtsEntrtain,imp,SumUt,0.697662353515625
ArtsEntrtain,imp,SumBar,0.45629140734672546
ArtsEntrtain,imp,RiauProv,0.486631840467453
ArtsEntrtain,imp,KepRi,2.3045566082000732
ArtsEntrtain,imp,Jambi,0.43904608488082886
ArtsEntrtain,imp,SumSel,0.4339596927165985
ArtsEntrtain,imp,BaBel,0.957694411277771
ArtsEntrtain,imp,Bengkulu,0.4412343204021454
ArtsEntrtain,imp,Lampung,0.4449983835220337
ArtsEntrtain,imp,DKI,0.18398447334766388
ArtsEntrtain,imp,JaBar,0.24482443928718567
ArtsEntrtain,imp,Banten,0.18675516545772552
ArtsEntrtain,imp,JaTeng,0.2167673110961914
ArtsEntrtain,imp,DIY,0.2291044443845749
ArtsEntrtain,imp,JaTim,0.39746367931365967
ArtsEntrtain,imp,KalBar,0.6541441082954407
ArtsEntrtain,imp,KalTeng,0.6055537462234497
ArtsEntrtain,imp,KalSel,0.630037248134613
ArtsEntrtain,imp,KalTim,0.7162377834320068
ArtsEntrtain,imp,KalUt,0.6385190486907959
ArtsEntrtain,imp,SulUt,0.45036470890045166
ArtsEntrtain,imp,Gorontalo,0.4313286542892456
ArtsEntrtain,imp,SulTeng,0.4549366533756256
ArtsEntrtain,imp,SulaSel,0.4300995171070099
ArtsEntrtain,imp,SulBar,0.43197953701019287
ArtsEntrtain,imp,SulTra,0.5009331703186035
ArtsEntrtain,imp,Bali,1.0326204299926758
ArtsEntrtain,imp,NTB,1.0327988862991333
ArtsEntrtain,imp,NTT,1.538999319076538
ArtsEntrtain,imp,Maluku,1.7713158130645752
ArtsEntrtain,imp,MalUt,1.8162559270858765
ArtsEntrtain,imp,PapuaBar,1.7750778198242188
ArtsEntrtain,imp,PapuaProv,3.0998117923736572
HholdRepairs,dom,NAD,0.6907456517219543
HholdRepairs,dom,SumUt,0.6908390522003174
HholdRepairs,dom,SumBar,0.3713521659374237
HholdRepairs,dom,RiauProv,0.3713996410369873
HholdRepairs,dom,KepRi,2.3071095943450928
HholdRepairs,dom,Jambi,0.409999817609787
HholdRepairs,dom,SumSel,0.4295002520084381
HholdRepairs,dom,BaBel,0.9568518996238708
HholdRepairs,dom,Bengkulu,0.42947468161582947
HholdRepairs,dom,Lampung,0.4416872560977936
HholdRepairs,dom,DKI,0.17592297494411469
HholdRepairs,dom,JaBar,0.24273110926151276
HholdRepairs,dom,Banten,0.17591726779937744
HholdRepairs,dom,JaTeng,0.15839968621730804
HholdRepairs,dom,DIY,0.15838642418384552
HholdRepairs,dom,JaTim,0.3918369710445404
HholdRepairs,dom,KalBar,0.6357006430625916
HholdRepairs,dom,KalTeng,0.5553685426712036
HholdRepairs,dom,KalSel,0.555377721786499
HholdRepairs,dom,KalTim,0.5649885535240173
HholdRepairs,dom,KalUt,0.5649539232254028
HholdRepairs,dom,SulUt,0.4059991240501404
HholdRepairs,dom,Gorontalo,0.40596023201942444
HholdRepairs,dom,SulTeng,0.42629295587539673
HholdRepairs,dom,SulaSel,0.217662513256073
HholdRepairs,dom,SulBar,0.21765293180942535
HholdRepairs,dom,SulTra,0.47958776354789734
HholdRepairs,dom,Bali,1.0326125621795654
HholdRepairs,dom,NTB,1.032436728477478
HholdRepairs,dom,NTT,1.5382614135742188
HholdRepairs,dom,Maluku,1.7697737216949463
HholdRepairs,dom,MalUt,1.8140132427215576
HholdRepairs,dom,PapuaBar,1.7696925401687622
HholdRepairs,dom,PapuaProv,3.0906715393066406
HholdRepairs,imp,NAD,0.6915116310119629
HholdRepairs,imp,SumUt,0.6958364844322205
HholdRepairs,imp,SumBar,0.4469973146915436
HholdRepairs,imp,RiauProv,0.4891825318336487
HholdRepairs,imp,KepRi,2.304656982421875
HholdRepairs,imp,Jambi,0.4306638538837433
HholdRepairs,imp,SumSel,0.43359774351119995
HholdRepairs,imp,BaBel,0.957298755645752
HholdRepairs,imp,Bengkulu,0.43998289108276367
HholdRepairs,imp,Lampung,0.44368821382522583
HholdRepairs,imp,DKI,0.1827458143234253
HholdRepairs,imp,JaBar,0.2440691590309143
HholdRepairs,imp,Banten,0.18392254412174225
HholdRepairs,imp,JaTeng,0.21034041047096252
HholdRepairs,imp,DIY,0.21011920273303986
HholdRepairs,imp,JaTim,0.39540761709213257
HholdRepairs,imp,KalBar,0.643044650554657
HholdRepairs,imp,KalTeng,0.5778567790985107
HholdRepairs,imp,KalSel,0.5835191607475281
HholdRepairs,imp,KalTim,0.7142071723937988
HholdRepairs,imp,KalUt,0.6514236330986023
HholdRepairs,imp,SulUt,0.429919570684433
HholdRepairs,imp,Gorontalo,0.42014607787132263
HholdRepairs,imp,SulTeng,0.4458220899105072
HholdRepairs,imp,SulaSel,0.4193628132343292
HholdRepairs,imp,SulBar,0.39500054717063904
HholdRepairs,imp,SulTra,0.49428921937942505
HholdRepairs,imp,Bali,1.0325922966003418
HholdRepairs,imp,NTB,1.0327898263931274
HholdRepairs,imp,NTT,1.5391623973846436
HholdRepairs,imp,Maluku,1.7725154161453247
HholdRepairs,imp,MalUt,1.8158791065216064
HholdRepairs,imp,PapuaBar,1.7804529666900635
HholdRepairs,imp,PapuaProv,3.0988588333129883
OthSvc,dom,NAD,0.6941791772842407
OthSvc,dom,SumUt,0.6915929317474365
OthSvc,dom,SumBar,0.37388524413108826
OthSvc,dom,RiauProv,0.3741895258426666
OthSvc,dom,KepRi,2.314408540725708
OthSvc,dom,Jambi,0.41356900334358215
OthSvc,dom,SumSel,0.4327472448348999
OthSvc,dom,BaBel,0.9591588377952576
OthSvc,dom,Bengkulu,0.4330446422100067
OthSvc,dom,Lampung,0.44656744599342346
OthSvc,dom,DKI,0.17593958973884583
OthSvc,dom,JaBar,0.24423032999038696
OthSvc,dom,Banten,0.17690111696720123
OthSvc,dom,JaTeng,0.15943628549575806
OthSvc,dom,DIY,0.16003218293190002
OthSvc,dom,JaTim,0.39222463965415955
OthSvc,dom,KalBar,0.6381037831306458
OthSvc,dom,KalTeng,0.5578186511993408
OthSvc,dom,KalSel,0.5615794062614441
OthSvc,dom,KalTim,0.5737122297286987
OthSvc,dom,KalUt,0.5687570571899414
OthSvc,dom,SulUt,0.40804165601730347
OthSvc,dom,Gorontalo,0.4069046676158905
OthSvc,dom,SulTeng,0.4269881248474121
OthSvc,dom,SulaSel,0.21778246760368347
OthSvc,dom,SulBar,0.21880197525024414
OthSvc,dom,SulTra,0.48060861229896545
OthSvc,dom,Bali,1.0362874269485474
OthSvc,dom,NTB,1.037219762802124
OthSvc,dom,NTT,1.5546231269836426
OthSvc,dom,Maluku,1.7776063680648804
OthSvc,dom,MalUt,1.8199970722198486
OthSvc,dom,PapuaBar,1.7757997512817383
OthSvc,dom,PapuaProv,3.096356153488159
OthSvc,imp,NAD,0.6920783519744873
OthSvc,imp,SumUt,0.6979916095733643
OthSvc,imp,SumBar,0.45781561732292175
OthSvc,imp,RiauProv,0.4852387607097626
OthSvc,imp,KepRi,2.304548740386963
OthSvc,imp,Jambi,0.44025325775146484
OthSvc,imp,SumSel,0.4342328608036041
OthSvc,imp,BaBel,0.9576799869537354
OthSvc,imp,Bengkulu,0.44180038571357727
OthSvc,imp,Lampung,0.4451363980770111
OthSvc,imp,DKI,0.18325437605381012
OthSvc,imp,JaBar,0.24489174783229828
OthSvc,imp,Banten,0.1862139105796814
OthSvc,imp,JaTeng,0.21584980189800262
OthSvc,imp,DIY,0.2287319302558899
OthSvc,imp,JaTim,0.3973553478717804
OthSvc,imp,KalBar,0.6541356444358826
OthSvc,imp,KalTeng,0.6052445769309998
OthSvc,imp,KalSel,0.6264423727989197
OthSvc,imp,KalTim,0.7195644974708557
OthSvc,imp,KalUt,0.6355220675468445
OthSvc,imp,SulUt,0.4546009302139282
OthSvc,imp,Gorontalo,0.43099072575569153
OthSvc,imp,SulTeng,0.45419853925704956
OthSvc,imp,SulaSel,0.4297918677330017
OthSvc,imp,SulBar,0.4315274655818939
OthSvc,imp,SulTra,0.5001622438430786
OthSvc,imp,Bali,1.032652497291565
OthSvc,imp,NTB,1.0328117609024048
OthSvc,imp,NTT,1.5390889644622803
OthSvc,imp,Maluku,1.7712770700454712
OthSvc,imp,MalUt,1.8163338899612427
OthSvc,imp,PapuaBar,1.7751473188400269
OthSvc,imp,PapuaProv,3.0999560356140137
