__header__:ESHR,dim1,dim2,Value
Rice,NAD,0.0
Rice,SumUt,0.0
Rice,SumBar,0.0
Rice,RiauProv,0.0
Rice,KepRi,0.0
Rice,Jambi,0.0
Rice,SumSel,0.0
Rice,BaBel,0.0
Rice,Bengkulu,0.0
Rice,Lampung,0.0
Rice,DKI,0.662530779838562
Rice,JaBar,0.0
Rice,Banten,0.0
Rice,JaTeng,0.0
Rice,DIY,0.0
Rice,JaTim,0.33746927976608276
Rice,KalBar,0.0
Rice,KalTeng,0.0
Rice,KalSel,0.0
Rice,KalTim,0.0
Rice,KalUt,0.0
Rice,SulUt,0.0
Rice,Gorontalo,0.0
Rice,SulTeng,0.0
Rice,SulaSel,0.0
Rice,SulBar,0.0
Rice,SulTra,0.0
Rice,Bali,0.0
Rice,NTB,0.0
Rice,NTT,0.0
Rice,Maluku,0.0
Rice,MalUt,0.0
Rice,PapuaBar,0.0
Rice,PapuaProv,0.0
Corn,NAD,0.0
Corn,SumUt,0.06153281778097153
Corn,SumBar,0.0
Corn,RiauProv,0.0
Corn,KepRi,0.0
Corn,Jambi,0.0
Corn,SumSel,0.0
Corn,BaBel,0.0
Corn,Bengkulu,0.0
Corn,Lampung,0.49362826347351074
Corn,DKI,0.0062517267651855946
Corn,JaBar,0.0
Corn,Banten,0.0
Corn,JaTeng,0.0015729484148323536
Corn,DIY,0.0
Corn,JaTim,0.3981195390224457
Corn,KalBar,0.0
Corn,KalTeng,0.0
Corn,KalSel,0.0
Corn,KalTim,0.0
Corn,KalUt,0.0
Corn,SulUt,0.0
Corn,Gorontalo,0.0
Corn,SulTeng,0.0
Corn,SulaSel,0.038892149925231934
Corn,SulBar,0.0
Corn,SulTra,0.0
Corn,Bali,2.5102467589022126e-06
Corn,NTB,2.9427313918972686e-08
Corn,NTT,0.0
Corn,Maluku,0.0
Corn,MalUt,0.0
Corn,PapuaBar,0.0
Corn,PapuaProv,0.0
SweetPotato,NAD,0.0
SweetPotato,SumUt,0.43687766790390015
SweetPotato,SumBar,0.0
SweetPotato,RiauProv,0.00723347719758749
SweetPotato,KepRi,0.0
SweetPotato,Jambi,0.0
SweetPotato,SumSel,0.0
SweetPotato,BaBel,0.0
SweetPotato,Bengkulu,0.0
SweetPotato,Lampung,0.0
SweetPotato,DKI,0.4230330288410187
SweetPotato,JaBar,0.00010679067781893536
SweetPotato,Banten,0.0
SweetPotato,JaTeng,0.1209549531340599
SweetPotato,DIY,0.00010734859097283334
SweetPotato,JaTim,0.011686719954013824
SweetPotato,KalBar,0.0
SweetPotato,KalTeng,0.0
SweetPotato,KalSel,0.0
SweetPotato,KalTim,0.0
SweetPotato,KalUt,0.0
SweetPotato,SulUt,0.0
SweetPotato,Gorontalo,0.0
SweetPotato,SulTeng,0.0
SweetPotato,SulaSel,0.0
SweetPotato,SulBar,0.0
SweetPotato,SulTra,0.0
SweetPotato,Bali,0.0
SweetPotato,NTB,0.0
SweetPotato,NTT,0.0
SweetPotato,Maluku,0.0
SweetPotato,MalUt,0.0
SweetPotato,PapuaBar,0.0
SweetPotato,PapuaProv,0.0
Cassava,NAD,0.0
Cassava,SumUt,0.034434475004673004
Cassava,SumBar,0.0
Cassava,RiauProv,0.0
Cassava,KepRi,0.0
Cassava,Jambi,0.0
Cassava,SumSel,0.0
Cassava,BaBel,0.0
Cassava,Bengkulu,0.0
Cassava,Lampung,0.0
Cassava,DKI,0.021858517080545425
Cassava,JaBar,0.0
Cassava,Banten,0.0
Cassava,JaTeng,0.043841034173965454
Cassava,DIY,0.0
Cassava,JaTim,0.7562333345413208
Cassava,KalBar,0.0002095985400956124
Cassava,KalTeng,0.0
Cassava,KalSel,0.0
Cassava,KalTim,0.0
Cassava,KalUt,0.0
Cassava,SulUt,0.0
Cassava,Gorontalo,0.0
Cassava,SulTeng,0.0
Cassava,SulaSel,0.14339439570903778
Cassava,SulBar,0.0
Cassava,SulTra,0.0
Cassava,Bali,0.0
Cassava,NTB,0.0
Cassava,NTT,0.0
Cassava,Maluku,0.0
Cassava,MalUt,0.0
Cassava,PapuaBar,0.0
Cassava,PapuaProv,2.86556296487106e-05
OthTubers,NAD,0.0
OthTubers,SumUt,0.05117751285433769
OthTubers,SumBar,0.0
OthTubers,RiauProv,0.0627828910946846
OthTubers,KepRi,0.0
OthTubers,Jambi,0.0
OthTubers,SumSel,0.0
OthTubers,BaBel,0.0
OthTubers,Bengkulu,0.0
OthTubers,Lampung,0.0
OthTubers,DKI,0.00015187604003585875
OthTubers,JaBar,0.0
OthTubers,Banten,0.0
OthTubers,JaTeng,0.010754681192338467
OthTubers,DIY,0.0
OthTubers,JaTim,0.8718414902687073
OthTubers,KalBar,0.0
OthTubers,KalTeng,0.0
OthTubers,KalSel,0.0
OthTubers,KalTim,0.0
OthTubers,KalUt,8.031098332139663e-06
OthTubers,SulUt,0.0
OthTubers,Gorontalo,0.0
OthTubers,SulTeng,0.0
OthTubers,SulaSel,0.003283499041572213
OthTubers,SulBar,0.0
OthTubers,SulTra,0.0
OthTubers,Bali,0.0
OthTubers,NTB,0.0
OthTubers,NTT,0.0
OthTubers,Maluku,0.0
OthTubers,MalUt,0.0
OthTubers,PapuaBar,0.0
OthTubers,PapuaProv,0.0
Peanuts,NAD,0.0
Peanuts,SumUt,1.2729089576168917e-05
Peanuts,SumBar,0.0
Peanuts,RiauProv,0.0
Peanuts,KepRi,0.0
Peanuts,Jambi,0.0
Peanuts,SumSel,0.0
Peanuts,BaBel,0.0
Peanuts,Bengkulu,0.0
Peanuts,Lampung,0.0
Peanuts,DKI,0.006317272782325745
Peanuts,JaBar,0.0
Peanuts,Banten,0.0
Peanuts,JaTeng,0.980877161026001
Peanuts,DIY,0.0
Peanuts,JaTim,0.012658392079174519
Peanuts,KalBar,0.0
Peanuts,KalTeng,0.0
Peanuts,KalSel,0.0
Peanuts,KalTim,0.0
Peanuts,KalUt,0.0
Peanuts,SulUt,0.0
Peanuts,Gorontalo,0.0
Peanuts,SulTeng,0.0
Peanuts,SulaSel,0.0
Peanuts,SulBar,0.0
Peanuts,SulTra,0.0
Peanuts,Bali,0.0
Peanuts,NTB,0.0
Peanuts,NTT,0.0001343919720966369
Peanuts,Maluku,0.0
Peanuts,MalUt,0.0
Peanuts,PapuaBar,0.0
Peanuts,PapuaProv,0.0
Soy,NAD,0.0
Soy,SumUt,3.4801084893842926e-06
Soy,SumBar,0.0
Soy,RiauProv,0.0015394579386338592
Soy,KepRi,0.0
Soy,Jambi,0.0
Soy,SumSel,0.0
Soy,BaBel,0.0
Soy,Bengkulu,0.0
Soy,Lampung,0.0
Soy,DKI,0.0023028277792036533
Soy,JaBar,0.0
Soy,Banten,0.0
Soy,JaTeng,0.04147570952773094
Soy,DIY,0.0
Soy,JaTim,0.6735891103744507
Soy,KalBar,0.0
Soy,KalTeng,0.0
Soy,KalSel,0.0
Soy,KalTim,0.0
Soy,KalUt,0.0
Soy,SulUt,0.0
Soy,Gorontalo,0.0
Soy,SulTeng,0.0
Soy,SulaSel,0.0
Soy,SulBar,0.0
Soy,SulTra,0.0
Soy,Bali,0.0
Soy,NTB,0.0
Soy,NTT,0.2810894250869751
Soy,Maluku,0.0
Soy,MalUt,0.0
Soy,PapuaBar,0.0
Soy,PapuaProv,0.0
OthNuts,NAD,0.0
OthNuts,SumUt,0.00015212254947982728
OthNuts,SumBar,0.0
OthNuts,RiauProv,0.0
OthNuts,KepRi,0.0
OthNuts,Jambi,0.0
OthNuts,SumSel,0.0
OthNuts,BaBel,0.0
OthNuts,Bengkulu,0.0
OthNuts,Lampung,0.0
OthNuts,DKI,0.680278480052948
OthNuts,JaBar,0.018237655982375145
OthNuts,Banten,0.0
OthNuts,JaTeng,0.0020289409440010786
OthNuts,DIY,0.2476826310157776
OthNuts,JaTim,0.05162012204527855
OthNuts,KalBar,0.0
OthNuts,KalTeng,0.0
OthNuts,KalSel,0.0
OthNuts,KalTim,0.0
OthNuts,KalUt,0.0
OthNuts,SulUt,0.0
OthNuts,Gorontalo,0.0
OthNuts,SulTeng,0.0
OthNuts,SulaSel,0.0
OthNuts,SulBar,0.0
OthNuts,SulTra,0.0
OthNuts,Bali,0.0
OthNuts,NTB,0.0
OthNuts,NTT,0.0
OthNuts,Maluku,0.0
OthNuts,MalUt,0.0
OthNuts,PapuaBar,0.0
OthNuts,PapuaProv,0.0
OthGrains,NAD,0.0
OthGrains,SumUt,0.0004890732234343886
OthGrains,SumBar,0.0
OthGrains,RiauProv,0.0
OthGrains,KepRi,0.0
OthGrains,Jambi,0.0
OthGrains,SumSel,0.0
OthGrains,BaBel,0.0
OthGrains,Bengkulu,0.0
OthGrains,Lampung,0.0
OthGrains,DKI,0.7310971021652222
OthGrains,JaBar,0.0
OthGrains,Banten,0.0
OthGrains,JaTeng,0.0001318175927735865
OthGrains,DIY,0.0
OthGrains,JaTim,0.12273509055376053
OthGrains,KalBar,0.0
OthGrains,KalTeng,0.0
OthGrains,KalSel,0.0
OthGrains,KalTim,0.0
OthGrains,KalUt,0.0
OthGrains,SulUt,0.0
OthGrains,Gorontalo,0.0
OthGrains,SulTeng,0.0
OthGrains,SulaSel,0.1453661024570465
OthGrains,SulBar,0.0
OthGrains,SulTra,0.0
OthGrains,Bali,0.0
OthGrains,NTB,0.0
OthGrains,NTT,0.00017880345694720745
OthGrains,Maluku,0.0
OthGrains,MalUt,0.0
OthGrains,PapuaBar,0.0
OthGrains,PapuaProv,1.9739272829610854e-06
Vegetables,NAD,0.0
Vegetables,SumUt,0.27242666482925415
Vegetables,SumBar,0.0
Vegetables,RiauProv,0.0003684359835460782
Vegetables,KepRi,0.00017755408771336079
Vegetables,Jambi,0.0
Vegetables,SumSel,0.0
Vegetables,BaBel,0.0
Vegetables,Bengkulu,0.0
Vegetables,Lampung,0.0009473235695622861
Vegetables,DKI,0.22608545422554016
Vegetables,JaBar,6.646119436481968e-05
Vegetables,Banten,0.0
Vegetables,JaTeng,0.029613392427563667
Vegetables,DIY,0.002729946281760931
Vegetables,JaTim,0.46656203269958496
Vegetables,KalBar,0.0
Vegetables,KalTeng,0.0
Vegetables,KalSel,0.0
Vegetables,KalTim,0.0
Vegetables,KalUt,4.334660388849443e-06
Vegetables,SulUt,0.0
Vegetables,Gorontalo,0.0
Vegetables,SulTeng,0.0
Vegetables,SulaSel,0.0
Vegetables,SulBar,0.0
Vegetables,SulTra,0.0
Vegetables,Bali,1.0547835699981079e-05
Vegetables,NTB,0.0
Vegetables,NTT,0.0009675276232883334
Vegetables,Maluku,0.0
Vegetables,MalUt,0.0
Vegetables,PapuaBar,0.0
Vegetables,PapuaProv,4.0324874134967104e-05
DecorPlants,NAD,0.0
DecorPlants,SumUt,0.16133853793144226
DecorPlants,SumBar,0.0
DecorPlants,RiauProv,0.002918832702562213
DecorPlants,KepRi,0.0
DecorPlants,Jambi,0.0
DecorPlants,SumSel,0.0
DecorPlants,BaBel,0.0
DecorPlants,Bengkulu,0.0
DecorPlants,Lampung,0.0
DecorPlants,DKI,0.6428214311599731
DecorPlants,JaBar,0.007308345753699541
DecorPlants,Banten,0.0
DecorPlants,JaTeng,0.05587654933333397
DecorPlants,DIY,0.014777276664972305
DecorPlants,JaTim,0.11392193287611008
DecorPlants,KalBar,0.0
DecorPlants,KalTeng,0.0
DecorPlants,KalSel,0.0
DecorPlants,KalTim,0.0
DecorPlants,KalUt,0.0
DecorPlants,SulUt,0.0
DecorPlants,Gorontalo,0.0
DecorPlants,SulTeng,0.0
DecorPlants,SulaSel,0.0006893204408697784
DecorPlants,SulBar,0.0
DecorPlants,SulTra,0.0
DecorPlants,Bali,0.0003327597805764526
DecorPlants,NTB,0.0
DecorPlants,NTT,1.5044876818137709e-05
DecorPlants,Maluku,0.0
DecorPlants,MalUt,0.0
DecorPlants,PapuaBar,0.0
DecorPlants,PapuaProv,0.0
Cane,NAD,0.0
Cane,SumUt,0.0
Cane,SumBar,0.0
Cane,RiauProv,0.0
Cane,KepRi,0.0
Cane,Jambi,0.0
Cane,SumSel,0.0
Cane,BaBel,0.0
Cane,Bengkulu,0.0
Cane,Lampung,0.0
Cane,DKI,0.0
Cane,JaBar,0.0
Cane,Banten,0.0
Cane,JaTeng,0.0
Cane,DIY,0.0
Cane,JaTim,0.5478839874267578
Cane,KalBar,0.0
Cane,KalTeng,0.0
Cane,KalSel,0.0
Cane,KalTim,0.0
Cane,KalUt,0.0
Cane,SulUt,0.0
Cane,Gorontalo,0.0
Cane,SulTeng,0.0
Cane,SulaSel,0.4521159827709198
Cane,SulBar,0.0
Cane,SulTra,0.0
Cane,Bali,0.0
Cane,NTB,0.0
Cane,NTT,0.0
Cane,Maluku,0.0
Cane,MalUt,0.0
Cane,PapuaBar,0.0
Cane,PapuaProv,0.0
Tobacco,NAD,0.0
Tobacco,SumUt,0.06710010766983032
Tobacco,SumBar,0.0
Tobacco,RiauProv,0.0
Tobacco,KepRi,0.05543503910303116
Tobacco,Jambi,0.0
Tobacco,SumSel,0.0
Tobacco,BaBel,0.0
Tobacco,Bengkulu,0.0
Tobacco,Lampung,0.0
Tobacco,DKI,0.0005469186580739915
Tobacco,JaBar,0.0
Tobacco,Banten,0.0
Tobacco,JaTeng,0.020058609545230865
Tobacco,DIY,0.0
Tobacco,JaTim,0.8568593263626099
Tobacco,KalBar,0.0
Tobacco,KalTeng,0.0
Tobacco,KalSel,0.0
Tobacco,KalTim,0.0
Tobacco,KalUt,0.0
Tobacco,SulUt,0.0
Tobacco,Gorontalo,0.0
Tobacco,SulTeng,0.0
Tobacco,SulaSel,0.0
Tobacco,SulBar,0.0
Tobacco,SulTra,0.0
Tobacco,Bali,0.0
Tobacco,NTB,0.0
Tobacco,NTT,0.0
Tobacco,Maluku,0.0
Tobacco,MalUt,0.0
Tobacco,PapuaBar,0.0
Tobacco,PapuaProv,0.0
PlantFiber,NAD,0.0
PlantFiber,SumUt,0.013598471879959106
PlantFiber,SumBar,0.0
PlantFiber,RiauProv,4.065476605319418e-05
PlantFiber,KepRi,0.0
PlantFiber,Jambi,0.0
PlantFiber,SumSel,0.0
PlantFiber,BaBel,0.0
PlantFiber,Bengkulu,0.0
PlantFiber,Lampung,0.0
PlantFiber,DKI,0.5985070466995239
PlantFiber,JaBar,0.0
PlantFiber,Banten,0.0
PlantFiber,JaTeng,0.1930922567844391
PlantFiber,DIY,0.0
PlantFiber,JaTim,0.19474376738071442
PlantFiber,KalBar,0.0
PlantFiber,KalTeng,0.0
PlantFiber,KalSel,0.0
PlantFiber,KalTim,0.0
PlantFiber,KalUt,0.0
PlantFiber,SulUt,0.0
PlantFiber,Gorontalo,0.0
PlantFiber,SulTeng,0.0
PlantFiber,SulaSel,0.0
PlantFiber,SulBar,0.0
PlantFiber,SulTra,0.0
PlantFiber,Bali,0.0
PlantFiber,NTB,0.0
PlantFiber,NTT,0.0
PlantFiber,Maluku,0.0
PlantFiber,MalUt,0.0
PlantFiber,PapuaBar,0.0
PlantFiber,PapuaProv,1.781962600944098e-05
OthPlantaton,NAD,4.589427948786806e-09
OthPlantaton,SumUt,0.05880560725927353
OthPlantaton,SumBar,0.007589117623865604
OthPlantaton,RiauProv,0.00015964354679454118
OthPlantaton,KepRi,0.0016694978112354875
OthPlantaton,Jambi,0.00020871192100457847
OthPlantaton,SumSel,3.6511619327939115e-07
OthPlantaton,BaBel,0.06579113006591797
OthPlantaton,Bengkulu,0.0
OthPlantaton,Lampung,0.36431369185447693
OthPlantaton,DKI,0.24633841216564178
OthPlantaton,JaBar,9.059044714376796e-06
OthPlantaton,Banten,0.0
OthPlantaton,JaTeng,0.025243669748306274
OthPlantaton,DIY,0.0
OthPlantaton,JaTim,0.19360420107841492
OthPlantaton,KalBar,0.002259591594338417
OthPlantaton,KalTeng,0.0
OthPlantaton,KalSel,0.0008089079055935144
OthPlantaton,KalTim,0.00031359223066829145
OthPlantaton,KalUt,4.529372745309956e-06
OthPlantaton,SulUt,0.023393185809254646
OthPlantaton,Gorontalo,0.0
OthPlantaton,SulTeng,0.0
OthPlantaton,SulaSel,0.006096943281590939
OthPlantaton,SulBar,0.0
OthPlantaton,SulTra,0.0
OthPlantaton,Bali,0.0033888746984302998
OthPlantaton,NTB,1.196611037812545e-06
OthPlantaton,NTT,1.0584247434053395e-07
OthPlantaton,Maluku,0.0
OthPlantaton,MalUt,0.0
OthPlantaton,PapuaBar,0.0
OthPlantaton,PapuaProv,0.0
Fruits,NAD,3.059736263821833e-05
Fruits,SumUt,0.15406806766986847
Fruits,SumBar,0.0011900888057425618
Fruits,RiauProv,0.07895322889089584
Fruits,KepRi,0.0004207469173707068
Fruits,Jambi,0.0
Fruits,SumSel,0.0
Fruits,BaBel,0.0
Fruits,Bengkulu,0.0
Fruits,Lampung,0.2448187917470932
Fruits,DKI,0.44275733828544617
Fruits,JaBar,0.0007662495481781662
Fruits,Banten,0.0
Fruits,JaTeng,0.01104800682514906
Fruits,DIY,0.013532406650483608
Fruits,JaTim,0.03819483891129494
Fruits,KalBar,0.0003478703729342669
Fruits,KalTeng,0.0
Fruits,KalSel,0.0
Fruits,KalTim,0.0
Fruits,KalUt,0.0048195612616837025
Fruits,SulUt,0.0
Fruits,Gorontalo,0.0
Fruits,SulTeng,0.0
Fruits,SulaSel,9.29790039663203e-05
Fruits,SulBar,0.0
Fruits,SulTra,0.0
Fruits,Bali,0.007053771056234837
Fruits,NTB,0.001367974211461842
Fruits,NTT,0.0005372796440497041
Fruits,Maluku,0.0
Fruits,MalUt,0.0
Fruits,PapuaBar,0.0
Fruits,PapuaProv,2.1191931409703102e-07
PlantBiophrm,NAD,0.0
PlantBiophrm,SumUt,0.5169916749000549
PlantBiophrm,SumBar,0.016595223918557167
PlantBiophrm,RiauProv,0.00040569936390966177
PlantBiophrm,KepRi,4.1118742956314236e-05
PlantBiophrm,Jambi,0.2080557644367218
PlantBiophrm,SumSel,0.02706652134656906
PlantBiophrm,BaBel,0.0
PlantBiophrm,Bengkulu,0.0
PlantBiophrm,Lampung,0.009945849888026714
PlantBiophrm,DKI,0.14437441527843475
PlantBiophrm,JaBar,0.0
PlantBiophrm,Banten,0.0
PlantBiophrm,JaTeng,0.012611995451152325
PlantBiophrm,DIY,1.7559281332069077e-05
PlantBiophrm,JaTim,0.05391678959131241
PlantBiophrm,KalBar,0.009804831817746162
PlantBiophrm,KalTeng,0.0
PlantBiophrm,KalSel,0.0
PlantBiophrm,KalTim,9.540739847579971e-05
PlantBiophrm,KalUt,0.0
PlantBiophrm,SulUt,0.0
PlantBiophrm,Gorontalo,0.0
PlantBiophrm,SulTeng,0.0
PlantBiophrm,SulaSel,2.0281871911720373e-05
PlantBiophrm,SulBar,0.0
PlantBiophrm,SulTra,0.0
PlantBiophrm,Bali,4.799047928827349e-06
PlantBiophrm,NTB,0.0
PlantBiophrm,NTT,5.208395668887533e-05
PlantBiophrm,Maluku,0.0
PlantBiophrm,MalUt,0.0
PlantBiophrm,PapuaBar,0.0
PlantBiophrm,PapuaProv,0.0
Rubber,NAD,0.0
Rubber,SumUt,0.5412107110023499
Rubber,SumBar,0.0
Rubber,RiauProv,0.0
Rubber,KepRi,0.0
Rubber,Jambi,0.0
Rubber,SumSel,0.0
Rubber,BaBel,0.0
Rubber,Bengkulu,0.0
Rubber,Lampung,0.048678360879421234
Rubber,DKI,0.40986666083335876
Rubber,JaBar,0.0
Rubber,Banten,0.0
Rubber,JaTeng,0.0
Rubber,DIY,0.0
Rubber,JaTim,0.0002442427503410727
Rubber,KalBar,0.0
Rubber,KalTeng,0.0
Rubber,KalSel,0.0
Rubber,KalTim,0.0
Rubber,KalUt,0.0
Rubber,SulUt,0.0
Rubber,Gorontalo,0.0
Rubber,SulTeng,0.0
Rubber,SulaSel,0.0
Rubber,SulBar,0.0
Rubber,SulTra,0.0
Rubber,Bali,0.0
Rubber,NTB,0.0
Rubber,NTT,0.0
Rubber,Maluku,0.0
Rubber,MalUt,0.0
Rubber,PapuaBar,0.0
Rubber,PapuaProv,0.0
Coconut,NAD,0.00034559276537038386
Coconut,SumUt,0.2139134407043457
Coconut,SumBar,0.011510740034282207
Coconut,RiauProv,0.14544962346553802
Coconut,KepRi,0.05439672991633415
Coconut,Jambi,0.003777127480134368
Coconut,SumSel,0.1654212325811386
Coconut,BaBel,0.0
Coconut,Bengkulu,0.0
Coconut,Lampung,0.04944605380296707
Coconut,DKI,0.11949041485786438
Coconut,JaBar,0.0
Coconut,Banten,0.0
Coconut,JaTeng,0.0031577993649989367
Coconut,DIY,0.0
Coconut,JaTim,0.07621059566736221
Coconut,KalBar,0.06620732694864273
Coconut,KalTeng,0.0
Coconut,KalSel,0.0
Coconut,KalTim,0.0
Coconut,KalUt,4.506759978539776e-06
Coconut,SulUt,0.08649526536464691
Coconut,Gorontalo,0.0
Coconut,SulTeng,0.0019532600417733192
Coconut,SulaSel,0.00011994381929980591
Coconut,SulBar,0.0
Coconut,SulTra,0.0
Coconut,Bali,0.0
Coconut,NTB,0.0
Coconut,NTT,3.4941181183967274e-06
Coconut,Maluku,0.00013212328485678881
Coconut,MalUt,0.0019647283479571342
Coconut,PapuaBar,0.0
Coconut,PapuaProv,0.0
PalmOil,NAD,0.0
PalmOil,SumUt,0.00039206293877214193
PalmOil,SumBar,0.0
PalmOil,RiauProv,0.0003466766211204231
PalmOil,KepRi,0.0
PalmOil,Jambi,0.0
PalmOil,SumSel,0.0
PalmOil,BaBel,0.0
PalmOil,Bengkulu,0.0
PalmOil,Lampung,0.0
PalmOil,DKI,0.03558756783604622
PalmOil,JaBar,0.0
PalmOil,Banten,0.0
PalmOil,JaTeng,0.0
PalmOil,DIY,0.0
PalmOil,JaTim,0.010127359069883823
PalmOil,KalBar,0.0
PalmOil,KalTeng,0.361311137676239
PalmOil,KalSel,0.0
PalmOil,KalTim,0.013079020194709301
PalmOil,KalUt,0.579156219959259
PalmOil,SulUt,0.0
PalmOil,Gorontalo,0.0
PalmOil,SulTeng,0.0
PalmOil,SulaSel,0.0
PalmOil,SulBar,0.0
PalmOil,SulTra,0.0
PalmOil,Bali,0.0
PalmOil,NTB,0.0
PalmOil,NTT,0.0
PalmOil,Maluku,0.0
PalmOil,MalUt,0.0
PalmOil,PapuaBar,0.0
PalmOil,PapuaProv,0.0
Coffee,NAD,0.0
Coffee,SumUt,0.33831092715263367
Coffee,SumBar,0.0017918776720762253
Coffee,RiauProv,2.1209738406469114e-05
Coffee,KepRi,0.0
Coffee,Jambi,0.0
Coffee,SumSel,0.005681073758751154
Coffee,BaBel,0.0
Coffee,Bengkulu,0.0
Coffee,Lampung,0.4190836548805237
Coffee,DKI,0.005209198221564293
Coffee,JaBar,0.0008241967880167067
Coffee,Banten,0.0
Coffee,JaTeng,0.008810773491859436
Coffee,DIY,0.0
Coffee,JaTim,0.19153226912021637
Coffee,KalBar,0.0
Coffee,KalTeng,0.0
Coffee,KalSel,0.0
Coffee,KalTim,0.0
Coffee,KalUt,8.547608558728825e-06
Coffee,SulUt,0.0
Coffee,Gorontalo,0.0
Coffee,SulTeng,0.0
Coffee,SulaSel,0.02871815115213394
Coffee,SulBar,0.0
Coffee,SulTra,0.0
Coffee,Bali,4.675727723224554e-06
Coffee,NTB,0.0
Coffee,NTT,0.0
Coffee,Maluku,0.0
Coffee,MalUt,0.0
Coffee,PapuaBar,0.0
Coffee,PapuaProv,3.4949143810081296e-06
Tea,NAD,0.0
Tea,SumUt,0.0008439833763986826
Tea,SumBar,0.0
Tea,RiauProv,2.343118921999121e-06
Tea,KepRi,3.103750350419432e-05
Tea,Jambi,0.0
Tea,SumSel,0.0
Tea,BaBel,0.0
Tea,Bengkulu,0.0
Tea,Lampung,0.0
Tea,DKI,0.987227201461792
Tea,JaBar,2.0502659481280716e-06
Tea,Banten,0.0
Tea,JaTeng,0.0013424056814983487
Tea,DIY,0.0001912305597215891
Tea,JaTim,0.010257886722683907
Tea,KalBar,6.310377784757293e-07
Tea,KalTeng,0.0
Tea,KalSel,0.0
Tea,KalTim,0.0
Tea,KalUt,1.8703054593061097e-05
Tea,SulUt,0.0
Tea,Gorontalo,0.0
Tea,SulTeng,0.0
Tea,SulaSel,0.0
Tea,SulBar,0.0
Tea,SulTra,0.0
Tea,Bali,3.6630367503676098e-06
Tea,NTB,0.0
Tea,NTT,6.948711234144866e-05
Tea,Maluku,0.0
Tea,MalUt,0.0
Tea,PapuaBar,0.0
Tea,PapuaProv,9.327964107797015e-06
Cocoa,NAD,0.0
Cocoa,SumUt,0.17809335887432098
Cocoa,SumBar,0.0
Cocoa,RiauProv,0.0
Cocoa,KepRi,0.007687887642532587
Cocoa,Jambi,0.00021209806436672807
Cocoa,SumSel,0.0
Cocoa,BaBel,0.0
Cocoa,Bengkulu,0.0
Cocoa,Lampung,0.05279645696282387
Cocoa,DKI,0.008001699112355709
Cocoa,JaBar,0.0
Cocoa,Banten,0.0
Cocoa,JaTeng,0.00018695913604460657
Cocoa,DIY,0.0
Cocoa,JaTim,0.15841329097747803
Cocoa,KalBar,0.0
Cocoa,KalTeng,0.0
Cocoa,KalSel,0.0
Cocoa,KalTim,0.0
Cocoa,KalUt,0.015164275653660297
Cocoa,SulUt,0.0
Cocoa,Gorontalo,0.0
Cocoa,SulTeng,0.0
Cocoa,SulaSel,0.5787926316261292
Cocoa,SulBar,0.0
Cocoa,SulTra,0.0
Cocoa,Bali,0.0006005019531585276
Cocoa,NTB,0.0
Cocoa,NTT,5.0779028242686763e-05
Cocoa,Maluku,0.0
Cocoa,MalUt,0.0
Cocoa,PapuaBar,0.0
Cocoa,PapuaProv,0.0
Clove,NAD,1.292092383664567e-05
Clove,SumUt,0.05051368102431297
Clove,SumBar,0.003879835596308112
Clove,RiauProv,0.0
Clove,KepRi,4.5875833166064695e-05
Clove,Jambi,0.0
Clove,SumSel,0.0
Clove,BaBel,0.0
Clove,Bengkulu,0.0
Clove,Lampung,0.010999088175594807
Clove,DKI,0.03843369334936142
Clove,JaBar,0.0
Clove,Banten,0.0
Clove,JaTeng,0.11377391219139099
Clove,DIY,0.0
Clove,JaTim,0.769025444984436
Clove,KalBar,0.0
Clove,KalTeng,0.0
Clove,KalSel,0.0
Clove,KalTim,0.0
Clove,KalUt,0.0
Clove,SulUt,0.0015126196667551994
Clove,Gorontalo,0.0
Clove,SulTeng,0.0
Clove,SulaSel,0.011648436076939106
Clove,SulBar,0.0
Clove,SulTra,0.0
Clove,Bali,0.00015444567543454468
Clove,NTB,0.0
Clove,NTT,0.0
Clove,Maluku,0.0
Clove,MalUt,0.0
Clove,PapuaBar,0.0
Clove,PapuaProv,0.0
Cashew,NAD,0.0
Cashew,SumUt,0.0
Cashew,SumBar,0.0
Cashew,RiauProv,0.0
Cashew,KepRi,0.0
Cashew,Jambi,0.0
Cashew,SumSel,0.0
Cashew,BaBel,0.0
Cashew,Bengkulu,0.0
Cashew,Lampung,0.0
Cashew,DKI,0.0001267625339096412
Cashew,JaBar,0.0
Cashew,Banten,0.0
Cashew,JaTeng,0.013245206326246262
Cashew,DIY,0.0
Cashew,JaTim,0.9477766752243042
Cashew,KalBar,0.0
Cashew,KalTeng,0.0
Cashew,KalSel,0.0
Cashew,KalTim,0.0
Cashew,KalUt,0.0
Cashew,SulUt,0.0
Cashew,Gorontalo,0.0
Cashew,SulTeng,0.0
Cashew,SulaSel,0.038851410150527954
Cashew,SulBar,0.0
Cashew,SulTra,0.0
Cashew,Bali,0.0
Cashew,NTB,0.0
Cashew,NTT,0.0
Cashew,Maluku,0.0
Cashew,MalUt,0.0
Cashew,PapuaBar,0.0
Cashew,PapuaProv,0.0
Livestock,NAD,3.954035128117539e-05
Livestock,SumUt,0.0
Livestock,SumBar,0.0
Livestock,RiauProv,0.0
Livestock,KepRi,0.9707117080688477
Livestock,Jambi,0.0
Livestock,SumSel,0.0
Livestock,BaBel,0.0
Livestock,Bengkulu,0.0
Livestock,Lampung,0.0004905933747068048
Livestock,DKI,0.001161668449640274
Livestock,JaBar,7.9761040979065e-05
Livestock,Banten,0.0
Livestock,JaTeng,0.004178869538009167
Livestock,DIY,0.0
Livestock,JaTim,0.023236101493239403
Livestock,KalBar,0.0
Livestock,KalTeng,0.0
Livestock,KalSel,0.0
Livestock,KalTim,0.0
Livestock,KalUt,0.0
Livestock,SulUt,0.0
Livestock,Gorontalo,0.0
Livestock,SulTeng,0.0
Livestock,SulaSel,0.0
Livestock,SulBar,0.0
Livestock,SulTra,0.0
Livestock,Bali,0.0
Livestock,NTB,0.0
Livestock,NTT,0.000101779805845581
Livestock,Maluku,0.0
Livestock,MalUt,0.0
Livestock,PapuaBar,0.0
Livestock,PapuaProv,0.0
FreshMilk,NAD,0.0
FreshMilk,SumUt,0.00418629078194499
FreshMilk,SumBar,0.0
FreshMilk,RiauProv,0.0
FreshMilk,KepRi,0.0
FreshMilk,Jambi,0.0
FreshMilk,SumSel,0.0
FreshMilk,BaBel,0.0
FreshMilk,Bengkulu,0.0
FreshMilk,Lampung,0.0
FreshMilk,DKI,0.010101869702339172
FreshMilk,JaBar,0.0
FreshMilk,Banten,0.0
FreshMilk,JaTeng,0.0
FreshMilk,DIY,0.0
FreshMilk,JaTim,0.9793757796287537
FreshMilk,KalBar,0.0009850066853687167
FreshMilk,KalTeng,0.0
FreshMilk,KalSel,0.0
FreshMilk,KalTim,0.0
FreshMilk,KalUt,0.0
FreshMilk,SulUt,0.0
FreshMilk,Gorontalo,0.0
FreshMilk,SulTeng,0.0
FreshMilk,SulaSel,0.0
FreshMilk,SulBar,0.0
FreshMilk,SulTra,0.0
FreshMilk,Bali,0.0
FreshMilk,NTB,0.0
FreshMilk,NTT,0.003126889932900667
FreshMilk,Maluku,0.0
FreshMilk,MalUt,0.0
FreshMilk,PapuaBar,0.0
FreshMilk,PapuaProv,0.0022241577971726656
PoultryEggs,NAD,0.0
PoultryEggs,SumUt,0.003853787435218692
PoultryEggs,SumBar,0.0
PoultryEggs,RiauProv,0.0
PoultryEggs,KepRi,0.0
PoultryEggs,Jambi,0.0
PoultryEggs,SumSel,0.0
PoultryEggs,BaBel,0.0
PoultryEggs,Bengkulu,0.0
PoultryEggs,Lampung,0.0
PoultryEggs,DKI,0.9710444808006287
PoultryEggs,JaBar,0.0
PoultryEggs,Banten,0.0
PoultryEggs,JaTeng,0.0
PoultryEggs,DIY,0.0
PoultryEggs,JaTim,0.0
PoultryEggs,KalBar,0.0
PoultryEggs,KalTeng,0.0
PoultryEggs,KalSel,0.0
PoultryEggs,KalTim,0.0
PoultryEggs,KalUt,0.0
PoultryEggs,SulUt,0.0
PoultryEggs,Gorontalo,0.0
PoultryEggs,SulTeng,0.0
PoultryEggs,SulaSel,0.0
PoultryEggs,SulBar,0.0
PoultryEggs,SulTra,0.0
PoultryEggs,Bali,0.02505926787853241
PoultryEggs,NTB,0.0
PoultryEggs,NTT,0.0
PoultryEggs,Maluku,0.0
PoultryEggs,MalUt,0.0
PoultryEggs,PapuaBar,0.0
PoultryEggs,PapuaProv,4.244185038260184e-05
OthAnimalPrd,NAD,0.0
OthAnimalPrd,SumUt,0.12421564757823944
OthAnimalPrd,SumBar,0.0
OthAnimalPrd,RiauProv,0.00025224953424185514
OthAnimalPrd,KepRi,0.006948493421077728
OthAnimalPrd,Jambi,0.0
OthAnimalPrd,SumSel,0.0
OthAnimalPrd,BaBel,0.00020758304162882268
OthAnimalPrd,Bengkulu,0.0
OthAnimalPrd,Lampung,0.002184349112212658
OthAnimalPrd,DKI,0.4266100227832794
OthAnimalPrd,JaBar,0.00021141362958587706
OthAnimalPrd,Banten,0.0
OthAnimalPrd,JaTeng,0.00023383021471090615
OthAnimalPrd,DIY,0.0003737090446520597
OthAnimalPrd,JaTim,0.4373187720775604
OthAnimalPrd,KalBar,0.0001349493977613747
OthAnimalPrd,KalTeng,0.0
OthAnimalPrd,KalSel,8.583224553149194e-05
OthAnimalPrd,KalTim,0.000317652738885954
OthAnimalPrd,KalUt,0.0
OthAnimalPrd,SulUt,0.0
OthAnimalPrd,Gorontalo,0.0
OthAnimalPrd,SulTeng,0.0
OthAnimalPrd,SulaSel,0.0
OthAnimalPrd,SulBar,0.0
OthAnimalPrd,SulTra,0.0
OthAnimalPrd,Bali,0.0009055017726495862
OthAnimalPrd,NTB,0.0
OthAnimalPrd,NTT,0.0
OthAnimalPrd,Maluku,0.0
OthAnimalPrd,MalUt,0.0
OthAnimalPrd,PapuaBar,0.0
OthAnimalPrd,PapuaProv,0.0
AgricSvc,NAD,0.0
AgricSvc,SumUt,0.0
AgricSvc,SumBar,0.0
AgricSvc,RiauProv,0.0
AgricSvc,KepRi,0.0
AgricSvc,Jambi,0.0
AgricSvc,SumSel,0.0
AgricSvc,BaBel,0.0
AgricSvc,Bengkulu,0.0
AgricSvc,Lampung,0.0
AgricSvc,DKI,0.0
AgricSvc,JaBar,0.0
AgricSvc,Banten,0.0
AgricSvc,JaTeng,0.0
AgricSvc,DIY,0.0
AgricSvc,JaTim,0.0
AgricSvc,KalBar,0.0
AgricSvc,KalTeng,0.0
AgricSvc,KalSel,0.0
AgricSvc,KalTim,0.0
AgricSvc,KalUt,0.0
AgricSvc,SulUt,0.0
AgricSvc,Gorontalo,0.0
AgricSvc,SulTeng,0.0
AgricSvc,SulaSel,0.0
AgricSvc,SulBar,0.0
AgricSvc,SulTra,0.0
AgricSvc,Bali,0.0
AgricSvc,NTB,0.0
AgricSvc,NTT,0.0
AgricSvc,Maluku,0.0
AgricSvc,MalUt,0.0
AgricSvc,PapuaBar,0.0
AgricSvc,PapuaProv,0.0
Wood,NAD,0.0
Wood,SumUt,0.08367209136486053
Wood,SumBar,0.0
Wood,RiauProv,0.005797246471047401
Wood,KepRi,0.034149594604969025
Wood,Jambi,0.002381957368925214
Wood,SumSel,0.013816514983773232
Wood,BaBel,0.0
Wood,Bengkulu,0.0
Wood,Lampung,0.06993037462234497
Wood,DKI,0.09922748059034348
Wood,JaBar,0.0
Wood,Banten,0.0
Wood,JaTeng,0.0434756726026535
Wood,DIY,0.0
Wood,JaTim,0.6035851836204529
Wood,KalBar,0.02221417985856533
Wood,KalTeng,0.0
Wood,KalSel,0.021167131140828133
Wood,KalTim,0.0
Wood,KalUt,0.0
Wood,SulUt,0.00027127505745738745
Wood,Gorontalo,0.0
Wood,SulTeng,0.0
Wood,SulaSel,4.966261258232407e-05
Wood,SulBar,0.0
Wood,SulTra,0.0
Wood,Bali,0.00026162987342104316
Wood,NTB,0.0
Wood,NTT,0.0
Wood,Maluku,0.0
Wood,MalUt,0.0
Wood,PapuaBar,0.0
Wood,PapuaProv,0.0
OthForestPrd,NAD,3.942556304536993e-06
OthForestPrd,SumUt,0.11304972320795059
OthForestPrd,SumBar,0.13996954262256622
OthForestPrd,RiauProv,0.1840386986732483
OthForestPrd,KepRi,0.01589243672788143
OthForestPrd,Jambi,0.24039921164512634
OthForestPrd,SumSel,2.756073808996007e-05
OthForestPrd,BaBel,0.006232714746147394
OthForestPrd,Bengkulu,0.03188613802194595
OthForestPrd,Lampung,0.021793823689222336
OthForestPrd,DKI,0.10863416641950607
OthForestPrd,JaBar,0.0
OthForestPrd,Banten,0.0
OthForestPrd,JaTeng,0.025123007595539093
OthForestPrd,DIY,0.0
OthForestPrd,JaTim,0.06020135059952736
OthForestPrd,KalBar,0.0018583445344120264
OthForestPrd,KalTeng,0.004245561081916094
OthForestPrd,KalSel,0.0
OthForestPrd,KalTim,0.003277361858636141
OthForestPrd,KalUt,0.0
OthForestPrd,SulUt,0.0
OthForestPrd,Gorontalo,0.0
OthForestPrd,SulTeng,0.0
OthForestPrd,SulaSel,0.04335975646972656
OthForestPrd,SulBar,0.0
OthForestPrd,SulTra,0.0
OthForestPrd,Bali,6.684467734885402e-06
OthForestPrd,NTB,0.0
OthForestPrd,NTT,0.0
OthForestPrd,Maluku,0.0
OthForestPrd,MalUt,0.0
OthForestPrd,PapuaBar,0.0
OthForestPrd,PapuaProv,0.0
Fish,NAD,0.0014350316487252712
Fish,SumUt,0.013555319979786873
Fish,SumBar,0.0014819040661677718
Fish,RiauProv,0.055767569690942764
Fish,KepRi,0.1069774329662323
Fish,Jambi,0.0
Fish,SumSel,0.0007048852858133614
Fish,BaBel,0.014152833260595798
Fish,Bengkulu,0.0
Fish,Lampung,0.0031971873249858618
Fish,DKI,0.34713438153266907
Fish,JaBar,0.0031747622415423393
Fish,Banten,0.0
Fish,JaTeng,0.007451618555933237
Fish,DIY,0.00539350975304842
Fish,JaTim,0.028247497975826263
Fish,KalBar,0.005960618145763874
Fish,KalTeng,1.1345775419613346e-05
Fish,KalSel,0.0
Fish,KalTim,0.008580049499869347
Fish,KalUt,0.03866979107260704
Fish,SulUt,0.0013687607133761048
Fish,Gorontalo,0.0
Fish,SulTeng,0.0
Fish,SulaSel,0.08704134821891785
Fish,SulBar,0.0
Fish,SulTra,0.002243606373667717
Fish,Bali,0.265206903219223
Fish,NTB,0.00011035132047254592
Fish,NTT,0.0003694818587973714
Fish,Maluku,0.0017638115677982569
Fish,MalUt,0.0
Fish,PapuaBar,0.0
Fish,PapuaProv,0.0
Shrimps,NAD,0.0
Shrimps,SumUt,0.0001290489308303222
Shrimps,SumBar,0.0
Shrimps,RiauProv,0.0
Shrimps,KepRi,0.0
Shrimps,Jambi,0.0
Shrimps,SumSel,0.0
Shrimps,BaBel,0.0
Shrimps,Bengkulu,0.0
Shrimps,Lampung,0.002945713233202696
Shrimps,DKI,0.5730653405189514
Shrimps,JaBar,0.0
Shrimps,Banten,0.0
Shrimps,JaTeng,0.024402793496847153
Shrimps,DIY,0.0
Shrimps,JaTim,0.3778831958770752
Shrimps,KalBar,0.0
Shrimps,KalTeng,0.0
Shrimps,KalSel,0.0
Shrimps,KalTim,0.0
Shrimps,KalUt,0.0
Shrimps,SulUt,0.0
Shrimps,Gorontalo,0.0
Shrimps,SulTeng,0.0
Shrimps,SulaSel,0.0107226287946105
Shrimps,SulBar,0.0
Shrimps,SulTra,0.0
Shrimps,Bali,0.010851315222680569
Shrimps,NTB,0.0
Shrimps,NTT,0.0
Shrimps,Maluku,0.0
Shrimps,MalUt,0.0
Shrimps,PapuaBar,0.0
Shrimps,PapuaProv,0.0
OthAquatic,NAD,0.0
OthAquatic,SumUt,0.1886032223701477
OthAquatic,SumBar,0.0
OthAquatic,RiauProv,0.007841191254556179
OthAquatic,KepRi,1.2153685702287476e-06
OthAquatic,Jambi,0.0
OthAquatic,SumSel,0.0
OthAquatic,BaBel,4.617142985807732e-05
OthAquatic,Bengkulu,0.0
OthAquatic,Lampung,0.0
OthAquatic,DKI,0.172467440366745
OthAquatic,JaBar,1.2310217698541237e-06
OthAquatic,Banten,0.0
OthAquatic,JaTeng,0.010156390257179737
OthAquatic,DIY,3.41861232300289e-05
OthAquatic,JaTim,0.3845551311969757
OthAquatic,KalBar,0.003061755793169141
OthAquatic,KalTeng,0.0
OthAquatic,KalSel,0.0
OthAquatic,KalTim,0.0004959763609804213
OthAquatic,KalUt,0.0010713684605434537
OthAquatic,SulUt,0.0
OthAquatic,Gorontalo,0.0
OthAquatic,SulTeng,0.0
OthAquatic,SulaSel,0.07528436183929443
OthAquatic,SulBar,0.0
OthAquatic,SulTra,0.0
OthAquatic,Bali,0.15628941357135773
OthAquatic,NTB,9.093317930819467e-05
OthAquatic,NTT,0.0
OthAquatic,Maluku,0.0
OthAquatic,MalUt,0.0
OthAquatic,PapuaBar,0.0
OthAquatic,PapuaProv,0.0
Seaweed,NAD,0.0
Seaweed,SumUt,5.389860234572552e-05
Seaweed,SumBar,0.0
Seaweed,RiauProv,0.0003255295450799167
Seaweed,KepRi,0.0007202524575404823
Seaweed,Jambi,0.0
Seaweed,SumSel,0.0
Seaweed,BaBel,0.0
Seaweed,Bengkulu,0.0
Seaweed,Lampung,0.0017425959231331944
Seaweed,DKI,0.014386510476469994
Seaweed,JaBar,4.423905011208262e-06
Seaweed,Banten,0.0
Seaweed,JaTeng,0.009401476942002773
Seaweed,DIY,0.0
Seaweed,JaTim,0.31578466296195984
Seaweed,KalBar,0.0
Seaweed,KalTeng,0.0
Seaweed,KalSel,0.0
Seaweed,KalTim,0.0
Seaweed,KalUt,0.00017827290866989642
Seaweed,SulUt,0.0
Seaweed,Gorontalo,0.0
Seaweed,SulTeng,0.0
Seaweed,SulaSel,0.6573864221572876
Seaweed,SulBar,0.0
Seaweed,SulTra,0.0
Seaweed,Bali,1.5953175534377806e-05
Seaweed,NTB,0.0
Seaweed,NTT,0.0
Seaweed,Maluku,0.0
Seaweed,MalUt,0.0
Seaweed,PapuaBar,0.0
Seaweed,PapuaProv,0.0
CoalLignite,NAD,0.0004933638265356421
CoalLignite,SumUt,0.0
CoalLignite,SumBar,0.0016778394347056746
CoalLignite,RiauProv,0.00020829838467761874
CoalLignite,KepRi,0.0
CoalLignite,Jambi,0.0027788931038230658
CoalLignite,SumSel,0.032982442528009415
CoalLignite,BaBel,0.0
CoalLignite,Bengkulu,0.006827616132795811
CoalLignite,Lampung,0.04304591193795204
CoalLignite,DKI,0.0
CoalLignite,JaBar,0.0
CoalLignite,Banten,0.0
CoalLignite,JaTeng,0.0
CoalLignite,DIY,0.0
CoalLignite,JaTim,0.0
CoalLignite,KalBar,0.0
CoalLignite,KalTeng,0.001066436292603612
CoalLignite,KalSel,0.2910531461238861
CoalLignite,KalTim,0.5821657776832581
CoalLignite,KalUt,0.03770026937127113
CoalLignite,SulUt,0.0
CoalLignite,Gorontalo,0.0
CoalLignite,SulTeng,0.0
CoalLignite,SulaSel,0.0
CoalLignite,SulBar,0.0
CoalLignite,SulTra,0.0
CoalLignite,Bali,0.0
CoalLignite,NTB,0.0
CoalLignite,NTT,0.0
CoalLignite,Maluku,0.0
CoalLignite,MalUt,0.0
CoalLignite,PapuaBar,0.0
CoalLignite,PapuaProv,0.0
CrudeOil,NAD,0.0
CrudeOil,SumUt,0.0
CrudeOil,SumBar,0.0
CrudeOil,RiauProv,0.3552455008029938
CrudeOil,KepRi,0.0665920302271843
CrudeOil,Jambi,0.01892062835395336
CrudeOil,SumSel,0.0
CrudeOil,BaBel,0.03141504526138306
CrudeOil,Bengkulu,0.0
CrudeOil,Lampung,0.0
CrudeOil,DKI,9.150399904456208e-08
CrudeOil,JaBar,0.08340658247470856
CrudeOil,Banten,0.0
CrudeOil,JaTeng,0.0
CrudeOil,DIY,0.0
CrudeOil,JaTim,0.2653258144855499
CrudeOil,KalBar,0.0
CrudeOil,KalTeng,0.0
CrudeOil,KalSel,0.0
CrudeOil,KalTim,0.12778517603874207
CrudeOil,KalUt,0.0
CrudeOil,SulUt,0.0
CrudeOil,Gorontalo,0.0
CrudeOil,SulTeng,0.02413693256676197
CrudeOil,SulaSel,0.0
CrudeOil,SulBar,0.0
CrudeOil,SulTra,0.0
CrudeOil,Bali,0.0
CrudeOil,NTB,0.0
CrudeOil,NTT,0.0
CrudeOil,Maluku,0.011770149692893028
CrudeOil,MalUt,0.0
CrudeOil,PapuaBar,0.015401611104607582
CrudeOil,PapuaProv,4.5385257863017614e-07
NaturalGas,NAD,0.0
NaturalGas,SumUt,0.0
NaturalGas,SumBar,0.0
NaturalGas,RiauProv,0.0
NaturalGas,KepRi,1.0
NaturalGas,Jambi,0.0
NaturalGas,SumSel,0.0
NaturalGas,BaBel,0.0
NaturalGas,Bengkulu,0.0
NaturalGas,Lampung,0.0
NaturalGas,DKI,0.0
NaturalGas,JaBar,0.0
NaturalGas,Banten,0.0
NaturalGas,JaTeng,0.0
NaturalGas,DIY,0.0
NaturalGas,JaTim,0.0
NaturalGas,KalBar,0.0
NaturalGas,KalTeng,0.0
NaturalGas,KalSel,0.0
NaturalGas,KalTim,0.0
NaturalGas,KalUt,0.0
NaturalGas,SulUt,0.0
NaturalGas,Gorontalo,0.0
NaturalGas,SulTeng,0.0
NaturalGas,SulaSel,0.0
NaturalGas,SulBar,0.0
NaturalGas,SulTra,0.0
NaturalGas,Bali,0.0
NaturalGas,NTB,0.0
NaturalGas,NTT,0.0
NaturalGas,Maluku,0.0
NaturalGas,MalUt,0.0
NaturalGas,PapuaBar,0.0
NaturalGas,PapuaProv,0.0
IronOre,NAD,0.0
IronOre,SumUt,0.0
IronOre,SumBar,0.0
IronOre,RiauProv,0.0
IronOre,KepRi,0.0
IronOre,Jambi,0.0
IronOre,SumSel,0.0
IronOre,BaBel,0.0
IronOre,Bengkulu,0.026161612942814827
IronOre,Lampung,0.0
IronOre,DKI,0.0
IronOre,JaBar,0.0
IronOre,Banten,0.0
IronOre,JaTeng,0.0
IronOre,DIY,0.0
IronOre,JaTim,0.0
IronOre,KalBar,0.0
IronOre,KalTeng,0.0
IronOre,KalSel,0.9738383889198303
IronOre,KalTim,0.0
IronOre,KalUt,0.0
IronOre,SulUt,0.0
IronOre,Gorontalo,0.0
IronOre,SulTeng,0.0
IronOre,SulaSel,0.0
IronOre,SulBar,0.0
IronOre,SulTra,0.0
IronOre,Bali,0.0
IronOre,NTB,0.0
IronOre,NTT,0.0
IronOre,Maluku,0.0
IronOre,MalUt,0.0
IronOre,PapuaBar,0.0
IronOre,PapuaProv,0.0
TinOre,NAD,0.0
TinOre,SumUt,0.0
TinOre,SumBar,0.0
TinOre,RiauProv,0.0
TinOre,KepRi,0.0
TinOre,Jambi,0.0
TinOre,SumSel,0.0
TinOre,BaBel,0.0
TinOre,Bengkulu,0.0
TinOre,Lampung,0.0
TinOre,DKI,0.0
TinOre,JaBar,0.0
TinOre,Banten,0.0
TinOre,JaTeng,0.0
TinOre,DIY,0.0
TinOre,JaTim,0.0
TinOre,KalBar,0.0
TinOre,KalTeng,0.0
TinOre,KalSel,0.0
TinOre,KalTim,0.0
TinOre,KalUt,0.0
TinOre,SulUt,0.0
TinOre,Gorontalo,0.0
TinOre,SulTeng,0.0
TinOre,SulaSel,0.0
TinOre,SulBar,0.0
TinOre,SulTra,0.0
TinOre,Bali,0.0
TinOre,NTB,0.0
TinOre,NTT,0.0
TinOre,Maluku,0.0
TinOre,MalUt,0.0
TinOre,PapuaBar,0.0
TinOre,PapuaProv,0.0
BauxiteOre,NAD,0.0
BauxiteOre,SumUt,0.0
BauxiteOre,SumBar,0.0
BauxiteOre,RiauProv,0.0
BauxiteOre,KepRi,0.0
BauxiteOre,Jambi,0.0
BauxiteOre,SumSel,0.0
BauxiteOre,BaBel,0.0
BauxiteOre,Bengkulu,0.0
BauxiteOre,Lampung,0.0
BauxiteOre,DKI,0.0
BauxiteOre,JaBar,0.0
BauxiteOre,Banten,0.0
BauxiteOre,JaTeng,0.0
BauxiteOre,DIY,0.0
BauxiteOre,JaTim,0.0
BauxiteOre,KalBar,0.0
BauxiteOre,KalTeng,0.0
BauxiteOre,KalSel,0.0
BauxiteOre,KalTim,0.0
BauxiteOre,KalUt,0.0
BauxiteOre,SulUt,0.0
BauxiteOre,Gorontalo,0.0
BauxiteOre,SulTeng,0.0
BauxiteOre,SulaSel,0.0
BauxiteOre,SulBar,0.0
BauxiteOre,SulTra,0.0
BauxiteOre,Bali,0.0
BauxiteOre,NTB,0.0
BauxiteOre,NTT,0.0
BauxiteOre,Maluku,0.0
BauxiteOre,MalUt,0.0
BauxiteOre,PapuaBar,0.0
BauxiteOre,PapuaProv,0.0
CopperOre,NAD,0.0
CopperOre,SumUt,0.0
CopperOre,SumBar,0.0
CopperOre,RiauProv,0.0
CopperOre,KepRi,0.0
CopperOre,Jambi,0.0
CopperOre,SumSel,0.0
CopperOre,BaBel,0.0
CopperOre,Bengkulu,0.0
CopperOre,Lampung,0.0
CopperOre,DKI,0.0
CopperOre,JaBar,0.0
CopperOre,Banten,0.0
CopperOre,JaTeng,0.0
CopperOre,DIY,0.0
CopperOre,JaTim,0.0
CopperOre,KalBar,0.0
CopperOre,KalTeng,0.0
CopperOre,KalSel,0.0
CopperOre,KalTim,0.0
CopperOre,KalUt,0.0
CopperOre,SulUt,0.0
CopperOre,Gorontalo,0.0
CopperOre,SulTeng,0.0
CopperOre,SulaSel,0.0
CopperOre,SulBar,0.0
CopperOre,SulTra,0.0
CopperOre,Bali,0.0
CopperOre,NTB,0.2793346643447876
CopperOre,NTT,0.0
CopperOre,Maluku,0.0
CopperOre,MalUt,0.0
CopperOre,PapuaBar,0.0
CopperOre,PapuaProv,0.7206652760505676
NickelOre,NAD,0.0
NickelOre,SumUt,0.0
NickelOre,SumBar,0.0
NickelOre,RiauProv,0.0
NickelOre,KepRi,0.0
NickelOre,Jambi,0.0
NickelOre,SumSel,0.0
NickelOre,BaBel,0.0
NickelOre,Bengkulu,0.0
NickelOre,Lampung,0.0
NickelOre,DKI,0.0
NickelOre,JaBar,0.0
NickelOre,Banten,0.0
NickelOre,JaTeng,0.0
NickelOre,DIY,0.0
NickelOre,JaTim,0.0
NickelOre,KalBar,0.0
NickelOre,KalTeng,0.0
NickelOre,KalSel,0.0
NickelOre,KalTim,0.0
NickelOre,KalUt,0.0
NickelOre,SulUt,0.0
NickelOre,Gorontalo,0.0
NickelOre,SulTeng,0.0
NickelOre,SulaSel,0.0
NickelOre,SulBar,0.0
NickelOre,SulTra,0.0
NickelOre,Bali,0.0
NickelOre,NTB,0.0
NickelOre,NTT,0.0
NickelOre,Maluku,0.0
NickelOre,MalUt,0.0
NickelOre,PapuaBar,0.0
NickelOre,PapuaProv,0.0
OthMetalMine,NAD,0.0
OthMetalMine,SumUt,0.0
OthMetalMine,SumBar,0.0
OthMetalMine,RiauProv,0.0
OthMetalMine,KepRi,0.0
OthMetalMine,Jambi,0.0
OthMetalMine,SumSel,0.0
OthMetalMine,BaBel,0.0
OthMetalMine,Bengkulu,0.0
OthMetalMine,Lampung,0.0
OthMetalMine,DKI,0.10001078248023987
OthMetalMine,JaBar,0.0
OthMetalMine,Banten,0.0
OthMetalMine,JaTeng,0.0
OthMetalMine,DIY,0.0
OthMetalMine,JaTim,0.25484785437583923
OthMetalMine,KalBar,0.039763521403074265
OthMetalMine,KalTeng,0.2869093120098114
OthMetalMine,KalSel,0.31846848130226135
OthMetalMine,KalTim,0.0
OthMetalMine,KalUt,0.0
OthMetalMine,SulUt,0.0
OthMetalMine,Gorontalo,0.0
OthMetalMine,SulTeng,0.0
OthMetalMine,SulaSel,0.0
OthMetalMine,SulBar,0.0
OthMetalMine,SulTra,0.0
OthMetalMine,Bali,0.0
OthMetalMine,NTB,0.0
OthMetalMine,NTT,0.0
OthMetalMine,Maluku,0.0
OthMetalMine,MalUt,0.0
OthMetalMine,PapuaBar,0.0
OthMetalMine,PapuaProv,0.0
GoldOre,NAD,0.0
GoldOre,SumUt,0.0
GoldOre,SumBar,0.0
GoldOre,RiauProv,0.0
GoldOre,KepRi,0.0
GoldOre,Jambi,0.0
GoldOre,SumSel,0.0
GoldOre,BaBel,0.0
GoldOre,Bengkulu,0.0
GoldOre,Lampung,0.0
GoldOre,DKI,0.0
GoldOre,JaBar,0.0
GoldOre,Banten,0.0
GoldOre,JaTeng,0.0
GoldOre,DIY,0.0
GoldOre,JaTim,0.0
GoldOre,KalBar,0.0
GoldOre,KalTeng,0.0
GoldOre,KalSel,0.0
GoldOre,KalTim,0.0
GoldOre,KalUt,0.0
GoldOre,SulUt,0.0
GoldOre,Gorontalo,0.0
GoldOre,SulTeng,0.0
GoldOre,SulaSel,0.0
GoldOre,SulBar,0.0
GoldOre,SulTra,0.0
GoldOre,Bali,0.0
GoldOre,NTB,0.0
GoldOre,NTT,0.0
GoldOre,Maluku,0.0
GoldOre,MalUt,0.0
GoldOre,PapuaBar,0.0
GoldOre,PapuaProv,0.0
SilverOre,NAD,0.0
SilverOre,SumUt,0.0
SilverOre,SumBar,0.0
SilverOre,RiauProv,0.0
SilverOre,KepRi,0.0
SilverOre,Jambi,0.0
SilverOre,SumSel,0.0
SilverOre,BaBel,0.0
SilverOre,Bengkulu,0.0
SilverOre,Lampung,0.0
SilverOre,DKI,0.0
SilverOre,JaBar,0.0
SilverOre,Banten,0.0
SilverOre,JaTeng,0.0
SilverOre,DIY,0.0
SilverOre,JaTim,0.0
SilverOre,KalBar,0.0
SilverOre,KalTeng,0.0
SilverOre,KalSel,0.0
SilverOre,KalTim,0.0
SilverOre,KalUt,0.0
SilverOre,SulUt,0.0
SilverOre,Gorontalo,0.0
SilverOre,SulTeng,0.0
SilverOre,SulaSel,0.0
SilverOre,SulBar,0.0
SilverOre,SulTra,0.0
SilverOre,Bali,0.0
SilverOre,NTB,0.0
SilverOre,NTT,0.0
SilverOre,Maluku,0.0
SilverOre,MalUt,0.0
SilverOre,PapuaBar,0.0
SilverOre,PapuaProv,0.0
GalianPrd,NAD,0.00015078706201165915
GalianPrd,SumUt,0.0006772758788429201
GalianPrd,SumBar,0.0
GalianPrd,RiauProv,0.0
GalianPrd,KepRi,0.634031355381012
GalianPrd,Jambi,0.0
GalianPrd,SumSel,0.0
GalianPrd,BaBel,0.004106960259377956
GalianPrd,Bengkulu,0.0
GalianPrd,Lampung,0.0
GalianPrd,DKI,0.027819093316793442
GalianPrd,JaBar,0.0
GalianPrd,Banten,0.0
GalianPrd,JaTeng,0.0
GalianPrd,DIY,0.0
GalianPrd,JaTim,0.25469839572906494
GalianPrd,KalBar,0.0
GalianPrd,KalTeng,0.0
GalianPrd,KalSel,0.0
GalianPrd,KalTim,0.00016203627455979586
GalianPrd,KalUt,0.0
GalianPrd,SulUt,0.0006487261271104217
GalianPrd,Gorontalo,0.0
GalianPrd,SulTeng,0.0
GalianPrd,SulaSel,0.04577217251062393
GalianPrd,SulBar,0.0
GalianPrd,SulTra,0.02391141839325428
GalianPrd,Bali,1.0909545977710877e-07
GalianPrd,NTB,0.0
GalianPrd,NTT,0.0080099543556571
GalianPrd,Maluku,0.0
GalianPrd,MalUt,0.0
GalianPrd,PapuaBar,0.0
GalianPrd,PapuaProv,1.1688494851114228e-05
NonMetlMinrl,NAD,0.1686059534549713
NonMetlMinrl,SumUt,0.0
NonMetlMinrl,SumBar,0.0
NonMetlMinrl,RiauProv,0.007426661904901266
NonMetlMinrl,KepRi,0.007731554098427296
NonMetlMinrl,Jambi,0.0
NonMetlMinrl,SumSel,0.0
NonMetlMinrl,BaBel,0.0
NonMetlMinrl,Bengkulu,0.0
NonMetlMinrl,Lampung,0.00938904844224453
NonMetlMinrl,DKI,0.5886106491088867
NonMetlMinrl,JaBar,0.0
NonMetlMinrl,Banten,0.0
NonMetlMinrl,JaTeng,0.0
NonMetlMinrl,DIY,0.0
NonMetlMinrl,JaTim,0.21823075413703918
NonMetlMinrl,KalBar,0.0
NonMetlMinrl,KalTeng,0.0
NonMetlMinrl,KalSel,0.0
NonMetlMinrl,KalTim,0.0
NonMetlMinrl,KalUt,0.0
NonMetlMinrl,SulUt,0.0
NonMetlMinrl,Gorontalo,0.0
NonMetlMinrl,SulTeng,0.0
NonMetlMinrl,SulaSel,0.0
NonMetlMinrl,SulBar,0.0
NonMetlMinrl,SulTra,0.0
NonMetlMinrl,Bali,0.0
NonMetlMinrl,NTB,0.0
NonMetlMinrl,NTT,0.0
NonMetlMinrl,Maluku,0.0
NonMetlMinrl,MalUt,0.0
NonMetlMinrl,PapuaBar,0.0
NonMetlMinrl,PapuaProv,5.3987628234608565e-06
CoarseSalt,NAD,0.0
CoarseSalt,SumUt,0.0
CoarseSalt,SumBar,0.0
CoarseSalt,RiauProv,0.0
CoarseSalt,KepRi,0.0004372135445009917
CoarseSalt,Jambi,0.0
CoarseSalt,SumSel,0.0
CoarseSalt,BaBel,0.0
CoarseSalt,Bengkulu,0.0
CoarseSalt,Lampung,0.0
CoarseSalt,DKI,0.10460404306650162
CoarseSalt,JaBar,0.0
CoarseSalt,Banten,0.0
CoarseSalt,JaTeng,0.0
CoarseSalt,DIY,0.0
CoarseSalt,JaTim,0.7002642154693604
CoarseSalt,KalBar,0.0
CoarseSalt,KalTeng,0.0
CoarseSalt,KalSel,0.0
CoarseSalt,KalTim,0.0
CoarseSalt,KalUt,0.0
CoarseSalt,SulUt,0.0
CoarseSalt,Gorontalo,0.0
CoarseSalt,SulTeng,0.0
CoarseSalt,SulaSel,0.0
CoarseSalt,SulBar,0.0
CoarseSalt,SulTra,0.0
CoarseSalt,Bali,0.011842646636068821
CoarseSalt,NTB,0.0
CoarseSalt,NTT,0.1809208244085312
CoarseSalt,Maluku,0.0
CoarseSalt,MalUt,0.0
CoarseSalt,PapuaBar,0.0
CoarseSalt,PapuaProv,0.0019311251817271113
PetrolNatGas,NAD,0.0
PetrolNatGas,SumUt,0.0
PetrolNatGas,SumBar,0.0
PetrolNatGas,RiauProv,0.0
PetrolNatGas,KepRi,0.0
PetrolNatGas,Jambi,0.0
PetrolNatGas,SumSel,0.0
PetrolNatGas,BaBel,0.0
PetrolNatGas,Bengkulu,0.0
PetrolNatGas,Lampung,0.0
PetrolNatGas,DKI,0.0
PetrolNatGas,JaBar,0.0
PetrolNatGas,Banten,0.0
PetrolNatGas,JaTeng,0.0
PetrolNatGas,DIY,0.0
PetrolNatGas,JaTim,0.0
PetrolNatGas,KalBar,0.0
PetrolNatGas,KalTeng,0.0
PetrolNatGas,KalSel,0.0
PetrolNatGas,KalTim,0.0
PetrolNatGas,KalUt,0.0
PetrolNatGas,SulUt,0.0
PetrolNatGas,Gorontalo,0.0
PetrolNatGas,SulTeng,0.0
PetrolNatGas,SulaSel,0.0
PetrolNatGas,SulBar,0.0
PetrolNatGas,SulTra,0.0
PetrolNatGas,Bali,0.0
PetrolNatGas,NTB,0.0
PetrolNatGas,NTT,0.0
PetrolNatGas,Maluku,0.0
PetrolNatGas,MalUt,0.0
PetrolNatGas,PapuaBar,0.0
PetrolNatGas,PapuaProv,0.0
OthMiningQry,NAD,0.0
OthMiningQry,SumUt,0.0
OthMiningQry,SumBar,0.0
OthMiningQry,RiauProv,0.0
OthMiningQry,KepRi,0.0
OthMiningQry,Jambi,0.0
OthMiningQry,SumSel,0.0
OthMiningQry,BaBel,0.0
OthMiningQry,Bengkulu,0.0
OthMiningQry,Lampung,0.0
OthMiningQry,DKI,0.0
OthMiningQry,JaBar,0.0
OthMiningQry,Banten,0.0
OthMiningQry,JaTeng,0.0
OthMiningQry,DIY,0.0
OthMiningQry,JaTim,0.0
OthMiningQry,KalBar,0.0
OthMiningQry,KalTeng,0.0
OthMiningQry,KalSel,0.0
OthMiningQry,KalTim,0.0
OthMiningQry,KalUt,0.0
OthMiningQry,SulUt,0.0
OthMiningQry,Gorontalo,0.0
OthMiningQry,SulTeng,0.0
OthMiningQry,SulaSel,0.0
OthMiningQry,SulBar,0.0
OthMiningQry,SulTra,0.0
OthMiningQry,Bali,0.0
OthMiningQry,NTB,0.0
OthMiningQry,NTT,0.0
OthMiningQry,Maluku,0.0
OthMiningQry,MalUt,0.0
OthMiningQry,PapuaBar,0.0
OthMiningQry,PapuaProv,0.0
Abattoir,NAD,0.0
Abattoir,SumUt,0.007401382550597191
Abattoir,SumBar,0.0
Abattoir,RiauProv,0.0
Abattoir,KepRi,8.526080250703671e-07
Abattoir,Jambi,0.0
Abattoir,SumSel,0.0
Abattoir,BaBel,0.0
Abattoir,Bengkulu,0.0
Abattoir,Lampung,0.0
Abattoir,DKI,0.42895540595054626
Abattoir,JaBar,0.0
Abattoir,Banten,0.0
Abattoir,JaTeng,0.09303008764982224
Abattoir,DIY,0.0
Abattoir,JaTim,0.4607905149459839
Abattoir,KalBar,0.00031221233075484633
Abattoir,KalTeng,0.0
Abattoir,KalSel,0.0
Abattoir,KalTim,0.0
Abattoir,KalUt,0.0
Abattoir,SulUt,0.0
Abattoir,Gorontalo,0.0
Abattoir,SulTeng,0.0
Abattoir,SulaSel,0.0
Abattoir,SulBar,0.0
Abattoir,SulTra,0.0
Abattoir,Bali,0.007239146623760462
Abattoir,NTB,0.0
Abattoir,NTT,0.0022597708739340305
Abattoir,Maluku,0.0
Abattoir,MalUt,0.0
Abattoir,PapuaBar,0.0
Abattoir,PapuaProv,1.0627080882841256e-05
MeatProcessg,NAD,0.0
MeatProcessg,SumUt,0.13971741497516632
MeatProcessg,SumBar,0.0
MeatProcessg,RiauProv,0.0
MeatProcessg,KepRi,0.0
MeatProcessg,Jambi,0.0
MeatProcessg,SumSel,0.14508892595767975
MeatProcessg,BaBel,0.0
MeatProcessg,Bengkulu,0.0
MeatProcessg,Lampung,0.0
MeatProcessg,DKI,0.0007159423548728228
MeatProcessg,JaBar,0.00024137187574524432
MeatProcessg,Banten,0.0
MeatProcessg,JaTeng,0.0729246661067009
MeatProcessg,DIY,0.0
MeatProcessg,JaTim,0.6413117051124573
MeatProcessg,KalBar,0.0
MeatProcessg,KalTeng,0.0
MeatProcessg,KalSel,0.0
MeatProcessg,KalTim,0.0
MeatProcessg,KalUt,0.0
MeatProcessg,SulUt,0.0
MeatProcessg,Gorontalo,0.0
MeatProcessg,SulTeng,0.0
MeatProcessg,SulaSel,0.0
MeatProcessg,SulBar,0.0
MeatProcessg,SulTra,0.0
MeatProcessg,Bali,0.0
MeatProcessg,NTB,0.0
MeatProcessg,NTT,0.0
MeatProcessg,Maluku,0.0
MeatProcessg,MalUt,0.0
MeatProcessg,PapuaBar,0.0
MeatProcessg,PapuaProv,0.0
DriedFish,NAD,0.0
DriedFish,SumUt,0.05345983803272247
DriedFish,SumBar,1.0107858543051407e-05
DriedFish,RiauProv,0.0007929548737592995
DriedFish,KepRi,0.00010819652379723266
DriedFish,Jambi,0.0
DriedFish,SumSel,8.322689245687798e-05
DriedFish,BaBel,0.0
DriedFish,Bengkulu,0.0
DriedFish,Lampung,0.18123795092105865
DriedFish,DKI,0.1273099035024643
DriedFish,JaBar,0.0
DriedFish,Banten,0.0
DriedFish,JaTeng,0.09014918655157089
DriedFish,DIY,3.102443457692061e-08
DriedFish,JaTim,0.48861438035964966
DriedFish,KalBar,6.042778113624081e-05
DriedFish,KalTeng,0.0
DriedFish,KalSel,0.0
DriedFish,KalTim,3.313356501166709e-05
DriedFish,KalUt,0.0011464785784482956
DriedFish,SulUt,0.000286867783870548
DriedFish,Gorontalo,0.0
DriedFish,SulTeng,0.0
DriedFish,SulaSel,0.05662624165415764
DriedFish,SulBar,0.0
DriedFish,SulTra,0.0
DriedFish,Bali,6.039982508809771e-06
DriedFish,NTB,4.825061751034809e-06
DriedFish,NTT,7.023540092632174e-05
DriedFish,Maluku,0.0
DriedFish,MalUt,0.0
DriedFish,PapuaBar,0.0
DriedFish,PapuaProv,0.0
FishProcess,NAD,0.00011707524390658364
FishProcess,SumUt,0.08439286798238754
FishProcess,SumBar,1.825431013458001e-06
FishProcess,RiauProv,0.0018809238681569695
FishProcess,KepRi,0.0005500786355696619
FishProcess,Jambi,0.0
FishProcess,SumSel,0.002214382402598858
FishProcess,BaBel,0.0007954742759466171
FishProcess,Bengkulu,0.0
FishProcess,Lampung,0.03918982669711113
FishProcess,DKI,0.3470037281513214
FishProcess,JaBar,3.622030999395065e-05
FishProcess,Banten,0.0
FishProcess,JaTeng,0.03175393491983414
FishProcess,DIY,8.105812594294548e-05
FishProcess,JaTim,0.41583114862442017
FishProcess,KalBar,0.0022150648292154074
FishProcess,KalTeng,0.0
FishProcess,KalSel,4.24946665589232e-05
FishProcess,KalTim,0.0006453993264585733
FishProcess,KalUt,0.020566288381814957
FishProcess,SulUt,0.026838140562176704
FishProcess,Gorontalo,0.0
FishProcess,SulTeng,0.0
FishProcess,SulaSel,0.02097022533416748
FishProcess,SulBar,0.0
FishProcess,SulTra,0.0
FishProcess,Bali,0.004227167926728725
FishProcess,NTB,3.1704377761343494e-05
FishProcess,NTT,9.709664482215885e-06
FishProcess,Maluku,8.964243897935376e-05
FishProcess,MalUt,0.0
FishProcess,PapuaBar,0.0004967946442775428
FishProcess,PapuaProv,1.8852168068406172e-05
VegFruitProc,NAD,0.0
VegFruitProc,SumUt,0.01749592460691929
VegFruitProc,SumBar,0.01579456776380539
VegFruitProc,RiauProv,0.22606831789016724
VegFruitProc,KepRi,0.0007267871405929327
VegFruitProc,Jambi,6.319441308733076e-05
VegFruitProc,SumSel,0.0
VegFruitProc,BaBel,0.0
VegFruitProc,Bengkulu,0.0
VegFruitProc,Lampung,0.3830801844596863
VegFruitProc,DKI,0.06260162591934204
VegFruitProc,JaBar,0.0001270340580958873
VegFruitProc,Banten,0.0
VegFruitProc,JaTeng,0.037152696400880814
VegFruitProc,DIY,1.594877176103182e-05
VegFruitProc,JaTim,0.10600034892559052
VegFruitProc,KalBar,5.234188574831933e-05
VegFruitProc,KalTeng,0.0
VegFruitProc,KalSel,0.0
VegFruitProc,KalTim,0.0
VegFruitProc,KalUt,6.2145418269210495e-06
VegFruitProc,SulUt,5.900690666749142e-05
VegFruitProc,Gorontalo,0.0
VegFruitProc,SulTeng,0.0
VegFruitProc,SulaSel,0.1504552960395813
VegFruitProc,SulBar,0.0
VegFruitProc,SulTra,0.0
VegFruitProc,Bali,0.000129685242427513
VegFruitProc,NTB,0.00015173020074144006
VegFruitProc,NTT,1.739319668558892e-05
VegFruitProc,Maluku,0.0
VegFruitProc,MalUt,0.0
VegFruitProc,PapuaBar,0.0
VegFruitProc,PapuaProv,1.7215929801750463e-06
EdibleOils,NAD,0.0
EdibleOils,SumUt,0.2045545130968094
EdibleOils,SumBar,0.06336464732885361
EdibleOils,RiauProv,0.36219191551208496
EdibleOils,KepRi,0.04832911491394043
EdibleOils,Jambi,0.004522895440459251
EdibleOils,SumSel,0.008165345527231693
EdibleOils,BaBel,0.0065570673905313015
EdibleOils,Bengkulu,0.0
EdibleOils,Lampung,0.07197164744138718
EdibleOils,DKI,0.026594340801239014
EdibleOils,JaBar,0.0
EdibleOils,Banten,0.0008306708768941462
EdibleOils,JaTeng,0.007563612423837185
EdibleOils,DIY,0.0
EdibleOils,JaTim,0.05671783536672592
EdibleOils,KalBar,0.0037248809821903706
EdibleOils,KalTeng,0.011923303827643394
EdibleOils,KalSel,0.06531615555286407
EdibleOils,KalTim,0.02012699842453003
EdibleOils,KalUt,0.0018959629815071821
EdibleOils,SulUt,0.0154736852273345
EdibleOils,Gorontalo,8.258157322416082e-05
EdibleOils,SulTeng,0.02005670964717865
EdibleOils,SulaSel,3.130678669549525e-05
EdibleOils,SulBar,0.0
EdibleOils,SulTra,0.0
EdibleOils,Bali,2.0554088564495032e-07
EdibleOils,NTB,0.0
EdibleOils,NTT,9.840648296233212e-09
EdibleOils,Maluku,0.0
EdibleOils,MalUt,0.0
EdibleOils,PapuaBar,0.0
EdibleOils,PapuaProv,4.569612428895198e-06
Copra,NAD,3.3819567590853694e-08
Copra,SumUt,0.10222714394330978
Copra,SumBar,0.0
Copra,RiauProv,0.11674662679433823
Copra,KepRi,0.0
Copra,Jambi,0.11400043964385986
Copra,SumSel,0.0
Copra,BaBel,0.0
Copra,Bengkulu,0.0
Copra,Lampung,0.0
Copra,DKI,0.007774564903229475
Copra,JaBar,0.0
Copra,Banten,0.0
Copra,JaTeng,0.006803428288549185
Copra,DIY,0.0
Copra,JaTim,0.11344877630472183
Copra,KalBar,0.0014362643705680966
Copra,KalTeng,0.0
Copra,KalSel,0.0
Copra,KalTim,0.0
Copra,KalUt,0.0
Copra,SulUt,0.5232058167457581
Copra,Gorontalo,0.0
Copra,SulTeng,0.014350869692862034
Copra,SulaSel,1.6194986756090657e-06
Copra,SulBar,0.0
Copra,SulTra,0.0
Copra,Bali,4.078035829024884e-07
Copra,NTB,0.0
Copra,NTT,0.0
Copra,Maluku,0.0
Copra,MalUt,0.0
Copra,PapuaBar,0.0
Copra,PapuaProv,4.02814202971058e-06
DairyPrd,NAD,0.0
DairyPrd,SumUt,1.1529946277732961e-05
DairyPrd,SumBar,0.0
DairyPrd,RiauProv,0.0
DairyPrd,KepRi,7.815978460712358e-05
DairyPrd,Jambi,0.0
DairyPrd,SumSel,0.0
DairyPrd,BaBel,0.0
DairyPrd,Bengkulu,0.0
DairyPrd,Lampung,0.0
DairyPrd,DKI,0.8878870606422424
DairyPrd,JaBar,0.006183356512337923
DairyPrd,Banten,0.0
DairyPrd,JaTeng,0.0018018767004832625
DairyPrd,DIY,0.0
DairyPrd,JaTim,0.09351450949907303
DairyPrd,KalBar,0.0002687258820515126
DairyPrd,KalTeng,0.0
DairyPrd,KalSel,0.0
DairyPrd,KalTim,0.0
DairyPrd,KalUt,9.925730410031974e-06
DairyPrd,SulUt,0.0
DairyPrd,Gorontalo,0.0
DairyPrd,SulTeng,0.0
DairyPrd,SulaSel,0.0
DairyPrd,SulBar,0.0
DairyPrd,SulTra,0.0
DairyPrd,Bali,2.4382075025641825e-07
DairyPrd,NTB,0.0
DairyPrd,NTT,0.009777721017599106
DairyPrd,Maluku,0.0
DairyPrd,MalUt,0.0
DairyPrd,PapuaBar,0.0
DairyPrd,PapuaProv,0.00046682203537784517
OthFlour,NAD,6.081842940375282e-08
OthFlour,SumUt,0.023974694311618805
OthFlour,SumBar,0.0
OthFlour,RiauProv,0.07414531707763672
OthFlour,KepRi,0.00029640598222613335
OthFlour,Jambi,0.0
OthFlour,SumSel,6.037303705852537e-07
OthFlour,BaBel,0.0
OthFlour,Bengkulu,0.0
OthFlour,Lampung,0.15185411274433136
OthFlour,DKI,0.35297533869743347
OthFlour,JaBar,2.4759927327977493e-05
OthFlour,Banten,0.0
OthFlour,JaTeng,0.1842959076166153
OthFlour,DIY,1.1800156244134996e-05
OthFlour,JaTim,0.15580233931541443
OthFlour,KalBar,0.0019674678333103657
OthFlour,KalTeng,0.0
OthFlour,KalSel,0.0
OthFlour,KalTim,0.0
OthFlour,KalUt,7.247327448567376e-05
OthFlour,SulUt,0.006407532375305891
OthFlour,Gorontalo,0.0
OthFlour,SulTeng,0.0
OthFlour,SulaSel,0.04666125029325485
OthFlour,SulBar,0.0
OthFlour,SulTra,0.0
OthFlour,Bali,0.0012872437946498394
OthFlour,NTB,0.0
OthFlour,NTT,2.7218549803365022e-05
OthFlour,Maluku,4.9047989705286454e-06
OthFlour,MalUt,0.0
OthFlour,PapuaBar,0.0
OthFlour,PapuaProv,0.00019057637837249786
WheatFlour,NAD,0.0
WheatFlour,SumUt,0.045637346804142
WheatFlour,SumBar,0.0
WheatFlour,RiauProv,0.007063080556690693
WheatFlour,KepRi,0.0005293958238326013
WheatFlour,Jambi,0.0
WheatFlour,SumSel,0.0
WheatFlour,BaBel,0.0
WheatFlour,Bengkulu,0.0
WheatFlour,Lampung,0.0004123136168345809
WheatFlour,DKI,0.5610805153846741
WheatFlour,JaBar,0.0
WheatFlour,Banten,0.0
WheatFlour,JaTeng,0.0008077815873548388
WheatFlour,DIY,0.0
WheatFlour,JaTim,0.09640610218048096
WheatFlour,KalBar,0.0
WheatFlour,KalTeng,0.0
WheatFlour,KalSel,0.0
WheatFlour,KalTim,0.0
WheatFlour,KalUt,7.850188012525905e-06
WheatFlour,SulUt,0.0
WheatFlour,Gorontalo,0.0
WheatFlour,SulTeng,0.0
WheatFlour,SulaSel,0.2877154052257538
WheatFlour,SulBar,0.0
WheatFlour,SulTra,0.0
WheatFlour,Bali,0.0
WheatFlour,NTB,0.0
WheatFlour,NTT,3.0627878004452214e-05
WheatFlour,Maluku,8.543764806745457e-08
WheatFlour,MalUt,0.0
WheatFlour,PapuaBar,0.0
WheatFlour,PapuaProv,0.0003094897256232798
RiceMilling,NAD,0.0
RiceMilling,SumUt,0.0
RiceMilling,SumBar,0.0
RiceMilling,RiauProv,0.0
RiceMilling,KepRi,0.0
RiceMilling,Jambi,0.0
RiceMilling,SumSel,0.0
RiceMilling,BaBel,0.0
RiceMilling,Bengkulu,0.0
RiceMilling,Lampung,0.0
RiceMilling,DKI,0.9861053824424744
RiceMilling,JaBar,0.0
RiceMilling,Banten,0.0
RiceMilling,JaTeng,0.0019400464370846748
RiceMilling,DIY,0.0
RiceMilling,JaTim,0.008505096659064293
RiceMilling,KalBar,0.0
RiceMilling,KalTeng,0.0
RiceMilling,KalSel,0.0
RiceMilling,KalTim,0.0
RiceMilling,KalUt,0.0
RiceMilling,SulUt,0.0
RiceMilling,Gorontalo,0.0
RiceMilling,SulTeng,0.0
RiceMilling,SulaSel,0.0
RiceMilling,SulBar,0.0
RiceMilling,SulTra,0.0
RiceMilling,Bali,0.0
RiceMilling,NTB,0.0
RiceMilling,NTT,0.0
RiceMilling,Maluku,0.0015002760337665677
RiceMilling,MalUt,0.0
RiceMilling,PapuaBar,0.0
RiceMilling,PapuaProv,0.0019492076244205236
BreadBiscuit,NAD,0.0
BreadBiscuit,SumUt,0.005629046820104122
BreadBiscuit,SumBar,0.0
BreadBiscuit,RiauProv,0.0011092603672295809
BreadBiscuit,KepRi,0.0004218517569825053
BreadBiscuit,Jambi,0.0
BreadBiscuit,SumSel,0.0002617881982587278
BreadBiscuit,BaBel,0.0
BreadBiscuit,Bengkulu,0.0
BreadBiscuit,Lampung,0.0006085567874833941
BreadBiscuit,DKI,0.8813275694847107
BreadBiscuit,JaBar,1.2218772099004127e-05
BreadBiscuit,Banten,0.0
BreadBiscuit,JaTeng,0.005661232862621546
BreadBiscuit,DIY,9.695608241599984e-06
BreadBiscuit,JaTim,0.1024712398648262
BreadBiscuit,KalBar,0.0016074401792138815
BreadBiscuit,KalTeng,0.0
BreadBiscuit,KalSel,0.0
BreadBiscuit,KalTim,0.0
BreadBiscuit,KalUt,9.883839084068313e-05
BreadBiscuit,SulUt,0.0
BreadBiscuit,Gorontalo,0.0
BreadBiscuit,SulTeng,0.0
BreadBiscuit,SulaSel,0.0
BreadBiscuit,SulBar,0.0
BreadBiscuit,SulTra,0.0
BreadBiscuit,Bali,0.00016158039215952158
BreadBiscuit,NTB,0.0
BreadBiscuit,NTT,0.0005291420966386795
BreadBiscuit,Maluku,0.0
BreadBiscuit,MalUt,0.0
BreadBiscuit,PapuaBar,0.0
BreadBiscuit,PapuaProv,9.051452070707455e-05
Sugar,NAD,0.003440655767917633
Sugar,SumUt,0.036061231046915054
Sugar,SumBar,0.0
Sugar,RiauProv,0.0
Sugar,KepRi,0.0020176738034933805
Sugar,Jambi,0.0
Sugar,SumSel,0.000799137051217258
Sugar,BaBel,0.0
Sugar,Bengkulu,0.0
Sugar,Lampung,0.48943808674812317
Sugar,DKI,0.03936653211712837
Sugar,JaBar,0.0
Sugar,Banten,0.0
Sugar,JaTeng,0.120298832654953
Sugar,DIY,0.0
Sugar,JaTim,0.18507124483585358
Sugar,KalBar,0.00040213510510511696
Sugar,KalTeng,0.0
Sugar,KalSel,0.0
Sugar,KalTim,0.0
Sugar,KalUt,0.0006320722750388086
Sugar,SulUt,0.0
Sugar,Gorontalo,0.0481242910027504
Sugar,SulTeng,0.0
Sugar,SulaSel,0.07425425946712494
Sugar,SulBar,0.0
Sugar,SulTra,0.0
Sugar,Bali,1.4553237406289554e-06
Sugar,NTB,0.0
Sugar,NTT,4.902757154923165e-06
Sugar,Maluku,0.0
Sugar,MalUt,0.0
Sugar,PapuaBar,0.0
Sugar,PapuaProv,8.748142863623798e-05
Confectionry,NAD,0.0
Confectionry,SumUt,0.00266723963432014
Confectionry,SumBar,0.0
Confectionry,RiauProv,0.0
Confectionry,KepRi,0.346892386674881
Confectionry,Jambi,0.0
Confectionry,SumSel,0.0
Confectionry,BaBel,0.0
Confectionry,Bengkulu,0.0
Confectionry,Lampung,6.53146198601462e-05
Confectionry,DKI,0.3131985366344452
Confectionry,JaBar,1.6941847036378022e-07
Confectionry,Banten,0.0
Confectionry,JaTeng,0.002008468145504594
Confectionry,DIY,0.0
Confectionry,JaTim,0.19880974292755127
Confectionry,KalBar,0.00011101551353931427
Confectionry,KalTeng,0.0
Confectionry,KalSel,0.0
Confectionry,KalTim,0.0
Confectionry,KalUt,1.4524461221299134e-05
Confectionry,SulUt,0.0
Confectionry,Gorontalo,0.0
Confectionry,SulTeng,0.0
Confectionry,SulaSel,0.1349739283323288
Confectionry,SulBar,0.0
Confectionry,SulTra,0.0010707620531320572
Confectionry,Bali,8.184304169844836e-05
Confectionry,NTB,0.0
Confectionry,NTT,7.528123387601227e-05
Confectionry,Maluku,0.0
Confectionry,MalUt,0.0
Confectionry,PapuaBar,0.0
Confectionry,PapuaProv,3.0787054129177704e-05
PastaNoodle,NAD,0.0
PastaNoodle,SumUt,0.04894737899303436
PastaNoodle,SumBar,0.0
PastaNoodle,RiauProv,7.186977018136531e-05
PastaNoodle,KepRi,0.0007439657347276807
PastaNoodle,Jambi,0.0
PastaNoodle,SumSel,0.0
PastaNoodle,BaBel,0.0
PastaNoodle,Bengkulu,0.0
PastaNoodle,Lampung,0.0
PastaNoodle,DKI,0.5716744661331177
PastaNoodle,JaBar,0.0
PastaNoodle,Banten,0.0
PastaNoodle,JaTeng,0.0022727493196725845
PastaNoodle,DIY,0.0
PastaNoodle,JaTim,0.3719203472137451
PastaNoodle,KalBar,0.0012526416685432196
PastaNoodle,KalTeng,0.0
PastaNoodle,KalSel,0.0
PastaNoodle,KalTim,0.0
PastaNoodle,KalUt,0.000267529598204419
PastaNoodle,SulUt,0.0
PastaNoodle,Gorontalo,0.0
PastaNoodle,SulTeng,0.0
PastaNoodle,SulaSel,0.0
PastaNoodle,SulBar,0.0
PastaNoodle,SulTra,0.0
PastaNoodle,Bali,0.0
PastaNoodle,NTB,0.0
PastaNoodle,NTT,0.002277510240674019
PastaNoodle,Maluku,0.0
PastaNoodle,MalUt,0.0
PastaNoodle,PapuaBar,0.0
PastaNoodle,PapuaProv,0.0005714968428947031
CoffeeProc,NAD,9.598248652764596e-06
CoffeeProc,SumUt,0.07837838679552078
CoffeeProc,SumBar,0.0
CoffeeProc,RiauProv,0.0
CoffeeProc,KepRi,4.1025438690667215e-07
CoffeeProc,Jambi,0.0
CoffeeProc,SumSel,0.0
CoffeeProc,BaBel,0.0
CoffeeProc,Bengkulu,0.0
CoffeeProc,Lampung,0.019642364233732224
CoffeeProc,DKI,0.8312692642211914
CoffeeProc,JaBar,1.2968888768227771e-05
CoffeeProc,Banten,0.0
CoffeeProc,JaTeng,0.00352158909663558
CoffeeProc,DIY,0.0
CoffeeProc,JaTim,0.06699767708778381
CoffeeProc,KalBar,0.0
CoffeeProc,KalTeng,0.0
CoffeeProc,KalSel,0.0
CoffeeProc,KalTim,0.0
CoffeeProc,KalUt,0.0
CoffeeProc,SulUt,0.0
CoffeeProc,Gorontalo,0.0
CoffeeProc,SulTeng,0.0
CoffeeProc,SulaSel,0.0
CoffeeProc,SulBar,0.0
CoffeeProc,SulTra,0.0
CoffeeProc,Bali,9.735180356074125e-05
CoffeeProc,NTB,0.0
CoffeeProc,NTT,4.2728402149805333e-07
CoffeeProc,Maluku,0.0
CoffeeProc,MalUt,0.0
CoffeeProc,PapuaBar,0.0
CoffeeProc,PapuaProv,6.989989924477413e-05
TeaProc,NAD,0.0
TeaProc,SumUt,0.1376643031835556
TeaProc,SumBar,0.0
TeaProc,RiauProv,0.00010123289393959567
TeaProc,KepRi,0.0004404491337481886
TeaProc,Jambi,0.0
TeaProc,SumSel,0.011068638414144516
TeaProc,BaBel,0.0
TeaProc,Bengkulu,0.0
TeaProc,Lampung,0.0
TeaProc,DKI,0.7994363307952881
TeaProc,JaBar,0.014735025353729725
TeaProc,Banten,0.0
TeaProc,JaTeng,0.004439191892743111
TeaProc,DIY,0.0
TeaProc,JaTim,0.030638331547379494
TeaProc,KalBar,0.001226550666615367
TeaProc,KalTeng,0.0
TeaProc,KalSel,0.0
TeaProc,KalTim,0.0
TeaProc,KalUt,0.00019619536760728806
TeaProc,SulUt,0.0
TeaProc,Gorontalo,0.0
TeaProc,SulTeng,0.0
TeaProc,SulaSel,0.0
TeaProc,SulBar,0.0
TeaProc,SulTra,0.0
TeaProc,Bali,3.481738531263545e-06
TeaProc,NTB,0.0
TeaProc,NTT,4.556998101179488e-05
TeaProc,Maluku,0.0
TeaProc,MalUt,0.0
TeaProc,PapuaBar,0.0
TeaProc,PapuaProv,4.64544382339227e-06
SoyProcessed,NAD,3.9300120988627896e-05
SoyProcessed,SumUt,0.011155608110129833
SoyProcessed,SumBar,0.0
SoyProcessed,RiauProv,0.00014030486636329442
SoyProcessed,KepRi,0.0009483880712650716
SoyProcessed,Jambi,0.0
SoyProcessed,SumSel,0.0
SoyProcessed,BaBel,0.0
SoyProcessed,Bengkulu,0.0
SoyProcessed,Lampung,0.0
SoyProcessed,DKI,0.9033956527709961
SoyProcessed,JaBar,1.2436079543931555e-07
SoyProcessed,Banten,0.0
SoyProcessed,JaTeng,0.0011729125399142504
SoyProcessed,DIY,1.0671514019122696e-06
SoyProcessed,JaTim,0.07635755091905594
SoyProcessed,KalBar,0.00501202791929245
SoyProcessed,KalTeng,0.0
SoyProcessed,KalSel,0.0
SoyProcessed,KalTim,0.0
SoyProcessed,KalUt,0.0009754523052833974
SoyProcessed,SulUt,0.0
SoyProcessed,Gorontalo,0.0
SoyProcessed,SulTeng,0.0
SoyProcessed,SulaSel,0.0
SoyProcessed,SulBar,0.0
SoyProcessed,SulTra,0.0
SoyProcessed,Bali,3.515155549393967e-05
SoyProcessed,NTB,3.471061305049261e-08
SoyProcessed,NTT,0.0005987900658510625
SoyProcessed,Maluku,0.0
SoyProcessed,MalUt,0.0
SoyProcessed,PapuaBar,0.0
SoyProcessed,PapuaProv,0.0001675966486800462
OthFood,NAD,0.0
OthFood,SumUt,0.06048383191227913
OthFood,SumBar,0.04384405538439751
OthFood,RiauProv,3.150326301692985e-05
OthFood,KepRi,0.00041435903403908014
OthFood,Jambi,0.0
OthFood,SumSel,0.0001783715997589752
OthFood,BaBel,0.0
OthFood,Bengkulu,0.0
OthFood,Lampung,0.02464480884373188
OthFood,DKI,0.3902070224285126
OthFood,JaBar,1.724780531731085e-07
OthFood,Banten,0.0
OthFood,JaTeng,0.10900694131851196
OthFood,DIY,8.720843470655382e-05
OthFood,JaTim,0.3270794451236725
OthFood,KalBar,0.0011272309347987175
OthFood,KalTeng,0.0
OthFood,KalSel,0.0
OthFood,KalTim,1.1003224244632293e-05
OthFood,KalUt,0.0003145372902508825
OthFood,SulUt,0.0266976747661829
OthFood,Gorontalo,0.0
OthFood,SulTeng,0.0
OthFood,SulaSel,0.015360220335423946
OthFood,SulBar,0.0
OthFood,SulTra,0.0
OthFood,Bali,0.00041344951023347676
OthFood,NTB,1.631338442109609e-08
OthFood,NTT,9.421143477084115e-05
OthFood,Maluku,0.0
OthFood,MalUt,0.0
OthFood,PapuaBar,0.0
OthFood,PapuaProv,3.950119662476936e-06
AnimalFeed,NAD,0.0
AnimalFeed,SumUt,0.14237944781780243
AnimalFeed,SumBar,0.0
AnimalFeed,RiauProv,0.0
AnimalFeed,KepRi,0.0
AnimalFeed,Jambi,0.0
AnimalFeed,SumSel,0.0
AnimalFeed,BaBel,0.0
AnimalFeed,Bengkulu,0.0
AnimalFeed,Lampung,0.011400334537029266
AnimalFeed,DKI,0.5227643251419067
AnimalFeed,JaBar,0.0
AnimalFeed,Banten,0.0
AnimalFeed,JaTeng,0.0
AnimalFeed,DIY,0.0
AnimalFeed,JaTim,0.32322269678115845
AnimalFeed,KalBar,0.0
AnimalFeed,KalTeng,0.0
AnimalFeed,KalSel,0.0
AnimalFeed,KalTim,0.0
AnimalFeed,KalUt,0.0
AnimalFeed,SulUt,0.0
AnimalFeed,Gorontalo,0.0
AnimalFeed,SulTeng,0.0
AnimalFeed,SulaSel,0.0
AnimalFeed,SulBar,0.0
AnimalFeed,SulTra,0.0
AnimalFeed,Bali,0.0
AnimalFeed,NTB,0.0
AnimalFeed,NTT,0.0002267268719151616
AnimalFeed,Maluku,0.0
AnimalFeed,MalUt,0.0
AnimalFeed,PapuaBar,0.0
AnimalFeed,PapuaProv,6.481093805632554e-06
AlcoBeverage,NAD,0.0
AlcoBeverage,SumUt,6.060668056306895e-07
AlcoBeverage,SumBar,0.0
AlcoBeverage,RiauProv,0.0
AlcoBeverage,KepRi,0.004426324274390936
AlcoBeverage,Jambi,0.0
AlcoBeverage,SumSel,0.0
AlcoBeverage,BaBel,0.0
AlcoBeverage,Bengkulu,0.0
AlcoBeverage,Lampung,0.31748563051223755
AlcoBeverage,DKI,0.3536932170391083
AlcoBeverage,JaBar,0.0
AlcoBeverage,Banten,0.0
AlcoBeverage,JaTeng,0.02787366509437561
AlcoBeverage,DIY,0.0
AlcoBeverage,JaTim,0.29196804761886597
AlcoBeverage,KalBar,0.0
AlcoBeverage,KalTeng,0.0
AlcoBeverage,KalSel,0.0
AlcoBeverage,KalTim,0.0
AlcoBeverage,KalUt,0.0
AlcoBeverage,SulUt,0.0
AlcoBeverage,Gorontalo,0.0
AlcoBeverage,SulTeng,0.0
AlcoBeverage,SulaSel,0.0023998464457690716
AlcoBeverage,SulBar,0.0
AlcoBeverage,SulTra,0.0
AlcoBeverage,Bali,0.0021380598191171885
AlcoBeverage,NTB,0.0
AlcoBeverage,NTT,4.290901415515691e-06
AlcoBeverage,Maluku,0.0
AlcoBeverage,MalUt,0.0
AlcoBeverage,PapuaBar,0.0
AlcoBeverage,PapuaProv,1.0313442544429563e-05
NonAlcoBev,NAD,0.0
NonAlcoBev,SumUt,0.010590529069304466
NonAlcoBev,SumBar,0.01264856569468975
NonAlcoBev,RiauProv,0.23813730478286743
NonAlcoBev,KepRi,0.005172965116798878
NonAlcoBev,Jambi,0.0
NonAlcoBev,SumSel,0.0
NonAlcoBev,BaBel,0.0
NonAlcoBev,Bengkulu,0.0
NonAlcoBev,Lampung,0.0
NonAlcoBev,DKI,0.4140089750289917
NonAlcoBev,JaBar,5.856825069372462e-08
NonAlcoBev,Banten,0.0
NonAlcoBev,JaTeng,0.00010651806223904714
NonAlcoBev,DIY,0.0
NonAlcoBev,JaTim,0.3041928708553314
NonAlcoBev,KalBar,0.003118914784863591
NonAlcoBev,KalTeng,0.0
NonAlcoBev,KalSel,0.0
NonAlcoBev,KalTim,0.0
NonAlcoBev,KalUt,0.00020005580154247582
NonAlcoBev,SulUt,0.0
NonAlcoBev,Gorontalo,0.0
NonAlcoBev,SulTeng,0.0
NonAlcoBev,SulaSel,0.0
NonAlcoBev,SulBar,0.0
NonAlcoBev,SulTra,0.0
NonAlcoBev,Bali,0.00011691050895024091
NonAlcoBev,NTB,0.0
NonAlcoBev,NTT,0.009427874349057674
NonAlcoBev,Maluku,0.0
NonAlcoBev,MalUt,0.0
NonAlcoBev,PapuaBar,0.0
NonAlcoBev,PapuaProv,0.0022784476168453693
Cigarettes,NAD,0.0
Cigarettes,SumUt,0.389544814825058
Cigarettes,SumBar,0.0
Cigarettes,RiauProv,0.12439074367284775
Cigarettes,KepRi,0.05246449261903763
Cigarettes,Jambi,0.0
Cigarettes,SumSel,0.000282900407910347
Cigarettes,BaBel,0.0
Cigarettes,Bengkulu,0.0
Cigarettes,Lampung,0.0
Cigarettes,DKI,0.12493888288736343
Cigarettes,JaBar,0.0
Cigarettes,Banten,0.0
Cigarettes,JaTeng,0.0025073252618312836
Cigarettes,DIY,0.0
Cigarettes,JaTim,0.2609485983848572
Cigarettes,KalBar,0.01555157545953989
Cigarettes,KalTeng,0.0
Cigarettes,KalSel,0.0
Cigarettes,KalTim,0.0
Cigarettes,KalUt,0.028567727655172348
Cigarettes,SulUt,0.0004608033050317317
Cigarettes,Gorontalo,0.0
Cigarettes,SulTeng,0.0
Cigarettes,SulaSel,0.0
Cigarettes,SulBar,0.0
Cigarettes,SulTra,0.0
Cigarettes,Bali,4.32282940892037e-05
Cigarettes,NTB,0.0
Cigarettes,NTT,0.0002476158260833472
Cigarettes,Maluku,0.0
Cigarettes,MalUt,0.0
Cigarettes,PapuaBar,0.0
Cigarettes,PapuaProv,5.1283750508446246e-05
TobaccoPrd,NAD,0.0
TobaccoPrd,SumUt,0.0010768811916932464
TobaccoPrd,SumBar,0.0
TobaccoPrd,RiauProv,0.0
TobaccoPrd,KepRi,0.006339398678392172
TobaccoPrd,Jambi,0.0
TobaccoPrd,SumSel,0.0
TobaccoPrd,BaBel,0.0
TobaccoPrd,Bengkulu,0.0
TobaccoPrd,Lampung,0.0
TobaccoPrd,DKI,0.23629853129386902
TobaccoPrd,JaBar,0.0
TobaccoPrd,Banten,0.0
TobaccoPrd,JaTeng,0.019927777349948883
TobaccoPrd,DIY,2.2067376903578406e-06
TobaccoPrd,JaTim,0.7259340882301331
TobaccoPrd,KalBar,0.00783456489443779
TobaccoPrd,KalTeng,0.0
TobaccoPrd,KalSel,0.0
TobaccoPrd,KalTim,0.0
TobaccoPrd,KalUt,0.0017189712962135673
TobaccoPrd,SulUt,0.0
TobaccoPrd,Gorontalo,0.0
TobaccoPrd,SulTeng,0.0
TobaccoPrd,SulaSel,0.0
TobaccoPrd,SulBar,0.0
TobaccoPrd,SulTra,0.0
TobaccoPrd,Bali,0.00036950281355530024
TobaccoPrd,NTB,0.0
TobaccoPrd,NTT,0.0
TobaccoPrd,Maluku,0.0
TobaccoPrd,MalUt,0.0
TobaccoPrd,PapuaBar,0.0
TobaccoPrd,PapuaProv,0.0004980760277248919
Yarn,NAD,0.0
Yarn,SumUt,0.00020938609668519348
Yarn,SumBar,1.1048106898670085e-05
Yarn,RiauProv,7.898749754531309e-05
Yarn,KepRi,0.0009184274240396917
Yarn,Jambi,0.0
Yarn,SumSel,0.0
Yarn,BaBel,0.0
Yarn,Bengkulu,0.0
Yarn,Lampung,0.0005664052441716194
Yarn,DKI,0.6283397674560547
Yarn,JaBar,2.0733306183018385e-09
Yarn,Banten,0.0
Yarn,JaTeng,0.2953018844127655
Yarn,DIY,2.4667465368111152e-06
Yarn,JaTim,0.07445979118347168
Yarn,KalBar,6.596325692953542e-05
Yarn,KalTeng,0.0
Yarn,KalSel,0.0
Yarn,KalTim,0.0
Yarn,KalUt,4.748866899717541e-07
Yarn,SulUt,2.4460214262944646e-05
Yarn,Gorontalo,9.462183697905857e-06
Yarn,SulTeng,0.0
Yarn,SulaSel,0.0
Yarn,SulBar,0.0
Yarn,SulTra,0.0
Yarn,Bali,2.460381587354732e-08
Yarn,NTB,0.0
Yarn,NTT,1.1447854376456235e-05
Yarn,Maluku,0.0
Yarn,MalUt,0.0
Yarn,PapuaBar,0.0
Yarn,PapuaProv,3.067604836815008e-08
Textile,NAD,0.0
Textile,SumUt,0.0006081474712118506
Textile,SumBar,1.1042767482649651e-06
Textile,RiauProv,0.0
Textile,KepRi,7.027151877991855e-05
Textile,Jambi,0.0
Textile,SumSel,0.0
Textile,BaBel,0.0
Textile,Bengkulu,0.0
Textile,Lampung,0.0
Textile,DKI,0.7800936102867126
Textile,JaBar,0.00020613073138520122
Textile,Banten,0.0
Textile,JaTeng,0.1324765980243683
Textile,DIY,2.1528268916881643e-05
Textile,JaTim,0.08329001069068909
Textile,KalBar,0.0
Textile,KalTeng,0.0
Textile,KalSel,0.0
Textile,KalTim,0.0
Textile,KalUt,0.0
Textile,SulUt,1.0696986407765507e-07
Textile,Gorontalo,0.0
Textile,SulTeng,0.0
Textile,SulaSel,0.0
Textile,SulBar,0.0
Textile,SulTra,0.0
Textile,Bali,0.0032133753411471844
Textile,NTB,0.0
Textile,NTT,1.9090057321591303e-05
Textile,Maluku,0.0
Textile,MalUt,0.0
Textile,PapuaBar,0.0
Textile,PapuaProv,1.317046471882577e-08
RopesCarpets,NAD,0.0
RopesCarpets,SumUt,0.0008959907572716475
RopesCarpets,SumBar,0.0
RopesCarpets,RiauProv,0.0
RopesCarpets,KepRi,0.002565664006397128
RopesCarpets,Jambi,0.0
RopesCarpets,SumSel,0.0
RopesCarpets,BaBel,0.0
RopesCarpets,Bengkulu,0.0
RopesCarpets,Lampung,0.01634104736149311
RopesCarpets,DKI,0.6652905344963074
RopesCarpets,JaBar,1.0055875463876873e-05
RopesCarpets,Banten,0.0
RopesCarpets,JaTeng,0.0006547163357026875
RopesCarpets,DIY,0.0
RopesCarpets,JaTim,0.31214630603790283
RopesCarpets,KalBar,3.5076547533208213e-07
RopesCarpets,KalTeng,0.0
RopesCarpets,KalSel,0.0
RopesCarpets,KalTim,4.8263966164086014e-05
RopesCarpets,KalUt,0.0
RopesCarpets,SulUt,0.0016129917930811644
RopesCarpets,Gorontalo,0.0
RopesCarpets,SulTeng,0.0
RopesCarpets,SulaSel,0.0
RopesCarpets,SulBar,0.0
RopesCarpets,SulTra,0.0
RopesCarpets,Bali,0.0002700831100810319
RopesCarpets,NTB,0.0
RopesCarpets,NTT,0.0001515932090114802
RopesCarpets,Maluku,0.0
RopesCarpets,MalUt,0.0
RopesCarpets,PapuaBar,0.0
RopesCarpets,PapuaProv,1.2408775546646211e-05
OthTextilPrd,NAD,1.1512761375342961e-05
OthTextilPrd,SumUt,0.013941227458417416
OthTextilPrd,SumBar,1.0485022130524158e-06
OthTextilPrd,RiauProv,0.0
OthTextilPrd,KepRi,0.015451345592737198
OthTextilPrd,Jambi,0.0
OthTextilPrd,SumSel,2.0716926840691485e-08
OthTextilPrd,BaBel,0.0
OthTextilPrd,Bengkulu,0.0
OthTextilPrd,Lampung,0.0009196657920256257
OthTextilPrd,DKI,0.6344977617263794
OthTextilPrd,JaBar,0.00013976707123219967
OthTextilPrd,Banten,0.0
OthTextilPrd,JaTeng,0.08794674277305603
OthTextilPrd,DIY,8.241505565820262e-05
OthTextilPrd,JaTim,0.23809590935707092
OthTextilPrd,KalBar,3.2590239698038204e-06
OthTextilPrd,KalTeng,0.0
OthTextilPrd,KalSel,0.0
OthTextilPrd,KalTim,1.8044270291284192e-06
OthTextilPrd,KalUt,2.067227615043521e-05
OthTextilPrd,SulUt,1.8244867533212528e-05
OthTextilPrd,Gorontalo,0.0
OthTextilPrd,SulTeng,0.0
OthTextilPrd,SulaSel,7.664794247830287e-05
OthTextilPrd,SulBar,0.0
OthTextilPrd,SulTra,0.0
OthTextilPrd,Bali,0.006168209481984377
OthTextilPrd,NTB,0.0
OthTextilPrd,NTT,0.002610743511468172
OthTextilPrd,Maluku,0.0
OthTextilPrd,MalUt,0.0
OthTextilPrd,PapuaBar,0.0
OthTextilPrd,PapuaProv,1.3018435311096255e-05
KnittedPrd,NAD,0.0
KnittedPrd,SumUt,0.0
KnittedPrd,SumBar,0.0
KnittedPrd,RiauProv,0.0
KnittedPrd,KepRi,0.00022662620176561177
KnittedPrd,Jambi,0.0
KnittedPrd,SumSel,0.0
KnittedPrd,BaBel,0.0
KnittedPrd,Bengkulu,0.0
KnittedPrd,Lampung,0.0
KnittedPrd,DKI,0.9776016473770142
KnittedPrd,JaBar,0.0
KnittedPrd,Banten,0.0
KnittedPrd,JaTeng,0.0095451008528471
KnittedPrd,DIY,4.2421870602993295e-06
KnittedPrd,JaTim,0.011485684663057327
KnittedPrd,KalBar,4.267172926120111e-07
KnittedPrd,KalTeng,0.0
KnittedPrd,KalSel,0.0
KnittedPrd,KalTim,0.0
KnittedPrd,KalUt,0.0
KnittedPrd,SulUt,0.0
KnittedPrd,Gorontalo,0.0
KnittedPrd,SulTeng,0.0
KnittedPrd,SulaSel,0.0
KnittedPrd,SulBar,0.0
KnittedPrd,SulTra,0.0
KnittedPrd,Bali,0.0011356493923813105
KnittedPrd,NTB,0.0
KnittedPrd,NTT,5.895014965062728e-07
KnittedPrd,Maluku,0.0
KnittedPrd,MalUt,0.0
KnittedPrd,PapuaBar,0.0
KnittedPrd,PapuaProv,0.0
Apparel,NAD,1.4010819882059877e-07
Apparel,SumUt,0.00028174478211440146
Apparel,SumBar,4.6853639190658214e-08
Apparel,RiauProv,0.0
Apparel,KepRi,0.02008524164557457
Apparel,Jambi,0.0
Apparel,SumSel,3.19894044586988e-09
Apparel,BaBel,0.0
Apparel,Bengkulu,0.0
Apparel,Lampung,1.1222423879075905e-08
Apparel,DKI,0.7573117017745972
Apparel,JaBar,0.00010678354010451585
Apparel,Banten,0.0
Apparel,JaTeng,0.19577772915363312
Apparel,DIY,0.0008219612645916641
Apparel,JaTim,0.012718543410301208
Apparel,KalBar,8.253007399616763e-05
Apparel,KalTeng,0.0
Apparel,KalSel,0.0
Apparel,KalTim,4.982317136636993e-07
Apparel,KalUt,1.3462298738886602e-05
Apparel,SulUt,6.549593081217608e-07
Apparel,Gorontalo,0.0
Apparel,SulTeng,0.0
Apparel,SulaSel,0.0
Apparel,SulBar,0.0
Apparel,SulTra,0.0
Apparel,Bali,0.012682054191827774
Apparel,NTB,0.0
Apparel,NTT,0.0001162150438176468
Apparel,Maluku,0.0
Apparel,MalUt,0.0
Apparel,PapuaBar,0.0
Apparel,PapuaProv,7.001639801273996e-07
Tanning,NAD,0.0
Tanning,SumUt,0.1136077269911766
Tanning,SumBar,0.0
Tanning,RiauProv,0.0
Tanning,KepRi,0.0009916492272168398
Tanning,Jambi,0.0
Tanning,SumSel,0.0
Tanning,BaBel,0.0
Tanning,Bengkulu,0.0
Tanning,Lampung,0.0
Tanning,DKI,0.5732294321060181
Tanning,JaBar,0.0
Tanning,Banten,0.0
Tanning,JaTeng,0.025372875854372978
Tanning,DIY,0.014975070022046566
Tanning,JaTim,0.2614040970802307
Tanning,KalBar,0.0
Tanning,KalTeng,0.0
Tanning,KalSel,0.0
Tanning,KalTim,0.0038980862591415644
Tanning,KalUt,0.0
Tanning,SulUt,0.0
Tanning,Gorontalo,0.0
Tanning,SulTeng,0.0
Tanning,SulaSel,0.0034941136837005615
Tanning,SulBar,0.0
Tanning,SulTra,0.0
Tanning,Bali,0.003026950405910611
Tanning,NTB,0.0
Tanning,NTT,0.0
Tanning,Maluku,0.0
Tanning,MalUt,0.0
Tanning,PapuaBar,0.0
Tanning,PapuaProv,0.0
LeatherPrd,NAD,0.0
LeatherPrd,SumUt,0.0005569052300415933
LeatherPrd,SumBar,0.0
LeatherPrd,RiauProv,0.0
LeatherPrd,KepRi,0.04947667941451073
LeatherPrd,Jambi,0.0
LeatherPrd,SumSel,0.0
LeatherPrd,BaBel,0.0
LeatherPrd,Bengkulu,0.0
LeatherPrd,Lampung,2.033767850662116e-05
LeatherPrd,DKI,0.8222883939743042
LeatherPrd,JaBar,4.296949919080362e-05
LeatherPrd,Banten,0.0
LeatherPrd,JaTeng,0.04548722878098488
LeatherPrd,DIY,0.002520092064514756
LeatherPrd,JaTim,0.04183856397867203
LeatherPrd,KalBar,1.0046277338915388e-06
LeatherPrd,KalTeng,0.0
LeatherPrd,KalSel,0.0
LeatherPrd,KalTim,5.250590220384765e-07
LeatherPrd,KalUt,4.999859811505303e-06
LeatherPrd,SulUt,0.0
LeatherPrd,Gorontalo,0.0
LeatherPrd,SulTeng,0.0
LeatherPrd,SulaSel,0.0
LeatherPrd,SulBar,0.0
LeatherPrd,SulTra,0.0
LeatherPrd,Bali,0.03749039024114609
LeatherPrd,NTB,0.0
LeatherPrd,NTT,0.00027182031772099435
LeatherPrd,Maluku,0.0
LeatherPrd,MalUt,0.0
LeatherPrd,PapuaBar,0.0
LeatherPrd,PapuaProv,1.3073858440293407e-07
Footwear,NAD,0.0
Footwear,SumUt,1.0763398677227087e-05
Footwear,SumBar,0.0
Footwear,RiauProv,0.0
Footwear,KepRi,0.013073456473648548
Footwear,Jambi,0.0
Footwear,SumSel,1.2316345276985885e-08
Footwear,BaBel,0.0
Footwear,Bengkulu,0.0
Footwear,Lampung,0.0
Footwear,DKI,0.8314281702041626
Footwear,JaBar,7.92168066254817e-07
Footwear,Banten,0.0
Footwear,JaTeng,0.007443270180374384
Footwear,DIY,3.1045854029798647e-06
Footwear,JaTim,0.14698810875415802
Footwear,KalBar,9.362941000290448e-07
Footwear,KalTeng,0.0
Footwear,KalSel,0.0
Footwear,KalTim,0.0
Footwear,KalUt,1.5275914222456777e-07
Footwear,SulUt,0.0
Footwear,Gorontalo,0.0
Footwear,SulTeng,5.584598511632066e-06
Footwear,SulaSel,0.0
Footwear,SulBar,0.0
Footwear,SulTra,0.0
Footwear,Bali,0.0009572236449457705
Footwear,NTB,1.327292831199145e-09
Footwear,NTT,8.8292064901907e-05
Footwear,Maluku,0.0
Footwear,MalUt,0.0
Footwear,PapuaBar,0.0
Footwear,PapuaProv,1.3082963334909437e-07
SawMill,NAD,0.0
SawMill,SumUt,0.06631381809711456
SawMill,SumBar,4.9545476940693334e-05
SawMill,RiauProv,0.0038796935696154833
SawMill,KepRi,4.019019615952857e-05
SawMill,Jambi,0.0019136125920340419
SawMill,SumSel,0.004458249546587467
SawMill,BaBel,0.0
SawMill,Bengkulu,8.393145435547922e-06
SawMill,Lampung,0.005261955317109823
SawMill,DKI,0.07976637035608292
SawMill,JaBar,0.0
SawMill,Banten,0.0
SawMill,JaTeng,0.13645470142364502
SawMill,DIY,0.0
SawMill,JaTim,0.4707656800746918
SawMill,KalBar,0.013277938589453697
SawMill,KalTeng,0.053406380116939545
SawMill,KalSel,0.010552073828876019
SawMill,KalTim,0.12056910246610641
SawMill,KalUt,0.006086802110075951
SawMill,SulUt,0.0
SawMill,Gorontalo,0.0
SawMill,SulTeng,0.004781600087881088
SawMill,SulaSel,0.0035726933274418116
SawMill,SulBar,0.0
SawMill,SulTra,0.0
SawMill,Bali,0.00010091046715388075
SawMill,NTB,0.0
SawMill,NTT,0.0
SawMill,Maluku,0.0
SawMill,MalUt,0.0
SawMill,PapuaBar,0.018738942220807076
SawMill,PapuaProv,1.356785560346907e-06
Plywood,NAD,0.0
Plywood,SumUt,0.03729957714676857
Plywood,SumBar,0.0005049793981015682
Plywood,RiauProv,0.006243579089641571
Plywood,KepRi,4.2884423123723536e-07
Plywood,Jambi,0.01342241745442152
Plywood,SumSel,0.03244346007704735
Plywood,BaBel,0.0
Plywood,Bengkulu,0.00012639873602893203
Plywood,Lampung,0.0004511043953243643
Plywood,DKI,0.10262149572372437
Plywood,JaBar,0.0
Plywood,Banten,0.0
Plywood,JaTeng,0.28788527846336365
Plywood,DIY,0.0
Plywood,JaTim,0.23269693553447723
Plywood,KalBar,0.04456346854567528
Plywood,KalTeng,0.01652367413043976
Plywood,KalSel,0.0803605243563652
Plywood,KalTim,0.07765861600637436
Plywood,KalUt,0.023077184334397316
Plywood,SulUt,0.0
Plywood,Gorontalo,0.0
Plywood,SulTeng,5.230383976595476e-05
Plywood,SulaSel,0.005686798132956028
Plywood,SulBar,0.0
Plywood,SulTra,0.0
Plywood,Bali,5.7352295357304683e-08
Plywood,NTB,0.0
Plywood,NTT,3.597002660171711e-07
Plywood,Maluku,0.0
Plywood,MalUt,0.0
Plywood,PapuaBar,0.0
Plywood,PapuaProv,0.038381367921829224
WoodBuildMat,NAD,0.0
WoodBuildMat,SumUt,0.1548074334859848
WoodBuildMat,SumBar,0.0
WoodBuildMat,RiauProv,0.0
WoodBuildMat,KepRi,0.001534418435767293
WoodBuildMat,Jambi,0.0
WoodBuildMat,SumSel,0.002568236319348216
WoodBuildMat,BaBel,0.0
WoodBuildMat,Bengkulu,0.0
WoodBuildMat,Lampung,0.00011642806202871725
WoodBuildMat,DKI,0.2547021210193634
WoodBuildMat,JaBar,0.0
WoodBuildMat,Banten,0.0
WoodBuildMat,JaTeng,0.2894836366176605
WoodBuildMat,DIY,3.757179365493357e-05
WoodBuildMat,JaTim,0.2912600338459015
WoodBuildMat,KalBar,0.00010299924178980291
WoodBuildMat,KalTeng,0.0
WoodBuildMat,KalSel,0.0017327333334833384
WoodBuildMat,KalTim,0.0
WoodBuildMat,KalUt,0.0003446966875344515
WoodBuildMat,SulUt,0.0
WoodBuildMat,Gorontalo,0.0
WoodBuildMat,SulTeng,0.0005540661513805389
WoodBuildMat,SulaSel,0.0023410781286656857
WoodBuildMat,SulBar,0.0
WoodBuildMat,SulTra,0.0
WoodBuildMat,Bali,0.00021646790264640003
WoodBuildMat,NTB,0.0
WoodBuildMat,NTT,0.0001967827120097354
WoodBuildMat,Maluku,0.0
WoodBuildMat,MalUt,0.0
WoodBuildMat,PapuaBar,0.0
WoodBuildMat,PapuaProv,1.326456299466372e-06
OthWoodPrdn,NAD,0.0
OthWoodPrdn,SumUt,0.0029473749455064535
OthWoodPrdn,SumBar,0.0
OthWoodPrdn,RiauProv,3.537815473464434e-06
OthWoodPrdn,KepRi,0.011192805133759975
OthWoodPrdn,Jambi,0.0
OthWoodPrdn,SumSel,0.000703207275364548
OthWoodPrdn,BaBel,0.0
OthWoodPrdn,Bengkulu,0.0
OthWoodPrdn,Lampung,0.0
OthWoodPrdn,DKI,0.34560370445251465
OthWoodPrdn,JaBar,3.6968601762055187e-06
OthWoodPrdn,Banten,0.0
OthWoodPrdn,JaTeng,0.2064586728811264
OthWoodPrdn,DIY,0.0005716924788430333
OthWoodPrdn,JaTim,0.4001955986022949
OthWoodPrdn,KalBar,0.00024668595870025456
OthWoodPrdn,KalTeng,0.0
OthWoodPrdn,KalSel,0.006038610823452473
OthWoodPrdn,KalTim,0.0
OthWoodPrdn,KalUt,6.165671948110685e-05
OthWoodPrdn,SulUt,0.0
OthWoodPrdn,Gorontalo,0.0
OthWoodPrdn,SulTeng,0.0
OthWoodPrdn,SulaSel,0.0
OthWoodPrdn,SulBar,0.0
OthWoodPrdn,SulTra,0.0
OthWoodPrdn,Bali,0.025936556980013847
OthWoodPrdn,NTB,6.481039349637285e-08
OthWoodPrdn,NTT,2.6876812626142055e-05
OthWoodPrdn,Maluku,0.0
OthWoodPrdn,MalUt,0.0
OthWoodPrdn,PapuaBar,0.0
OthWoodPrdn,PapuaProv,9.312789188697934e-06
PaperPulp,NAD,0.0
PaperPulp,SumUt,0.0493631437420845
PaperPulp,SumBar,0.0
PaperPulp,RiauProv,0.7263619303703308
PaperPulp,KepRi,2.5165153516581995e-08
PaperPulp,Jambi,0.09974673390388489
PaperPulp,SumSel,0.0
PaperPulp,BaBel,0.0
PaperPulp,Bengkulu,0.0
PaperPulp,Lampung,0.1241665706038475
PaperPulp,DKI,0.00016568055434618145
PaperPulp,JaBar,2.979531465996388e-08
PaperPulp,Banten,0.0
PaperPulp,JaTeng,1.3697332178708166e-05
PaperPulp,DIY,0.0
PaperPulp,JaTim,0.00018219185585621744
PaperPulp,KalBar,0.0
PaperPulp,KalTeng,0.0
PaperPulp,KalSel,0.0
PaperPulp,KalTim,0.0
PaperPulp,KalUt,0.0
PaperPulp,SulUt,0.0
PaperPulp,Gorontalo,0.0
PaperPulp,SulTeng,0.0
PaperPulp,SulaSel,0.0
PaperPulp,SulBar,0.0
PaperPulp,SulTra,0.0
PaperPulp,Bali,6.534640828448346e-09
PaperPulp,NTB,0.0
PaperPulp,NTT,0.0
PaperPulp,Maluku,0.0
PaperPulp,MalUt,0.0
PaperPulp,PapuaBar,0.0
PaperPulp,PapuaProv,7.129290491292295e-09
Paper,NAD,0.0
Paper,SumUt,0.0024874969385564327
Paper,SumBar,0.0
Paper,RiauProv,0.31914201378822327
Paper,KepRi,0.00011950044427067041
Paper,Jambi,0.033199016004800797
Paper,SumSel,0.0
Paper,BaBel,0.0
Paper,Bengkulu,0.0
Paper,Lampung,0.0
Paper,DKI,0.29315394163131714
Paper,JaBar,0.0
Paper,Banten,0.003164552617818117
Paper,JaTeng,0.009430604986846447
Paper,DIY,0.0
Paper,JaTim,0.3392544090747833
Paper,KalBar,0.0
Paper,KalTeng,0.0
Paper,KalSel,0.0
Paper,KalTim,0.0
Paper,KalUt,0.0
Paper,SulUt,0.0
Paper,Gorontalo,0.0
Paper,SulTeng,0.0
Paper,SulaSel,0.0
Paper,SulBar,0.0
Paper,SulTra,0.0
Paper,Bali,4.2740626668091863e-05
Paper,NTB,0.0
Paper,NTT,5.306443654262694e-06
Paper,Maluku,0.0
Paper,MalUt,0.0
Paper,PapuaBar,0.0
Paper,PapuaProv,4.379207894089632e-07
PaperPrd,NAD,0.0
PaperPrd,SumUt,0.003184255911037326
PaperPrd,SumBar,4.558259661280317e-06
PaperPrd,RiauProv,0.026195483282208443
PaperPrd,KepRi,0.024734091013669968
PaperPrd,Jambi,9.638792835175991e-05
PaperPrd,SumSel,0.0
PaperPrd,BaBel,0.0
PaperPrd,Bengkulu,0.0
PaperPrd,Lampung,1.2464466863093548e-06
PaperPrd,DKI,0.4889518916606903
PaperPrd,JaBar,1.3469277291733306e-05
PaperPrd,Banten,0.0
PaperPrd,JaTeng,0.04316479712724686
PaperPrd,DIY,0.0003888035425916314
PaperPrd,JaTim,0.4097629189491272
PaperPrd,KalBar,0.0005208739312365651
PaperPrd,KalTeng,0.0
PaperPrd,KalSel,0.0
PaperPrd,KalTim,5.25583175203792e-07
PaperPrd,KalUt,5.0650996854528785e-06
PaperPrd,SulUt,1.0593961633276194e-05
PaperPrd,Gorontalo,0.0
PaperPrd,SulTeng,0.0
PaperPrd,SulaSel,7.58554165258829e-07
PaperPrd,SulBar,0.0
PaperPrd,SulTra,0.0
PaperPrd,Bali,0.002385252621024847
PaperPrd,NTB,0.0
PaperPrd,NTT,0.0005523817962966859
PaperPrd,Maluku,0.0
PaperPrd,MalUt,0.0
PaperPrd,PapuaBar,0.0
PaperPrd,PapuaProv,2.663364284671843e-05
PrintedPrd,NAD,0.0
PrintedPrd,SumUt,0.03058350272476673
PrintedPrd,SumBar,0.0
PrintedPrd,RiauProv,0.0008480931865051389
PrintedPrd,KepRi,0.002814302686601877
PrintedPrd,Jambi,0.0
PrintedPrd,SumSel,0.0
PrintedPrd,BaBel,0.0
PrintedPrd,Bengkulu,0.0
PrintedPrd,Lampung,0.0
PrintedPrd,DKI,0.4063522517681122
PrintedPrd,JaBar,0.08073369413614273
PrintedPrd,Banten,0.0
PrintedPrd,JaTeng,0.0660858005285263
PrintedPrd,DIY,3.034074507013429e-05
PrintedPrd,JaTim,0.1531372219324112
PrintedPrd,KalBar,0.0
PrintedPrd,KalTeng,0.0
PrintedPrd,KalSel,0.0
PrintedPrd,KalTim,2.6621830329531804e-05
PrintedPrd,KalUt,0.0
PrintedPrd,SulUt,0.0
PrintedPrd,Gorontalo,0.0
PrintedPrd,SulTeng,0.0
PrintedPrd,SulaSel,0.038504522293806076
PrintedPrd,SulBar,0.0
PrintedPrd,SulTra,0.0
PrintedPrd,Bali,0.22045184671878815
PrintedPrd,NTB,0.0
PrintedPrd,NTT,0.0004180063842795789
PrintedPrd,Maluku,0.0
PrintedPrd,MalUt,0.0
PrintedPrd,PapuaBar,0.0
PrintedPrd,PapuaProv,1.3829888303007465e-05
OthNMmetlPrd,NAD,0.0
OthNMmetlPrd,SumUt,0.00025121704675257206
OthNMmetlPrd,SumBar,0.0
OthNMmetlPrd,RiauProv,0.0
OthNMmetlPrd,KepRi,0.023655757308006287
OthNMmetlPrd,Jambi,0.0
OthNMmetlPrd,SumSel,6.920359396644926e-08
OthNMmetlPrd,BaBel,0.0
OthNMmetlPrd,Bengkulu,0.0
OthNMmetlPrd,Lampung,0.0005413543549366295
OthNMmetlPrd,DKI,0.6759611964225769
OthNMmetlPrd,JaBar,0.00046763280988670886
OthNMmetlPrd,Banten,0.0
OthNMmetlPrd,JaTeng,0.0536872036755085
OthNMmetlPrd,DIY,6.322791159618646e-05
OthNMmetlPrd,JaTim,0.18321125209331512
OthNMmetlPrd,KalBar,0.0
OthNMmetlPrd,KalTeng,0.0
OthNMmetlPrd,KalSel,0.0
OthNMmetlPrd,KalTim,0.0031516142189502716
OthNMmetlPrd,KalUt,0.0
OthNMmetlPrd,SulUt,0.0
OthNMmetlPrd,Gorontalo,0.0
OthNMmetlPrd,SulTeng,0.0
OthNMmetlPrd,SulaSel,0.056404970586299896
OthNMmetlPrd,SulBar,0.0
OthNMmetlPrd,SulTra,0.0
OthNMmetlPrd,Bali,0.0012366478331387043
OthNMmetlPrd,NTB,0.0
OthNMmetlPrd,NTT,0.0012810188345611095
OthNMmetlPrd,Maluku,0.0
OthNMmetlPrd,MalUt,0.0
OthNMmetlPrd,PapuaBar,0.0
OthNMmetlPrd,PapuaProv,8.682088810019195e-05
OilAndGasRef,NAD,0.0
OilAndGasRef,SumUt,3.223012026865035e-05
OilAndGasRef,SumBar,0.0
OilAndGasRef,RiauProv,0.04649185389280319
OilAndGasRef,KepRi,0.01357426680624485
OilAndGasRef,Jambi,0.0
OilAndGasRef,SumSel,0.023037932813167572
OilAndGasRef,BaBel,0.0
OilAndGasRef,Bengkulu,0.0
OilAndGasRef,Lampung,4.713853059001849e-07
OilAndGasRef,DKI,0.01643615961074829
OilAndGasRef,JaBar,0.023540500551462173
OilAndGasRef,Banten,0.005858586635440588
OilAndGasRef,JaTeng,0.022477909922599792
OilAndGasRef,DIY,0.0
OilAndGasRef,JaTim,0.0047482834197580814
OilAndGasRef,KalBar,4.459440106074908e-08
OilAndGasRef,KalTeng,0.0
OilAndGasRef,KalSel,0.0
OilAndGasRef,KalTim,0.36124300956726074
OilAndGasRef,KalUt,0.0
OilAndGasRef,SulUt,0.0
OilAndGasRef,Gorontalo,0.0
OilAndGasRef,SulTeng,0.13000966608524323
OilAndGasRef,SulaSel,0.0
OilAndGasRef,SulBar,0.0
OilAndGasRef,SulTra,0.0
OilAndGasRef,Bali,3.47109903486853e-07
OilAndGasRef,NTB,0.0
OilAndGasRef,NTT,0.0004770109662786126
OilAndGasRef,Maluku,0.0
OilAndGasRef,MalUt,0.0
OilAndGasRef,PapuaBar,0.35206136107444763
OilAndGasRef,PapuaProv,1.0326689334760886e-05
BasChemicals,NAD,0.0
BasChemicals,SumUt,0.14206282794475555
BasChemicals,SumBar,0.006223486736416817
BasChemicals,RiauProv,0.12279413640499115
BasChemicals,KepRi,0.09721130132675171
BasChemicals,Jambi,5.257556040305644e-05
BasChemicals,SumSel,0.0017098111566156149
BasChemicals,BaBel,0.0007867211825214326
BasChemicals,Bengkulu,0.0
BasChemicals,Lampung,0.014481054618954659
BasChemicals,DKI,0.2347525805234909
BasChemicals,JaBar,0.00017258879961445928
BasChemicals,Banten,0.10980461537837982
BasChemicals,JaTeng,0.020196186378598213
BasChemicals,DIY,3.1976838954506093e-07
BasChemicals,JaTim,0.22039727866649628
BasChemicals,KalBar,0.002337588230147958
BasChemicals,KalTeng,0.0
BasChemicals,KalSel,0.007563645951449871
BasChemicals,KalTim,0.012053161859512329
BasChemicals,KalUt,2.3862826310505625e-06
BasChemicals,SulUt,0.004376912023872137
BasChemicals,Gorontalo,1.9624235392257106e-06
BasChemicals,SulTeng,0.0026723346672952175
BasChemicals,SulaSel,0.00033037670073099434
BasChemicals,SulBar,0.0
BasChemicals,SulTra,0.0
BasChemicals,Bali,1.3078320080239791e-05
BasChemicals,NTB,4.045926260687338e-08
BasChemicals,NTT,4.6108749529594206e-07
BasChemicals,Maluku,0.0
BasChemicals,MalUt,0.0
BasChemicals,PapuaBar,0.0
BasChemicals,PapuaProv,2.576158067313372e-06
Fertilizer,NAD,0.03555649518966675
Fertilizer,SumUt,0.0001902568037621677
Fertilizer,SumBar,0.0
Fertilizer,RiauProv,0.0
Fertilizer,KepRi,0.0
Fertilizer,Jambi,0.0
Fertilizer,SumSel,0.050299953669309616
Fertilizer,BaBel,0.0
Fertilizer,Bengkulu,0.0
Fertilizer,Lampung,0.0
Fertilizer,DKI,0.03302918002009392
Fertilizer,JaBar,0.0
Fertilizer,Banten,0.0
Fertilizer,JaTeng,0.004444090649485588
Fertilizer,DIY,0.0
Fertilizer,JaTim,0.06334567815065384
Fertilizer,KalBar,0.0
Fertilizer,KalTeng,0.0
Fertilizer,KalSel,0.0
Fertilizer,KalTim,0.8131342530250549
Fertilizer,KalUt,0.0
Fertilizer,SulUt,0.0
Fertilizer,Gorontalo,0.0
Fertilizer,SulTeng,0.0
Fertilizer,SulaSel,0.0
Fertilizer,SulBar,0.0
Fertilizer,SulTra,0.0
Fertilizer,Bali,9.183884230878903e-08
Fertilizer,NTB,0.0
Fertilizer,NTT,0.0
Fertilizer,Maluku,0.0
Fertilizer,MalUt,0.0
Fertilizer,PapuaBar,0.0
Fertilizer,PapuaProv,0.0
Plastics,NAD,0.0
Plastics,SumUt,0.002324339933693409
Plastics,SumBar,0.0
Plastics,RiauProv,0.0
Plastics,KepRi,0.005277461837977171
Plastics,Jambi,0.0
Plastics,SumSel,0.0015778790693730116
Plastics,BaBel,0.005113976541906595
Plastics,Bengkulu,0.0
Plastics,Lampung,0.016388360410928726
Plastics,DKI,0.8477622270584106
Plastics,JaBar,3.617339530137542e-07
Plastics,Banten,0.0
Plastics,JaTeng,0.06818242371082306
Plastics,DIY,0.0
Plastics,JaTim,0.04294094815850258
Plastics,KalBar,0.010402235202491283
Plastics,KalTeng,0.0
Plastics,KalSel,0.0
Plastics,KalTim,0.0
Plastics,KalUt,7.941304716041486e-07
Plastics,SulUt,0.0
Plastics,Gorontalo,0.0
Plastics,SulTeng,0.0
Plastics,SulaSel,0.0
Plastics,SulBar,0.0
Plastics,SulTra,0.0
Plastics,Bali,2.895446050388273e-05
Plastics,NTB,0.0
Plastics,NTT,0.0
Plastics,Maluku,0.0
Plastics,MalUt,0.0
Plastics,PapuaBar,0.0
Plastics,PapuaProv,0.0
Pesticide,NAD,0.0
Pesticide,SumUt,0.2622976005077362
Pesticide,SumBar,0.0
Pesticide,RiauProv,0.00034456743742339313
Pesticide,KepRi,0.02719999849796295
Pesticide,Jambi,0.0
Pesticide,SumSel,0.0
Pesticide,BaBel,0.0
Pesticide,Bengkulu,0.0
Pesticide,Lampung,0.00010441849008202553
Pesticide,DKI,0.35201796889305115
Pesticide,JaBar,0.0
Pesticide,Banten,0.0
Pesticide,JaTeng,0.1592598408460617
Pesticide,DIY,0.0
Pesticide,JaTim,0.19862672686576843
Pesticide,KalBar,3.649015707196668e-05
Pesticide,KalTeng,0.0
Pesticide,KalSel,0.0
Pesticide,KalTim,0.0
Pesticide,KalUt,0.0
Pesticide,SulUt,0.0
Pesticide,Gorontalo,0.0
Pesticide,SulTeng,0.0
Pesticide,SulaSel,0.0
Pesticide,SulBar,0.0
Pesticide,SulTra,0.0
Pesticide,Bali,1.8438964616507292e-05
Pesticide,NTB,0.0
Pesticide,NTT,9.161423076875508e-05
Pesticide,Maluku,0.0
Pesticide,MalUt,0.0
Pesticide,PapuaBar,0.0
Pesticide,PapuaProv,2.3650848106626654e-06
Paints,NAD,0.0
Paints,SumUt,4.700466524809599e-05
Paints,SumBar,0.0
Paints,RiauProv,0.0
Paints,KepRi,0.9683023691177368
Paints,Jambi,0.0
Paints,SumSel,0.0
Paints,BaBel,0.0
Paints,Bengkulu,0.0
Paints,Lampung,0.0
Paints,DKI,0.03127928078174591
Paints,JaBar,0.0
Paints,Banten,0.0
Paints,JaTeng,0.0
Paints,DIY,0.0
Paints,JaTim,0.00021993418340571225
Paints,KalBar,0.0
Paints,KalTeng,0.0
Paints,KalSel,0.0
Paints,KalTim,0.0
Paints,KalUt,0.0
Paints,SulUt,0.0
Paints,Gorontalo,0.0
Paints,SulTeng,0.0
Paints,SulaSel,0.0
Paints,SulBar,0.0
Paints,SulTra,0.0
Paints,Bali,1.175755915028276e-05
Paints,NTB,0.0
Paints,NTT,0.00013968965504318476
Paints,Maluku,0.0
Paints,MalUt,0.0
Paints,PapuaBar,0.0
Paints,PapuaProv,0.0
Varnish,NAD,0.0
Varnish,SumUt,4.799752559847548e-07
Varnish,SumBar,0.0
Varnish,RiauProv,0.0
Varnish,KepRi,0.041398629546165466
Varnish,Jambi,4.478687060327502e-06
Varnish,SumSel,0.0
Varnish,BaBel,0.0
Varnish,Bengkulu,0.0
Varnish,Lampung,0.0
Varnish,DKI,0.7288853526115417
Varnish,JaBar,0.0
Varnish,Banten,0.0
Varnish,JaTeng,0.016305573284626007
Varnish,DIY,0.0
Varnish,JaTim,0.2110816389322281
Varnish,KalBar,0.0
Varnish,KalTeng,0.0
Varnish,KalSel,0.0
Varnish,KalTim,0.0008849802543409169
Varnish,KalUt,0.0
Varnish,SulUt,0.0
Varnish,Gorontalo,0.0
Varnish,SulTeng,0.0
Varnish,SulaSel,0.0
Varnish,SulBar,0.0
Varnish,SulTra,0.0
Varnish,Bali,0.0005506594898179173
Varnish,NTB,0.0
Varnish,NTT,0.0007703835144639015
Varnish,Maluku,0.0
Varnish,MalUt,0.0
Varnish,PapuaBar,0.0
Varnish,PapuaProv,0.00011783494119299576
Soaps,NAD,0.0
Soaps,SumUt,0.22127440571784973
Soaps,SumBar,0.0
Soaps,RiauProv,2.880734609789215e-05
Soaps,KepRi,0.0017250264063477516
Soaps,Jambi,0.0
Soaps,SumSel,2.183652759413235e-05
Soaps,BaBel,0.0
Soaps,Bengkulu,0.0
Soaps,Lampung,0.002223928924649954
Soaps,DKI,0.4954487681388855
Soaps,JaBar,2.2110650661488762e-06
Soaps,Banten,0.0
Soaps,JaTeng,0.006779285613447428
Soaps,DIY,6.658575784967979e-06
Soaps,JaTim,0.27092498540878296
Soaps,KalBar,0.0005941787385381758
Soaps,KalTeng,0.0
Soaps,KalSel,0.0
Soaps,KalTim,2.119283522006299e-07
Soaps,KalUt,0.00015032292867545038
Soaps,SulUt,3.8113969367259415e-06
Soaps,Gorontalo,0.0
Soaps,SulTeng,0.0
Soaps,SulaSel,0.0
Soaps,SulBar,0.0
Soaps,SulTra,0.0
Soaps,Bali,0.0004938850761391222
Soaps,NTB,0.0
Soaps,NTT,0.00020763638895004988
Soaps,Maluku,0.0
Soaps,MalUt,0.0
Soaps,PapuaBar,0.0
Soaps,PapuaProv,0.00011404023825889453
Cosmetics,NAD,0.0
Cosmetics,SumUt,0.0027502761222422123
Cosmetics,SumBar,0.0
Cosmetics,RiauProv,1.3264532753964886e-05
Cosmetics,KepRi,0.28368061780929565
Cosmetics,Jambi,0.0
Cosmetics,SumSel,0.0
Cosmetics,BaBel,0.0
Cosmetics,Bengkulu,0.0
Cosmetics,Lampung,0.0
Cosmetics,DKI,0.6165462136268616
Cosmetics,JaBar,5.349593834580446e-07
Cosmetics,Banten,0.0
Cosmetics,JaTeng,0.025982622057199478
Cosmetics,DIY,3.6773317333427258e-06
Cosmetics,JaTim,0.06579962372779846
Cosmetics,KalBar,0.003833216382190585
Cosmetics,KalTeng,0.0
Cosmetics,KalSel,0.0
Cosmetics,KalTim,2.2291867196599924e-07
Cosmetics,KalUt,8.220886229537427e-05
Cosmetics,SulUt,0.0
Cosmetics,Gorontalo,0.0
Cosmetics,SulTeng,0.0
Cosmetics,SulaSel,0.0
Cosmetics,SulBar,0.0
Cosmetics,SulTra,0.0
Cosmetics,Bali,0.0009396344539709389
Cosmetics,NTB,0.0
Cosmetics,NTT,0.00034983133082278073
Cosmetics,Maluku,0.0
Cosmetics,MalUt,0.0
Cosmetics,PapuaBar,0.0
Cosmetics,PapuaProv,1.801445978344418e-05
OthChemPrd,NAD,0.0
OthChemPrd,SumUt,0.08781879395246506
OthChemPrd,SumBar,0.008828630670905113
OthChemPrd,RiauProv,0.2571568191051483
OthChemPrd,KepRi,0.11289297789335251
OthChemPrd,Jambi,0.0
OthChemPrd,SumSel,2.6608415282680653e-05
OthChemPrd,BaBel,0.0
OthChemPrd,Bengkulu,0.0
OthChemPrd,Lampung,0.010590467602014542
OthChemPrd,DKI,0.3342556357383728
OthChemPrd,JaBar,1.3359048978145438e-07
OthChemPrd,Banten,0.005887230858206749
OthChemPrd,JaTeng,0.011386719532310963
OthChemPrd,DIY,0.0
OthChemPrd,JaTim,0.1616329848766327
OthChemPrd,KalBar,0.0006487169885076582
OthChemPrd,KalTeng,0.0
OthChemPrd,KalSel,0.0019388317596167326
OthChemPrd,KalTim,6.516656867461279e-05
OthChemPrd,KalUt,3.239275656596874e-06
OthChemPrd,SulUt,0.0011115766828879714
OthChemPrd,Gorontalo,0.0
OthChemPrd,SulTeng,0.0
OthChemPrd,SulaSel,0.005670113023370504
OthChemPrd,SulBar,0.0
OthChemPrd,SulTra,0.0
OthChemPrd,Bali,5.824205436510965e-05
OthChemPrd,NTB,0.0
OthChemPrd,NTT,2.0280365788494237e-05
OthChemPrd,Maluku,0.0
OthChemPrd,MalUt,0.0
OthChemPrd,PapuaBar,0.0
OthChemPrd,PapuaProv,6.841086815256858e-06
Pharmaceutcl,NAD,0.0
Pharmaceutcl,SumUt,0.00021794516942463815
Pharmaceutcl,SumBar,0.0
Pharmaceutcl,RiauProv,7.831461630303238e-07
Pharmaceutcl,KepRi,0.00023012113524600863
Pharmaceutcl,Jambi,0.0
Pharmaceutcl,SumSel,0.0
Pharmaceutcl,BaBel,0.0
Pharmaceutcl,Bengkulu,0.0
Pharmaceutcl,Lampung,0.0
Pharmaceutcl,DKI,0.5869293212890625
Pharmaceutcl,JaBar,0.0003813953371718526
Pharmaceutcl,Banten,0.0
Pharmaceutcl,JaTeng,0.005246395710855722
Pharmaceutcl,DIY,9.592729838914238e-06
Pharmaceutcl,JaTim,0.40627068281173706
Pharmaceutcl,KalBar,0.0003414893872104585
Pharmaceutcl,KalTeng,0.0
Pharmaceutcl,KalSel,0.0
Pharmaceutcl,KalTim,0.0
Pharmaceutcl,KalUt,0.0
Pharmaceutcl,SulUt,0.0
Pharmaceutcl,Gorontalo,0.0
Pharmaceutcl,SulTeng,0.0
Pharmaceutcl,SulaSel,0.0
Pharmaceutcl,SulBar,0.0
Pharmaceutcl,SulTra,0.0
Pharmaceutcl,Bali,0.0002732308639679104
Pharmaceutcl,NTB,0.0
Pharmaceutcl,NTT,2.8598811695701443e-05
Pharmaceutcl,Maluku,0.0
Pharmaceutcl,MalUt,0.0
Pharmaceutcl,PapuaBar,0.0
Pharmaceutcl,PapuaProv,7.044347876217216e-05
TradMedicine,NAD,0.0
TradMedicine,SumUt,0.05600297823548317
TradMedicine,SumBar,0.0
TradMedicine,RiauProv,0.0
TradMedicine,KepRi,0.0
TradMedicine,Jambi,0.0
TradMedicine,SumSel,0.0
TradMedicine,BaBel,0.0
TradMedicine,Bengkulu,0.0
TradMedicine,Lampung,0.0
TradMedicine,DKI,0.48922646045684814
TradMedicine,JaBar,0.0
TradMedicine,Banten,0.0
TradMedicine,JaTeng,0.004346054047346115
TradMedicine,DIY,0.0
TradMedicine,JaTim,0.45042452216148376
TradMedicine,KalBar,0.0
TradMedicine,KalTeng,0.0
TradMedicine,KalSel,0.0
TradMedicine,KalTim,0.0
TradMedicine,KalUt,0.0
TradMedicine,SulUt,0.0
TradMedicine,Gorontalo,0.0
TradMedicine,SulTeng,0.0
TradMedicine,SulaSel,0.0
TradMedicine,SulBar,0.0
TradMedicine,SulTra,0.0
TradMedicine,Bali,0.0
TradMedicine,NTB,0.0
TradMedicine,NTT,0.0
TradMedicine,Maluku,0.0
TradMedicine,MalUt,0.0
TradMedicine,PapuaBar,0.0
TradMedicine,PapuaProv,0.0
Tire,NAD,0.0
Tire,SumUt,0.16324304044246674
Tire,SumBar,0.0
Tire,RiauProv,8.654217708681244e-06
Tire,KepRi,0.00011521393753355369
Tire,Jambi,0.0
Tire,SumSel,0.0
Tire,BaBel,0.0
Tire,Bengkulu,0.0
Tire,Lampung,0.0
Tire,DKI,0.8324308395385742
Tire,JaBar,0.0
Tire,Banten,0.0
Tire,JaTeng,4.1493651224300265e-05
Tire,DIY,3.096542045000206e-08
Tire,JaTim,0.0038729554507881403
Tire,KalBar,0.0
Tire,KalTeng,0.0
Tire,KalSel,0.0
Tire,KalTim,0.0
Tire,KalUt,0.0
Tire,SulUt,1.5136873976473453e-09
Tire,Gorontalo,0.0
Tire,SulTeng,0.0
Tire,SulaSel,9.47493317653425e-05
Tire,SulBar,0.0
Tire,SulTra,0.0
Tire,Bali,2.138832314813044e-05
Tire,NTB,0.0
Tire,NTT,0.00016895830049179494
Tire,Maluku,0.0
Tire,MalUt,0.0
Tire,PapuaBar,0.0
Tire,PapuaProv,2.6801865260495106e-06
SmokedRubber,NAD,0.0
SmokedRubber,SumUt,0.20833714306354523
SmokedRubber,SumBar,0.10153157263994217
SmokedRubber,RiauProv,0.0031054026912897825
SmokedRubber,KepRi,0.008379152975976467
SmokedRubber,Jambi,0.08592137694358826
SmokedRubber,SumSel,0.37148264050483704
SmokedRubber,BaBel,0.0002676896983757615
SmokedRubber,Bengkulu,7.652871863683686e-05
SmokedRubber,Lampung,0.015387826599180698
SmokedRubber,DKI,0.009706426411867142
SmokedRubber,JaBar,0.0
SmokedRubber,Banten,0.0
SmokedRubber,JaTeng,0.0096310218796134
SmokedRubber,DIY,0.0
SmokedRubber,JaTim,0.08243989199399948
SmokedRubber,KalBar,0.1006927415728569
SmokedRubber,KalTeng,0.0
SmokedRubber,KalSel,0.0022555796895176172
SmokedRubber,KalTim,0.0
SmokedRubber,KalUt,0.0
SmokedRubber,SulUt,0.0
SmokedRubber,Gorontalo,0.0
SmokedRubber,SulTeng,0.0
SmokedRubber,SulaSel,0.0007849942776374519
SmokedRubber,SulBar,0.0
SmokedRubber,SulTra,0.0
SmokedRubber,Bali,0.0
SmokedRubber,NTB,0.0
SmokedRubber,NTT,0.0
SmokedRubber,Maluku,0.0
SmokedRubber,MalUt,0.0
SmokedRubber,PapuaBar,0.0
SmokedRubber,PapuaProv,0.0
OthRubberPrd,NAD,0.0
OthRubberPrd,SumUt,0.002698613330721855
OthRubberPrd,SumBar,0.0
OthRubberPrd,RiauProv,0.0
OthRubberPrd,KepRi,0.1595308929681778
OthRubberPrd,Jambi,0.0
OthRubberPrd,SumSel,3.1383831355924485e-06
OthRubberPrd,BaBel,0.0
OthRubberPrd,Bengkulu,0.0
OthRubberPrd,Lampung,0.0
OthRubberPrd,DKI,0.7545455098152161
OthRubberPrd,JaBar,0.00032291197567246854
OthRubberPrd,Banten,0.0001367137738270685
OthRubberPrd,JaTeng,0.000145899219205603
OthRubberPrd,DIY,1.0024862149293767e-06
OthRubberPrd,JaTim,0.08061960339546204
OthRubberPrd,KalBar,1.8985921997227706e-05
OthRubberPrd,KalTeng,0.0
OthRubberPrd,KalSel,0.0
OthRubberPrd,KalTim,0.0017331227427348495
OthRubberPrd,KalUt,0.0
OthRubberPrd,SulUt,2.625789079502283e-07
OthRubberPrd,Gorontalo,0.0
OthRubberPrd,SulTeng,0.0
OthRubberPrd,SulaSel,0.0
OthRubberPrd,SulBar,0.0
OthRubberPrd,SulTra,0.0
OthRubberPrd,Bali,9.243840759154409e-05
OthRubberPrd,NTB,0.0
OthRubberPrd,NTT,0.00013130255683790892
OthRubberPrd,Maluku,0.0
OthRubberPrd,MalUt,0.0
OthRubberPrd,PapuaBar,0.0
OthRubberPrd,PapuaProv,1.9610364688560367e-05
PlasticPrd,NAD,0.0
PlasticPrd,SumUt,0.04120231792330742
PlasticPrd,SumBar,0.0
PlasticPrd,RiauProv,1.5399482435896061e-06
PlasticPrd,KepRi,0.10642986744642258
PlasticPrd,Jambi,0.0
PlasticPrd,SumSel,9.500957821728662e-05
PlasticPrd,BaBel,0.0
PlasticPrd,Bengkulu,0.0
PlasticPrd,Lampung,1.6044839867390692e-05
PlasticPrd,DKI,0.6245103478431702
PlasticPrd,JaBar,8.976006938610226e-06
PlasticPrd,Banten,0.0008836433989927173
PlasticPrd,JaTeng,0.03444001451134682
PlasticPrd,DIY,0.00041058866190724075
PlasticPrd,JaTim,0.19037453830242157
PlasticPrd,KalBar,6.869093340355903e-06
PlasticPrd,KalTeng,0.0
PlasticPrd,KalSel,0.0
PlasticPrd,KalTim,1.5714147593826056e-05
PlasticPrd,KalUt,4.544045441434719e-05
PlasticPrd,SulUt,6.790857150917873e-05
PlasticPrd,Gorontalo,0.0
PlasticPrd,SulTeng,0.0
PlasticPrd,SulaSel,0.0
PlasticPrd,SulBar,0.0
PlasticPrd,SulTra,0.0
PlasticPrd,Bali,0.0010125692933797836
PlasticPrd,NTB,0.0
PlasticPrd,NTT,0.0004670109774451703
PlasticPrd,Maluku,0.0
PlasticPrd,MalUt,0.0
PlasticPrd,PapuaBar,0.0
PlasticPrd,PapuaProv,1.1600544894463383e-05
Glass,NAD,0.0
Glass,SumUt,0.009839850477874279
Glass,SumBar,0.0
Glass,RiauProv,0.0
Glass,KepRi,0.0033539882861077785
Glass,Jambi,0.0
Glass,SumSel,8.017757124889613e-08
Glass,BaBel,0.0
Glass,Bengkulu,0.0
Glass,Lampung,0.003451513359323144
Glass,DKI,0.6021190285682678
Glass,JaBar,2.4924890595912075e-08
Glass,Banten,0.0
Glass,JaTeng,0.032140668481588364
Glass,DIY,0.0
Glass,JaTim,0.34477749466896057
Glass,KalBar,6.710735760862008e-06
Glass,KalTeng,0.0
Glass,KalSel,0.0
Glass,KalTim,6.383243800200944e-08
Glass,KalUt,0.0
Glass,SulUt,0.0
Glass,Gorontalo,0.0
Glass,SulTeng,0.0
Glass,SulaSel,0.0
Glass,SulBar,0.0
Glass,SulTra,0.0
Glass,Bali,0.004166286904364824
Glass,NTB,0.0
Glass,NTT,0.00014021825336385518
Glass,Maluku,0.0
Glass,MalUt,0.0
Glass,PapuaBar,0.0
Glass,PapuaProv,4.0817776607582346e-06
ClayCermcPrd,NAD,0.0
ClayCermcPrd,SumUt,0.08159623295068741
ClayCermcPrd,SumBar,0.0
ClayCermcPrd,RiauProv,0.0
ClayCermcPrd,KepRi,0.0005797232151962817
ClayCermcPrd,Jambi,0.0
ClayCermcPrd,SumSel,0.0
ClayCermcPrd,BaBel,0.0
ClayCermcPrd,Bengkulu,0.0
ClayCermcPrd,Lampung,1.6087881249404745e-06
ClayCermcPrd,DKI,0.6941671371459961
ClayCermcPrd,JaBar,1.0102634462327842e-07
ClayCermcPrd,Banten,0.0
ClayCermcPrd,JaTeng,0.11624076962471008
ClayCermcPrd,DIY,2.7603514354268555e-06
ClayCermcPrd,JaTim,0.10566962510347366
ClayCermcPrd,KalBar,0.0
ClayCermcPrd,KalTeng,0.0
ClayCermcPrd,KalSel,0.0
ClayCermcPrd,KalTim,4.2616749851731583e-05
ClayCermcPrd,KalUt,0.0
ClayCermcPrd,SulUt,0.0
ClayCermcPrd,Gorontalo,0.0
ClayCermcPrd,SulTeng,0.0
ClayCermcPrd,SulaSel,0.0
ClayCermcPrd,SulBar,0.0
ClayCermcPrd,SulTra,0.0
ClayCermcPrd,Bali,0.0012408189941197634
ClayCermcPrd,NTB,0.0
ClayCermcPrd,NTT,0.0004524668038357049
ClayCermcPrd,Maluku,0.0
ClayCermcPrd,MalUt,0.0
ClayCermcPrd,PapuaBar,0.0
ClayCermcPrd,PapuaProv,6.147819476609584e-06
Cement,NAD,0.0
Cement,SumUt,0.0
Cement,SumBar,0.17413082718849182
Cement,RiauProv,0.0
Cement,KepRi,0.0020067899022251368
Cement,Jambi,0.0
Cement,SumSel,0.0
Cement,BaBel,0.0
Cement,Bengkulu,0.0
Cement,Lampung,0.0
Cement,DKI,0.1144833043217659
Cement,JaBar,0.0
Cement,Banten,0.04469118267297745
Cement,JaTeng,0.21603025496006012
Cement,DIY,0.0
Cement,JaTim,0.01073034293949604
Cement,KalBar,0.0
Cement,KalTeng,0.0
Cement,KalSel,0.14049935340881348
Cement,KalTim,0.0
Cement,KalUt,0.0
Cement,SulUt,0.0
Cement,Gorontalo,0.0
Cement,SulTeng,0.0
Cement,SulaSel,0.1976197361946106
Cement,SulBar,0.0
Cement,SulTra,0.0
Cement,Bali,0.0
Cement,NTB,0.0
Cement,NTT,0.09973210096359253
Cement,Maluku,0.0
Cement,MalUt,0.0
Cement,PapuaBar,0.0
Cement,PapuaProv,7.608968735439703e-05
BasIronSteel,NAD,0.0
BasIronSteel,SumUt,0.0016712700016796589
BasIronSteel,SumBar,0.0
BasIronSteel,RiauProv,1.0615879375563964e-07
BasIronSteel,KepRi,0.10892405360937119
BasIronSteel,Jambi,0.0
BasIronSteel,SumSel,7.65915829106234e-05
BasIronSteel,BaBel,0.0
BasIronSteel,Bengkulu,0.0
BasIronSteel,Lampung,0.00010757875861600041
BasIronSteel,DKI,0.12027193605899811
BasIronSteel,JaBar,3.281391514065035e-07
BasIronSteel,Banten,0.22039373219013214
BasIronSteel,JaTeng,0.002758275717496872
BasIronSteel,DIY,6.152889682198293e-07
BasIronSteel,JaTim,0.10040909796953201
BasIronSteel,KalBar,0.0
BasIronSteel,KalTeng,0.0
BasIronSteel,KalSel,0.0
BasIronSteel,KalTim,0.000635871896520257
BasIronSteel,KalUt,0.0
BasIronSteel,SulUt,0.0
BasIronSteel,Gorontalo,0.0
BasIronSteel,SulTeng,0.3771580755710602
BasIronSteel,SulaSel,0.0
BasIronSteel,SulBar,0.0
BasIronSteel,SulTra,0.05066852644085884
BasIronSteel,Bali,7.66945413488429e-06
BasIronSteel,NTB,0.0
BasIronSteel,NTT,0.0006002074223943055
BasIronSteel,Maluku,0.0
BasIronSteel,MalUt,0.01630314067006111
BasIronSteel,PapuaBar,1.0849777936527971e-05
BasIronSteel,PapuaProv,2.0659172150772065e-06
NonFerrMetal,NAD,0.0
NonFerrMetal,SumUt,0.013011440634727478
NonFerrMetal,SumBar,0.0
NonFerrMetal,RiauProv,8.589315984863788e-05
NonFerrMetal,KepRi,0.047778815031051636
NonFerrMetal,Jambi,0.0
NonFerrMetal,SumSel,1.12310258870707e-08
NonFerrMetal,BaBel,0.2000700682401657
NonFerrMetal,Bengkulu,0.0
NonFerrMetal,Lampung,5.7181838201358914e-05
NonFerrMetal,DKI,0.3195864260196686
NonFerrMetal,JaBar,0.0
NonFerrMetal,Banten,6.106850923970342e-05
NonFerrMetal,JaTeng,0.00027231534477323294
NonFerrMetal,DIY,0.0
NonFerrMetal,JaTim,0.2661180794239044
NonFerrMetal,KalBar,0.02887398563325405
NonFerrMetal,KalTeng,0.0
NonFerrMetal,KalSel,0.0
NonFerrMetal,KalTim,0.0004743128956761211
NonFerrMetal,KalUt,0.0
NonFerrMetal,SulUt,0.0
NonFerrMetal,Gorontalo,0.0
NonFerrMetal,SulTeng,0.0
NonFerrMetal,SulaSel,0.12327832728624344
NonFerrMetal,SulBar,0.0
NonFerrMetal,SulTra,0.0
NonFerrMetal,Bali,0.00031005748314782977
NonFerrMetal,NTB,0.0
NonFerrMetal,NTT,2.1273124730214477e-05
NonFerrMetal,Maluku,0.0
NonFerrMetal,MalUt,0.0
NonFerrMetal,PapuaBar,0.0
NonFerrMetal,PapuaProv,7.168607112362224e-07
FoundryPrd,NAD,0.0
FoundryPrd,SumUt,1.6484492562085507e-06
FoundryPrd,SumBar,0.0
FoundryPrd,RiauProv,0.0
FoundryPrd,KepRi,0.7376003265380859
FoundryPrd,Jambi,0.0
FoundryPrd,SumSel,0.0
FoundryPrd,BaBel,0.0
FoundryPrd,Bengkulu,0.0
FoundryPrd,Lampung,3.79931270799716e-06
FoundryPrd,DKI,0.08581226319074631
FoundryPrd,JaBar,0.0
FoundryPrd,Banten,0.006569769699126482
FoundryPrd,JaTeng,0.11017610877752304
FoundryPrd,DIY,0.0
FoundryPrd,JaTim,0.054685067385435104
FoundryPrd,KalBar,0.0
FoundryPrd,KalTeng,0.0
FoundryPrd,KalSel,0.0
FoundryPrd,KalTim,0.004241578746587038
FoundryPrd,KalUt,0.0
FoundryPrd,SulUt,0.00016188793233595788
FoundryPrd,Gorontalo,0.0
FoundryPrd,SulTeng,0.0
FoundryPrd,SulaSel,0.0
FoundryPrd,SulBar,0.0
FoundryPrd,SulTra,0.0
FoundryPrd,Bali,0.0
FoundryPrd,NTB,0.0
FoundryPrd,NTT,0.0007283158483915031
FoundryPrd,Maluku,0.0
FoundryPrd,MalUt,0.0
FoundryPrd,PapuaBar,1.9004753994522616e-05
FoundryPrd,PapuaProv,2.3816508587515273e-07
FabMetalPrd,NAD,0.0
FabMetalPrd,SumUt,0.004505200777202845
FabMetalPrd,SumBar,0.0
FabMetalPrd,RiauProv,2.522779823266319e-06
FabMetalPrd,KepRi,0.7360309362411499
FabMetalPrd,Jambi,0.0
FabMetalPrd,SumSel,0.00016943758237175643
FabMetalPrd,BaBel,0.0
FabMetalPrd,Bengkulu,0.0
FabMetalPrd,Lampung,0.0
FabMetalPrd,DKI,0.053011976182460785
FabMetalPrd,JaBar,4.097204566733126e-07
FabMetalPrd,Banten,0.20235253870487213
FabMetalPrd,JaTeng,0.0003018913557752967
FabMetalPrd,DIY,0.0
FabMetalPrd,JaTim,0.0030064540915191174
FabMetalPrd,KalBar,0.0
FabMetalPrd,KalTeng,0.0
FabMetalPrd,KalSel,0.0
FabMetalPrd,KalTim,6.174562258820515e-06
FabMetalPrd,KalUt,0.0
FabMetalPrd,SulUt,0.0
FabMetalPrd,Gorontalo,0.0
FabMetalPrd,SulTeng,0.0
FabMetalPrd,SulaSel,2.1228985133348033e-05
FabMetalPrd,SulBar,0.0
FabMetalPrd,SulTra,0.00041099940426647663
FabMetalPrd,Bali,0.0
FabMetalPrd,NTB,0.0
FabMetalPrd,NTT,0.00017587091133464128
FabMetalPrd,Maluku,0.0
FabMetalPrd,MalUt,0.0
FabMetalPrd,PapuaBar,0.0
FabMetalPrd,PapuaProv,4.393988092488144e-06
WeaponsAmmo,NAD,0.0
WeaponsAmmo,SumUt,0.0
WeaponsAmmo,SumBar,0.0
WeaponsAmmo,RiauProv,0.0
WeaponsAmmo,KepRi,0.002609109040349722
WeaponsAmmo,Jambi,0.0
WeaponsAmmo,SumSel,0.0
WeaponsAmmo,BaBel,0.0
WeaponsAmmo,Bengkulu,0.0
WeaponsAmmo,Lampung,0.0
WeaponsAmmo,DKI,0.997390866279602
WeaponsAmmo,JaBar,0.0
WeaponsAmmo,Banten,0.0
WeaponsAmmo,JaTeng,0.0
WeaponsAmmo,DIY,0.0
WeaponsAmmo,JaTim,0.0
WeaponsAmmo,KalBar,0.0
WeaponsAmmo,KalTeng,0.0
WeaponsAmmo,KalSel,0.0
WeaponsAmmo,KalTim,0.0
WeaponsAmmo,KalUt,0.0
WeaponsAmmo,SulUt,0.0
WeaponsAmmo,Gorontalo,0.0
WeaponsAmmo,SulTeng,0.0
WeaponsAmmo,SulaSel,0.0
WeaponsAmmo,SulBar,0.0
WeaponsAmmo,SulTra,0.0
WeaponsAmmo,Bali,0.0
WeaponsAmmo,NTB,0.0
WeaponsAmmo,NTT,0.0
WeaponsAmmo,Maluku,0.0
WeaponsAmmo,MalUt,0.0
WeaponsAmmo,PapuaBar,0.0
WeaponsAmmo,PapuaProv,0.0
DomMetalPrd,NAD,0.0
DomMetalPrd,SumUt,0.0007790422532707453
DomMetalPrd,SumBar,0.0
DomMetalPrd,RiauProv,0.000234478764468804
DomMetalPrd,KepRi,0.059360671788454056
DomMetalPrd,Jambi,0.0
DomMetalPrd,SumSel,3.5722464417631272e-06
DomMetalPrd,BaBel,0.0
DomMetalPrd,Bengkulu,0.0
DomMetalPrd,Lampung,0.0
DomMetalPrd,DKI,0.6072450876235962
DomMetalPrd,JaBar,2.2421440917241853e-06
DomMetalPrd,Banten,0.0
DomMetalPrd,JaTeng,0.015516050159931183
DomMetalPrd,DIY,5.612656423181761e-06
DomMetalPrd,JaTim,0.3094227910041809
DomMetalPrd,KalBar,3.685513001983054e-05
DomMetalPrd,KalTeng,0.0
DomMetalPrd,KalSel,0.0
DomMetalPrd,KalTim,0.004564621020108461
DomMetalPrd,KalUt,0.00018978524894919246
DomMetalPrd,SulUt,0.0
DomMetalPrd,Gorontalo,0.0
DomMetalPrd,SulTeng,0.0
DomMetalPrd,SulaSel,0.0
DomMetalPrd,SulBar,0.0
DomMetalPrd,SulTra,0.0
DomMetalPrd,Bali,0.0019975777249783278
DomMetalPrd,NTB,1.0813085282279644e-05
DomMetalPrd,NTT,0.0005357781192287803
DomMetalPrd,Maluku,0.0
DomMetalPrd,MalUt,0.0
DomMetalPrd,PapuaBar,0.0
DomMetalPrd,PapuaProv,9.501430758973584e-05
OthMetalPrd,NAD,0.0
OthMetalPrd,SumUt,0.0005407790886238217
OthMetalPrd,SumBar,3.649218342616223e-06
OthMetalPrd,RiauProv,0.0
OthMetalPrd,KepRi,0.22704309225082397
OthMetalPrd,Jambi,4.478223854675889e-05
OthMetalPrd,SumSel,0.0030360466334968805
OthMetalPrd,BaBel,0.0
OthMetalPrd,Bengkulu,0.0
OthMetalPrd,Lampung,5.209165465203114e-05
OthMetalPrd,DKI,0.6204385161399841
OthMetalPrd,JaBar,2.731092308749794e-06
OthMetalPrd,Banten,0.00043290143366903067
OthMetalPrd,JaTeng,0.006814328953623772
OthMetalPrd,DIY,4.415918283484643e-06
OthMetalPrd,JaTim,0.13680574297904968
OthMetalPrd,KalBar,3.8306616545469296e-08
OthMetalPrd,KalTeng,0.0
OthMetalPrd,KalSel,0.0001847542152972892
OthMetalPrd,KalTim,0.00046107498928904533
OthMetalPrd,KalUt,0.0
OthMetalPrd,SulUt,1.389437329635257e-07
OthMetalPrd,Gorontalo,0.0
OthMetalPrd,SulTeng,0.0
OthMetalPrd,SulaSel,0.0017814419697970152
OthMetalPrd,SulBar,0.0
OthMetalPrd,SulTra,0.0
OthMetalPrd,Bali,0.002094665775075555
OthMetalPrd,NTB,3.984426655279094e-07
OthMetalPrd,NTT,0.00019140435324516147
OthMetalPrd,Maluku,0.0
OthMetalPrd,MalUt,0.0
OthMetalPrd,PapuaBar,9.848566151049454e-06
OthMetalPrd,PapuaProv,5.7129625929519534e-05
ElectroncPrd,NAD,0.0
ElectroncPrd,SumUt,2.930562368419487e-05
ElectroncPrd,SumBar,0.0
ElectroncPrd,RiauProv,0.0
ElectroncPrd,KepRi,0.26923859119415283
ElectroncPrd,Jambi,0.0
ElectroncPrd,SumSel,1.215715542457474e-06
ElectroncPrd,BaBel,0.0
ElectroncPrd,Bengkulu,0.0
ElectroncPrd,Lampung,7.720343546679942e-07
ElectroncPrd,DKI,0.6985552310943604
ElectroncPrd,JaBar,2.8124205186941253e-08
ElectroncPrd,Banten,0.0
ElectroncPrd,JaTeng,0.006845648400485516
ElectroncPrd,DIY,2.21237669961738e-07
ElectroncPrd,JaTim,0.025030914694070816
ElectroncPrd,KalBar,9.67609636859379e-08
ElectroncPrd,KalTeng,0.0
ElectroncPrd,KalSel,0.0
ElectroncPrd,KalTim,9.855117241386324e-06
ElectroncPrd,KalUt,0.0
ElectroncPrd,SulUt,0.0
ElectroncPrd,Gorontalo,0.0
ElectroncPrd,SulTeng,0.0
ElectroncPrd,SulaSel,0.0
ElectroncPrd,SulBar,0.0
ElectroncPrd,SulTra,0.0
ElectroncPrd,Bali,0.00021846609888598323
ElectroncPrd,NTB,0.0
ElectroncPrd,NTT,5.903494457015768e-05
ElectroncPrd,Maluku,0.0
ElectroncPrd,MalUt,0.0
ElectroncPrd,PapuaBar,0.0
ElectroncPrd,PapuaProv,1.0535098226682749e-05
Instruments,NAD,0.0
Instruments,SumUt,0.0008028348674997687
Instruments,SumBar,0.0
Instruments,RiauProv,5.7891596952686086e-05
Instruments,KepRi,0.2697030007839203
Instruments,Jambi,0.0
Instruments,SumSel,0.00027304451214149594
Instruments,BaBel,0.0
Instruments,Bengkulu,0.0
Instruments,Lampung,2.964904979307903e-06
Instruments,DKI,0.6899469494819641
Instruments,JaBar,6.188062252476811e-05
Instruments,Banten,0.0
Instruments,JaTeng,0.00019897847960237414
Instruments,DIY,0.0
Instruments,JaTim,0.029950033873319626
Instruments,KalBar,0.0
Instruments,KalTeng,0.0
Instruments,KalSel,0.0
Instruments,KalTim,0.006678176112473011
Instruments,KalUt,0.0
Instruments,SulUt,0.00017039348313119262
Instruments,Gorontalo,0.0
Instruments,SulTeng,0.0
Instruments,SulaSel,0.0
Instruments,SulBar,0.0
Instruments,SulTra,0.0
Instruments,Bali,0.0004318669089116156
Instruments,NTB,0.0016554645262658596
Instruments,NTT,2.4550412490498275e-05
Instruments,Maluku,0.0
Instruments,MalUt,0.0
Instruments,PapuaBar,0.0
Instruments,PapuaProv,4.2011812183773145e-05
ElecMotorGen,NAD,0.0033602104522287846
ElecMotorGen,SumUt,0.14521509408950806
ElecMotorGen,SumBar,0.0
ElecMotorGen,RiauProv,0.0
ElecMotorGen,KepRi,0.1330375224351883
ElecMotorGen,Jambi,0.0
ElecMotorGen,SumSel,0.0
ElecMotorGen,BaBel,0.0
ElecMotorGen,Bengkulu,0.0
ElecMotorGen,Lampung,0.0
ElecMotorGen,DKI,0.7081524133682251
ElecMotorGen,JaBar,0.0
ElecMotorGen,Banten,0.0
ElecMotorGen,JaTeng,0.0058475276455283165
ElecMotorGen,DIY,0.0
ElecMotorGen,JaTim,0.0017078722594305873
ElecMotorGen,KalBar,0.0
ElecMotorGen,KalTeng,0.0
ElecMotorGen,KalSel,0.0
ElecMotorGen,KalTim,0.000242531270487234
ElecMotorGen,KalUt,0.0
ElecMotorGen,SulUt,0.0
ElecMotorGen,Gorontalo,0.0
ElecMotorGen,SulTeng,0.0
ElecMotorGen,SulaSel,0.0
ElecMotorGen,SulBar,0.0
ElecMotorGen,SulTra,0.0016043983632698655
ElecMotorGen,Bali,0.00027165442588739097
ElecMotorGen,NTB,0.0
ElecMotorGen,NTT,0.00010010022378992289
ElecMotorGen,Maluku,0.0
ElecMotorGen,MalUt,0.0
ElecMotorGen,PapuaBar,0.00045581936137750745
ElecMotorGen,PapuaProv,4.861240540776635e-06
ElectEqp,NAD,0.0
ElectEqp,SumUt,0.011024548672139645
ElectEqp,SumBar,0.0
ElectEqp,RiauProv,6.413149833406351e-08
ElectEqp,KepRi,0.5159242749214172
ElectEqp,Jambi,0.0
ElectEqp,SumSel,8.248399581134436e-07
ElectEqp,BaBel,0.0
ElectEqp,Bengkulu,1.9210528989788145e-06
ElectEqp,Lampung,0.0
ElectEqp,DKI,0.4496871531009674
ElectEqp,JaBar,0.0006890626391395926
ElectEqp,Banten,0.0
ElectEqp,JaTeng,0.006480752024799585
ElectEqp,DIY,0.0
ElectEqp,JaTim,0.014463895931839943
ElectEqp,KalBar,0.0
ElectEqp,KalTeng,0.0
ElectEqp,KalSel,0.0
ElectEqp,KalTim,0.0007349385414272547
ElectEqp,KalUt,0.0
ElectEqp,SulUt,0.0
ElectEqp,Gorontalo,0.0
ElectEqp,SulTeng,0.0
ElectEqp,SulaSel,5.013370900996961e-05
ElectEqp,SulBar,0.0
ElectEqp,SulTra,0.0
ElectEqp,Bali,0.0007872654823586345
ElectEqp,NTB,0.0
ElectEqp,NTT,0.00015477559645660222
ElectEqp,Maluku,0.0
ElectEqp,MalUt,0.0
ElectEqp,PapuaBar,0.0
ElectEqp,PapuaProv,3.915848765245755e-07
Batteries,NAD,0.0
Batteries,SumUt,0.000817085150629282
Batteries,SumBar,0.0
Batteries,RiauProv,0.0
Batteries,KepRi,0.24239709973335266
Batteries,Jambi,0.0
Batteries,SumSel,3.40216743666133e-08
Batteries,BaBel,0.0
Batteries,Bengkulu,0.0
Batteries,Lampung,0.0
Batteries,DKI,0.7051945924758911
Batteries,JaBar,0.0
Batteries,Banten,0.0
Batteries,JaTeng,4.12549951533947e-07
Batteries,DIY,0.0
Batteries,JaTim,0.05147112160921097
Batteries,KalBar,2.3507405785494484e-05
Batteries,KalTeng,0.0
Batteries,KalSel,0.0
Batteries,KalTim,6.40077814750839e-07
Batteries,KalUt,1.7739477698341943e-05
Batteries,SulUt,0.0
Batteries,Gorontalo,0.0
Batteries,SulTeng,0.0
Batteries,SulaSel,0.0
Batteries,SulBar,0.0
Batteries,SulTra,0.0
Batteries,Bali,4.442380031832727e-06
Batteries,NTB,0.0
Batteries,NTT,5.940217670286074e-05
Batteries,Maluku,0.0
Batteries,MalUt,0.0
Batteries,PapuaBar,0.0
Batteries,PapuaProv,1.3976152331451885e-05
OthElecEqp,NAD,0.0
OthElecEqp,SumUt,0.0030413956847041845
OthElecEqp,SumBar,5.101317219668999e-05
OthElecEqp,RiauProv,0.0
OthElecEqp,KepRi,0.1687541902065277
OthElecEqp,Jambi,0.0
OthElecEqp,SumSel,0.0004017661267425865
OthElecEqp,BaBel,0.0
OthElecEqp,Bengkulu,0.0
OthElecEqp,Lampung,0.00013564825349021703
OthElecEqp,DKI,0.49579012393951416
OthElecEqp,JaBar,3.7640475056832656e-06
OthElecEqp,Banten,6.460200438596075e-06
OthElecEqp,JaTeng,0.13664761185646057
OthElecEqp,DIY,3.1374874254197493e-08
OthElecEqp,JaTim,0.19382429122924805
OthElecEqp,KalBar,3.9345749769381655e-08
OthElecEqp,KalTeng,0.0
OthElecEqp,KalSel,0.0001576614595251158
OthElecEqp,KalTim,0.00022846065985504538
OthElecEqp,KalUt,0.0
OthElecEqp,SulUt,0.0
OthElecEqp,Gorontalo,0.0
OthElecEqp,SulTeng,0.0
OthElecEqp,SulaSel,0.000820999382995069
OthElecEqp,SulBar,0.0
OthElecEqp,SulTra,0.0
OthElecEqp,Bali,4.024692316306755e-05
OthElecEqp,NTB,3.3070699601012166e-07
OthElecEqp,NTT,7.993909093784168e-05
OthElecEqp,Maluku,0.0
OthElecEqp,MalUt,0.0
OthElecEqp,PapuaBar,1.1482163245091215e-05
OthElecEqp,PapuaProv,4.610662017512368e-06
DomElectEqp,NAD,0.0
DomElectEqp,SumUt,0.008357987739145756
DomElectEqp,SumBar,0.0
DomElectEqp,RiauProv,7.928255945444107e-05
DomElectEqp,KepRi,0.5483846068382263
DomElectEqp,Jambi,0.0
DomElectEqp,SumSel,1.0864500836760271e-06
DomElectEqp,BaBel,0.0
DomElectEqp,Bengkulu,0.0
DomElectEqp,Lampung,1.4919854720574222e-06
DomElectEqp,DKI,0.42922964692115784
DomElectEqp,JaBar,0.00021841634588781744
DomElectEqp,Banten,0.0
DomElectEqp,JaTeng,0.004763467237353325
DomElectEqp,DIY,2.4666194420319698e-08
DomElectEqp,JaTim,0.00867544487118721
DomElectEqp,KalBar,0.0
DomElectEqp,KalTeng,0.0
DomElectEqp,KalSel,0.0
DomElectEqp,KalTim,4.3969997932435945e-05
DomElectEqp,KalUt,4.746535523736384e-06
DomElectEqp,SulUt,0.0
DomElectEqp,Gorontalo,0.0
DomElectEqp,SulTeng,0.0
DomElectEqp,SulaSel,0.0
DomElectEqp,SulBar,0.0
DomElectEqp,SulTra,0.0
DomElectEqp,Bali,7.359577466559131e-06
DomElectEqp,NTB,0.0
DomElectEqp,NTT,0.00023050044546835124
DomElectEqp,Maluku,0.0
DomElectEqp,MalUt,0.0
DomElectEqp,PapuaBar,0.0
DomElectEqp,PapuaProv,1.9555454855435528e-06
PrimaryMover,NAD,0.0
PrimaryMover,SumUt,0.0013888698304072022
PrimaryMover,SumBar,3.5064012138263934e-08
PrimaryMover,RiauProv,0.0033796164207160473
PrimaryMover,KepRi,0.3044815957546234
PrimaryMover,Jambi,0.0
PrimaryMover,SumSel,0.0010457196040078998
PrimaryMover,BaBel,0.0
PrimaryMover,Bengkulu,0.0
PrimaryMover,Lampung,1.2366657756501809e-05
PrimaryMover,DKI,0.6007115244865417
PrimaryMover,JaBar,2.514750576665392e-06
PrimaryMover,Banten,0.007784007582813501
PrimaryMover,JaTeng,0.02414724975824356
PrimaryMover,DIY,0.0
PrimaryMover,JaTim,0.05101241171360016
PrimaryMover,KalBar,0.0
PrimaryMover,KalTeng,0.0
PrimaryMover,KalSel,0.0005857322248630226
PrimaryMover,KalTim,0.004517027642577887
PrimaryMover,KalUt,0.0
PrimaryMover,SulUt,0.0
PrimaryMover,Gorontalo,0.0
PrimaryMover,SulTeng,0.0
PrimaryMover,SulaSel,1.3551712982007302e-05
PrimaryMover,SulBar,0.0
PrimaryMover,SulTra,0.0
PrimaryMover,Bali,0.0002529315825086087
PrimaryMover,NTB,0.0
PrimaryMover,NTT,6.215752364369109e-05
PrimaryMover,Maluku,0.0
PrimaryMover,MalUt,0.0
PrimaryMover,PapuaBar,0.0005683985655196011
PrimaryMover,PapuaProv,3.429476055316627e-05
OfficeMachin,NAD,0.0
OfficeMachin,SumUt,1.9723790956049925e-06
OfficeMachin,SumBar,0.0
OfficeMachin,RiauProv,0.0
OfficeMachin,KepRi,0.16350363194942474
OfficeMachin,Jambi,0.0
OfficeMachin,SumSel,0.0
OfficeMachin,BaBel,0.0
OfficeMachin,Bengkulu,0.0
OfficeMachin,Lampung,0.0
OfficeMachin,DKI,0.8329978585243225
OfficeMachin,JaBar,0.0
OfficeMachin,Banten,0.0
OfficeMachin,JaTeng,9.636205504648387e-06
OfficeMachin,DIY,0.0
OfficeMachin,JaTim,0.001163500128313899
OfficeMachin,KalBar,0.0
OfficeMachin,KalTeng,0.0
OfficeMachin,KalSel,0.00010274437227053568
OfficeMachin,KalTim,5.141150722920429e-07
OfficeMachin,KalUt,0.0
OfficeMachin,SulUt,0.0
OfficeMachin,Gorontalo,0.0
OfficeMachin,SulTeng,0.0
OfficeMachin,SulaSel,0.0
OfficeMachin,SulBar,0.0
OfficeMachin,SulTra,0.0
OfficeMachin,Bali,0.002083982340991497
OfficeMachin,NTB,0.0
OfficeMachin,NTT,0.00013616714568343014
OfficeMachin,Maluku,0.0
OfficeMachin,MalUt,0.0
OfficeMachin,PapuaBar,0.0
OfficeMachin,PapuaProv,2.1417905671228255e-08
OthMachinEqp,NAD,0.0
OthMachinEqp,SumUt,0.06995202600955963
OthMachinEqp,SumBar,0.0
OthMachinEqp,RiauProv,0.0007297270349226892
OthMachinEqp,KepRi,0.4224977195262909
OthMachinEqp,Jambi,0.0
OthMachinEqp,SumSel,0.00048402982065454125
OthMachinEqp,BaBel,0.0
OthMachinEqp,Bengkulu,0.0
OthMachinEqp,Lampung,4.639838152797893e-06
OthMachinEqp,DKI,0.4610269367694855
OthMachinEqp,JaBar,3.100046512827248e-07
OthMachinEqp,Banten,0.0003337323432788253
OthMachinEqp,JaTeng,0.004097636789083481
OthMachinEqp,DIY,6.6372249918345005e-09
OthMachinEqp,JaTim,0.018629146739840508
OthMachinEqp,KalBar,0.0
OthMachinEqp,KalTeng,0.0
OthMachinEqp,KalSel,0.0009424565942026675
OthMachinEqp,KalTim,0.01969096250832081
OthMachinEqp,KalUt,6.33199088042602e-05
OthMachinEqp,SulUt,0.00038916486664675176
OthMachinEqp,Gorontalo,0.00014739358448423445
OthMachinEqp,SulTeng,0.0
OthMachinEqp,SulaSel,8.495375368511304e-05
OthMachinEqp,SulBar,0.0
OthMachinEqp,SulTra,0.0
OthMachinEqp,Bali,0.0005279919714666903
OthMachinEqp,NTB,0.0
OthMachinEqp,NTT,0.0003252060560043901
OthMachinEqp,Maluku,0.0
OthMachinEqp,MalUt,0.0
OthMachinEqp,PapuaBar,2.2644217096967623e-05
OthMachinEqp,PapuaProv,4.998784061172046e-05
MotorVehicle,NAD,5.07439581269864e-05
MotorVehicle,SumUt,0.0010492558358237147
MotorVehicle,SumBar,1.3629261047753971e-05
MotorVehicle,RiauProv,0.0
MotorVehicle,KepRi,0.012738427147269249
MotorVehicle,Jambi,0.0
MotorVehicle,SumSel,2.05207852559397e-05
MotorVehicle,BaBel,0.0
MotorVehicle,Bengkulu,0.0
MotorVehicle,Lampung,0.0
MotorVehicle,DKI,0.9188269972801208
MotorVehicle,JaBar,3.3762714224394585e-07
MotorVehicle,Banten,4.016133607365191e-05
MotorVehicle,JaTeng,0.003110812045633793
MotorVehicle,DIY,0.0
MotorVehicle,JaTim,0.06168428808450699
MotorVehicle,KalBar,0.0
MotorVehicle,KalTeng,0.0
MotorVehicle,KalSel,0.0
MotorVehicle,KalTim,0.00028463665512390435
MotorVehicle,KalUt,0.0
MotorVehicle,SulUt,7.727103401578006e-10
MotorVehicle,Gorontalo,0.0
MotorVehicle,SulTeng,0.0
MotorVehicle,SulaSel,0.0
MotorVehicle,SulBar,0.0
MotorVehicle,SulTra,0.0
MotorVehicle,Bali,0.001502670464105904
MotorVehicle,NTB,1.4079822108215012e-07
MotorVehicle,NTT,0.0006732142646797001
MotorVehicle,Maluku,0.0
MotorVehicle,MalUt,0.0
MotorVehicle,PapuaBar,0.0
MotorVehicle,PapuaProv,4.143304067838471e-06
Ships,NAD,0.0
Ships,SumUt,0.0
Ships,SumBar,0.0
Ships,RiauProv,0.0
Ships,KepRi,0.6864559650421143
Ships,Jambi,0.006103705149143934
Ships,SumSel,0.008308686316013336
Ships,BaBel,0.0
Ships,Bengkulu,0.0
Ships,Lampung,0.0
Ships,DKI,0.0022929594852030277
Ships,JaBar,0.0
Ships,Banten,0.07146355509757996
Ships,JaTeng,2.0493036572588608e-05
Ships,DIY,0.0
Ships,JaTim,0.07898630946874619
Ships,KalBar,0.0
Ships,KalTeng,0.0
Ships,KalSel,0.00021967690554447472
Ships,KalTim,0.0015411532949656248
Ships,KalUt,0.0
Ships,SulUt,0.0
Ships,Gorontalo,0.0
Ships,SulTeng,0.0
Ships,SulaSel,0.004856928717344999
Ships,SulBar,0.0
Ships,SulTra,0.0
Ships,Bali,7.377382758022577e-07
Ships,NTB,0.0
Ships,NTT,0.01415360439568758
Ships,Maluku,0.12559621036052704
Ships,MalUt,0.0
Ships,PapuaBar,0.0
Ships,PapuaProv,0.0
RailwayEqp,NAD,0.0
RailwayEqp,SumUt,9.102829494622711e-07
RailwayEqp,SumBar,0.0
RailwayEqp,RiauProv,0.0
RailwayEqp,KepRi,0.021747125312685966
RailwayEqp,Jambi,0.0
RailwayEqp,SumSel,0.0
RailwayEqp,BaBel,0.0
RailwayEqp,Bengkulu,0.0
RailwayEqp,Lampung,0.0
RailwayEqp,DKI,0.06260348856449127
RailwayEqp,JaBar,0.0
RailwayEqp,Banten,0.0
RailwayEqp,JaTeng,0.002729157218709588
RailwayEqp,DIY,0.0
RailwayEqp,JaTim,0.9128546118736267
RailwayEqp,KalBar,0.0
RailwayEqp,KalTeng,0.0
RailwayEqp,KalSel,0.0
RailwayEqp,KalTim,0.0
RailwayEqp,KalUt,0.0
RailwayEqp,SulUt,0.0
RailwayEqp,Gorontalo,0.0
RailwayEqp,SulTeng,0.0
RailwayEqp,SulaSel,0.0
RailwayEqp,SulBar,0.0
RailwayEqp,SulTra,0.0
RailwayEqp,Bali,0.0
RailwayEqp,NTB,0.0
RailwayEqp,NTT,3.41522923008597e-06
RailwayEqp,Maluku,0.0
RailwayEqp,MalUt,0.0
RailwayEqp,PapuaBar,0.0
RailwayEqp,PapuaProv,6.134978320915252e-05
Aircraft,NAD,0.0
Aircraft,SumUt,6.844018207630143e-05
Aircraft,SumBar,0.0
Aircraft,RiauProv,0.0063173952512443066
Aircraft,KepRi,0.07492441684007645
Aircraft,Jambi,0.0
Aircraft,SumSel,0.0
Aircraft,BaBel,0.0
Aircraft,Bengkulu,0.0
Aircraft,Lampung,0.0
Aircraft,DKI,0.5439440011978149
Aircraft,JaBar,0.35201528668403625
Aircraft,Banten,0.0
Aircraft,JaTeng,3.5227465559728444e-05
Aircraft,DIY,0.0
Aircraft,JaTim,0.0006253962637856603
Aircraft,KalBar,0.0
Aircraft,KalTeng,0.0
Aircraft,KalSel,0.0
Aircraft,KalTim,0.00023183751909527928
Aircraft,KalUt,0.0
Aircraft,SulUt,0.0
Aircraft,Gorontalo,0.0
Aircraft,SulTeng,0.0
Aircraft,SulaSel,0.0
Aircraft,SulBar,0.0
Aircraft,SulTra,0.0
Aircraft,Bali,0.007256702054291964
Aircraft,NTB,4.73914133181097e-06
Aircraft,NTT,1.752079333527945e-05
Aircraft,Maluku,0.0
Aircraft,MalUt,0.0
Aircraft,PapuaBar,0.0
Aircraft,PapuaProv,0.014559042640030384
OthTrnsEqp,NAD,0.0
OthTrnsEqp,SumUt,0.004574740771204233
OthTrnsEqp,SumBar,0.0
OthTrnsEqp,RiauProv,0.0
OthTrnsEqp,KepRi,0.6502464413642883
OthTrnsEqp,Jambi,0.0
OthTrnsEqp,SumSel,0.0
OthTrnsEqp,BaBel,0.0
OthTrnsEqp,Bengkulu,0.0
OthTrnsEqp,Lampung,0.0
OthTrnsEqp,DKI,0.1465693563222885
OthTrnsEqp,JaBar,8.114390936952987e-08
OthTrnsEqp,Banten,0.0
OthTrnsEqp,JaTeng,0.0004850311379414052
OthTrnsEqp,DIY,0.0
OthTrnsEqp,JaTim,0.19742223620414734
OthTrnsEqp,KalBar,0.0
OthTrnsEqp,KalTeng,0.0
OthTrnsEqp,KalSel,0.0
OthTrnsEqp,KalTim,1.8261654986417852e-05
OthTrnsEqp,KalUt,0.0
OthTrnsEqp,SulUt,0.0
OthTrnsEqp,Gorontalo,0.0
OthTrnsEqp,SulTeng,0.0
OthTrnsEqp,SulaSel,0.0
OthTrnsEqp,SulBar,0.0
OthTrnsEqp,SulTra,0.0
OthTrnsEqp,Bali,0.0003825692110694945
OthTrnsEqp,NTB,0.0
OthTrnsEqp,NTT,0.00029559395625256
OthTrnsEqp,Maluku,0.0
OthTrnsEqp,MalUt,0.0
OthTrnsEqp,PapuaBar,0.0
OthTrnsEqp,PapuaProv,5.674669864674797e-06
Motorcycle,NAD,0.0
Motorcycle,SumUt,5.6116430641850457e-05
Motorcycle,SumBar,0.0
Motorcycle,RiauProv,0.0
Motorcycle,KepRi,0.0015189752448350191
Motorcycle,Jambi,0.0
Motorcycle,SumSel,0.0
Motorcycle,BaBel,0.0
Motorcycle,Bengkulu,0.0
Motorcycle,Lampung,9.067786777450237e-06
Motorcycle,DKI,0.9655903577804565
Motorcycle,JaBar,0.0
Motorcycle,Banten,0.0
Motorcycle,JaTeng,0.0002149963256670162
Motorcycle,DIY,0.0
Motorcycle,JaTim,0.03147687017917633
Motorcycle,KalBar,0.0
Motorcycle,KalTeng,0.0
Motorcycle,KalSel,0.0
Motorcycle,KalTim,0.0
Motorcycle,KalUt,0.0
Motorcycle,SulUt,0.0
Motorcycle,Gorontalo,0.0
Motorcycle,SulTeng,0.0
Motorcycle,SulaSel,0.0
Motorcycle,SulBar,0.0
Motorcycle,SulTra,0.0
Motorcycle,Bali,4.830062152905157e-06
Motorcycle,NTB,0.0
Motorcycle,NTT,0.001105872797779739
Motorcycle,Maluku,0.0
Motorcycle,MalUt,0.0
Motorcycle,PapuaBar,0.0
Motorcycle,PapuaProv,2.2912177882972173e-05
Furniture,NAD,0.0
Furniture,SumUt,0.04886225610971451
Furniture,SumBar,0.0
Furniture,RiauProv,0.0
Furniture,KepRi,0.014289826154708862
Furniture,Jambi,0.0
Furniture,SumSel,6.198796472745016e-05
Furniture,BaBel,0.0
Furniture,Bengkulu,0.0
Furniture,Lampung,0.00034738873364403844
Furniture,DKI,0.19848813116550446
Furniture,JaBar,0.0
Furniture,Banten,0.0
Furniture,JaTeng,0.42687198519706726
Furniture,DIY,1.8981791072292253e-06
Furniture,JaTim,0.3040478229522705
Furniture,KalBar,0.0022684833966195583
Furniture,KalTeng,0.0
Furniture,KalSel,0.0002272586280014366
Furniture,KalTim,1.321882194815771e-07
Furniture,KalUt,0.0
Furniture,SulUt,0.0
Furniture,Gorontalo,0.0
Furniture,SulTeng,1.2074883670720737e-05
Furniture,SulaSel,0.0035538917873054743
Furniture,SulBar,0.0
Furniture,SulTra,0.0
Furniture,Bali,0.0006335708894766867
Furniture,NTB,0.0
Furniture,NTT,0.00033142915344797075
Furniture,Maluku,0.0
Furniture,MalUt,0.0
Furniture,PapuaBar,6.682536195512512e-07
Furniture,PapuaProv,1.1578250678212498e-06
Jewelry,NAD,0.0
Jewelry,SumUt,1.2372665025850438e-07
Jewelry,SumBar,0.0
Jewelry,RiauProv,4.867380809514543e-08
Jewelry,KepRi,3.244469326091348e-06
Jewelry,Jambi,0.0
Jewelry,SumSel,0.0
Jewelry,BaBel,0.0
Jewelry,Bengkulu,0.0
Jewelry,Lampung,0.0
Jewelry,DKI,0.15834873914718628
Jewelry,JaBar,0.0
Jewelry,Banten,0.0
Jewelry,JaTeng,6.117783050285652e-05
Jewelry,DIY,1.1206694807697204e-06
Jewelry,JaTim,0.8273457884788513
Jewelry,KalBar,0.0
Jewelry,KalTeng,0.0
Jewelry,KalSel,0.0
Jewelry,KalTim,7.207405339215711e-09
Jewelry,KalUt,0.0
Jewelry,SulUt,7.827366061974317e-05
Jewelry,Gorontalo,0.0
Jewelry,SulTeng,0.0
Jewelry,SulaSel,0.0
Jewelry,SulBar,0.0
Jewelry,SulTra,0.0
Jewelry,Bali,0.01414201594889164
Jewelry,NTB,1.9435521608102135e-05
Jewelry,NTT,4.8050217138495555e-09
Jewelry,Maluku,0.0
Jewelry,MalUt,0.0
Jewelry,PapuaBar,0.0
Jewelry,PapuaProv,0.0
MusicInstrum,NAD,0.0
MusicInstrum,SumUt,3.6604490105673904e-06
MusicInstrum,SumBar,9.756465715327067e-07
MusicInstrum,RiauProv,0.0
MusicInstrum,KepRi,1.1092285603808705e-05
MusicInstrum,Jambi,0.0
MusicInstrum,SumSel,0.0
MusicInstrum,BaBel,0.0
MusicInstrum,Bengkulu,0.0
MusicInstrum,Lampung,0.0
MusicInstrum,DKI,0.6249133348464966
MusicInstrum,JaBar,7.580893725389615e-05
MusicInstrum,Banten,0.0
MusicInstrum,JaTeng,0.050292085856199265
MusicInstrum,DIY,8.58182193042012e-06
MusicInstrum,JaTim,0.32167136669158936
MusicInstrum,KalBar,0.0
MusicInstrum,KalTeng,0.0
MusicInstrum,KalSel,0.0
MusicInstrum,KalTim,0.0
MusicInstrum,KalUt,0.0
MusicInstrum,SulUt,0.0
MusicInstrum,Gorontalo,0.0
MusicInstrum,SulTeng,0.0
MusicInstrum,SulaSel,0.0
MusicInstrum,SulBar,0.0
MusicInstrum,SulTra,0.0
MusicInstrum,Bali,0.003011876717209816
MusicInstrum,NTB,0.0
MusicInstrum,NTT,9.977036825148389e-06
MusicInstrum,Maluku,0.0
MusicInstrum,MalUt,0.0
MusicInstrum,PapuaBar,0.0
MusicInstrum,PapuaProv,1.2262056543477229e-06
SportsEquip,NAD,0.0
SportsEquip,SumUt,0.0004386665823403746
SportsEquip,SumBar,0.0
SportsEquip,RiauProv,0.0
SportsEquip,KepRi,0.32906559109687805
SportsEquip,Jambi,0.0
SportsEquip,SumSel,0.0
SportsEquip,BaBel,0.0
SportsEquip,Bengkulu,0.0
SportsEquip,Lampung,1.8814414943335578e-05
SportsEquip,DKI,0.40985649824142456
SportsEquip,JaBar,0.0
SportsEquip,Banten,0.0
SportsEquip,JaTeng,0.009965114295482635
SportsEquip,DIY,0.0
SportsEquip,JaTim,0.2500462234020233
SportsEquip,KalBar,0.0
SportsEquip,KalTeng,0.0
SportsEquip,KalSel,0.0
SportsEquip,KalTim,9.220061656378675e-06
SportsEquip,KalUt,0.0
SportsEquip,SulUt,0.0
SportsEquip,Gorontalo,0.0
SportsEquip,SulTeng,0.0
SportsEquip,SulaSel,0.0
SportsEquip,SulBar,0.0
SportsEquip,SulTra,0.0
SportsEquip,Bali,0.0004679422709159553
SportsEquip,NTB,0.0
SportsEquip,NTT,0.00012755343050230294
SportsEquip,Maluku,0.0
SportsEquip,MalUt,0.0
SportsEquip,PapuaBar,0.0
SportsEquip,PapuaProv,4.324666861066362e-06
GamesAndToys,NAD,0.0
GamesAndToys,SumUt,4.6448243665508926e-05
GamesAndToys,SumBar,0.0
GamesAndToys,RiauProv,0.0
GamesAndToys,KepRi,0.15048277378082275
GamesAndToys,Jambi,0.0
GamesAndToys,SumSel,0.0
GamesAndToys,BaBel,0.0
GamesAndToys,Bengkulu,0.0
GamesAndToys,Lampung,0.0
GamesAndToys,DKI,0.8127935528755188
GamesAndToys,JaBar,0.00023649110516998917
GamesAndToys,Banten,0.0
GamesAndToys,JaTeng,0.001003720099106431
GamesAndToys,DIY,3.1084080546861514e-05
GamesAndToys,JaTim,0.035182032734155655
GamesAndToys,KalBar,7.839431418688037e-06
GamesAndToys,KalTeng,0.0
GamesAndToys,KalSel,0.0
GamesAndToys,KalTim,0.0
GamesAndToys,KalUt,0.0
GamesAndToys,SulUt,0.0
GamesAndToys,Gorontalo,0.0
GamesAndToys,SulTeng,0.0
GamesAndToys,SulaSel,0.0
GamesAndToys,SulBar,0.0
GamesAndToys,SulTra,0.0
GamesAndToys,Bali,0.00012082998728146777
GamesAndToys,NTB,0.0
GamesAndToys,NTT,9.507741197012365e-05
GamesAndToys,Maluku,0.0
GamesAndToys,MalUt,0.0
GamesAndToys,PapuaBar,0.0
GamesAndToys,PapuaProv,1.4880343712775357e-07
MedicalDvces,NAD,0.0
MedicalDvces,SumUt,0.00033055071253329515
MedicalDvces,SumBar,0.0
MedicalDvces,RiauProv,0.0
MedicalDvces,KepRi,0.45318546891212463
MedicalDvces,Jambi,0.0
MedicalDvces,SumSel,0.0
MedicalDvces,BaBel,0.0
MedicalDvces,Bengkulu,0.0
MedicalDvces,Lampung,6.091323939472204e-06
MedicalDvces,DKI,0.5239361524581909
MedicalDvces,JaBar,2.9520533644245006e-06
MedicalDvces,Banten,0.0
MedicalDvces,JaTeng,0.01896848902106285
MedicalDvces,DIY,0.0
MedicalDvces,JaTim,0.0023222342133522034
MedicalDvces,KalBar,0.0
MedicalDvces,KalTeng,0.0
MedicalDvces,KalSel,0.0
MedicalDvces,KalTim,0.0
MedicalDvces,KalUt,0.0
MedicalDvces,SulUt,0.0
MedicalDvces,Gorontalo,0.0
MedicalDvces,SulTeng,0.0
MedicalDvces,SulaSel,0.0
MedicalDvces,SulBar,0.0
MedicalDvces,SulTra,0.0
MedicalDvces,Bali,0.0012223032535985112
MedicalDvces,NTB,0.0
MedicalDvces,NTT,2.5591874873498455e-05
MedicalDvces,Maluku,0.0
MedicalDvces,MalUt,0.0
MedicalDvces,PapuaBar,0.0
MedicalDvces,PapuaProv,1.5841720824028016e-07
OthIndustPrd,NAD,0.0
OthIndustPrd,SumUt,0.019421806558966637
OthIndustPrd,SumBar,0.0
OthIndustPrd,RiauProv,1.983998572541168e-06
OthIndustPrd,KepRi,0.0039772349409759045
OthIndustPrd,Jambi,0.0
OthIndustPrd,SumSel,6.3296024563896935e-06
OthIndustPrd,BaBel,0.0
OthIndustPrd,Bengkulu,0.0
OthIndustPrd,Lampung,0.0003195386379957199
OthIndustPrd,DKI,0.7751455903053284
OthIndustPrd,JaBar,6.064249191695126e-06
OthIndustPrd,Banten,0.0
OthIndustPrd,JaTeng,0.02434292435646057
OthIndustPrd,DIY,0.00020266693900339305
OthIndustPrd,JaTim,0.1723206788301468
OthIndustPrd,KalBar,9.794059587875381e-05
OthIndustPrd,KalTeng,0.0
OthIndustPrd,KalSel,0.0
OthIndustPrd,KalTim,9.250837251784105e-07
OthIndustPrd,KalUt,2.039820719801355e-05
OthIndustPrd,SulUt,0.0
OthIndustPrd,Gorontalo,0.0
OthIndustPrd,SulTeng,0.0
OthIndustPrd,SulaSel,1.385593577651889e-06
OthIndustPrd,SulBar,0.0
OthIndustPrd,SulTra,0.0
OthIndustPrd,Bali,0.003978862892836332
OthIndustPrd,NTB,0.0
OthIndustPrd,NTT,0.00014435448974836618
OthIndustPrd,Maluku,0.0
OthIndustPrd,MalUt,0.0
OthIndustPrd,PapuaBar,0.0
OthIndustPrd,PapuaProv,1.1313313734717667e-05
ManMtlRepair,NAD,0.0
ManMtlRepair,SumUt,0.0
ManMtlRepair,SumBar,0.0
ManMtlRepair,RiauProv,0.0
ManMtlRepair,KepRi,0.0
ManMtlRepair,Jambi,0.0
ManMtlRepair,SumSel,0.0
ManMtlRepair,BaBel,0.0
ManMtlRepair,Bengkulu,0.0
ManMtlRepair,Lampung,0.0
ManMtlRepair,DKI,0.0
ManMtlRepair,JaBar,0.0
ManMtlRepair,Banten,0.0
ManMtlRepair,JaTeng,0.0
ManMtlRepair,DIY,0.0
ManMtlRepair,JaTim,0.0
ManMtlRepair,KalBar,0.0
ManMtlRepair,KalTeng,0.0
ManMtlRepair,KalSel,0.0
ManMtlRepair,KalTim,0.0
ManMtlRepair,KalUt,0.0
ManMtlRepair,SulUt,0.0
ManMtlRepair,Gorontalo,0.0
ManMtlRepair,SulTeng,0.0
ManMtlRepair,SulaSel,0.0
ManMtlRepair,SulBar,0.0
ManMtlRepair,SulTra,0.0
ManMtlRepair,Bali,0.0
ManMtlRepair,NTB,0.0
ManMtlRepair,NTT,0.0
ManMtlRepair,Maluku,0.0
ManMtlRepair,MalUt,0.0
ManMtlRepair,PapuaBar,0.0
ManMtlRepair,PapuaProv,0.0
Electricity,NAD,0.0
Electricity,SumUt,0.0
Electricity,SumBar,0.0
Electricity,RiauProv,0.0
Electricity,KepRi,0.0
Electricity,Jambi,0.0
Electricity,SumSel,0.0
Electricity,BaBel,0.0
Electricity,Bengkulu,0.0
Electricity,Lampung,0.0
Electricity,DKI,0.0
Electricity,JaBar,0.0
Electricity,Banten,0.0
Electricity,JaTeng,0.0
Electricity,DIY,0.0
Electricity,JaTim,0.0
Electricity,KalBar,0.0
Electricity,KalTeng,0.0
Electricity,KalSel,0.0
Electricity,KalTim,0.0
Electricity,KalUt,0.0
Electricity,SulUt,0.0
Electricity,Gorontalo,0.0
Electricity,SulTeng,0.0
Electricity,SulaSel,0.0
Electricity,SulBar,0.0
Electricity,SulTra,0.0
Electricity,Bali,0.0
Electricity,NTB,0.0
Electricity,NTT,0.0
Electricity,Maluku,0.0
Electricity,MalUt,0.0
Electricity,PapuaBar,0.0
Electricity,PapuaProv,0.0
GasDist,NAD,0.0
GasDist,SumUt,0.0
GasDist,SumBar,0.0
GasDist,RiauProv,0.0
GasDist,KepRi,1.0
GasDist,Jambi,0.0
GasDist,SumSel,0.0
GasDist,BaBel,0.0
GasDist,Bengkulu,0.0
GasDist,Lampung,0.0
GasDist,DKI,0.0
GasDist,JaBar,0.0
GasDist,Banten,0.0
GasDist,JaTeng,0.0
GasDist,DIY,0.0
GasDist,JaTim,0.0
GasDist,KalBar,0.0
GasDist,KalTeng,0.0
GasDist,KalSel,0.0
GasDist,KalTim,0.0
GasDist,KalUt,0.0
GasDist,SulUt,0.0
GasDist,Gorontalo,0.0
GasDist,SulTeng,0.0
GasDist,SulaSel,0.0
GasDist,SulBar,0.0
GasDist,SulTra,0.0
GasDist,Bali,0.0
GasDist,NTB,0.0
GasDist,NTT,0.0
GasDist,Maluku,0.0
GasDist,MalUt,0.0
GasDist,PapuaBar,0.0
GasDist,PapuaProv,0.0
WaterSupply,NAD,0.0
WaterSupply,SumUt,0.0
WaterSupply,SumBar,0.0
WaterSupply,RiauProv,0.0
WaterSupply,KepRi,0.0
WaterSupply,Jambi,0.0
WaterSupply,SumSel,0.0
WaterSupply,BaBel,0.0
WaterSupply,Bengkulu,0.0
WaterSupply,Lampung,0.0
WaterSupply,DKI,0.0
WaterSupply,JaBar,0.0
WaterSupply,Banten,0.0
WaterSupply,JaTeng,0.0
WaterSupply,DIY,0.0
WaterSupply,JaTim,0.0
WaterSupply,KalBar,0.0
WaterSupply,KalTeng,0.0
WaterSupply,KalSel,0.0
WaterSupply,KalTim,0.0
WaterSupply,KalUt,0.0
WaterSupply,SulUt,0.0
WaterSupply,Gorontalo,0.0
WaterSupply,SulTeng,0.0
WaterSupply,SulaSel,0.0
WaterSupply,SulBar,0.0
WaterSupply,SulTra,0.0
WaterSupply,Bali,0.0
WaterSupply,NTB,0.0
WaterSupply,NTT,0.0
WaterSupply,Maluku,0.0
WaterSupply,MalUt,0.0
WaterSupply,PapuaBar,0.0
WaterSupply,PapuaProv,0.0
WasteManage,NAD,0.0
WasteManage,SumUt,0.5038798451423645
WasteManage,SumBar,0.0
WasteManage,RiauProv,0.000115795926831197
WasteManage,KepRi,0.006206488236784935
WasteManage,Jambi,0.0
WasteManage,SumSel,0.0
WasteManage,BaBel,0.0
WasteManage,Bengkulu,0.0
WasteManage,Lampung,0.000239496017456986
WasteManage,DKI,0.22148045897483826
WasteManage,JaBar,0.0
WasteManage,Banten,0.07055530697107315
WasteManage,JaTeng,0.003532357979565859
WasteManage,DIY,0.0
WasteManage,JaTim,0.1838451623916626
WasteManage,KalBar,0.0
WasteManage,KalTeng,0.0
WasteManage,KalSel,0.0
WasteManage,KalTim,0.002781233750283718
WasteManage,KalUt,0.0
WasteManage,SulUt,0.0
WasteManage,Gorontalo,0.0
WasteManage,SulTeng,0.0
WasteManage,SulaSel,0.0002688695676624775
WasteManage,SulBar,0.0
WasteManage,SulTra,0.0
WasteManage,Bali,0.0012387069873511791
WasteManage,NTB,0.0
WasteManage,NTT,4.5391221647150815e-05
WasteManage,Maluku,0.0
WasteManage,MalUt,0.0
WasteManage,PapuaBar,0.0
WasteManage,PapuaProv,0.00581087963655591
ResidBuildng,NAD,0.012373450212180614
ResidBuildng,SumUt,0.044007301330566406
ResidBuildng,SumBar,0.013944773003458977
ResidBuildng,RiauProv,0.043823421001434326
ResidBuildng,KepRi,0.019406504929065704
ResidBuildng,Jambi,0.01177963800728321
ResidBuildng,SumSel,0.03244032710790634
ResidBuildng,BaBel,0.005616240669041872
ResidBuildng,Bengkulu,0.004792486783117056
ResidBuildng,Lampung,0.02146928757429123
ResidBuildng,DKI,0.1439741849899292
ResidBuildng,JaBar,0.15725859999656677
ResidBuildng,Banten,0.050079964101314545
ResidBuildng,JaTeng,0.08666043728590012
ResidBuildng,DIY,0.00951127428561449
ResidBuildng,JaTim,0.13183507323265076
ResidBuildng,KalBar,0.010884317569434643
ResidBuildng,KalTeng,0.009773463942110538
ResidBuildng,KalSel,0.015188205987215042
ResidBuildng,KalTim,0.046965111047029495
ResidBuildng,KalUt,0.005564527586102486
ResidBuildng,SulUt,0.008430127054452896
ResidBuildng,Gorontalo,0.0025956786703318357
ResidBuildng,SulTeng,0.009563465602695942
ResidBuildng,SulaSel,0.027465559542179108
ResidBuildng,SulBar,0.002860309323295951
ResidBuildng,SulTra,0.007315965369343758
ResidBuildng,Bali,0.015662094578146935
ResidBuildng,NTB,0.010691392235457897
ResidBuildng,NTT,0.008896751329302788
ResidBuildng,Maluku,0.004671378526836634
ResidBuildng,MalUt,0.0032774298451840878
ResidBuildng,PapuaBar,0.005371838342398405
ResidBuildng,PapuaProv,0.015849385410547256
EleGasInfstr,NAD,0.013829727657139301
EleGasInfstr,SumUt,0.04406319558620453
EleGasInfstr,SumBar,0.014520856551826
EleGasInfstr,RiauProv,0.040644027292728424
EleGasInfstr,KepRi,0.018565412610769272
EleGasInfstr,Jambi,0.011561626568436623
EleGasInfstr,SumSel,0.031014928594231606
EleGasInfstr,BaBel,0.005615093745291233
EleGasInfstr,Bengkulu,0.005185268819332123
EleGasInfstr,Lampung,0.021282056346535683
EleGasInfstr,DKI,0.15217623114585876
EleGasInfstr,JaBar,0.15198355913162231
EleGasInfstr,Banten,0.051412470638751984
EleGasInfstr,JaTeng,0.08486302942037582
EleGasInfstr,DIY,0.01010108646005392
EleGasInfstr,JaTim,0.13029730319976807
EleGasInfstr,KalBar,0.011347458697855473
EleGasInfstr,KalTeng,0.009736486710608006
EleGasInfstr,KalSel,0.014856845140457153
EleGasInfstr,KalTim,0.04190700873732567
EleGasInfstr,KalUt,0.005362357944250107
EleGasInfstr,SulUt,0.00884720403701067
EleGasInfstr,Gorontalo,0.0028885016217827797
EleGasInfstr,SulTeng,0.009902269579470158
EleGasInfstr,SulaSel,0.02842710353434086
EleGasInfstr,SulBar,0.002987239509820938
EleGasInfstr,SulTra,0.007889940403401852
EleGasInfstr,Bali,0.015874946489930153
EleGasInfstr,NTB,0.010907646268606186
EleGasInfstr,NTT,0.010129120200872421
EleGasInfstr,Maluku,0.005314449779689312
EleGasInfstr,MalUt,0.0037034277338534594
EleGasInfstr,PapuaBar,0.005771933123469353
EleGasInfstr,PapuaProv,0.017030153423547745
AgricInfstrc,NAD,0.0
AgricInfstrc,SumUt,0.0
AgricInfstrc,SumBar,0.0
AgricInfstrc,RiauProv,0.0
AgricInfstrc,KepRi,0.0
AgricInfstrc,Jambi,0.0
AgricInfstrc,SumSel,0.0
AgricInfstrc,BaBel,0.0
AgricInfstrc,Bengkulu,0.0
AgricInfstrc,Lampung,0.0
AgricInfstrc,DKI,0.0
AgricInfstrc,JaBar,0.0
AgricInfstrc,Banten,0.0
AgricInfstrc,JaTeng,0.0
AgricInfstrc,DIY,0.0
AgricInfstrc,JaTim,0.0
AgricInfstrc,KalBar,0.0
AgricInfstrc,KalTeng,0.0
AgricInfstrc,KalSel,0.0
AgricInfstrc,KalTim,0.0
AgricInfstrc,KalUt,0.0
AgricInfstrc,SulUt,0.0
AgricInfstrc,Gorontalo,0.0
AgricInfstrc,SulTeng,0.0
AgricInfstrc,SulaSel,0.0
AgricInfstrc,SulBar,0.0
AgricInfstrc,SulTra,0.0
AgricInfstrc,Bali,0.0
AgricInfstrc,NTB,0.0
AgricInfstrc,NTT,0.0
AgricInfstrc,Maluku,0.0
AgricInfstrc,MalUt,0.0
AgricInfstrc,PapuaBar,0.0
AgricInfstrc,PapuaProv,0.0
RoadsBridges,NAD,0.024883300065994263
RoadsBridges,SumUt,0.047165051102638245
RoadsBridges,SumBar,0.018977724015712738
RoadsBridges,RiauProv,0.02693486399948597
RoadsBridges,KepRi,0.011069335043430328
RoadsBridges,Jambi,0.012468114495277405
RoadsBridges,SumSel,0.02656085416674614
RoadsBridges,BaBel,0.0062504662200808525
RoadsBridges,Bengkulu,0.008448990061879158
RoadsBridges,Lampung,0.021379372105002403
RoadsBridges,DKI,0.19802062213420868
RoadsBridges,JaBar,0.11033943295478821
RoadsBridges,Banten,0.02978440932929516
RoadsBridges,JaTeng,0.0815199762582779
RoadsBridges,DIY,0.013672408647835255
RoadsBridges,JaTim,0.11020345985889435
RoadsBridges,KalBar,0.016258956864476204
RoadsBridges,KalTeng,0.011942184530198574
RoadsBridges,KalSel,0.015929775312542915
RoadsBridges,KalTim,0.02261969819664955
RoadsBridges,KalUt,0.005378831643611193
RoadsBridges,SulUt,0.0123297655954957
RoadsBridges,Gorontalo,0.005181973334401846
RoadsBridges,SulTeng,0.012403697706758976
RoadsBridges,SulaSel,0.03303608298301697
RoadsBridges,SulBar,0.004596630111336708
RoadsBridges,SulTra,0.012010768055915833
RoadsBridges,Bali,0.017435884103178978
RoadsBridges,NTB,0.013857369311153889
RoadsBridges,NTT,0.019057804718613625
RoadsBridges,Maluku,0.009810286574065685
RoadsBridges,MalUt,0.006516098044812679
RoadsBridges,PapuaBar,0.008941417559981346
RoadsBridges,PapuaProv,0.02501443214714527
OthBuildings,NAD,0.011717074550688267
OthBuildings,SumUt,0.04286963865160942
OthBuildings,SumBar,0.013030055910348892
OthBuildings,RiauProv,0.04709557816386223
OthBuildings,KepRi,0.02015596628189087
OthBuildings,Jambi,0.011956093832850456
OthBuildings,SumSel,0.03486588969826698
OthBuildings,BaBel,0.005596035160124302
OthBuildings,Bengkulu,0.00451309559866786
OthBuildings,Lampung,0.020130284130573273
OthBuildings,DKI,0.14261485636234283
OthBuildings,JaBar,0.15638688206672668
OthBuildings,Banten,0.048092667013406754
OthBuildings,JaTeng,0.08767465502023697
OthBuildings,DIY,0.008965029381215572
OthBuildings,JaTim,0.13020093739032745
OthBuildings,KalBar,0.010312981903553009
OthBuildings,KalTeng,0.009573510847985744
OthBuildings,KalSel,0.015633011236786842
OthBuildings,KalTim,0.05419394373893738
OthBuildings,KalUt,0.0056263720616698265
OthBuildings,SulUt,0.007891107350587845
OthBuildings,Gorontalo,0.0024327978026121855
OthBuildings,SulTeng,0.009378135204315186
OthBuildings,SulaSel,0.026449669152498245
OthBuildings,SulBar,0.002620845567435026
OthBuildings,SulTra,0.007043072022497654
OthBuildings,Bali,0.014910741709172726
OthBuildings,NTB,0.010288768447935581
OthBuildings,NTT,0.008269941434264183
OthBuildings,Maluku,0.004449634812772274
OthBuildings,MalUt,0.0030747137498110533
OthBuildings,PapuaBar,0.0059780157171189785
OthBuildings,PapuaProv,0.01600801944732666
CarTrading,NAD,0.0
CarTrading,SumUt,0.0
CarTrading,SumBar,0.0
CarTrading,RiauProv,0.0
CarTrading,KepRi,0.0
CarTrading,Jambi,0.0
CarTrading,SumSel,0.0
CarTrading,BaBel,0.0
CarTrading,Bengkulu,0.0
CarTrading,Lampung,0.0
CarTrading,DKI,0.0
CarTrading,JaBar,0.0
CarTrading,Banten,0.0
CarTrading,JaTeng,0.0
CarTrading,DIY,0.0
CarTrading,JaTim,0.0
CarTrading,KalBar,0.0
CarTrading,KalTeng,0.0
CarTrading,KalSel,0.0
CarTrading,KalTim,0.0
CarTrading,KalUt,0.0
CarTrading,SulUt,0.0
CarTrading,Gorontalo,0.0
CarTrading,SulTeng,0.0
CarTrading,SulaSel,0.0
CarTrading,SulBar,0.0
CarTrading,SulTra,0.0
CarTrading,Bali,0.0
CarTrading,NTB,0.0
CarTrading,NTT,0.0
CarTrading,Maluku,0.0
CarTrading,MalUt,0.0
CarTrading,PapuaBar,0.0
CarTrading,PapuaProv,0.0
CarRepair,NAD,0.0
CarRepair,SumUt,0.0
CarRepair,SumBar,0.0
CarRepair,RiauProv,0.0
CarRepair,KepRi,0.0
CarRepair,Jambi,0.0
CarRepair,SumSel,0.0
CarRepair,BaBel,0.0
CarRepair,Bengkulu,0.0
CarRepair,Lampung,0.0
CarRepair,DKI,0.0
CarRepair,JaBar,0.0
CarRepair,Banten,0.0
CarRepair,JaTeng,0.0
CarRepair,DIY,0.0
CarRepair,JaTim,0.0
CarRepair,KalBar,0.0
CarRepair,KalTeng,0.0
CarRepair,KalSel,0.0
CarRepair,KalTim,0.0
CarRepair,KalUt,0.0
CarRepair,SulUt,0.0
CarRepair,Gorontalo,0.0
CarRepair,SulTeng,0.0
CarRepair,SulaSel,0.0
CarRepair,SulBar,0.0
CarRepair,SulTra,0.0
CarRepair,Bali,0.0
CarRepair,NTB,0.0
CarRepair,NTT,0.0
CarRepair,Maluku,0.0
CarRepair,MalUt,0.0
CarRepair,PapuaBar,0.0
CarRepair,PapuaProv,0.0
OthTrade,NAD,0.0
OthTrade,SumUt,0.0
OthTrade,SumBar,0.0
OthTrade,RiauProv,0.0
OthTrade,KepRi,0.0
OthTrade,Jambi,0.0
OthTrade,SumSel,0.0
OthTrade,BaBel,0.0
OthTrade,Bengkulu,0.0
OthTrade,Lampung,0.0
OthTrade,DKI,0.0
OthTrade,JaBar,0.0
OthTrade,Banten,0.0
OthTrade,JaTeng,0.0
OthTrade,DIY,0.0
OthTrade,JaTim,0.0
OthTrade,KalBar,0.0
OthTrade,KalTeng,0.0
OthTrade,KalSel,0.0
OthTrade,KalTim,0.0
OthTrade,KalUt,0.0
OthTrade,SulUt,0.0
OthTrade,Gorontalo,0.0
OthTrade,SulTeng,0.0
OthTrade,SulaSel,0.0
OthTrade,SulBar,0.0
OthTrade,SulTra,0.0
OthTrade,Bali,0.0
OthTrade,NTB,0.0
OthTrade,NTT,0.0
OthTrade,Maluku,0.0
OthTrade,MalUt,0.0
OthTrade,PapuaBar,0.0
OthTrade,PapuaProv,0.0
RailTransprt,NAD,0.0
RailTransprt,SumUt,0.0
RailTransprt,SumBar,0.0
RailTransprt,RiauProv,0.0
RailTransprt,KepRi,0.0
RailTransprt,Jambi,0.0
RailTransprt,SumSel,0.0
RailTransprt,BaBel,0.0
RailTransprt,Bengkulu,0.0
RailTransprt,Lampung,0.0
RailTransprt,DKI,0.0
RailTransprt,JaBar,0.0
RailTransprt,Banten,0.0
RailTransprt,JaTeng,0.0
RailTransprt,DIY,0.0
RailTransprt,JaTim,0.0
RailTransprt,KalBar,0.0
RailTransprt,KalTeng,0.0
RailTransprt,KalSel,0.0
RailTransprt,KalTim,0.0
RailTransprt,KalUt,0.0
RailTransprt,SulUt,0.0
RailTransprt,Gorontalo,0.0
RailTransprt,SulTeng,0.0
RailTransprt,SulaSel,0.0
RailTransprt,SulBar,0.0
RailTransprt,SulTra,0.0
RailTransprt,Bali,0.0
RailTransprt,NTB,0.0
RailTransprt,NTT,0.0
RailTransprt,Maluku,0.0
RailTransprt,MalUt,0.0
RailTransprt,PapuaBar,0.0
RailTransprt,PapuaProv,0.0
LandTransprt,NAD,0.0
LandTransprt,SumUt,0.0
LandTransprt,SumBar,0.0
LandTransprt,RiauProv,0.0
LandTransprt,KepRi,0.0
LandTransprt,Jambi,0.0
LandTransprt,SumSel,0.0
LandTransprt,BaBel,0.0
LandTransprt,Bengkulu,0.0
LandTransprt,Lampung,0.0
LandTransprt,DKI,0.0
LandTransprt,JaBar,0.0
LandTransprt,Banten,0.0
LandTransprt,JaTeng,0.0
LandTransprt,DIY,0.0
LandTransprt,JaTim,0.0
LandTransprt,KalBar,0.0
LandTransprt,KalTeng,0.0
LandTransprt,KalSel,0.0
LandTransprt,KalTim,0.0
LandTransprt,KalUt,0.0
LandTransprt,SulUt,0.0
LandTransprt,Gorontalo,0.0
LandTransprt,SulTeng,0.0
LandTransprt,SulaSel,0.0
LandTransprt,SulBar,0.0
LandTransprt,SulTra,0.0
LandTransprt,Bali,0.0
LandTransprt,NTB,0.0
LandTransprt,NTT,0.0
LandTransprt,Maluku,0.0
LandTransprt,MalUt,0.0
LandTransprt,PapuaBar,0.0
LandTransprt,PapuaProv,0.0
SeaTransport,NAD,0.0
SeaTransport,SumUt,0.0
SeaTransport,SumBar,0.0
SeaTransport,RiauProv,0.0
SeaTransport,KepRi,0.0
SeaTransport,Jambi,0.0
SeaTransport,SumSel,0.0
SeaTransport,BaBel,0.0
SeaTransport,Bengkulu,0.0
SeaTransport,Lampung,0.0
SeaTransport,DKI,0.0
SeaTransport,JaBar,0.0
SeaTransport,Banten,0.0
SeaTransport,JaTeng,0.0
SeaTransport,DIY,0.0
SeaTransport,JaTim,0.0
SeaTransport,KalBar,0.0
SeaTransport,KalTeng,0.0
SeaTransport,KalSel,0.0
SeaTransport,KalTim,0.0
SeaTransport,KalUt,0.0
SeaTransport,SulUt,0.0
SeaTransport,Gorontalo,0.0
SeaTransport,SulTeng,0.0
SeaTransport,SulaSel,0.0
SeaTransport,SulBar,0.0
SeaTransport,SulTra,0.0
SeaTransport,Bali,0.0
SeaTransport,NTB,0.0
SeaTransport,NTT,0.0
SeaTransport,Maluku,0.0
SeaTransport,MalUt,0.0
SeaTransport,PapuaBar,0.0
SeaTransport,PapuaProv,0.0
RiverTrnsprt,NAD,0.0
RiverTrnsprt,SumUt,0.0
RiverTrnsprt,SumBar,0.0
RiverTrnsprt,RiauProv,0.0
RiverTrnsprt,KepRi,0.0
RiverTrnsprt,Jambi,0.0
RiverTrnsprt,SumSel,0.0
RiverTrnsprt,BaBel,0.0
RiverTrnsprt,Bengkulu,0.0
RiverTrnsprt,Lampung,0.0
RiverTrnsprt,DKI,0.0
RiverTrnsprt,JaBar,0.0
RiverTrnsprt,Banten,0.0
RiverTrnsprt,JaTeng,0.0
RiverTrnsprt,DIY,0.0
RiverTrnsprt,JaTim,0.0
RiverTrnsprt,KalBar,0.0
RiverTrnsprt,KalTeng,0.0
RiverTrnsprt,KalSel,0.0
RiverTrnsprt,KalTim,0.0
RiverTrnsprt,KalUt,0.0
RiverTrnsprt,SulUt,0.0
RiverTrnsprt,Gorontalo,0.0
RiverTrnsprt,SulTeng,0.0
RiverTrnsprt,SulaSel,0.0
RiverTrnsprt,SulBar,0.0
RiverTrnsprt,SulTra,0.0
RiverTrnsprt,Bali,0.0
RiverTrnsprt,NTB,0.0
RiverTrnsprt,NTT,0.0
RiverTrnsprt,Maluku,0.0
RiverTrnsprt,MalUt,0.0
RiverTrnsprt,PapuaBar,0.0
RiverTrnsprt,PapuaProv,0.0
AirTransport,NAD,0.005651768296957016
AirTransport,SumUt,0.04570722207427025
AirTransport,SumBar,0.01920057274401188
AirTransport,RiauProv,0.013818877749145031
AirTransport,KepRi,0.03826925903558731
AirTransport,Jambi,0.008717543445527554
AirTransport,SumSel,0.02088061161339283
AirTransport,BaBel,0.00803463626652956
AirTransport,Bengkulu,0.004450355656445026
AirTransport,Lampung,0.010012962855398655
AirTransport,DKI,0.05804980918765068
AirTransport,JaBar,0.017406629398465157
AirTransport,Banten,0.25821995735168457
AirTransport,JaTeng,0.03233422711491585
AirTransport,DIY,0.03885143995285034
AirTransport,JaTim,0.10541392117738724
AirTransport,KalBar,0.018404938280582428
AirTransport,KalTeng,0.008163848891854286
AirTransport,KalSel,0.011781003326177597
AirTransport,KalTim,0.035715583711862564
AirTransport,KalUt,0.005037964321672916
AirTransport,SulUt,0.015449531376361847
AirTransport,Gorontalo,0.0033610304817557335
AirTransport,SulTeng,0.009884296916425228
AirTransport,SulaSel,0.050518982112407684
AirTransport,SulBar,0.0006754425121471286
AirTransport,SulTra,0.010151089169085026
AirTransport,Bali,0.06488005816936493
AirTransport,NTB,0.014454406686127186
AirTransport,NTT,0.015239996835589409
AirTransport,Maluku,0.008229806087911129
AirTransport,MalUt,0.005785645917057991
AirTransport,PapuaBar,0.009507207199931145
AirTransport,PapuaProv,0.027739351615309715
TransportSvc,NAD,0.0
TransportSvc,SumUt,0.0
TransportSvc,SumBar,0.0
TransportSvc,RiauProv,0.0
TransportSvc,KepRi,0.0
TransportSvc,Jambi,0.0
TransportSvc,SumSel,0.0
TransportSvc,BaBel,0.0
TransportSvc,Bengkulu,0.0
TransportSvc,Lampung,0.0
TransportSvc,DKI,0.0
TransportSvc,JaBar,0.0
TransportSvc,Banten,0.0
TransportSvc,JaTeng,0.0
TransportSvc,DIY,0.0
TransportSvc,JaTim,0.0
TransportSvc,KalBar,0.0
TransportSvc,KalTeng,0.0
TransportSvc,KalSel,0.0
TransportSvc,KalTim,0.0
TransportSvc,KalUt,0.0
TransportSvc,SulUt,0.0
TransportSvc,Gorontalo,0.0
TransportSvc,SulTeng,0.0
TransportSvc,SulaSel,0.0
TransportSvc,SulBar,0.0
TransportSvc,SulTra,0.0
TransportSvc,Bali,0.0
TransportSvc,NTB,0.0
TransportSvc,NTT,0.0
TransportSvc,Maluku,0.0
TransportSvc,MalUt,0.0
TransportSvc,PapuaBar,0.0
TransportSvc,PapuaProv,0.0
Postal,NAD,0.0
Postal,SumUt,0.0
Postal,SumBar,0.0
Postal,RiauProv,0.0
Postal,KepRi,0.0
Postal,Jambi,0.0
Postal,SumSel,0.0
Postal,BaBel,0.0
Postal,Bengkulu,0.0
Postal,Lampung,0.0
Postal,DKI,0.39690136909484863
Postal,JaBar,0.0
Postal,Banten,0.0
Postal,JaTeng,0.6030985713005066
Postal,DIY,0.0
Postal,JaTim,0.0
Postal,KalBar,0.0
Postal,KalTeng,0.0
Postal,KalSel,0.0
Postal,KalTim,0.0
Postal,KalUt,0.0
Postal,SulUt,0.0
Postal,Gorontalo,0.0
Postal,SulTeng,0.0
Postal,SulaSel,0.0
Postal,SulBar,0.0
Postal,SulTra,0.0
Postal,Bali,0.0
Postal,NTB,0.0
Postal,NTT,0.0
Postal,Maluku,0.0
Postal,MalUt,0.0
Postal,PapuaBar,0.0
Postal,PapuaProv,0.0
Hotels,NAD,0.0030296463519334793
Hotels,SumUt,0.027144208550453186
Hotels,SumBar,0.013808028772473335
Hotels,RiauProv,0.027371566742658615
Hotels,KepRi,0.040062256157398224
Hotels,Jambi,0.005835080984979868
Hotels,SumSel,0.016425032168626785
Hotels,BaBel,0.0010795224225148559
Hotels,Bengkulu,0.0013702589785680175
Hotels,Lampung,0.003133900696411729
Hotels,DKI,0.16495829820632935
Hotels,JaBar,0.07597211748361588
Hotels,Banten,0.00872974842786789
Hotels,JaTeng,0.05950269475579262
Hotels,DIY,0.03334379941225052
Hotels,JaTim,0.11019277572631836
Hotels,KalBar,0.008815444074571133
Hotels,KalTeng,0.003945593256503344
Hotels,KalSel,0.008340041153132915
Hotels,KalTim,0.00923306867480278
Hotels,KalUt,0.0028479392640292645
Hotels,SulUt,0.014827404171228409
Hotels,Gorontalo,0.0019306837348267436
Hotels,SulTeng,0.0035610992927104235
Hotels,SulaSel,0.015069907531142235
Hotels,SulBar,0.0007961447117850184
Hotels,SulTra,0.0036480273120105267
Hotels,Bali,0.2948627769947052
Hotels,NTB,0.016086816787719727
Hotels,NTT,0.0052667101845145226
Hotels,Maluku,0.004564118105918169
Hotels,MalUt,0.0016088467091321945
Hotels,PapuaBar,0.0030778171494603157
Hotels,PapuaProv,0.009558655321598053
Restaurants,NAD,0.013547026552259922
Restaurants,SumUt,0.0461246557533741
Restaurants,SumBar,0.015923382714390755
Restaurants,RiauProv,0.038967978209257126
Restaurants,KepRi,0.018663108348846436
Restaurants,Jambi,0.012144018895924091
Restaurants,SumSel,0.029502036049962044
Restaurants,BaBel,0.005622933153063059
Restaurants,Bengkulu,0.0052639455534517765
Restaurants,Lampung,0.025053678080439568
Restaurants,DKI,0.13196013867855072
Restaurants,JaBar,0.1624893993139267
Restaurants,Banten,0.05688519775867462
Restaurants,JaTeng,0.08517852425575256
Restaurants,DIY,0.010686618275940418
Restaurants,JaTim,0.13622304797172546
Restaurants,KalBar,0.011941589415073395
Restaurants,KalTeng,0.010108020156621933
Restaurants,KalSel,0.013800281099975109
Restaurants,KalTim,0.03355305641889572
Restaurants,KalUt,0.005426224321126938
Restaurants,SulUt,0.009568145498633385
Restaurants,Gorontalo,0.00288186501711607
Restaurants,SulTeng,0.010274617001414299
Restaurants,SulaSel,0.029712650924921036
Restaurants,SulBar,0.0034410899970680475
Restaurants,SulTra,0.007721976842731237
Restaurants,Bali,0.017144938930869102
Restaurants,NTB,0.01155854295939207
Restaurants,NTT,0.010023918002843857
Restaurants,Maluku,0.0050370660610497
Restaurants,MalUt,0.0036306085530668497
Restaurants,PapuaBar,0.0048962607979774475
Restaurants,PapuaProv,0.015043477527797222
Publishing,NAD,0.0
Publishing,SumUt,7.599253422085894e-06
Publishing,SumBar,0.0
Publishing,RiauProv,0.0
Publishing,KepRi,0.9434581995010376
Publishing,Jambi,0.0
Publishing,SumSel,0.0
Publishing,BaBel,0.0
Publishing,Bengkulu,0.0
Publishing,Lampung,0.0
Publishing,DKI,0.048384442925453186
Publishing,JaBar,0.0
Publishing,Banten,0.0
Publishing,JaTeng,0.0
Publishing,DIY,0.0
Publishing,JaTim,0.007290415931493044
Publishing,KalBar,0.0
Publishing,KalTeng,0.0
Publishing,KalSel,0.0
Publishing,KalTim,0.0
Publishing,KalUt,0.0
Publishing,SulUt,0.0
Publishing,Gorontalo,0.0
Publishing,SulTeng,0.0
Publishing,SulaSel,0.0
Publishing,SulBar,0.0
Publishing,SulTra,0.0
Publishing,Bali,0.0007128812139853835
Publishing,NTB,0.0
Publishing,NTT,0.00014642464520875365
Publishing,Maluku,0.0
Publishing,MalUt,0.0
Publishing,PapuaBar,0.0
Publishing,PapuaProv,0.0
Broadcasting,NAD,0.0
Broadcasting,SumUt,0.0
Broadcasting,SumBar,0.0
Broadcasting,RiauProv,0.0
Broadcasting,KepRi,0.14421533048152924
Broadcasting,Jambi,0.0
Broadcasting,SumSel,0.0
Broadcasting,BaBel,0.0
Broadcasting,Bengkulu,0.0
Broadcasting,Lampung,0.0
Broadcasting,DKI,0.5411877036094666
Broadcasting,JaBar,0.0
Broadcasting,Banten,0.0
Broadcasting,JaTeng,0.0
Broadcasting,DIY,0.0
Broadcasting,JaTim,0.3054020404815674
Broadcasting,KalBar,0.0
Broadcasting,KalTeng,0.0
Broadcasting,KalSel,0.0
Broadcasting,KalTim,0.0
Broadcasting,KalUt,0.0
Broadcasting,SulUt,0.0
Broadcasting,Gorontalo,0.0
Broadcasting,SulTeng,0.0
Broadcasting,SulaSel,0.0
Broadcasting,SulBar,0.0
Broadcasting,SulTra,0.0
Broadcasting,Bali,0.00919498223811388
Broadcasting,NTB,0.0
Broadcasting,NTT,0.0
Broadcasting,Maluku,0.0
Broadcasting,MalUt,0.0
Broadcasting,PapuaBar,0.0
Broadcasting,PapuaProv,0.0
Telecommunic,NAD,0.007425118703395128
Telecommunic,SumUt,0.025382518768310547
Telecommunic,SumBar,0.01902949996292591
Telecommunic,RiauProv,0.025154296308755875
Telecommunic,KepRi,0.010506879538297653
Telecommunic,Jambi,0.011277600191533566
Telecommunic,SumSel,0.021163757890462875
Telecommunic,BaBel,0.0021180282346904278
Telecommunic,Bengkulu,0.003748210147023201
Telecommunic,Lampung,0.021067902445793152
Telecommunic,DKI,0.3081572353839874
Telecommunic,JaBar,0.11142203956842422
Telecommunic,Banten,0.046016376465559006
Telecommunic,JaTeng,0.07051802426576614
Telecommunic,DIY,0.017976811155676842
Telecommunic,JaTim,0.15038104355335236
Telecommunic,KalBar,0.011105354875326157
Telecommunic,KalTeng,0.00432802876457572
Telecommunic,KalSel,0.011616598814725876
Telecommunic,KalTim,0.01466359756886959
Telecommunic,KalUt,0.002924663946032524
Telecommunic,SulUt,0.008207138627767563
Telecommunic,Gorontalo,0.0014097263338044286
Telecommunic,SulTeng,0.006671820767223835
Telecommunic,SulaSel,0.022338468581438065
Telecommunic,SulBar,0.002424749080091715
Telecommunic,SulTra,0.00591594073921442
Telecommunic,Bali,0.022171273827552795
Telecommunic,NTB,0.004975080024451017
Telecommunic,NTT,0.00960630178451538
Telecommunic,Maluku,0.0036719085182994604
Telecommunic,MalUt,0.0026167731266468763
Telecommunic,PapuaBar,0.0031331961508840322
Telecommunic,PapuaProv,0.01087407860904932
InformatTech,NAD,0.010806540958583355
InformatTech,SumUt,0.04059750959277153
InformatTech,SumBar,0.014917661435902119
InformatTech,RiauProv,0.03333637863397598
InformatTech,KepRi,0.01752093806862831
InformatTech,Jambi,0.011034573428332806
InformatTech,SumSel,0.027552220970392227
InformatTech,BaBel,0.0048295785672962666
InformatTech,Bengkulu,0.004564950242638588
InformatTech,Lampung,0.0211088377982378
InformatTech,DKI,0.187273308634758
InformatTech,JaBar,0.14689220488071442
InformatTech,Banten,0.054387178272008896
InformatTech,JaTeng,0.07939132302999496
InformatTech,DIY,0.011085145175457
InformatTech,JaTim,0.1303495317697525
InformatTech,KalBar,0.010996434837579727
InformatTech,KalTeng,0.009180350229144096
InformatTech,KalSel,0.01564589887857437
InformatTech,KalTim,0.041570715606212616
InformatTech,KalUt,0.005522743333131075
InformatTech,SulUt,0.008964400738477707
InformatTech,Gorontalo,0.002426853869110346
InformatTech,SulTeng,0.008729546330869198
InformatTech,SulaSel,0.02696217969059944
InformatTech,SulBar,0.0026270337402820587
InformatTech,SulTra,0.007163963746279478
InformatTech,Bali,0.017798205837607384
InformatTech,NTB,0.010421322658658028
InformatTech,NTT,0.00881373230367899
InformatTech,Maluku,0.004356163088232279
InformatTech,MalUt,0.0032653796952217817
InformatTech,PapuaBar,0.004450235050171614
InformatTech,PapuaProv,0.015456977300345898
FinancialSvc,NAD,0.007897940464317799
FinancialSvc,SumUt,0.04310249909758568
FinancialSvc,SumBar,0.011590276844799519
FinancialSvc,RiauProv,0.016432013362646103
FinancialSvc,KepRi,0.010563740506768227
FinancialSvc,Jambi,0.009101458825170994
FinancialSvc,SumSel,0.018162989988923073
FinancialSvc,BaBel,0.0033637122251093388
FinancialSvc,Bengkulu,0.006375182420015335
FinancialSvc,Lampung,0.015179764479398727
FinancialSvc,DKI,0.3384441137313843
FinancialSvc,JaBar,0.10905247181653976
FinancialSvc,Banten,0.03446148335933685
FinancialSvc,JaTeng,0.07569814473390579
FinancialSvc,DIY,0.01021653227508068
FinancialSvc,JaTim,0.12243415415287018
FinancialSvc,KalBar,0.012776427902281284
FinancialSvc,KalTeng,0.0062631284818053246
FinancialSvc,KalSel,0.011063816025853157
FinancialSvc,KalTim,0.016372160986065865
FinancialSvc,KalUt,0.0022409348748624325
FinancialSvc,SulUt,0.008700957521796227
FinancialSvc,Gorontalo,0.0029417560435831547
FinancialSvc,SulTeng,0.007647269871085882
FinancialSvc,SulaSel,0.030791983008384705
FinancialSvc,SulBar,0.0020267292857170105
FinancialSvc,SulTra,0.006008219439536333
FinancialSvc,Bali,0.025675147771835327
FinancialSvc,NTB,0.009529074653983116
FinancialSvc,NTT,0.009188545867800713
FinancialSvc,Maluku,0.003402604954317212
FinancialSvc,MalUt,0.002705274149775505
FinancialSvc,PapuaBar,0.003166058100759983
FinancialSvc,PapuaProv,0.007423394359648228
InsuranceSvc,NAD,0.0010214055655524135
InsuranceSvc,SumUt,0.021379785612225533
InsuranceSvc,SumBar,0.005842780228704214
InsuranceSvc,RiauProv,0.015567833557724953
InsuranceSvc,KepRi,0.01831747777760029
InsuranceSvc,Jambi,0.004447076935321093
InsuranceSvc,SumSel,0.020467976108193398
InsuranceSvc,BaBel,0.0018836517119780183
InsuranceSvc,Bengkulu,0.0009786963928490877
InsuranceSvc,Lampung,0.00807884894311428
InsuranceSvc,DKI,0.5527216196060181
InsuranceSvc,JaBar,0.048462871462106705
InsuranceSvc,Banten,0.03921475633978844
InsuranceSvc,JaTeng,0.020632747560739517
InsuranceSvc,DIY,0.004095866810530424
InsuranceSvc,JaTim,0.13917775452136993
InsuranceSvc,KalBar,0.007820496335625648
InsuranceSvc,KalTeng,0.00552435452118516
InsuranceSvc,KalSel,0.00813521258533001
InsuranceSvc,KalTim,0.014304114505648613
InsuranceSvc,KalUt,0.0012143523199483752
InsuranceSvc,SulUt,0.005343354307115078
InsuranceSvc,Gorontalo,0.0030364138074219227
InsuranceSvc,SulTeng,0.005046294070780277
InsuranceSvc,SulaSel,0.0193624347448349
InsuranceSvc,SulBar,0.0016495240852236748
InsuranceSvc,SulTra,0.003514770418405533
InsuranceSvc,Bali,0.010251099243760109
InsuranceSvc,NTB,0.0033433688804507256
InsuranceSvc,NTT,0.0013589090667665005
InsuranceSvc,Maluku,0.0019056379096582532
InsuranceSvc,MalUt,0.0008135281968861818
InsuranceSvc,PapuaBar,0.0016571562737226486
InsuranceSvc,PapuaProv,0.0034277825616300106
PensionSvc,NAD,0.0
PensionSvc,SumUt,0.0
PensionSvc,SumBar,0.0
PensionSvc,RiauProv,0.0
PensionSvc,KepRi,0.0
PensionSvc,Jambi,0.0
PensionSvc,SumSel,0.0
PensionSvc,BaBel,0.0
PensionSvc,Bengkulu,0.0
PensionSvc,Lampung,0.0
PensionSvc,DKI,0.0
PensionSvc,JaBar,0.0
PensionSvc,Banten,0.0
PensionSvc,JaTeng,0.0
PensionSvc,DIY,0.0
PensionSvc,JaTim,0.0
PensionSvc,KalBar,0.0
PensionSvc,KalTeng,0.0
PensionSvc,KalSel,0.0
PensionSvc,KalTim,0.0
PensionSvc,KalUt,0.0
PensionSvc,SulUt,0.0
PensionSvc,Gorontalo,0.0
PensionSvc,SulTeng,0.0
PensionSvc,SulaSel,0.0
PensionSvc,SulBar,0.0
PensionSvc,SulTra,0.0
PensionSvc,Bali,0.0
PensionSvc,NTB,0.0
PensionSvc,NTT,0.0
PensionSvc,Maluku,0.0
PensionSvc,MalUt,0.0
PensionSvc,PapuaBar,0.0
PensionSvc,PapuaProv,0.0
OthFinancSvc,NAD,0.0008225822821259499
OthFinancSvc,SumUt,0.012339160777628422
OthFinancSvc,SumBar,0.0034241178072988987
OthFinancSvc,RiauProv,0.004538088571280241
OthFinancSvc,KepRi,0.016655096784234047
OthFinancSvc,Jambi,0.0005367061821743846
OthFinancSvc,SumSel,0.0015437143156304955
OthFinancSvc,BaBel,5.2159797633066773e-05
OthFinancSvc,Bengkulu,8.149741915985942e-05
OthFinancSvc,Lampung,0.001279439078643918
OthFinancSvc,DKI,0.7888315916061401
OthFinancSvc,JaBar,0.04898341745138168
OthFinancSvc,Banten,0.015838194638490677
OthFinancSvc,JaTeng,0.011992577463388443
OthFinancSvc,DIY,0.003389478661119938
OthFinancSvc,JaTim,0.03930484503507614
OthFinancSvc,KalBar,0.009811675176024437
OthFinancSvc,KalTeng,0.0004910054267384112
OthFinancSvc,KalSel,0.0024665878154337406
OthFinancSvc,KalTim,0.0003538541786838323
OthFinancSvc,KalUt,0.0011210320517420769
OthFinancSvc,SulUt,0.0010726972250267863
OthFinancSvc,Gorontalo,9.956095891539007e-05
OthFinancSvc,SulTeng,0.0008572134538553655
OthFinancSvc,SulaSel,0.012074424885213375
OthFinancSvc,SulBar,2.3771852283971384e-05
OthFinancSvc,SulTra,0.007614790927618742
OthFinancSvc,Bali,0.013119185343384743
OthFinancSvc,NTB,0.00012754020281136036
OthFinancSvc,NTT,0.0004056580364704132
OthFinancSvc,Maluku,0.00014362417277880013
OthFinancSvc,MalUt,4.5682641939492896e-05
OthFinancSvc,PapuaBar,0.00043425807962194085
OthFinancSvc,PapuaProv,0.00012478757707867771
RealEstatSvc,NAD,0.012776769697666168
RealEstatSvc,SumUt,0.04550585150718689
RealEstatSvc,SumBar,0.015465344302356243
RealEstatSvc,RiauProv,0.0396292619407177
RealEstatSvc,KepRi,0.018939495086669922
RealEstatSvc,Jambi,0.012111345306038857
RealEstatSvc,SumSel,0.030072012916207314
RealEstatSvc,BaBel,0.005562677979469299
RealEstatSvc,Bengkulu,0.005022660829126835
RealEstatSvc,Lampung,0.02497333101928234
RealEstatSvc,DKI,0.13145197927951813
RealEstatSvc,JaBar,0.16447480022907257
RealEstatSvc,Banten,0.05664290860295296
RealEstatSvc,JaTeng,0.08486402034759521
RealEstatSvc,DIY,0.010193993337452412
RealEstatSvc,JaTim,0.13787735998630524
RealEstatSvc,KalBar,0.011493724770843983
RealEstatSvc,KalTeng,0.009961574338376522
RealEstatSvc,KalSel,0.014247973449528217
RealEstatSvc,KalTim,0.03696545585989952
RealEstatSvc,KalUt,0.005563781131058931
RealEstatSvc,SulUt,0.009247148409485817
RealEstatSvc,Gorontalo,0.0026979753747582436
RealEstatSvc,SulTeng,0.01007460430264473
RealEstatSvc,SulaSel,0.028938179835677147
RealEstatSvc,SulBar,0.0033046684693545103
RealEstatSvc,SulTra,0.007410752587020397
RealEstatSvc,Bali,0.016715487465262413
RealEstatSvc,NTB,0.011247893795371056
RealEstatSvc,NTT,0.009324461221694946
RealEstatSvc,Maluku,0.004654149059206247
RealEstatSvc,MalUt,0.0034181554801762104
RealEstatSvc,PapuaBar,0.004692320711910725
RealEstatSvc,PapuaProv,0.0144778648391366
ProfSciTech,NAD,0.009681989438831806
ProfSciTech,SumUt,0.042591698467731476
ProfSciTech,SumBar,0.014417247846722603
ProfSciTech,RiauProv,0.02909109927713871
ProfSciTech,KepRi,0.016277555376291275
ProfSciTech,Jambi,0.00980568677186966
ProfSciTech,SumSel,0.024727726355195045
ProfSciTech,BaBel,0.0049146683886647224
ProfSciTech,Bengkulu,0.0043151043355464935
ProfSciTech,Lampung,0.01889200694859028
ProfSciTech,DKI,0.18554659187793732
ProfSciTech,JaBar,0.13974060118198395
ProfSciTech,Banten,0.06199898570775986
ProfSciTech,JaTeng,0.0968419760465622
ProfSciTech,DIY,0.011702255345880985
ProfSciTech,JaTim,0.12987221777439117
ProfSciTech,KalBar,0.010737042874097824
ProfSciTech,KalTeng,0.008845753036439419
ProfSciTech,KalSel,0.015122090466320515
ProfSciTech,KalTim,0.036457136273384094
ProfSciTech,KalUt,0.005205814260989428
ProfSciTech,SulUt,0.00892120972275734
ProfSciTech,Gorontalo,0.0023267390206456184
ProfSciTech,SulTeng,0.008191794157028198
ProfSciTech,SulaSel,0.028317807242274284
ProfSciTech,SulBar,0.002181326737627387
ProfSciTech,SulTra,0.007219338323920965
ProfSciTech,Bali,0.019107654690742493
ProfSciTech,NTB,0.010184835642576218
ProfSciTech,NTT,0.00866604782640934
ProfSciTech,Maluku,0.004368357826024294
ProfSciTech,MalUt,0.0034293988719582558
ProfSciTech,PapuaBar,0.004225168377161026
ProfSciTech,PapuaProv,0.01607505977153778
RentalSvc,NAD,0.011369667947292328
RentalSvc,SumUt,0.03939782828092575
RentalSvc,SumBar,0.014236751943826675
RentalSvc,RiauProv,0.0355360247194767
RentalSvc,KepRi,0.019561143592000008
RentalSvc,Jambi,0.011263532564043999
RentalSvc,SumSel,0.03044365905225277
RentalSvc,BaBel,0.005056692287325859
RentalSvc,Bengkulu,0.004611886106431484
RentalSvc,Lampung,0.019973574206233025
RentalSvc,DKI,0.1627958118915558
RentalSvc,JaBar,0.15590065717697144
RentalSvc,Banten,0.054609011858701706
RentalSvc,JaTeng,0.07962237298488617
RentalSvc,DIY,0.01067532878369093
RentalSvc,JaTim,0.12252163141965866
RentalSvc,KalBar,0.010505914688110352
RentalSvc,KalTeng,0.0096384696662426
RentalSvc,KalSel,0.01780715025961399
RentalSvc,KalTim,0.05520113930106163
RentalSvc,KalUt,0.006227005273103714
RentalSvc,SulUt,0.008961871266365051
RentalSvc,Gorontalo,0.002501637442037463
RentalSvc,SulTeng,0.008867369964718819
RentalSvc,SulaSel,0.02595791406929493
RentalSvc,SulBar,0.0024719620123505592
RentalSvc,SulTra,0.007313355803489685
RentalSvc,Bali,0.016836263239383698
RentalSvc,NTB,0.010768343694508076
RentalSvc,NTT,0.009031548164784908
RentalSvc,Maluku,0.004594835918396711
RentalSvc,MalUt,0.0034917809534817934
RentalSvc,PapuaBar,0.005253212992101908
RentalSvc,PapuaProv,0.016994690522551537
GenGovernmet,NAD,0.025416234508156776
GenGovernmet,SumUt,0.046720005571842194
GenGovernmet,SumBar,0.019319336861371994
GenGovernmet,RiauProv,0.023962853476405144
GenGovernmet,KepRi,0.010719386860728264
GenGovernmet,Jambi,0.012144234031438828
GenGovernmet,SumSel,0.025452811270952225
GenGovernmet,BaBel,0.0060883779078722
GenGovernmet,Bengkulu,0.008632320910692215
GenGovernmet,Lampung,0.021418502554297447
GenGovernmet,DKI,0.2051541656255722
GenGovernmet,JaBar,0.10815759748220444
GenGovernmet,Banten,0.030145708471536636
GenGovernmet,JaTeng,0.0806468203663826
GenGovernmet,DIY,0.014320332556962967
GenGovernmet,JaTim,0.11026953905820847
GenGovernmet,KalBar,0.016436349600553513
GenGovernmet,KalTeng,0.011713669635355473
GenGovernmet,KalSel,0.015832984820008278
GenGovernmet,KalTim,0.01937117613852024
GenGovernmet,KalUt,0.0052547333762049675
GenGovernmet,SulUt,0.012646869756281376
GenGovernmet,Gorontalo,0.005336193833500147
GenGovernmet,SulTeng,0.012245982885360718
GenGovernmet,SulaSel,0.0332205705344677
GenGovernmet,SulBar,0.0046374076046049595
GenGovernmet,SulTra,0.012218683026731014
GenGovernmet,Bali,0.01788194105029106
GenGovernmet,NTB,0.013912033289670944
GenGovernmet,NTT,0.019747182726860046
GenGovernmet,Maluku,0.010115593671798706
GenGovernmet,MalUt,0.006674570497125387
GenGovernmet,PapuaBar,0.00903729721903801
GenGovernmet,PapuaProv,0.025148529559373856
GovEducation,NAD,0.02648087963461876
GovEducation,SumUt,0.04723391681909561
GovEducation,SumBar,0.01956259086728096
GovEducation,RiauProv,0.02294933795928955
GovEducation,KepRi,0.01010530162602663
GovEducation,Jambi,0.012230616062879562
GovEducation,SumSel,0.025104645639657974
GovEducation,BaBel,0.006199284922331572
GovEducation,Bengkulu,0.008930419571697712
GovEducation,Lampung,0.0215322095900774
GovEducation,DKI,0.20601825416088104
GovEducation,JaBar,0.10633640736341476
GovEducation,Banten,0.027597270905971527
GovEducation,JaTeng,0.08141477406024933
GovEducation,DIY,0.014284426346421242
GovEducation,JaTim,0.10838920623064041
GovEducation,KalBar,0.01682802475988865
GovEducation,KalTeng,0.011921389028429985
GovEducation,KalSel,0.015945950523018837
GovEducation,KalTim,0.01803666353225708
GovEducation,KalUt,0.005285096820443869
GovEducation,SulUt,0.012902193702757359
GovEducation,Gorontalo,0.005556054878979921
GovEducation,SulTeng,0.012583572417497635
GovEducation,SulaSel,0.033895671367645264
GovEducation,SulBar,0.0048135011456906796
GovEducation,SulTra,0.012604570016264915
GovEducation,Bali,0.017863567918539047
GovEducation,NTB,0.014294429682195187
GovEducation,NTT,0.020505834370851517
GovEducation,Maluku,0.010513733141124249
GovEducation,MalUt,0.006914408877491951
GovEducation,PapuaBar,0.009299921803176403
GovEducation,PapuaProv,0.025865888223052025
GovHealth,NAD,0.025480153039097786
GovHealth,SumUt,0.04711223766207695
GovHealth,SumBar,0.019253285601735115
GovHealth,RiauProv,0.02419162541627884
GovHealth,KepRi,0.010739303193986416
GovHealth,Jambi,0.012211276218295097
GovHealth,SumSel,0.025433817878365517
GovHealth,BaBel,0.0061418465338647366
GovHealth,Bengkulu,0.008641086518764496
GovHealth,Lampung,0.021797001361846924
GovHealth,DKI,0.20098575949668884
GovHealth,JaBar,0.11048179864883423
GovHealth,Banten,0.02970091626048088
GovHealth,JaTeng,0.08164490759372711
GovHealth,DIY,0.013965035788714886
GovHealth,JaTim,0.11082609742879868
GovHealth,KalBar,0.016434118151664734
GovHealth,KalTeng,0.01176779717206955
GovHealth,KalSel,0.015766415745019913
GovHealth,KalTim,0.01917869597673416
GovHealth,KalUt,0.0052825589664280415
GovHealth,SulUt,0.012622233480215073
GovHealth,Gorontalo,0.005350547377020121
GovHealth,SulTeng,0.012391573749482632
GovHealth,SulaSel,0.03352809324860573
GovHealth,SulBar,0.004707310348749161
GovHealth,SulTra,0.012214446440339088
GovHealth,Bali,0.017737381160259247
GovHealth,NTB,0.01406215038150549
GovHealth,NTT,0.01968560181558132
GovHealth,Maluku,0.010082724504172802
GovHealth,MalUt,0.006651998031884432
GovHealth,PapuaBar,0.008949579671025276
GovHealth,PapuaProv,0.024980654940009117
OthGovSvc,NAD,0.0
OthGovSvc,SumUt,0.0
OthGovSvc,SumBar,0.0
OthGovSvc,RiauProv,0.0
OthGovSvc,KepRi,0.0
OthGovSvc,Jambi,0.0
OthGovSvc,SumSel,0.0
OthGovSvc,BaBel,0.0
OthGovSvc,Bengkulu,0.0
OthGovSvc,Lampung,0.0
OthGovSvc,DKI,0.0
OthGovSvc,JaBar,0.0
OthGovSvc,Banten,0.0
OthGovSvc,JaTeng,0.0
OthGovSvc,DIY,0.0
OthGovSvc,JaTim,0.0
OthGovSvc,KalBar,0.0
OthGovSvc,KalTeng,0.0
OthGovSvc,KalSel,0.0
OthGovSvc,KalTim,0.0
OthGovSvc,KalUt,0.0
OthGovSvc,SulUt,0.0
OthGovSvc,Gorontalo,0.0
OthGovSvc,SulTeng,0.0
OthGovSvc,SulaSel,0.0
OthGovSvc,SulBar,0.0
OthGovSvc,SulTra,0.0
OthGovSvc,Bali,1.0
OthGovSvc,NTB,0.0
OthGovSvc,NTT,0.0
OthGovSvc,Maluku,0.0
OthGovSvc,MalUt,0.0
OthGovSvc,PapuaBar,0.0
OthGovSvc,PapuaProv,0.0
PrvEducation,NAD,0.012802621349692345
PrvEducation,SumUt,0.04591101408004761
PrvEducation,SumBar,0.01571091264486313
PrvEducation,RiauProv,0.039609652012586594
PrvEducation,KepRi,0.018963156268000603
PrvEducation,Jambi,0.012142209336161613
PrvEducation,SumSel,0.029777295887470245
PrvEducation,BaBel,0.005525579210370779
PrvEducation,Bengkulu,0.005076975096017122
PrvEducation,Lampung,0.025262292474508286
PrvEducation,DKI,0.13180486857891083
PrvEducation,JaBar,0.16471345722675323
PrvEducation,Banten,0.05712403729557991
PrvEducation,JaTeng,0.08504175394773483
PrvEducation,DIY,0.01031484641134739
PrvEducation,JaTim,0.13771657645702362
PrvEducation,KalBar,0.011675382032990456
PrvEducation,KalTeng,0.010021958500146866
PrvEducation,KalSel,0.013783002272248268
PrvEducation,KalTim,0.03467676788568497
PrvEducation,KalUt,0.005402483511716127
PrvEducation,SulUt,0.009360059164464474
PrvEducation,Gorontalo,0.0027382608968764544
PrvEducation,SulTeng,0.010098381899297237
PrvEducation,SulaSel,0.029451576992869377
PrvEducation,SulBar,0.003378485795110464
PrvEducation,SulTra,0.007415648549795151
PrvEducation,Bali,0.016894986853003502
PrvEducation,NTB,0.01134133618324995
PrvEducation,NTT,0.009390563704073429
PrvEducation,Maluku,0.004682130180299282
PrvEducation,MalUt,0.0034157822374254465
PrvEducation,PapuaBar,0.004604766145348549
PrvEducation,PapuaProv,0.014171200804412365
PrvHealth,NAD,0.012634106911718845
PrvHealth,SumUt,0.04586854577064514
PrvHealth,SumBar,0.015667973086237907
PrvHealth,RiauProv,0.03998521342873573
PrvHealth,KepRi,0.018607812002301216
PrvHealth,Jambi,0.012052910402417183
PrvHealth,SumSel,0.02970900572836399
PrvHealth,BaBel,0.005502830725163221
PrvHealth,Bengkulu,0.005004035774618387
PrvHealth,Lampung,0.025090094655752182
PrvHealth,DKI,0.13175445795059204
PrvHealth,JaBar,0.16306862235069275
PrvHealth,Banten,0.057784561067819595
PrvHealth,JaTeng,0.08449306339025497
PrvHealth,DIY,0.010300976224243641
PrvHealth,JaTim,0.13901571929454803
PrvHealth,KalBar,0.011517890729010105
PrvHealth,KalTeng,0.010097818449139595
PrvHealth,KalSel,0.013836330734193325
PrvHealth,KalTim,0.0353088341653347
PrvHealth,KalUt,0.005497433245182037
PrvHealth,SulUt,0.009421116672456264
PrvHealth,Gorontalo,0.0027079966384917498
PrvHealth,SulTeng,0.009974523447453976
PrvHealth,SulaSel,0.02932102233171463
PrvHealth,SulBar,0.003324569435790181
PrvHealth,SulTra,0.007369146216660738
PrvHealth,Bali,0.01675894856452942
PrvHealth,NTB,0.011591964401304722
PrvHealth,NTT,0.00927734375
PrvHealth,Maluku,0.0046675498597323895
PrvHealth,MalUt,0.0034195822663605213
PrvHealth,PapuaBar,0.00459172623232007
PrvHealth,PapuaProv,0.014776274561882019
ArtsEntrtain,NAD,0.012493894435465336
ArtsEntrtain,SumUt,0.043625958263874054
ArtsEntrtain,SumBar,0.01619340106844902
ArtsEntrtain,RiauProv,0.038153428584337234
ArtsEntrtain,KepRi,0.017451206222176552
ArtsEntrtain,Jambi,0.012132028117775917
ArtsEntrtain,SumSel,0.02883571945130825
ArtsEntrtain,BaBel,0.0051539186388254166
ArtsEntrtain,Bengkulu,0.004989330656826496
ArtsEntrtain,Lampung,0.024943102151155472
ArtsEntrtain,DKI,0.15279385447502136
ArtsEntrtain,JaBar,0.1578371822834015
ArtsEntrtain,Banten,0.05408173054456711
ArtsEntrtain,JaTeng,0.08405930548906326
ArtsEntrtain,DIY,0.011260349303483963
ArtsEntrtain,JaTim,0.13966955244541168
ArtsEntrtain,KalBar,0.011687037535011768
ArtsEntrtain,KalTeng,0.009324696846306324
ArtsEntrtain,KalSel,0.013517363928258419
ArtsEntrtain,KalTim,0.03167664259672165
ArtsEntrtain,KalUt,0.005105012096464634
ArtsEntrtain,SulUt,0.009197726845741272
ArtsEntrtain,Gorontalo,0.002611021976917982
ArtsEntrtain,SulTeng,0.00979596097022295
ArtsEntrtain,SulaSel,0.028644828125834465
ArtsEntrtain,SulBar,0.0033333406317979097
ArtsEntrtain,SulTra,0.007310471497476101
ArtsEntrtain,Bali,0.017424169927835464
ArtsEntrtain,NTB,0.010631294921040535
ArtsEntrtain,NTT,0.009615902788937092
ArtsEntrtain,Maluku,0.004653564188629389
ArtsEntrtain,MalUt,0.003368229838088155
ArtsEntrtain,PapuaBar,0.004470721818506718
ArtsEntrtain,PapuaProv,0.013958019204437733
HholdRepairs,NAD,0.0
HholdRepairs,SumUt,0.0
HholdRepairs,SumBar,0.0
HholdRepairs,RiauProv,0.0
HholdRepairs,KepRi,0.0
HholdRepairs,Jambi,0.0
HholdRepairs,SumSel,0.0
HholdRepairs,BaBel,0.0
HholdRepairs,Bengkulu,0.0
HholdRepairs,Lampung,0.0
HholdRepairs,DKI,0.0
HholdRepairs,JaBar,0.0
HholdRepairs,Banten,0.0
HholdRepairs,JaTeng,0.0
HholdRepairs,DIY,0.0
HholdRepairs,JaTim,0.0
HholdRepairs,KalBar,0.0
HholdRepairs,KalTeng,0.0
HholdRepairs,KalSel,0.0
HholdRepairs,KalTim,0.0
HholdRepairs,KalUt,0.0
HholdRepairs,SulUt,0.0
HholdRepairs,Gorontalo,0.0
HholdRepairs,SulTeng,0.0
HholdRepairs,SulaSel,0.0
HholdRepairs,SulBar,0.0
HholdRepairs,SulTra,0.0
HholdRepairs,Bali,0.0
HholdRepairs,NTB,0.0
HholdRepairs,NTT,0.0
HholdRepairs,Maluku,0.0
HholdRepairs,MalUt,0.0
HholdRepairs,PapuaBar,0.0
HholdRepairs,PapuaProv,0.0
OthSvc,NAD,0.012585106305778027
OthSvc,SumUt,0.04614631086587906
OthSvc,SumBar,0.01589418575167656
OthSvc,RiauProv,0.03923259675502777
OthSvc,KepRi,0.018718399107456207
OthSvc,Jambi,0.01197150256484747
OthSvc,SumSel,0.029362600296735764
OthSvc,BaBel,0.005466845352202654
OthSvc,Bengkulu,0.004984292201697826
OthSvc,Lampung,0.024975581094622612
OthSvc,DKI,0.13231731951236725
OthSvc,JaBar,0.1636209338903427
OthSvc,Banten,0.060414478182792664
OthSvc,JaTeng,0.08447260409593582
OthSvc,DIY,0.01054241694509983
OthSvc,JaTim,0.13843698799610138
OthSvc,KalBar,0.011499504558742046
OthSvc,KalTeng,0.009960423223674297
OthSvc,KalSel,0.01356978714466095
OthSvc,KalTim,0.03418392315506935
OthSvc,KalUt,0.005340984091162682
OthSvc,SulUt,0.00942179188132286
OthSvc,Gorontalo,0.0026947392616420984
OthSvc,SulTeng,0.009935216046869755
OthSvc,SulaSel,0.02921898663043976
OthSvc,SulBar,0.0032746847718954086
OthSvc,SulTra,0.007389087695628405
OthSvc,Bali,0.01694018580019474
OthSvc,NTB,0.011206471361219883
OthSvc,NTT,0.009340276010334492
OthSvc,Maluku,0.00466855987906456
OthSvc,MalUt,0.0034192893654108047
OthSvc,PapuaBar,0.004579682368785143
OthSvc,PapuaProv,0.014214207418262959
__header__:MSHR,dim1,dim2,Value
Rice,NAD,0.0
Rice,SumUt,0.0
Rice,SumBar,0.0
Rice,RiauProv,0.0
Rice,KepRi,0.0
Rice,Jambi,0.0
Rice,SumSel,0.0
Rice,BaBel,0.0
Rice,Bengkulu,0.0
Rice,Lampung,0.0
Rice,DKI,0.15017981827259064
Rice,JaBar,0.0
Rice,Banten,0.0
Rice,JaTeng,0.0
Rice,DIY,0.0
Rice,JaTim,0.8498201966285706
Rice,KalBar,0.0
Rice,KalTeng,0.0
Rice,KalSel,0.0
Rice,KalTim,0.0
Rice,KalUt,0.0
Rice,SulUt,0.0
Rice,Gorontalo,0.0
Rice,SulTeng,0.0
Rice,SulaSel,0.0
Rice,SulBar,0.0
Rice,SulTra,0.0
Rice,Bali,0.0
Rice,NTB,0.0
Rice,NTT,0.0
Rice,Maluku,0.0
Rice,MalUt,0.0
Rice,PapuaBar,0.0
Rice,PapuaProv,0.0
Corn,NAD,0.0
Corn,SumUt,0.062454793602228165
Corn,SumBar,0.0
Corn,RiauProv,0.0
Corn,KepRi,6.021981971571222e-05
Corn,Jambi,0.00016903606592677534
Corn,SumSel,0.0
Corn,BaBel,0.0
Corn,Bengkulu,0.0
Corn,Lampung,0.05938214436173439
Corn,DKI,0.012750096619129181
Corn,JaBar,0.0
Corn,Banten,0.5297411680221558
Corn,JaTeng,0.006408868823200464
Corn,DIY,0.0
Corn,JaTim,0.32809969782829285
Corn,KalBar,0.0009157056920230389
Corn,KalTeng,0.0
Corn,KalSel,0.0
Corn,KalTim,0.0
Corn,KalUt,0.0
Corn,SulUt,0.0
Corn,Gorontalo,0.0
Corn,SulTeng,0.0
Corn,SulaSel,1.8215569070889615e-05
Corn,SulBar,0.0
Corn,SulTra,0.0
Corn,Bali,0.0
Corn,NTB,0.0
Corn,NTT,0.0
Corn,Maluku,0.0
Corn,MalUt,0.0
Corn,PapuaBar,0.0
Corn,PapuaProv,0.0
SweetPotato,NAD,0.0
SweetPotato,SumUt,0.0
SweetPotato,SumBar,0.0
SweetPotato,RiauProv,0.26264315843582153
SweetPotato,KepRi,0.7373567819595337
SweetPotato,Jambi,0.0
SweetPotato,SumSel,0.0
SweetPotato,BaBel,0.0
SweetPotato,Bengkulu,0.0
SweetPotato,Lampung,0.0
SweetPotato,DKI,0.0
SweetPotato,JaBar,0.0
SweetPotato,Banten,0.0
SweetPotato,JaTeng,0.0
SweetPotato,DIY,0.0
SweetPotato,JaTim,0.0
SweetPotato,KalBar,0.0
SweetPotato,KalTeng,0.0
SweetPotato,KalSel,0.0
SweetPotato,KalTim,0.0
SweetPotato,KalUt,0.0
SweetPotato,SulUt,0.0
SweetPotato,Gorontalo,0.0
SweetPotato,SulTeng,0.0
SweetPotato,SulaSel,0.0
SweetPotato,SulBar,0.0
SweetPotato,SulTra,0.0
SweetPotato,Bali,0.0
SweetPotato,NTB,0.0
SweetPotato,NTT,0.0
SweetPotato,Maluku,0.0
SweetPotato,MalUt,0.0
SweetPotato,PapuaBar,0.0
SweetPotato,PapuaProv,0.0
Cassava,NAD,0.0
Cassava,SumUt,0.04599320515990257
Cassava,SumBar,0.0
Cassava,RiauProv,0.0
Cassava,KepRi,0.0
Cassava,Jambi,0.0
Cassava,SumSel,0.0
Cassava,BaBel,0.0
Cassava,Bengkulu,0.0
Cassava,Lampung,0.014387188479304314
Cassava,DKI,0.011073102243244648
Cassava,JaBar,0.0
Cassava,Banten,0.0
Cassava,JaTeng,0.0
Cassava,DIY,0.0
Cassava,JaTim,0.9285464882850647
Cassava,KalBar,0.0
Cassava,KalTeng,0.0
Cassava,KalSel,0.0
Cassava,KalTim,0.0
Cassava,KalUt,0.0
Cassava,SulUt,0.0
Cassava,Gorontalo,0.0
Cassava,SulTeng,0.0
Cassava,SulaSel,0.0
Cassava,SulBar,0.0
Cassava,SulTra,0.0
Cassava,Bali,0.0
Cassava,NTB,0.0
Cassava,NTT,0.0
Cassava,Maluku,0.0
Cassava,MalUt,0.0
Cassava,PapuaBar,0.0
Cassava,PapuaProv,0.0
OthTubers,NAD,0.0
OthTubers,SumUt,0.02545986697077751
OthTubers,SumBar,0.0
OthTubers,RiauProv,0.0
OthTubers,KepRi,0.010259275324642658
OthTubers,Jambi,0.0
OthTubers,SumSel,0.0
OthTubers,BaBel,0.0
OthTubers,Bengkulu,0.0
OthTubers,Lampung,0.0
OthTubers,DKI,0.9287121295928955
OthTubers,JaBar,0.0
OthTubers,Banten,0.0
OthTubers,JaTeng,0.0
OthTubers,DIY,0.0
OthTubers,JaTim,0.0007756063132546842
OthTubers,KalBar,0.0
OthTubers,KalTeng,0.0
OthTubers,KalSel,0.0
OthTubers,KalTim,0.0
OthTubers,KalUt,0.0
OthTubers,SulUt,0.0
OthTubers,Gorontalo,0.0
OthTubers,SulTeng,0.0
OthTubers,SulaSel,0.0
OthTubers,SulBar,0.0
OthTubers,SulTra,0.0
OthTubers,Bali,0.0
OthTubers,NTB,0.0
OthTubers,NTT,0.03479311615228653
OthTubers,Maluku,0.0
OthTubers,MalUt,0.0
OthTubers,PapuaBar,0.0
OthTubers,PapuaProv,0.0
Peanuts,NAD,0.0
Peanuts,SumUt,0.1883542686700821
Peanuts,SumBar,0.0
Peanuts,RiauProv,0.0
Peanuts,KepRi,0.0022704359143972397
Peanuts,Jambi,0.0
Peanuts,SumSel,0.016863098368048668
Peanuts,BaBel,0.0
Peanuts,Bengkulu,0.0
Peanuts,Lampung,0.0
Peanuts,DKI,0.13135670125484467
Peanuts,JaBar,0.0
Peanuts,Banten,0.0
Peanuts,JaTeng,0.19635792076587677
Peanuts,DIY,0.0
Peanuts,JaTim,0.46479758620262146
Peanuts,KalBar,0.0
Peanuts,KalTeng,0.0
Peanuts,KalSel,0.0
Peanuts,KalTim,0.0
Peanuts,KalUt,0.0
Peanuts,SulUt,0.0
Peanuts,Gorontalo,0.0
Peanuts,SulTeng,0.0
Peanuts,SulaSel,0.0
Peanuts,SulBar,0.0
Peanuts,SulTra,0.0
Peanuts,Bali,0.0
Peanuts,NTB,0.0
Peanuts,NTT,0.0
Peanuts,Maluku,0.0
Peanuts,MalUt,0.0
Peanuts,PapuaBar,0.0
Peanuts,PapuaProv,0.0
Soy,NAD,0.0
Soy,SumUt,0.08175390958786011
Soy,SumBar,0.0
Soy,RiauProv,0.00027395301731303334
Soy,KepRi,0.002260996261611581
Soy,Jambi,0.0008806231780909002
Soy,SumSel,0.0
Soy,BaBel,0.0
Soy,Bengkulu,0.0
Soy,Lampung,0.08452711999416351
Soy,DKI,0.1727733314037323
Soy,JaBar,0.0
Soy,Banten,0.1592426598072052
Soy,JaTeng,0.1874772161245346
Soy,DIY,0.0
Soy,JaTim,0.30544739961624146
Soy,KalBar,0.005362814757972956
Soy,KalTeng,0.0
Soy,KalSel,0.0
Soy,KalTim,0.0
Soy,KalUt,0.0
Soy,SulUt,0.0
Soy,Gorontalo,0.0
Soy,SulTeng,0.0
Soy,SulaSel,0.0
Soy,SulBar,0.0
Soy,SulTra,0.0
Soy,Bali,0.0
Soy,NTB,0.0
Soy,NTT,0.0
Soy,Maluku,0.0
Soy,MalUt,0.0
Soy,PapuaBar,0.0
Soy,PapuaProv,0.0
OthNuts,NAD,0.004848222713917494
OthNuts,SumUt,0.005300649907439947
OthNuts,SumBar,0.0010199809912592173
OthNuts,RiauProv,0.002461081836372614
OthNuts,KepRi,0.0
OthNuts,Jambi,0.0006610546843148768
OthNuts,SumSel,0.0036866706795990467
OthNuts,BaBel,0.0
OthNuts,Bengkulu,0.0009676171466708183
OthNuts,Lampung,0.004367555491626263
OthNuts,DKI,0.0
OthNuts,JaBar,0.0428081750869751
OthNuts,Banten,0.0017582003492861986
OthNuts,JaTeng,0.35863742232322693
OthNuts,DIY,0.0013060657074674964
OthNuts,JaTim,0.2279016226530075
OthNuts,KalBar,0.0034404885955154896
OthNuts,KalTeng,0.00014090056356508285
OthNuts,KalSel,0.002817409113049507
OthNuts,KalTim,0.000938122218940407
OthNuts,KalUt,0.00026976969093084335
OthNuts,SulUt,0.00431629316881299
OthNuts,Gorontalo,0.0005216399440541863
OthNuts,SulTeng,0.003031850326806307
OthNuts,SulaSel,0.14509399235248566
OthNuts,SulBar,0.0009784880094230175
OthNuts,SulTra,0.00440972438082099
OthNuts,Bali,0.002630844246596098
OthNuts,NTB,0.14176587760448456
OthNuts,NTT,0.0264482069760561
OthNuts,Maluku,0.0022684186697006226
OthNuts,MalUt,0.0020650657825171947
OthNuts,PapuaBar,0.001278980984352529
OthNuts,PapuaProv,0.00185963895637542
OthGrains,NAD,0.0
OthGrains,SumUt,0.06351958215236664
OthGrains,SumBar,0.0002597091079223901
OthGrains,RiauProv,0.0033470194321125746
OthGrains,KepRi,1.7831249579103314e-06
OthGrains,Jambi,0.0
OthGrains,SumSel,1.522558341093827e-05
OthGrains,BaBel,0.0
OthGrains,Bengkulu,0.0
OthGrains,Lampung,0.009315179660916328
OthGrains,DKI,0.30607590079307556
OthGrains,JaBar,0.00024965539341792464
OthGrains,Banten,0.21433398127555847
OthGrains,JaTeng,0.06132994964718819
OthGrains,DIY,0.0
OthGrains,JaTim,0.27475056052207947
OthGrains,KalBar,0.0
OthGrains,KalTeng,0.0
OthGrains,KalSel,0.0
OthGrains,KalTim,0.0
OthGrains,KalUt,0.0
OthGrains,SulUt,0.0
OthGrains,Gorontalo,0.0
OthGrains,SulTeng,0.0
OthGrains,SulaSel,0.06674474477767944
OthGrains,SulBar,0.0
OthGrains,SulTra,0.0
OthGrains,Bali,5.672833867720328e-05
OthGrains,NTB,0.0
OthGrains,NTT,0.0
OthGrains,Maluku,0.0
OthGrains,MalUt,0.0
OthGrains,PapuaBar,0.0
OthGrains,PapuaProv,0.0
Vegetables,NAD,5.4766958783147857e-05
Vegetables,SumUt,0.10193575918674469
Vegetables,SumBar,0.0
Vegetables,RiauProv,0.00537359481677413
Vegetables,KepRi,0.01436470914632082
Vegetables,Jambi,0.0
Vegetables,SumSel,0.001593900378793478
Vegetables,BaBel,0.0
Vegetables,Bengkulu,0.0
Vegetables,Lampung,0.0
Vegetables,DKI,0.22289274632930756
Vegetables,JaBar,0.0
Vegetables,Banten,0.00015225695096887648
Vegetables,JaTeng,0.016542524099349976
Vegetables,DIY,0.0003398066619411111
Vegetables,JaTim,0.6334018111228943
Vegetables,KalBar,0.001729676267132163
Vegetables,KalTeng,0.0
Vegetables,KalSel,0.0
Vegetables,KalTim,0.0
Vegetables,KalUt,2.2000224362273e-06
Vegetables,SulUt,0.0
Vegetables,Gorontalo,0.0
Vegetables,SulTeng,0.0
Vegetables,SulaSel,0.0
Vegetables,SulBar,0.0
Vegetables,SulTra,0.0
Vegetables,Bali,0.0002822896058205515
Vegetables,NTB,0.0
Vegetables,NTT,0.0
Vegetables,Maluku,0.0
Vegetables,MalUt,0.0
Vegetables,PapuaBar,0.0
Vegetables,PapuaProv,0.0013340308796614408
DecorPlants,NAD,0.0
DecorPlants,SumUt,0.0025462748017162085
DecorPlants,SumBar,0.0
DecorPlants,RiauProv,1.0903119118665927e-06
DecorPlants,KepRi,0.019293012097477913
DecorPlants,Jambi,0.0
DecorPlants,SumSel,0.0
DecorPlants,BaBel,0.0
DecorPlants,Bengkulu,0.0
DecorPlants,Lampung,0.0
DecorPlants,DKI,0.9113630056381226
DecorPlants,JaBar,0.0
DecorPlants,Banten,0.0
DecorPlants,JaTeng,0.0
DecorPlants,DIY,0.0
DecorPlants,JaTim,0.05032908171415329
DecorPlants,KalBar,0.0
DecorPlants,KalTeng,0.0
DecorPlants,KalSel,0.0
DecorPlants,KalTim,0.0
DecorPlants,KalUt,0.0
DecorPlants,SulUt,0.0
DecorPlants,Gorontalo,0.0
DecorPlants,SulTeng,0.0
DecorPlants,SulaSel,0.0
DecorPlants,SulBar,0.0
DecorPlants,SulTra,0.0
DecorPlants,Bali,0.016467556357383728
DecorPlants,NTB,0.0
DecorPlants,NTT,0.0
DecorPlants,Maluku,0.0
DecorPlants,MalUt,0.0
DecorPlants,PapuaBar,0.0
DecorPlants,PapuaProv,0.0
Cane,NAD,0.0
Cane,SumUt,0.006519261747598648
Cane,SumBar,0.0
Cane,RiauProv,0.0
Cane,KepRi,0.0
Cane,Jambi,0.0
Cane,SumSel,0.029377276077866554
Cane,BaBel,0.0
Cane,Bengkulu,0.0
Cane,Lampung,0.2754690647125244
Cane,DKI,0.0
Cane,JaBar,0.04758541285991669
Cane,Banten,0.0
Cane,JaTeng,0.09468758851289749
Cane,DIY,0.00636381795629859
Cane,JaTim,0.5133262276649475
Cane,KalBar,0.0
Cane,KalTeng,0.0
Cane,KalSel,0.0
Cane,KalTim,0.0
Cane,KalUt,0.0
Cane,SulUt,0.0
Cane,Gorontalo,0.013551697134971619
Cane,SulTeng,0.0
Cane,SulaSel,0.012708104215562344
Cane,SulBar,0.0
Cane,SulTra,0.0
Cane,Bali,0.0
Cane,NTB,0.0004115348856430501
Cane,NTT,0.0
Cane,Maluku,0.0
Cane,MalUt,0.0
Cane,PapuaBar,0.0
Cane,PapuaProv,0.0
Tobacco,NAD,0.0
Tobacco,SumUt,5.6825474530342035e-06
Tobacco,SumBar,0.0
Tobacco,RiauProv,0.0
Tobacco,KepRi,0.006497841328382492
Tobacco,Jambi,0.0
Tobacco,SumSel,0.0
Tobacco,BaBel,0.0
Tobacco,Bengkulu,0.0
Tobacco,Lampung,0.0
Tobacco,DKI,0.0811634212732315
Tobacco,JaBar,0.12062159180641174
Tobacco,Banten,0.0
Tobacco,JaTeng,0.03422935679554939
Tobacco,DIY,0.0
Tobacco,JaTim,0.75748211145401
Tobacco,KalBar,0.0
Tobacco,KalTeng,0.0
Tobacco,KalSel,0.0
Tobacco,KalTim,0.0
Tobacco,KalUt,0.0
Tobacco,SulUt,0.0
Tobacco,Gorontalo,0.0
Tobacco,SulTeng,0.0
Tobacco,SulaSel,0.0
Tobacco,SulBar,0.0
Tobacco,SulTra,0.0
Tobacco,Bali,0.0
Tobacco,NTB,0.0
Tobacco,NTT,0.0
Tobacco,Maluku,0.0
Tobacco,MalUt,0.0
Tobacco,PapuaBar,0.0
Tobacco,PapuaProv,0.0
PlantFiber,NAD,0.0
PlantFiber,SumUt,2.6667842121241847e-06
PlantFiber,SumBar,0.0
PlantFiber,RiauProv,0.0
PlantFiber,KepRi,0.0
PlantFiber,Jambi,0.0
PlantFiber,SumSel,3.089068195549771e-05
PlantFiber,BaBel,0.0
PlantFiber,Bengkulu,0.0
PlantFiber,Lampung,0.0
PlantFiber,DKI,0.6741776466369629
PlantFiber,JaBar,0.007880697958171368
PlantFiber,Banten,0.0
PlantFiber,JaTeng,0.29032495617866516
PlantFiber,DIY,0.0
PlantFiber,JaTim,0.02758018486201763
PlantFiber,KalBar,0.0
PlantFiber,KalTeng,0.0
PlantFiber,KalSel,0.0
PlantFiber,KalTim,0.0
PlantFiber,KalUt,0.0
PlantFiber,SulUt,0.0
PlantFiber,Gorontalo,0.0
PlantFiber,SulTeng,0.0
PlantFiber,SulaSel,0.0
PlantFiber,SulBar,0.0
PlantFiber,SulTra,0.0
PlantFiber,Bali,2.9340510536712827e-06
PlantFiber,NTB,0.0
PlantFiber,NTT,0.0
PlantFiber,Maluku,0.0
PlantFiber,MalUt,0.0
PlantFiber,PapuaBar,0.0
PlantFiber,PapuaProv,0.0
OthPlantaton,NAD,0.0
OthPlantaton,SumUt,0.003472131211310625
OthPlantaton,SumBar,0.0
OthPlantaton,RiauProv,0.0
OthPlantaton,KepRi,0.0013525235699489713
OthPlantaton,Jambi,0.0
OthPlantaton,SumSel,3.61095299012959e-05
OthPlantaton,BaBel,0.0
OthPlantaton,Bengkulu,0.0
OthPlantaton,Lampung,0.6498397588729858
OthPlantaton,DKI,0.07760223746299744
OthPlantaton,JaBar,0.0
OthPlantaton,Banten,0.0
OthPlantaton,JaTeng,0.02763761393725872
OthPlantaton,DIY,0.0
OthPlantaton,JaTim,0.22223933041095734
OthPlantaton,KalBar,0.0
OthPlantaton,KalTeng,0.0
OthPlantaton,KalSel,0.0
OthPlantaton,KalTim,0.0
OthPlantaton,KalUt,0.0
OthPlantaton,SulUt,0.0012683139648288488
OthPlantaton,Gorontalo,0.0
OthPlantaton,SulTeng,0.0
OthPlantaton,SulaSel,0.0
OthPlantaton,SulBar,0.0
OthPlantaton,SulTra,0.0
OthPlantaton,Bali,0.007903515361249447
OthPlantaton,NTB,0.0
OthPlantaton,NTT,0.007556466851383448
OthPlantaton,Maluku,0.0
OthPlantaton,MalUt,0.0
OthPlantaton,PapuaBar,0.0
OthPlantaton,PapuaProv,0.001092000282369554
Fruits,NAD,0.0
Fruits,SumUt,0.0751771628856659
Fruits,SumBar,0.0
Fruits,RiauProv,0.00012654413876589388
Fruits,KepRi,0.002113000489771366
Fruits,Jambi,0.0
Fruits,SumSel,0.0
Fruits,BaBel,0.0
Fruits,Bengkulu,0.0
Fruits,Lampung,7.320484291994944e-05
Fruits,DKI,0.3537640869617462
Fruits,JaBar,0.0
Fruits,Banten,0.0
Fruits,JaTeng,0.01469313446432352
Fruits,DIY,2.8204365776218765e-07
Fruits,JaTim,0.5497526526451111
Fruits,KalBar,0.0
Fruits,KalTeng,0.0
Fruits,KalSel,0.0
Fruits,KalTim,0.0
Fruits,KalUt,0.0
Fruits,SulUt,0.0
Fruits,Gorontalo,0.0
Fruits,SulTeng,0.0
Fruits,SulaSel,4.472344880923629e-05
Fruits,SulBar,0.0
Fruits,SulTra,0.0
Fruits,Bali,3.175569509039633e-05
Fruits,NTB,0.0
Fruits,NTT,4.340966484051023e-07
Fruits,Maluku,0.0
Fruits,MalUt,0.0
Fruits,PapuaBar,0.0
Fruits,PapuaProv,0.004222973715513945
PlantBiophrm,NAD,0.0
PlantBiophrm,SumUt,0.15586675703525543
PlantBiophrm,SumBar,0.0
PlantBiophrm,RiauProv,0.12011861801147461
PlantBiophrm,KepRi,0.008029026910662651
PlantBiophrm,Jambi,0.0
PlantBiophrm,SumSel,0.00015491277736146003
PlantBiophrm,BaBel,0.0
PlantBiophrm,Bengkulu,0.0
PlantBiophrm,Lampung,0.0029242290183901787
PlantBiophrm,DKI,0.2801356017589569
PlantBiophrm,JaBar,0.0
PlantBiophrm,Banten,0.0
PlantBiophrm,JaTeng,0.03110937960445881
PlantBiophrm,DIY,0.0
PlantBiophrm,JaTim,0.3986779749393463
PlantBiophrm,KalBar,0.0
PlantBiophrm,KalTeng,0.0
PlantBiophrm,KalSel,0.0
PlantBiophrm,KalTim,0.0
PlantBiophrm,KalUt,0.0
PlantBiophrm,SulUt,0.0
PlantBiophrm,Gorontalo,0.0
PlantBiophrm,SulTeng,0.0
PlantBiophrm,SulaSel,0.0
PlantBiophrm,SulBar,0.0
PlantBiophrm,SulTra,0.0
PlantBiophrm,Bali,0.0029832194559276104
PlantBiophrm,NTB,0.0
PlantBiophrm,NTT,2.8267407969906344e-07
PlantBiophrm,Maluku,0.0
PlantBiophrm,MalUt,0.0
PlantBiophrm,PapuaBar,0.0
PlantBiophrm,PapuaProv,0.0
Rubber,NAD,0.0
Rubber,SumUt,0.789193868637085
Rubber,SumBar,0.0
Rubber,RiauProv,0.0
Rubber,KepRi,0.0023933672346174717
Rubber,Jambi,0.0
Rubber,SumSel,0.0
Rubber,BaBel,0.0
Rubber,Bengkulu,0.0
Rubber,Lampung,0.0
Rubber,DKI,0.1847984790802002
Rubber,JaBar,0.0
Rubber,Banten,0.0
Rubber,JaTeng,2.2490048650070094e-05
Rubber,DIY,0.0
Rubber,JaTim,0.0235917866230011
Rubber,KalBar,0.0
Rubber,KalTeng,0.0
Rubber,KalSel,0.0
Rubber,KalTim,0.0
Rubber,KalUt,0.0
Rubber,SulUt,0.0
Rubber,Gorontalo,0.0
Rubber,SulTeng,0.0
Rubber,SulaSel,0.0
Rubber,SulBar,0.0
Rubber,SulTra,0.0
Rubber,Bali,0.0
Rubber,NTB,0.0
Rubber,NTT,0.0
Rubber,Maluku,0.0
Rubber,MalUt,0.0
Rubber,PapuaBar,0.0
Rubber,PapuaProv,0.0
Coconut,NAD,0.0
Coconut,SumUt,0.15400104224681854
Coconut,SumBar,0.0
Coconut,RiauProv,0.03282677009701729
Coconut,KepRi,0.0
Coconut,Jambi,0.0
Coconut,SumSel,0.0
Coconut,BaBel,0.0
Coconut,Bengkulu,0.0
Coconut,Lampung,0.0
Coconut,DKI,0.39340940117836
Coconut,JaBar,0.0
Coconut,Banten,0.0
Coconut,JaTeng,0.014075348153710365
Coconut,DIY,0.0
Coconut,JaTim,0.257057249546051
Coconut,KalBar,0.0
Coconut,KalTeng,0.0
Coconut,KalSel,0.0
Coconut,KalTim,0.0
Coconut,KalUt,0.0
Coconut,SulUt,0.0
Coconut,Gorontalo,0.0
Coconut,SulTeng,0.0
Coconut,SulaSel,0.0
Coconut,SulBar,0.0
Coconut,SulTra,0.0
Coconut,Bali,0.0
Coconut,NTB,0.0
Coconut,NTT,0.14863017201423645
Coconut,Maluku,0.0
Coconut,MalUt,0.0
Coconut,PapuaBar,0.0
Coconut,PapuaProv,0.0
PalmOil,NAD,0.0
PalmOil,SumUt,0.0
PalmOil,SumBar,0.0
PalmOil,RiauProv,0.0
PalmOil,KepRi,0.0
PalmOil,Jambi,0.0
PalmOil,SumSel,0.0
PalmOil,BaBel,0.0
PalmOil,Bengkulu,0.0
PalmOil,Lampung,0.0
PalmOil,DKI,1.0
PalmOil,JaBar,0.0
PalmOil,Banten,0.0
PalmOil,JaTeng,0.0
PalmOil,DIY,0.0
PalmOil,JaTim,0.0
PalmOil,KalBar,0.0
PalmOil,KalTeng,0.0
PalmOil,KalSel,0.0
PalmOil,KalTim,0.0
PalmOil,KalUt,0.0
PalmOil,SulUt,0.0
PalmOil,Gorontalo,0.0
PalmOil,SulTeng,0.0
PalmOil,SulaSel,0.0
PalmOil,SulBar,0.0
PalmOil,SulTra,0.0
PalmOil,Bali,0.0
PalmOil,NTB,0.0
PalmOil,NTT,0.0
PalmOil,Maluku,0.0
PalmOil,MalUt,0.0
PalmOil,PapuaBar,0.0
PalmOil,PapuaProv,0.0
Coffee,NAD,0.0
Coffee,SumUt,0.02378244884312153
Coffee,SumBar,0.0
Coffee,RiauProv,0.0
Coffee,KepRi,0.0
Coffee,Jambi,0.0
Coffee,SumSel,0.0
Coffee,BaBel,0.0
Coffee,Bengkulu,0.0
Coffee,Lampung,0.09422092139720917
Coffee,DKI,0.13322962820529938
Coffee,JaBar,0.0
Coffee,Banten,0.5635630488395691
Coffee,JaTeng,0.0
Coffee,DIY,0.0
Coffee,JaTim,0.1763516515493393
Coffee,KalBar,0.0
Coffee,KalTeng,0.0
Coffee,KalSel,0.0
Coffee,KalTim,0.0
Coffee,KalUt,0.0
Coffee,SulUt,0.0
Coffee,Gorontalo,0.0
Coffee,SulTeng,0.0
Coffee,SulaSel,0.0
Coffee,SulBar,0.0
Coffee,SulTra,0.0
Coffee,Bali,0.0
Coffee,NTB,0.0
Coffee,NTT,0.008852319791913033
Coffee,Maluku,0.0
Coffee,MalUt,0.0
Coffee,PapuaBar,0.0
Coffee,PapuaProv,0.0
Tea,NAD,0.0
Tea,SumUt,0.0
Tea,SumBar,0.0
Tea,RiauProv,9.161269645119319e-07
Tea,KepRi,0.0004437376046553254
Tea,Jambi,0.0
Tea,SumSel,0.0
Tea,BaBel,0.0
Tea,Bengkulu,0.0
Tea,Lampung,0.0
Tea,DKI,0.9381539225578308
Tea,JaBar,0.03850843012332916
Tea,Banten,0.0
Tea,JaTeng,0.0
Tea,DIY,0.0
Tea,JaTim,0.02288006618618965
Tea,KalBar,0.0
Tea,KalTeng,0.0
Tea,KalSel,0.0
Tea,KalTim,0.0
Tea,KalUt,0.0
Tea,SulUt,0.0
Tea,Gorontalo,0.0
Tea,SulTeng,0.0
Tea,SulaSel,0.0
Tea,SulBar,0.0
Tea,SulTra,0.0
Tea,Bali,1.2951387361681554e-05
Tea,NTB,0.0
Tea,NTT,0.0
Tea,Maluku,0.0
Tea,MalUt,0.0
Tea,PapuaBar,0.0
Tea,PapuaProv,0.0
Cocoa,NAD,0.0
Cocoa,SumUt,0.0
Cocoa,SumBar,0.0
Cocoa,RiauProv,0.0
Cocoa,KepRi,0.4164575934410095
Cocoa,Jambi,0.0
Cocoa,SumSel,0.0
Cocoa,BaBel,0.0
Cocoa,Bengkulu,0.0
Cocoa,Lampung,0.0
Cocoa,DKI,0.24430611729621887
Cocoa,JaBar,0.0
Cocoa,Banten,0.0
Cocoa,JaTeng,0.0
Cocoa,DIY,0.0
Cocoa,JaTim,0.2643016278743744
Cocoa,KalBar,0.0
Cocoa,KalTeng,0.0
Cocoa,KalSel,0.0
Cocoa,KalTim,0.0
Cocoa,KalUt,0.0
Cocoa,SulUt,0.0
Cocoa,Gorontalo,0.0
Cocoa,SulTeng,0.0
Cocoa,SulaSel,0.07493467628955841
Cocoa,SulBar,0.0
Cocoa,SulTra,0.0
Cocoa,Bali,0.0
Cocoa,NTB,0.0
Cocoa,NTT,0.0
Cocoa,Maluku,0.0
Cocoa,MalUt,0.0
Cocoa,PapuaBar,0.0
Cocoa,PapuaProv,0.0
Clove,NAD,0.0
Clove,SumUt,0.0011453774059191346
Clove,SumBar,0.0
Clove,RiauProv,0.0
Clove,KepRi,0.0
Clove,Jambi,0.0
Clove,SumSel,0.0
Clove,BaBel,0.0
Clove,Bengkulu,0.0
Clove,Lampung,0.0
Clove,DKI,0.0
Clove,JaBar,0.0
Clove,Banten,0.0
Clove,JaTeng,0.14184440672397614
Clove,DIY,0.0
Clove,JaTim,0.8570096492767334
Clove,KalBar,0.0
Clove,KalTeng,0.0
Clove,KalSel,0.0
Clove,KalTim,0.0
Clove,KalUt,0.0
Clove,SulUt,0.0
Clove,Gorontalo,0.0
Clove,SulTeng,0.0
Clove,SulaSel,0.0
Clove,SulBar,0.0
Clove,SulTra,0.0
Clove,Bali,0.0
Clove,NTB,0.0
Clove,NTT,5.726898280045134e-07
Clove,Maluku,0.0
Clove,MalUt,0.0
Clove,PapuaBar,0.0
Clove,PapuaProv,0.0
Cashew,NAD,0.0
Cashew,SumUt,0.0
Cashew,SumBar,0.0
Cashew,RiauProv,0.0
Cashew,KepRi,0.0
Cashew,Jambi,0.0
Cashew,SumSel,0.0
Cashew,BaBel,0.0
Cashew,Bengkulu,0.0
Cashew,Lampung,0.0
Cashew,DKI,0.0
Cashew,JaBar,0.0
Cashew,Banten,0.0
Cashew,JaTeng,0.0
Cashew,DIY,0.0
Cashew,JaTim,0.0
Cashew,KalBar,0.0
Cashew,KalTeng,0.0
Cashew,KalSel,0.0
Cashew,KalTim,0.0
Cashew,KalUt,0.0
Cashew,SulUt,0.0
Cashew,Gorontalo,0.0
Cashew,SulTeng,0.0
Cashew,SulaSel,0.0
Cashew,SulBar,0.0
Cashew,SulTra,0.0
Cashew,Bali,0.0
Cashew,NTB,0.0
Cashew,NTT,1.0
Cashew,Maluku,0.0
Cashew,MalUt,0.0
Cashew,PapuaBar,0.0
Cashew,PapuaProv,0.0
Livestock,NAD,0.0
Livestock,SumUt,0.08886201679706573
Livestock,SumBar,0.0
Livestock,RiauProv,0.0
Livestock,KepRi,0.0
Livestock,Jambi,0.0
Livestock,SumSel,0.0
Livestock,BaBel,0.0
Livestock,Bengkulu,0.0
Livestock,Lampung,0.32847297191619873
Livestock,DKI,0.5252488255500793
Livestock,JaBar,0.0
Livestock,Banten,0.0
Livestock,JaTeng,0.029474491253495216
Livestock,DIY,0.0
Livestock,JaTim,0.02313598059117794
Livestock,KalBar,0.0
Livestock,KalTeng,0.004805694334208965
Livestock,KalSel,0.0
Livestock,KalTim,0.0
Livestock,KalUt,0.0
Livestock,SulUt,0.0
Livestock,Gorontalo,0.0
Livestock,SulTeng,0.0
Livestock,SulaSel,0.0
Livestock,SulBar,0.0
Livestock,SulTra,0.0
Livestock,Bali,0.0
Livestock,NTB,0.0
Livestock,NTT,0.0
Livestock,Maluku,0.0
Livestock,MalUt,0.0
Livestock,PapuaBar,0.0
Livestock,PapuaProv,0.0
FreshMilk,NAD,0.0
FreshMilk,SumUt,0.0
FreshMilk,SumBar,0.0
FreshMilk,RiauProv,0.0
FreshMilk,KepRi,0.0025387683417648077
FreshMilk,Jambi,0.0
FreshMilk,SumSel,0.0
FreshMilk,BaBel,0.0
FreshMilk,Bengkulu,0.0
FreshMilk,Lampung,0.0
FreshMilk,DKI,0.9391353130340576
FreshMilk,JaBar,0.0
FreshMilk,Banten,0.0
FreshMilk,JaTeng,9.306338324677199e-05
FreshMilk,DIY,0.0
FreshMilk,JaTim,0.05818820744752884
FreshMilk,KalBar,0.0
FreshMilk,KalTeng,0.0
FreshMilk,KalSel,0.0
FreshMilk,KalTim,0.0
FreshMilk,KalUt,0.0
FreshMilk,SulUt,0.0
FreshMilk,Gorontalo,0.0
FreshMilk,SulTeng,0.0
FreshMilk,SulaSel,0.0
FreshMilk,SulBar,0.0
FreshMilk,SulTra,0.0
FreshMilk,Bali,4.470788917387836e-05
FreshMilk,NTB,0.0
FreshMilk,NTT,0.0
FreshMilk,Maluku,0.0
FreshMilk,MalUt,0.0
FreshMilk,PapuaBar,0.0
FreshMilk,PapuaProv,0.0
PoultryEggs,NAD,0.0
PoultryEggs,SumUt,0.001224332139827311
PoultryEggs,SumBar,0.0
PoultryEggs,RiauProv,0.0
PoultryEggs,KepRi,0.0
PoultryEggs,Jambi,0.0
PoultryEggs,SumSel,0.0
PoultryEggs,BaBel,0.0
PoultryEggs,Bengkulu,0.0
PoultryEggs,Lampung,0.0
PoultryEggs,DKI,0.9910797476768494
PoultryEggs,JaBar,0.0
PoultryEggs,Banten,0.0
PoultryEggs,JaTeng,0.0
PoultryEggs,DIY,1.0831122381205205e-05
PoultryEggs,JaTim,0.0007581472746096551
PoultryEggs,KalBar,0.0
PoultryEggs,KalTeng,0.0
PoultryEggs,KalSel,0.0
PoultryEggs,KalTim,0.0
PoultryEggs,KalUt,6.023105379426852e-05
PoultryEggs,SulUt,0.0
PoultryEggs,Gorontalo,0.0
PoultryEggs,SulTeng,0.0
PoultryEggs,SulaSel,0.0
PoultryEggs,SulBar,0.0
PoultryEggs,SulTra,0.0
PoultryEggs,Bali,0.006866725627332926
PoultryEggs,NTB,0.0
PoultryEggs,NTT,0.0
PoultryEggs,Maluku,0.0
PoultryEggs,MalUt,0.0
PoultryEggs,PapuaBar,0.0
PoultryEggs,PapuaProv,0.0
OthAnimalPrd,NAD,0.0
OthAnimalPrd,SumUt,0.09437434375286102
OthAnimalPrd,SumBar,0.0
OthAnimalPrd,RiauProv,0.0
OthAnimalPrd,KepRi,0.0
OthAnimalPrd,Jambi,0.0
OthAnimalPrd,SumSel,0.0
OthAnimalPrd,BaBel,0.0
OthAnimalPrd,Bengkulu,0.0
OthAnimalPrd,Lampung,0.0
OthAnimalPrd,DKI,0.83156418800354
OthAnimalPrd,JaBar,0.0
OthAnimalPrd,Banten,0.0
OthAnimalPrd,JaTeng,0.0
OthAnimalPrd,DIY,0.0
OthAnimalPrd,JaTim,0.07281090319156647
OthAnimalPrd,KalBar,0.0
OthAnimalPrd,KalTeng,0.0
OthAnimalPrd,KalSel,0.0
OthAnimalPrd,KalTim,0.0
OthAnimalPrd,KalUt,0.0
OthAnimalPrd,SulUt,0.0
OthAnimalPrd,Gorontalo,0.0
OthAnimalPrd,SulTeng,0.0
OthAnimalPrd,SulaSel,0.0
OthAnimalPrd,SulBar,0.0
OthAnimalPrd,SulTra,0.0
OthAnimalPrd,Bali,0.0012506026541814208
OthAnimalPrd,NTB,0.0
OthAnimalPrd,NTT,0.0
OthAnimalPrd,Maluku,0.0
OthAnimalPrd,MalUt,0.0
OthAnimalPrd,PapuaBar,0.0
OthAnimalPrd,PapuaProv,0.0
AgricSvc,NAD,0.02724488265812397
AgricSvc,SumUt,0.03735807165503502
AgricSvc,SumBar,0.02490222454071045
AgricSvc,RiauProv,0.004750598222017288
AgricSvc,KepRi,1.0005213880504016e-05
AgricSvc,Jambi,0.0072280955500900745
AgricSvc,SumSel,0.05283014848828316
AgricSvc,BaBel,0.0006311313482001424
AgricSvc,Bengkulu,0.005057745147496462
AgricSvc,Lampung,0.04281051829457283
AgricSvc,DKI,7.542012463090941e-05
AgricSvc,JaBar,0.1820068061351776
AgricSvc,Banten,0.030674580484628677
AgricSvc,JaTeng,0.15241095423698425
AgricSvc,DIY,0.013271277770400047
AgricSvc,JaTim,0.1796436458826065
AgricSvc,KalBar,0.010847660712897778
AgricSvc,KalTeng,0.010023831389844418
AgricSvc,KalSel,0.028999296948313713
AgricSvc,KalTim,0.004442528355866671
AgricSvc,KalUt,0.0010577390203252435
AgricSvc,SulUt,0.00799423735588789
AgricSvc,Gorontalo,0.00461543770506978
AgricSvc,SulTeng,0.014296804554760456
AgricSvc,SulaSel,0.08117930591106415
AgricSvc,SulBar,0.005160496570169926
AgricSvc,SulTra,0.010163952596485615
AgricSvc,Bali,0.012990477494895458
AgricSvc,NTB,0.024791890755295753
AgricSvc,NTT,0.013451891951262951
AgricSvc,Maluku,0.0024003228172659874
AgricSvc,MalUt,0.0009322095429524779
AgricSvc,PapuaBar,0.0006194270099513233
AgricSvc,PapuaProv,0.005126353353261948
Wood,NAD,0.0
Wood,SumUt,0.006360670085996389
Wood,SumBar,0.0
Wood,RiauProv,0.0
Wood,KepRi,0.00022116098261903971
Wood,Jambi,0.0
Wood,SumSel,0.7036285400390625
Wood,BaBel,0.0
Wood,Bengkulu,0.0
Wood,Lampung,0.0
Wood,DKI,0.0392589196562767
Wood,JaBar,0.0
Wood,Banten,0.0
Wood,JaTeng,0.13302047550678253
Wood,DIY,0.0
Wood,JaTim,0.06881709396839142
Wood,KalBar,0.0
Wood,KalTeng,0.0
Wood,KalSel,0.047701746225357056
Wood,KalTim,0.0
Wood,KalUt,0.0
Wood,SulUt,0.0
Wood,Gorontalo,0.0
Wood,SulTeng,0.0
Wood,SulaSel,0.0
Wood,SulBar,0.0
Wood,SulTra,0.0
Wood,Bali,7.106514385668561e-05
Wood,NTB,0.0009203427471220493
Wood,NTT,0.0
Wood,Maluku,0.0
Wood,MalUt,0.0
Wood,PapuaBar,0.0
Wood,PapuaProv,0.0
OthForestPrd,NAD,0.0
OthForestPrd,SumUt,0.05895070359110832
OthForestPrd,SumBar,0.0
OthForestPrd,RiauProv,0.0017651559319347143
OthForestPrd,KepRi,0.0004334075783845037
OthForestPrd,Jambi,0.0
OthForestPrd,SumSel,0.00032651747460477054
OthForestPrd,BaBel,0.0
OthForestPrd,Bengkulu,0.0
OthForestPrd,Lampung,0.0
OthForestPrd,DKI,0.6065265536308289
OthForestPrd,JaBar,0.0
OthForestPrd,Banten,0.0
OthForestPrd,JaTeng,0.09364578872919083
OthForestPrd,DIY,0.0
OthForestPrd,JaTim,0.23630928993225098
OthForestPrd,KalBar,0.0
OthForestPrd,KalTeng,0.0
OthForestPrd,KalSel,0.0
OthForestPrd,KalTim,0.0
OthForestPrd,KalUt,0.0
OthForestPrd,SulUt,0.0
OthForestPrd,Gorontalo,0.0
OthForestPrd,SulTeng,0.0
OthForestPrd,SulaSel,0.0
OthForestPrd,SulBar,0.0
OthForestPrd,SulTra,0.0018337552901357412
OthForestPrd,Bali,0.00020881342061329633
OthForestPrd,NTB,0.0
OthForestPrd,NTT,0.0
OthForestPrd,Maluku,0.0
OthForestPrd,MalUt,0.0
OthForestPrd,PapuaBar,0.0
OthForestPrd,PapuaProv,0.0
Fish,NAD,0.0
Fish,SumUt,0.009387113153934479
Fish,SumBar,0.0
Fish,RiauProv,0.0
Fish,KepRi,0.0
Fish,Jambi,0.0
Fish,SumSel,0.0
Fish,BaBel,0.0
Fish,Bengkulu,0.0
Fish,Lampung,0.0
Fish,DKI,0.9745193123817444
Fish,JaBar,0.0
Fish,Banten,0.0
Fish,JaTeng,0.005365576129406691
Fish,DIY,0.0
Fish,JaTim,0.0021971683017909527
Fish,KalBar,0.0
Fish,KalTeng,0.0
Fish,KalSel,0.0
Fish,KalTim,0.0
Fish,KalUt,0.000828113523311913
Fish,SulUt,0.0
Fish,Gorontalo,0.0
Fish,SulTeng,0.0
Fish,SulaSel,0.0
Fish,SulBar,0.0
Fish,SulTra,0.0
Fish,Bali,0.007702706381678581
Fish,NTB,0.0
Fish,NTT,0.0
Fish,Maluku,0.0
Fish,MalUt,0.0
Fish,PapuaBar,0.0
Fish,PapuaProv,0.0
Shrimps,NAD,0.0
Shrimps,SumUt,0.0
Shrimps,SumBar,0.0
Shrimps,RiauProv,0.0
Shrimps,KepRi,0.0
Shrimps,Jambi,0.0
Shrimps,SumSel,0.0
Shrimps,BaBel,0.0
Shrimps,Bengkulu,0.0
Shrimps,Lampung,0.0
Shrimps,DKI,0.7856454849243164
Shrimps,JaBar,0.0
Shrimps,Banten,0.0
Shrimps,JaTeng,0.0
Shrimps,DIY,0.0
Shrimps,JaTim,0.05800779163837433
Shrimps,KalBar,0.0
Shrimps,KalTeng,0.0
Shrimps,KalSel,0.0
Shrimps,KalTim,0.0
Shrimps,KalUt,0.0
Shrimps,SulUt,0.0
Shrimps,Gorontalo,0.0
Shrimps,SulTeng,0.0
Shrimps,SulaSel,0.019240176305174828
Shrimps,SulBar,0.0
Shrimps,SulTra,0.0
Shrimps,Bali,0.1371065378189087
Shrimps,NTB,0.0
Shrimps,NTT,0.0
Shrimps,Maluku,0.0
Shrimps,MalUt,0.0
Shrimps,PapuaBar,0.0
Shrimps,PapuaProv,0.0
OthAquatic,NAD,0.0
OthAquatic,SumUt,0.0
OthAquatic,SumBar,0.0
OthAquatic,RiauProv,0.0
OthAquatic,KepRi,0.0
OthAquatic,Jambi,0.0
OthAquatic,SumSel,0.0
OthAquatic,BaBel,0.0
OthAquatic,Bengkulu,0.0
OthAquatic,Lampung,0.0
OthAquatic,DKI,0.9990198612213135
OthAquatic,JaBar,0.0
OthAquatic,Banten,0.0
OthAquatic,JaTeng,0.0
OthAquatic,DIY,0.0
OthAquatic,JaTim,0.0006728182197548449
OthAquatic,KalBar,0.0
OthAquatic,KalTeng,0.0
OthAquatic,KalSel,0.0
OthAquatic,KalTim,0.0
OthAquatic,KalUt,5.6068187404889613e-05
OthAquatic,SulUt,0.0
OthAquatic,Gorontalo,0.0
OthAquatic,SulTeng,0.0
OthAquatic,SulaSel,0.0
OthAquatic,SulBar,0.0
OthAquatic,SulTra,0.0
OthAquatic,Bali,0.00025126853142865
OthAquatic,NTB,0.0
OthAquatic,NTT,0.0
OthAquatic,Maluku,0.0
OthAquatic,MalUt,0.0
OthAquatic,PapuaBar,0.0
OthAquatic,PapuaProv,0.0
Seaweed,NAD,0.0
Seaweed,SumUt,0.002577720209956169
Seaweed,SumBar,0.0
Seaweed,RiauProv,0.0
Seaweed,KepRi,0.0
Seaweed,Jambi,0.0
Seaweed,SumSel,0.0
Seaweed,BaBel,0.0
Seaweed,Bengkulu,0.0
Seaweed,Lampung,0.0
Seaweed,DKI,0.7961528897285461
Seaweed,JaBar,0.0
Seaweed,Banten,0.0
Seaweed,JaTeng,0.0
Seaweed,DIY,0.0
Seaweed,JaTim,0.1839887946844101
Seaweed,KalBar,0.0
Seaweed,KalTeng,0.0
Seaweed,KalSel,0.0
Seaweed,KalTim,0.0
Seaweed,KalUt,0.0
Seaweed,SulUt,0.0
Seaweed,Gorontalo,0.0
Seaweed,SulTeng,0.0
Seaweed,SulaSel,0.0
Seaweed,SulBar,0.0
Seaweed,SulTra,0.0
Seaweed,Bali,0.017280645668506622
Seaweed,NTB,0.0
Seaweed,NTT,0.0
Seaweed,Maluku,0.0
Seaweed,MalUt,0.0
Seaweed,PapuaBar,0.0
Seaweed,PapuaProv,0.0
CoalLignite,NAD,0.0
CoalLignite,SumUt,0.0008209215593524277
CoalLignite,SumBar,0.0
CoalLignite,RiauProv,0.0
CoalLignite,KepRi,0.00030316607444547117
CoalLignite,Jambi,0.0
CoalLignite,SumSel,0.0
CoalLignite,BaBel,0.00372719531878829
CoalLignite,Bengkulu,0.0
CoalLignite,Lampung,0.0
CoalLignite,DKI,0.004295592661947012
CoalLignite,JaBar,0.00025359034771099687
CoalLignite,Banten,0.7106675505638123
CoalLignite,JaTeng,0.0
CoalLignite,DIY,0.0
CoalLignite,JaTim,0.000659479177556932
CoalLignite,KalBar,0.0
CoalLignite,KalTeng,0.0
CoalLignite,KalSel,0.0
CoalLignite,KalTim,0.0
CoalLignite,KalUt,0.0
CoalLignite,SulUt,0.0
CoalLignite,Gorontalo,0.0
CoalLignite,SulTeng,0.21545714139938354
CoalLignite,SulaSel,0.0
CoalLignite,SulBar,0.0
CoalLignite,SulTra,0.018358323723077774
CoalLignite,Bali,0.0
CoalLignite,NTB,0.005488437134772539
CoalLignite,NTT,0.0
CoalLignite,Maluku,0.0
CoalLignite,MalUt,0.039954885840415955
CoalLignite,PapuaBar,0.0
CoalLignite,PapuaProv,1.3692158972844481e-05
CrudeOil,NAD,0.0
CrudeOil,SumUt,0.0
CrudeOil,SumBar,0.0
CrudeOil,RiauProv,0.004240994807332754
CrudeOil,KepRi,0.0034234593622386456
CrudeOil,Jambi,0.0
CrudeOil,SumSel,0.0
CrudeOil,BaBel,0.0
CrudeOil,Bengkulu,0.0
CrudeOil,Lampung,0.0
CrudeOil,DKI,7.28937948224484e-07
CrudeOil,JaBar,0.06570007652044296
CrudeOil,Banten,0.0
CrudeOil,JaTeng,0.4595819115638733
CrudeOil,DIY,0.0
CrudeOil,JaTim,0.13773666322231293
CrudeOil,KalBar,0.0
CrudeOil,KalTeng,0.0
CrudeOil,KalSel,0.0
CrudeOil,KalTim,0.32920634746551514
CrudeOil,KalUt,0.0
CrudeOil,SulUt,0.0
CrudeOil,Gorontalo,0.0
CrudeOil,SulTeng,0.0
CrudeOil,SulaSel,0.0
CrudeOil,SulBar,0.0
CrudeOil,SulTra,0.0
CrudeOil,Bali,0.0
CrudeOil,NTB,0.0
CrudeOil,NTT,0.0
CrudeOil,Maluku,0.0
CrudeOil,MalUt,0.0
CrudeOil,PapuaBar,0.00010980357910739258
CrudeOil,PapuaProv,0.0
NaturalGas,NAD,0.0
NaturalGas,SumUt,0.0
NaturalGas,SumBar,0.0
NaturalGas,RiauProv,0.0
NaturalGas,KepRi,1.0
NaturalGas,Jambi,0.0
NaturalGas,SumSel,0.0
NaturalGas,BaBel,0.0
NaturalGas,Bengkulu,0.0
NaturalGas,Lampung,0.0
NaturalGas,DKI,0.0
NaturalGas,JaBar,0.0
NaturalGas,Banten,0.0
NaturalGas,JaTeng,0.0
NaturalGas,DIY,0.0
NaturalGas,JaTim,0.0
NaturalGas,KalBar,0.0
NaturalGas,KalTeng,0.0
NaturalGas,KalSel,0.0
NaturalGas,KalTim,0.0
NaturalGas,KalUt,0.0
NaturalGas,SulUt,0.0
NaturalGas,Gorontalo,0.0
NaturalGas,SulTeng,0.0
NaturalGas,SulaSel,0.0
NaturalGas,SulBar,0.0
NaturalGas,SulTra,0.0
NaturalGas,Bali,0.0
NaturalGas,NTB,0.0
NaturalGas,NTT,0.0
NaturalGas,Maluku,0.0
NaturalGas,MalUt,0.0
NaturalGas,PapuaBar,0.0
NaturalGas,PapuaProv,0.0
IronOre,NAD,0.0
IronOre,SumUt,3.508019290165976e-05
IronOre,SumBar,0.0
IronOre,RiauProv,0.0
IronOre,KepRi,0.00886720884591341
IronOre,Jambi,0.0
IronOre,SumSel,0.0
IronOre,BaBel,0.0
IronOre,Bengkulu,0.0
IronOre,Lampung,0.0
IronOre,DKI,0.00030004215659573674
IronOre,JaBar,0.0
IronOre,Banten,0.9894329309463501
IronOre,JaTeng,0.0
IronOre,DIY,0.0
IronOre,JaTim,0.0
IronOre,KalBar,0.0
IronOre,KalTeng,0.0
IronOre,KalSel,0.0
IronOre,KalTim,0.0013647426385432482
IronOre,KalUt,0.0
IronOre,SulUt,0.0
IronOre,Gorontalo,0.0
IronOre,SulTeng,0.0
IronOre,SulaSel,0.0
IronOre,SulBar,0.0
IronOre,SulTra,0.0
IronOre,Bali,0.0
IronOre,NTB,0.0
IronOre,NTT,0.0
IronOre,Maluku,0.0
IronOre,MalUt,0.0
IronOre,PapuaBar,0.0
IronOre,PapuaProv,0.0
TinOre,NAD,0.0
TinOre,SumUt,0.0
TinOre,SumBar,0.0
TinOre,RiauProv,0.0
TinOre,KepRi,0.21856631338596344
TinOre,Jambi,0.0
TinOre,SumSel,0.0
TinOre,BaBel,0.0
TinOre,Bengkulu,0.0
TinOre,Lampung,0.0
TinOre,DKI,0.7814337015151978
TinOre,JaBar,0.0
TinOre,Banten,0.0
TinOre,JaTeng,0.0
TinOre,DIY,0.0
TinOre,JaTim,0.0
TinOre,KalBar,0.0
TinOre,KalTeng,0.0
TinOre,KalSel,0.0
TinOre,KalTim,0.0
TinOre,KalUt,0.0
TinOre,SulUt,0.0
TinOre,Gorontalo,0.0
TinOre,SulTeng,0.0
TinOre,SulaSel,0.0
TinOre,SulBar,0.0
TinOre,SulTra,0.0
TinOre,Bali,0.0
TinOre,NTB,0.0
TinOre,NTT,0.0
TinOre,Maluku,0.0
TinOre,MalUt,0.0
TinOre,PapuaBar,0.0
TinOre,PapuaProv,0.0
BauxiteOre,NAD,0.0
BauxiteOre,SumUt,0.0
BauxiteOre,SumBar,0.0
BauxiteOre,RiauProv,0.0
BauxiteOre,KepRi,0.0
BauxiteOre,Jambi,0.0
BauxiteOre,SumSel,0.0
BauxiteOre,BaBel,0.0
BauxiteOre,Bengkulu,0.0
BauxiteOre,Lampung,0.0
BauxiteOre,DKI,1.0
BauxiteOre,JaBar,0.0
BauxiteOre,Banten,0.0
BauxiteOre,JaTeng,0.0
BauxiteOre,DIY,0.0
BauxiteOre,JaTim,0.0
BauxiteOre,KalBar,0.0
BauxiteOre,KalTeng,0.0
BauxiteOre,KalSel,0.0
BauxiteOre,KalTim,0.0
BauxiteOre,KalUt,0.0
BauxiteOre,SulUt,0.0
BauxiteOre,Gorontalo,0.0
BauxiteOre,SulTeng,0.0
BauxiteOre,SulaSel,0.0
BauxiteOre,SulBar,0.0
BauxiteOre,SulTra,0.0
BauxiteOre,Bali,0.0
BauxiteOre,NTB,0.0
BauxiteOre,NTT,0.0
BauxiteOre,Maluku,0.0
BauxiteOre,MalUt,0.0
BauxiteOre,PapuaBar,0.0
BauxiteOre,PapuaProv,0.0
CopperOre,NAD,0.0
CopperOre,SumUt,0.0
CopperOre,SumBar,0.0
CopperOre,RiauProv,0.0
CopperOre,KepRi,0.0
CopperOre,Jambi,0.0
CopperOre,SumSel,0.0
CopperOre,BaBel,0.0
CopperOre,Bengkulu,0.0
CopperOre,Lampung,0.0
CopperOre,DKI,0.1933019608259201
CopperOre,JaBar,0.0
CopperOre,Banten,0.0
CopperOre,JaTeng,0.0
CopperOre,DIY,0.0
CopperOre,JaTim,0.0
CopperOre,KalBar,0.0
CopperOre,KalTeng,0.0
CopperOre,KalSel,0.0
CopperOre,KalTim,0.0
CopperOre,KalUt,0.0
CopperOre,SulUt,0.0
CopperOre,Gorontalo,0.0
CopperOre,SulTeng,0.0
CopperOre,SulaSel,0.0
CopperOre,SulBar,0.0
CopperOre,SulTra,0.0
CopperOre,Bali,0.0
CopperOre,NTB,0.0
CopperOre,NTT,0.0
CopperOre,Maluku,0.0
CopperOre,MalUt,0.0
CopperOre,PapuaBar,0.0
CopperOre,PapuaProv,0.8066980838775635
NickelOre,NAD,0.0
NickelOre,SumUt,0.0
NickelOre,SumBar,0.0
NickelOre,RiauProv,0.0
NickelOre,KepRi,0.0
NickelOre,Jambi,0.0
NickelOre,SumSel,0.0
NickelOre,BaBel,0.0
NickelOre,Bengkulu,0.0
NickelOre,Lampung,0.0
NickelOre,DKI,0.38326114416122437
NickelOre,JaBar,0.0
NickelOre,Banten,0.0
NickelOre,JaTeng,0.0
NickelOre,DIY,0.0
NickelOre,JaTim,0.0
NickelOre,KalBar,0.0
NickelOre,KalTeng,0.0
NickelOre,KalSel,0.0
NickelOre,KalTim,0.0
NickelOre,KalUt,0.0
NickelOre,SulUt,0.0
NickelOre,Gorontalo,0.0
NickelOre,SulTeng,0.0
NickelOre,SulaSel,0.6167389154434204
NickelOre,SulBar,0.0
NickelOre,SulTra,0.0
NickelOre,Bali,0.0
NickelOre,NTB,0.0
NickelOre,NTT,0.0
NickelOre,Maluku,0.0
NickelOre,MalUt,0.0
NickelOre,PapuaBar,0.0
NickelOre,PapuaProv,0.0
OthMetalMine,NAD,0.0
OthMetalMine,SumUt,0.088645339012146
OthMetalMine,SumBar,0.0
OthMetalMine,RiauProv,0.0028516454622149467
OthMetalMine,KepRi,0.0
OthMetalMine,Jambi,0.0
OthMetalMine,SumSel,0.0
OthMetalMine,BaBel,0.0
OthMetalMine,Bengkulu,0.0
OthMetalMine,Lampung,0.0
OthMetalMine,DKI,0.6814060211181641
OthMetalMine,JaBar,0.0021320004016160965
OthMetalMine,Banten,0.0
OthMetalMine,JaTeng,0.0
OthMetalMine,DIY,0.0
OthMetalMine,JaTim,0.22408446669578552
OthMetalMine,KalBar,0.0
OthMetalMine,KalTeng,0.0
OthMetalMine,KalSel,0.0
OthMetalMine,KalTim,0.0005036495858803391
OthMetalMine,KalUt,0.0
OthMetalMine,SulUt,0.0
OthMetalMine,Gorontalo,0.0
OthMetalMine,SulTeng,0.0
OthMetalMine,SulaSel,0.0
OthMetalMine,SulBar,0.0
OthMetalMine,SulTra,0.0
OthMetalMine,Bali,0.0
OthMetalMine,NTB,0.0
OthMetalMine,NTT,0.0
OthMetalMine,Maluku,0.0
OthMetalMine,MalUt,0.0
OthMetalMine,PapuaBar,0.0
OthMetalMine,PapuaProv,0.0003768682654481381
GoldOre,NAD,0.0
GoldOre,SumUt,0.0
GoldOre,SumBar,0.0
GoldOre,RiauProv,0.0
GoldOre,KepRi,0.0
GoldOre,Jambi,0.0
GoldOre,SumSel,0.0
GoldOre,BaBel,0.0
GoldOre,Bengkulu,0.0
GoldOre,Lampung,0.0
GoldOre,DKI,1.0
GoldOre,JaBar,0.0
GoldOre,Banten,0.0
GoldOre,JaTeng,0.0
GoldOre,DIY,0.0
GoldOre,JaTim,0.0
GoldOre,KalBar,0.0
GoldOre,KalTeng,0.0
GoldOre,KalSel,0.0
GoldOre,KalTim,0.0
GoldOre,KalUt,0.0
GoldOre,SulUt,0.0
GoldOre,Gorontalo,0.0
GoldOre,SulTeng,0.0
GoldOre,SulaSel,0.0
GoldOre,SulBar,0.0
GoldOre,SulTra,0.0
GoldOre,Bali,0.0
GoldOre,NTB,0.0
GoldOre,NTT,0.0
GoldOre,Maluku,0.0
GoldOre,MalUt,0.0
GoldOre,PapuaBar,0.0
GoldOre,PapuaProv,0.0
SilverOre,NAD,0.004390300717204809
SilverOre,SumUt,0.021271541714668274
SilverOre,SumBar,0.00182647246401757
SilverOre,RiauProv,0.0019466264639049768
SilverOre,KepRi,0.019873593002557755
SilverOre,Jambi,0.0006429800996556878
SilverOre,SumSel,0.04022591933608055
SilverOre,BaBel,0.0009231260046362877
SilverOre,Bengkulu,0.0017495903884992003
SilverOre,Lampung,0.015785302966833115
SilverOre,DKI,0.0398060604929924
SilverOre,JaBar,0.493307888507843
SilverOre,Banten,0.12366849929094315
SilverOre,JaTeng,0.029670698568224907
SilverOre,DIY,0.0003553663846105337
SilverOre,JaTim,0.1329442262649536
SilverOre,KalBar,0.009264626540243626
SilverOre,KalTeng,0.0031779271084815264
SilverOre,KalSel,0.0012357543455436826
SilverOre,KalTim,0.0033793796319514513
SilverOre,KalUt,0.001931325881741941
SilverOre,SulUt,0.006472213193774223
SilverOre,Gorontalo,2.326030153199099e-05
SilverOre,SulTeng,0.0003311245236545801
SilverOre,SulaSel,0.012720380909740925
SilverOre,SulBar,0.00123107829131186
SilverOre,SulTra,0.022397227585315704
SilverOre,Bali,0.006076403893530369
SilverOre,NTB,0.00037871493259444833
SilverOre,NTT,0.001156706246547401
SilverOre,Maluku,0.0006891097291372716
SilverOre,MalUt,0.0007924430537968874
SilverOre,PapuaBar,0.00035412461147643626
SilverOre,PapuaProv,0.0
GalianPrd,NAD,0.005228821188211441
GalianPrd,SumUt,0.06386157125234604
GalianPrd,SumBar,0.018285464495420456
GalianPrd,RiauProv,0.03994280844926834
GalianPrd,KepRi,0.06054398790001869
GalianPrd,Jambi,0.0015902637969702482
GalianPrd,SumSel,0.015135935507714748
GalianPrd,BaBel,0.0018414201913401484
GalianPrd,Bengkulu,0.0
GalianPrd,Lampung,0.0031162509694695473
GalianPrd,DKI,0.354561984539032
GalianPrd,JaBar,0.00901084579527378
GalianPrd,Banten,0.04515324905514717
GalianPrd,JaTeng,0.0769481286406517
GalianPrd,DIY,0.0
GalianPrd,JaTim,0.17733453214168549
GalianPrd,KalBar,0.009268190711736679
GalianPrd,KalTeng,0.0
GalianPrd,KalSel,0.02517622895538807
GalianPrd,KalTim,0.015013929456472397
GalianPrd,KalUt,0.008447575382888317
GalianPrd,SulUt,0.0002106480678776279
GalianPrd,Gorontalo,0.014757673256099224
GalianPrd,SulTeng,0.008713291957974434
GalianPrd,SulaSel,0.014263547025620937
GalianPrd,SulBar,0.0
GalianPrd,SulTra,0.00029180850833654404
GalianPrd,Bali,4.951338723913068e-06
GalianPrd,NTB,0.0
GalianPrd,NTT,0.0
GalianPrd,Maluku,0.0
GalianPrd,MalUt,0.026369988918304443
GalianPrd,PapuaBar,0.00012930492812301964
GalianPrd,PapuaProv,0.004797626286745071
NonMetlMinrl,NAD,0.0
NonMetlMinrl,SumUt,0.05057390779256821
NonMetlMinrl,SumBar,0.0
NonMetlMinrl,RiauProv,0.007580592297017574
NonMetlMinrl,KepRi,0.0005116677493788302
NonMetlMinrl,Jambi,0.0
NonMetlMinrl,SumSel,1.3654099575433065e-06
NonMetlMinrl,BaBel,0.0
NonMetlMinrl,Bengkulu,0.0
NonMetlMinrl,Lampung,2.3579459593747742e-06
NonMetlMinrl,DKI,0.10951628535985947
NonMetlMinrl,JaBar,0.0
NonMetlMinrl,Banten,0.0006624531233683228
NonMetlMinrl,JaTeng,0.0028595919720828533
NonMetlMinrl,DIY,0.0
NonMetlMinrl,JaTim,0.8281088471412659
NonMetlMinrl,KalBar,0.0
NonMetlMinrl,KalTeng,0.0
NonMetlMinrl,KalSel,0.0
NonMetlMinrl,KalTim,0.0001437950850231573
NonMetlMinrl,KalUt,0.0
NonMetlMinrl,SulUt,0.0
NonMetlMinrl,Gorontalo,0.0
NonMetlMinrl,SulTeng,0.0
NonMetlMinrl,SulaSel,0.0
NonMetlMinrl,SulBar,0.0
NonMetlMinrl,SulTra,2.9184264349169098e-05
NonMetlMinrl,Bali,0.0
NonMetlMinrl,NTB,0.0
NonMetlMinrl,NTT,0.0
NonMetlMinrl,Maluku,0.0
NonMetlMinrl,MalUt,6.470459084084723e-06
NonMetlMinrl,PapuaBar,0.0
NonMetlMinrl,PapuaProv,3.4864376630139304e-06
CoarseSalt,NAD,0.0
CoarseSalt,SumUt,0.0009226126712746918
CoarseSalt,SumBar,0.0
CoarseSalt,RiauProv,0.08748498558998108
CoarseSalt,KepRi,0.0011988254263997078
CoarseSalt,Jambi,0.023616770282387733
CoarseSalt,SumSel,0.007215674500912428
CoarseSalt,BaBel,0.0
CoarseSalt,Bengkulu,0.0
CoarseSalt,Lampung,0.010315916500985622
CoarseSalt,DKI,0.04749610275030136
CoarseSalt,JaBar,0.013624786399304867
CoarseSalt,Banten,0.5849967002868652
CoarseSalt,JaTeng,3.886375907313777e-06
CoarseSalt,DIY,0.0
CoarseSalt,JaTim,0.21869543194770813
CoarseSalt,KalBar,0.0
CoarseSalt,KalTeng,0.0
CoarseSalt,KalSel,0.0
CoarseSalt,KalTim,0.0
CoarseSalt,KalUt,0.0
CoarseSalt,SulUt,0.0
CoarseSalt,Gorontalo,0.0
CoarseSalt,SulTeng,0.003991023637354374
CoarseSalt,SulaSel,0.0
CoarseSalt,SulBar,0.0
CoarseSalt,SulTra,0.0
CoarseSalt,Bali,2.2353357053361833e-05
CoarseSalt,NTB,0.0
CoarseSalt,NTT,0.0
CoarseSalt,Maluku,0.0
CoarseSalt,MalUt,0.00041494134347885847
CoarseSalt,PapuaBar,0.0
CoarseSalt,PapuaProv,0.0
PetrolNatGas,NAD,0.008094562217593193
PetrolNatGas,SumUt,0.0009175367886200547
PetrolNatGas,SumBar,0.0
PetrolNatGas,RiauProv,0.3290773332118988
PetrolNatGas,KepRi,0.02423815056681633
PetrolNatGas,Jambi,0.0
PetrolNatGas,SumSel,0.050214264541864395
PetrolNatGas,BaBel,0.0031550645362585783
PetrolNatGas,Bengkulu,0.0
PetrolNatGas,Lampung,0.03835146501660347
PetrolNatGas,DKI,0.03162669762969017
PetrolNatGas,JaBar,0.06291686743497849
PetrolNatGas,Banten,0.0
PetrolNatGas,JaTeng,0.0034928263630717993
PetrolNatGas,DIY,0.0
PetrolNatGas,JaTim,0.3092055320739746
PetrolNatGas,KalBar,0.0
PetrolNatGas,KalTeng,0.0001820520410547033
PetrolNatGas,KalSel,0.004133929032832384
PetrolNatGas,KalTim,0.10886911302804947
PetrolNatGas,KalUt,0.007074366789311171
PetrolNatGas,SulUt,0.0
PetrolNatGas,Gorontalo,0.0
PetrolNatGas,SulTeng,0.004764331504702568
PetrolNatGas,SulaSel,0.0
PetrolNatGas,SulBar,0.0
PetrolNatGas,SulTra,0.0
PetrolNatGas,Bali,0.0
PetrolNatGas,NTB,0.0
PetrolNatGas,NTT,0.0
PetrolNatGas,Maluku,0.004478295333683491
PetrolNatGas,MalUt,0.0
PetrolNatGas,PapuaBar,0.009207646362483501
PetrolNatGas,PapuaProv,0.0
OthMiningQry,NAD,0.0019180724630132318
OthMiningQry,SumUt,0.007495389319956303
OthMiningQry,SumBar,0.0014881029492244124
OthMiningQry,RiauProv,0.0022719663102179766
OthMiningQry,KepRi,1.1245964515183005e-06
OthMiningQry,Jambi,0.0006852674414403737
OthMiningQry,SumSel,0.0
OthMiningQry,BaBel,0.33084917068481445
OthMiningQry,Bengkulu,1.058826001099078e-05
OthMiningQry,Lampung,0.00014269414532463998
OthMiningQry,DKI,0.0
OthMiningQry,JaBar,0.00011624696344370022
OthMiningQry,Banten,1.0308660421287641e-05
OthMiningQry,JaTeng,0.0
OthMiningQry,DIY,0.0
OthMiningQry,JaTim,0.0020138819236308336
OthMiningQry,KalBar,0.0
OthMiningQry,KalTeng,0.022275594994425774
OthMiningQry,KalSel,0.000310144096147269
OthMiningQry,KalTim,0.004107964690774679
OthMiningQry,KalUt,0.0009869757341220975
OthMiningQry,SulUt,0.010618899948894978
OthMiningQry,Gorontalo,0.0007225159788504243
OthMiningQry,SulTeng,0.0025407299399375916
OthMiningQry,SulaSel,0.00019357095879968256
OthMiningQry,SulBar,0.0
OthMiningQry,SulTra,0.0
OthMiningQry,Bali,0.0
OthMiningQry,NTB,0.15591587126255035
OthMiningQry,NTT,2.3286236228159396e-07
OthMiningQry,Maluku,0.0048394231125712395
OthMiningQry,MalUt,0.00781220430508256
OthMiningQry,PapuaBar,0.0
OthMiningQry,PapuaProv,0.4426730275154114
Abattoir,NAD,0.0
Abattoir,SumUt,0.06469295918941498
Abattoir,SumBar,0.0
Abattoir,RiauProv,0.0
Abattoir,KepRi,0.0
Abattoir,Jambi,0.0
Abattoir,SumSel,0.0
Abattoir,BaBel,0.0
Abattoir,Bengkulu,0.0
Abattoir,Lampung,0.010699665173888206
Abattoir,DKI,0.5416105389595032
Abattoir,JaBar,0.003834283910691738
Abattoir,Banten,0.0
Abattoir,JaTeng,0.03644824028015137
Abattoir,DIY,0.0
Abattoir,JaTim,0.3407692015171051
Abattoir,KalBar,0.0
Abattoir,KalTeng,0.0
Abattoir,KalSel,0.0
Abattoir,KalTim,0.0
Abattoir,KalUt,0.0
Abattoir,SulUt,0.0
Abattoir,Gorontalo,0.0
Abattoir,SulTeng,0.0
Abattoir,SulaSel,0.0019450760446488857
Abattoir,SulBar,0.0
Abattoir,SulTra,0.0
Abattoir,Bali,0.0
Abattoir,NTB,0.0
Abattoir,NTT,0.0
Abattoir,Maluku,0.0
Abattoir,MalUt,0.0
Abattoir,PapuaBar,0.0
Abattoir,PapuaProv,0.0
MeatProcessg,NAD,0.0
MeatProcessg,SumUt,0.004912060685455799
MeatProcessg,SumBar,0.0
MeatProcessg,RiauProv,0.0
MeatProcessg,KepRi,0.02488354593515396
MeatProcessg,Jambi,0.0
MeatProcessg,SumSel,0.0
MeatProcessg,BaBel,0.0
MeatProcessg,Bengkulu,0.0
MeatProcessg,Lampung,0.0013852415140718222
MeatProcessg,DKI,0.9413519501686096
MeatProcessg,JaBar,0.0
MeatProcessg,Banten,0.0
MeatProcessg,JaTeng,0.00105694227386266
MeatProcessg,DIY,0.0
MeatProcessg,JaTim,0.014745637774467468
MeatProcessg,KalBar,0.0
MeatProcessg,KalTeng,0.0
MeatProcessg,KalSel,0.0
MeatProcessg,KalTim,0.0
MeatProcessg,KalUt,0.0
MeatProcessg,SulUt,0.0
MeatProcessg,Gorontalo,0.0
MeatProcessg,SulTeng,0.0
MeatProcessg,SulaSel,0.0
MeatProcessg,SulBar,0.0
MeatProcessg,SulTra,0.0
MeatProcessg,Bali,0.0026402503717690706
MeatProcessg,NTB,0.0
MeatProcessg,NTT,0.0
MeatProcessg,Maluku,0.0
MeatProcessg,MalUt,0.0
MeatProcessg,PapuaBar,0.0
MeatProcessg,PapuaProv,0.009024380706250668
DriedFish,NAD,0.0
DriedFish,SumUt,0.051506128162145615
DriedFish,SumBar,0.0
DriedFish,RiauProv,2.3199423594633117e-05
DriedFish,KepRi,0.08113744854927063
DriedFish,Jambi,0.0
DriedFish,SumSel,0.0
DriedFish,BaBel,0.0
DriedFish,Bengkulu,0.0
DriedFish,Lampung,0.04888622835278511
DriedFish,DKI,0.10326218605041504
DriedFish,JaBar,0.0002126764738932252
DriedFish,Banten,0.0
DriedFish,JaTeng,0.005756939761340618
DriedFish,DIY,0.0
DriedFish,JaTim,0.6851792931556702
DriedFish,KalBar,0.0
DriedFish,KalTeng,0.0
DriedFish,KalSel,0.0
DriedFish,KalTim,0.0
DriedFish,KalUt,0.0
DriedFish,SulUt,0.0
DriedFish,Gorontalo,0.0
DriedFish,SulTeng,0.0
DriedFish,SulaSel,0.023664703592658043
DriedFish,SulBar,0.0
DriedFish,SulTra,0.0
DriedFish,Bali,4.328044087742455e-05
DriedFish,NTB,0.0
DriedFish,NTT,0.0
DriedFish,Maluku,0.0
DriedFish,MalUt,0.0
DriedFish,PapuaBar,0.0
DriedFish,PapuaProv,0.00032795334118418396
FishProcess,NAD,0.0
FishProcess,SumUt,0.11227168887853622
FishProcess,SumBar,0.0
FishProcess,RiauProv,0.0
FishProcess,KepRi,0.012071952223777771
FishProcess,Jambi,0.0
FishProcess,SumSel,0.0
FishProcess,BaBel,0.0
FishProcess,Bengkulu,0.0
FishProcess,Lampung,0.07924164831638336
FishProcess,DKI,0.31405651569366455
FishProcess,JaBar,0.0017751514678820968
FishProcess,Banten,0.0
FishProcess,JaTeng,0.023929808288812637
FishProcess,DIY,1.9967348634963855e-05
FishProcess,JaTim,0.45020055770874023
FishProcess,KalBar,0.0
FishProcess,KalTeng,0.0
FishProcess,KalSel,0.0
FishProcess,KalTim,0.0
FishProcess,KalUt,1.6088157281046733e-05
FishProcess,SulUt,0.0011341965291649103
FishProcess,Gorontalo,0.0
FishProcess,SulTeng,0.0
FishProcess,SulaSel,0.00522782513871789
FishProcess,SulBar,0.0
FishProcess,SulTra,0.0
FishProcess,Bali,5.4654818086419255e-05
FishProcess,NTB,0.0
FishProcess,NTT,0.0
FishProcess,Maluku,0.0
FishProcess,MalUt,0.0
FishProcess,PapuaBar,0.0
FishProcess,PapuaProv,0.0
VegFruitProc,NAD,0.00017146060417871922
VegFruitProc,SumUt,0.08756289631128311
VegFruitProc,SumBar,0.0
VegFruitProc,RiauProv,0.03190393000841141
VegFruitProc,KepRi,0.031581804156303406
VegFruitProc,Jambi,0.0
VegFruitProc,SumSel,0.000537487561814487
VegFruitProc,BaBel,0.0
VegFruitProc,Bengkulu,0.0
VegFruitProc,Lampung,0.00033558678114786744
VegFruitProc,DKI,0.63100665807724
VegFruitProc,JaBar,0.009316380135715008
VegFruitProc,Banten,0.003428907599300146
VegFruitProc,JaTeng,0.017215173691511154
VegFruitProc,DIY,0.0
VegFruitProc,JaTim,0.16983094811439514
VegFruitProc,KalBar,0.013354998081922531
VegFruitProc,KalTeng,0.0
VegFruitProc,KalSel,0.0
VegFruitProc,KalTim,0.0
VegFruitProc,KalUt,0.0
VegFruitProc,SulUt,0.0
VegFruitProc,Gorontalo,0.0
VegFruitProc,SulTeng,0.0
VegFruitProc,SulaSel,0.0009731414029374719
VegFruitProc,SulBar,0.0
VegFruitProc,SulTra,0.0
VegFruitProc,Bali,0.0015675063477829099
VegFruitProc,NTB,0.0
VegFruitProc,NTT,0.0
VegFruitProc,Maluku,0.0
VegFruitProc,MalUt,0.0
VegFruitProc,PapuaBar,0.0
VegFruitProc,PapuaProv,0.0012131809489801526
EdibleOils,NAD,0.0
EdibleOils,SumUt,0.12713243067264557
EdibleOils,SumBar,0.012286360375583172
EdibleOils,RiauProv,0.0025532199069857597
EdibleOils,KepRi,0.0002385242551099509
EdibleOils,Jambi,0.0
EdibleOils,SumSel,8.846537821227685e-05
EdibleOils,BaBel,0.0
EdibleOils,Bengkulu,0.0
EdibleOils,Lampung,0.05265471339225769
EdibleOils,DKI,0.06391718983650208
EdibleOils,JaBar,8.979668200481683e-05
EdibleOils,Banten,0.2816895842552185
EdibleOils,JaTeng,0.04279109090566635
EdibleOils,DIY,0.0
EdibleOils,JaTim,0.3742654621601105
EdibleOils,KalBar,0.0001523043611086905
EdibleOils,KalTeng,0.0
EdibleOils,KalSel,0.0
EdibleOils,KalTim,0.0
EdibleOils,KalUt,4.5710635276918765e-06
EdibleOils,SulUt,0.0014885811833664775
EdibleOils,Gorontalo,0.0
EdibleOils,SulTeng,0.0
EdibleOils,SulaSel,0.04052280634641647
EdibleOils,SulBar,0.0
EdibleOils,SulTra,0.0
EdibleOils,Bali,5.448388765216805e-05
EdibleOils,NTB,0.0
EdibleOils,NTT,0.0
EdibleOils,Maluku,0.0
EdibleOils,MalUt,0.0
EdibleOils,PapuaBar,0.0
EdibleOils,PapuaProv,7.045677921269089e-05
Copra,NAD,0.0
Copra,SumUt,0.0
Copra,SumBar,0.0
Copra,RiauProv,0.0017811073921620846
Copra,KepRi,0.0
Copra,Jambi,0.0
Copra,SumSel,0.0
Copra,BaBel,0.0
Copra,Bengkulu,0.0
Copra,Lampung,0.0
Copra,DKI,0.09190370887517929
Copra,JaBar,0.0
Copra,Banten,0.0
Copra,JaTeng,0.014916401356458664
Copra,DIY,0.0
Copra,JaTim,0.8913987874984741
Copra,KalBar,0.0
Copra,KalTeng,0.0
Copra,KalSel,0.0
Copra,KalTim,0.0
Copra,KalUt,0.0
Copra,SulUt,0.0
Copra,Gorontalo,0.0
Copra,SulTeng,0.0
Copra,SulaSel,0.0
Copra,SulBar,0.0
Copra,SulTra,0.0
Copra,Bali,0.0
Copra,NTB,0.0
Copra,NTT,0.0
Copra,Maluku,0.0
Copra,MalUt,0.0
Copra,PapuaBar,0.0
Copra,PapuaProv,0.0
DairyPrd,NAD,0.0
DairyPrd,SumUt,0.0025884925853461027
DairyPrd,SumBar,0.0
DairyPrd,RiauProv,1.4763986655452754e-07
DairyPrd,KepRi,0.006072569638490677
DairyPrd,Jambi,0.0
DairyPrd,SumSel,0.0
DairyPrd,BaBel,0.0
DairyPrd,Bengkulu,0.0
DairyPrd,Lampung,0.00040261991671286523
DairyPrd,DKI,0.6710694432258606
DairyPrd,JaBar,0.043408140540122986
DairyPrd,Banten,0.0
DairyPrd,JaTeng,0.11486432701349258
DairyPrd,DIY,0.0
DairyPrd,JaTim,0.1602005809545517
DairyPrd,KalBar,0.0
DairyPrd,KalTeng,0.0
DairyPrd,KalSel,0.0
DairyPrd,KalTim,0.0
DairyPrd,KalUt,0.0
DairyPrd,SulUt,0.0
DairyPrd,Gorontalo,0.0
DairyPrd,SulTeng,0.0
DairyPrd,SulaSel,0.0
DairyPrd,SulBar,0.0
DairyPrd,SulTra,0.0
DairyPrd,Bali,0.001393703161738813
DairyPrd,NTB,0.0
DairyPrd,NTT,0.0
DairyPrd,Maluku,0.0
DairyPrd,MalUt,0.0
DairyPrd,PapuaBar,0.0
DairyPrd,PapuaProv,0.0
OthFlour,NAD,0.0
OthFlour,SumUt,0.06982497870922089
OthFlour,SumBar,0.0
OthFlour,RiauProv,0.05008368566632271
OthFlour,KepRi,0.0038847336545586586
OthFlour,Jambi,2.0499390302575193e-05
OthFlour,SumSel,0.0009850364876911044
OthFlour,BaBel,0.0
OthFlour,Bengkulu,0.0
OthFlour,Lampung,0.015601851046085358
OthFlour,DKI,0.40214332938194275
OthFlour,JaBar,0.001607124344445765
OthFlour,Banten,0.018910445272922516
OthFlour,JaTeng,0.08473514020442963
OthFlour,DIY,0.0
OthFlour,JaTim,0.34840071201324463
OthFlour,KalBar,9.542627958580852e-05
OthFlour,KalTeng,0.0
OthFlour,KalSel,0.0011708216043189168
OthFlour,KalTim,0.0
OthFlour,KalUt,0.0
OthFlour,SulUt,0.0
OthFlour,Gorontalo,0.0
OthFlour,SulTeng,0.0
OthFlour,SulaSel,0.0023906079586595297
OthFlour,SulBar,0.0
OthFlour,SulTra,0.0
OthFlour,Bali,0.00012167025124654174
OthFlour,NTB,0.0
OthFlour,NTT,0.0
OthFlour,Maluku,0.0
OthFlour,MalUt,0.0
OthFlour,PapuaBar,0.0
OthFlour,PapuaProv,2.3971841073944233e-05
WheatFlour,NAD,0.0
WheatFlour,SumUt,0.1429554969072342
WheatFlour,SumBar,0.0
WheatFlour,RiauProv,2.106041620208998e-06
WheatFlour,KepRi,0.014036966487765312
WheatFlour,Jambi,0.0
WheatFlour,SumSel,0.01525843981653452
WheatFlour,BaBel,0.0
WheatFlour,Bengkulu,0.0
WheatFlour,Lampung,0.18922609090805054
WheatFlour,DKI,0.22002458572387695
WheatFlour,JaBar,0.0
WheatFlour,Banten,0.0
WheatFlour,JaTeng,0.11197495460510254
WheatFlour,DIY,0.0
WheatFlour,JaTim,0.30445992946624756
WheatFlour,KalBar,0.0
WheatFlour,KalTeng,0.0
WheatFlour,KalSel,0.00131858023814857
WheatFlour,KalTim,0.0
WheatFlour,KalUt,0.0001029433697112836
WheatFlour,SulUt,0.0
WheatFlour,Gorontalo,0.0
WheatFlour,SulTeng,0.0
WheatFlour,SulaSel,0.0006398700643330812
WheatFlour,SulBar,0.0
WheatFlour,SulTra,0.0
WheatFlour,Bali,0.0
WheatFlour,NTB,0.0
WheatFlour,NTT,0.0
WheatFlour,Maluku,0.0
WheatFlour,MalUt,0.0
WheatFlour,PapuaBar,0.0
WheatFlour,PapuaProv,0.0
RiceMilling,NAD,0.001057411078363657
RiceMilling,SumUt,0.09917333722114563
RiceMilling,SumBar,0.011293872259557247
RiceMilling,RiauProv,0.027357930317521095
RiceMilling,KepRi,8.452910697087646e-05
RiceMilling,Jambi,0.0
RiceMilling,SumSel,0.050170548260211945
RiceMilling,BaBel,0.0
RiceMilling,Bengkulu,0.0
RiceMilling,Lampung,0.04455056041479111
RiceMilling,DKI,0.2903461158275604
RiceMilling,JaBar,0.0
RiceMilling,Banten,0.05702570453286171
RiceMilling,JaTeng,0.0028130768332630396
RiceMilling,DIY,0.0
RiceMilling,JaTim,0.35891515016555786
RiceMilling,KalBar,0.0
RiceMilling,KalTeng,0.0
RiceMilling,KalSel,0.0
RiceMilling,KalTim,0.004240191541612148
RiceMilling,KalUt,1.2234083442308474e-05
RiceMilling,SulUt,0.020523125305771828
RiceMilling,Gorontalo,0.0
RiceMilling,SulTeng,0.0
RiceMilling,SulaSel,0.0
RiceMilling,SulBar,0.0
RiceMilling,SulTra,0.0
RiceMilling,Bali,0.012947123497724533
RiceMilling,NTB,0.0
RiceMilling,NTT,0.019489090889692307
RiceMilling,Maluku,0.0
RiceMilling,MalUt,0.0
RiceMilling,PapuaBar,0.0
RiceMilling,PapuaProv,0.0
BreadBiscuit,NAD,0.000652020622510463
BreadBiscuit,SumUt,0.1488623470067978
BreadBiscuit,SumBar,0.0
BreadBiscuit,RiauProv,9.413877251063241e-07
BreadBiscuit,KepRi,0.1124420240521431
BreadBiscuit,Jambi,0.0
BreadBiscuit,SumSel,0.0
BreadBiscuit,BaBel,0.0
BreadBiscuit,Bengkulu,0.0
BreadBiscuit,Lampung,0.0018445091554895043
BreadBiscuit,DKI,0.6080142259597778
BreadBiscuit,JaBar,0.05950968712568283
BreadBiscuit,Banten,0.0
BreadBiscuit,JaTeng,0.005812487099319696
BreadBiscuit,DIY,0.0
BreadBiscuit,JaTim,0.05742545798420906
BreadBiscuit,KalBar,0.0
BreadBiscuit,KalTeng,0.0
BreadBiscuit,KalSel,0.0
BreadBiscuit,KalTim,0.0
BreadBiscuit,KalUt,0.0016130381263792515
BreadBiscuit,SulUt,0.0
BreadBiscuit,Gorontalo,0.0
BreadBiscuit,SulTeng,0.0
BreadBiscuit,SulaSel,0.0028726349119096994
BreadBiscuit,SulBar,0.0
BreadBiscuit,SulTra,0.0
BreadBiscuit,Bali,0.00095065200002864
BreadBiscuit,NTB,0.0
BreadBiscuit,NTT,0.0
BreadBiscuit,Maluku,0.0
BreadBiscuit,MalUt,0.0
BreadBiscuit,PapuaBar,0.0
BreadBiscuit,PapuaProv,0.0
Sugar,NAD,0.0013708550250157714
Sugar,SumUt,0.0740932822227478
Sugar,SumBar,0.0
Sugar,RiauProv,0.0001596853689989075
Sugar,KepRi,0.0
Sugar,Jambi,0.0
Sugar,SumSel,0.0
Sugar,BaBel,0.0
Sugar,Bengkulu,0.0
Sugar,Lampung,0.16920219361782074
Sugar,DKI,0.07501993328332901
Sugar,JaBar,0.0
Sugar,Banten,0.473058819770813
Sugar,JaTeng,0.0037999895866960287
Sugar,DIY,0.0
Sugar,JaTim,0.1934570074081421
Sugar,KalBar,0.0007847694796510041
Sugar,KalTeng,0.0
Sugar,KalSel,0.0007421803893521428
Sugar,KalTim,0.0013981584925204515
Sugar,KalUt,6.557131200679578e-06
Sugar,SulUt,0.0
Sugar,Gorontalo,0.003166699316352606
Sugar,SulTeng,0.0
Sugar,SulaSel,0.0
Sugar,SulBar,0.0
Sugar,SulTra,0.0
Sugar,Bali,1.9159665498591494e-06
Sugar,NTB,0.003737927181646228
Sugar,NTT,0.0
Sugar,Maluku,0.0
Sugar,MalUt,0.0
Sugar,PapuaBar,0.0
Sugar,PapuaProv,0.0
Confectionry,NAD,0.0
Confectionry,SumUt,0.006433743052184582
Confectionry,SumBar,0.0
Confectionry,RiauProv,7.386881770798936e-05
Confectionry,KepRi,0.04060904309153557
Confectionry,Jambi,0.0
Confectionry,SumSel,0.0
Confectionry,BaBel,0.0
Confectionry,Bengkulu,0.0
Confectionry,Lampung,0.0
Confectionry,DKI,0.7304108142852783
Confectionry,JaBar,0.07094752043485641
Confectionry,Banten,0.0035385030787438154
Confectionry,JaTeng,0.0005526921595446765
Confectionry,DIY,0.0
Confectionry,JaTim,0.10638188570737839
Confectionry,KalBar,0.0
Confectionry,KalTeng,0.0
Confectionry,KalSel,0.0
Confectionry,KalTim,0.0
Confectionry,KalUt,1.8605992408993188e-06
Confectionry,SulUt,0.0
Confectionry,Gorontalo,0.0
Confectionry,SulTeng,0.0
Confectionry,SulaSel,0.04102790728211403
Confectionry,SulBar,0.0
Confectionry,SulTra,0.0
Confectionry,Bali,2.2206406356417574e-05
Confectionry,NTB,0.0
Confectionry,NTT,0.0
Confectionry,Maluku,0.0
Confectionry,MalUt,0.0
Confectionry,PapuaBar,0.0
Confectionry,PapuaProv,0.0
PastaNoodle,NAD,0.0
PastaNoodle,SumUt,0.01199614629149437
PastaNoodle,SumBar,0.0
PastaNoodle,RiauProv,6.739564923918806e-06
PastaNoodle,KepRi,0.0794060006737709
PastaNoodle,Jambi,0.0
PastaNoodle,SumSel,0.0
PastaNoodle,BaBel,0.0
PastaNoodle,Bengkulu,0.0
PastaNoodle,Lampung,0.0
PastaNoodle,DKI,0.7994784712791443
PastaNoodle,JaBar,0.0
PastaNoodle,Banten,0.0
PastaNoodle,JaTeng,0.0035065836273133755
PastaNoodle,DIY,0.0
PastaNoodle,JaTim,0.10415226221084595
PastaNoodle,KalBar,0.0
PastaNoodle,KalTeng,0.0
PastaNoodle,KalSel,0.0
PastaNoodle,KalTim,0.0
PastaNoodle,KalUt,0.0014448856236413121
PastaNoodle,SulUt,0.0
PastaNoodle,Gorontalo,0.0
PastaNoodle,SulTeng,0.0
PastaNoodle,SulaSel,0.0
PastaNoodle,SulBar,0.0
PastaNoodle,SulTra,0.0
PastaNoodle,Bali,8.923617315304e-06
PastaNoodle,NTB,0.0
PastaNoodle,NTT,0.0
PastaNoodle,Maluku,0.0
PastaNoodle,MalUt,0.0
PastaNoodle,PapuaBar,0.0
PastaNoodle,PapuaProv,0.0
CoffeeProc,NAD,0.0
CoffeeProc,SumUt,0.001248278422281146
CoffeeProc,SumBar,0.0
CoffeeProc,RiauProv,2.4358396899515355e-07
CoffeeProc,KepRi,0.01933738775551319
CoffeeProc,Jambi,0.0
CoffeeProc,SumSel,0.0
CoffeeProc,BaBel,0.0
CoffeeProc,Bengkulu,0.0
CoffeeProc,Lampung,0.0
CoffeeProc,DKI,0.29608598351478577
CoffeeProc,JaBar,0.0
CoffeeProc,Banten,0.00766961183398962
CoffeeProc,JaTeng,0.5101595520973206
CoffeeProc,DIY,0.0
CoffeeProc,JaTim,0.16474658250808716
CoffeeProc,KalBar,0.0
CoffeeProc,KalTeng,0.0
CoffeeProc,KalSel,0.0
CoffeeProc,KalTim,0.0
CoffeeProc,KalUt,0.0
CoffeeProc,SulUt,0.0
CoffeeProc,Gorontalo,0.0
CoffeeProc,SulTeng,0.0
CoffeeProc,SulaSel,0.0
CoffeeProc,SulBar,0.0
CoffeeProc,SulTra,0.0
CoffeeProc,Bali,0.0007523336680606008
CoffeeProc,NTB,0.0
CoffeeProc,NTT,0.0
CoffeeProc,Maluku,0.0
CoffeeProc,MalUt,0.0
CoffeeProc,PapuaBar,0.0
CoffeeProc,PapuaProv,0.0
TeaProc,NAD,0.0
TeaProc,SumUt,0.026433756574988365
TeaProc,SumBar,0.0
TeaProc,RiauProv,0.00024209183175116777
TeaProc,KepRi,0.01457354798913002
TeaProc,Jambi,0.0
TeaProc,SumSel,0.0
TeaProc,BaBel,0.0
TeaProc,Bengkulu,0.0
TeaProc,Lampung,0.0
TeaProc,DKI,0.6114673018455505
TeaProc,JaBar,0.005925170611590147
TeaProc,Banten,0.0
TeaProc,JaTeng,0.0
TeaProc,DIY,0.0
TeaProc,JaTim,0.34110313653945923
TeaProc,KalBar,0.0
TeaProc,KalTeng,0.0
TeaProc,KalSel,0.0
TeaProc,KalTim,0.0
TeaProc,KalUt,0.0
TeaProc,SulUt,0.0
TeaProc,Gorontalo,0.0
TeaProc,SulTeng,0.0
TeaProc,SulaSel,0.0
TeaProc,SulBar,0.0
TeaProc,SulTra,0.0
TeaProc,Bali,0.00025497027672827244
TeaProc,NTB,0.0
TeaProc,NTT,0.0
TeaProc,Maluku,0.0
TeaProc,MalUt,0.0
TeaProc,PapuaBar,0.0
TeaProc,PapuaProv,0.0
SoyProcessed,NAD,8.43702073325403e-05
SoyProcessed,SumUt,0.01641947217285633
SoyProcessed,SumBar,0.0
SoyProcessed,RiauProv,1.4711554285895545e-06
SoyProcessed,KepRi,0.007047891616821289
SoyProcessed,Jambi,0.0
SoyProcessed,SumSel,0.0
SoyProcessed,BaBel,0.0
SoyProcessed,Bengkulu,0.0
SoyProcessed,Lampung,0.0012912290403619409
SoyProcessed,DKI,0.6416558027267456
SoyProcessed,JaBar,0.06141610071063042
SoyProcessed,Banten,0.0
SoyProcessed,JaTeng,0.006012749392539263
SoyProcessed,DIY,0.0
SoyProcessed,JaTim,0.2660686671733856
SoyProcessed,KalBar,0.0
SoyProcessed,KalTeng,0.0
SoyProcessed,KalSel,0.0
SoyProcessed,KalTim,0.0
SoyProcessed,KalUt,0.0
SoyProcessed,SulUt,0.0
SoyProcessed,Gorontalo,0.0
SoyProcessed,SulTeng,0.0
SoyProcessed,SulaSel,0.0
SoyProcessed,SulBar,0.0
SoyProcessed,SulTra,0.0
SoyProcessed,Bali,2.2217311652639182e-06
SoyProcessed,NTB,0.0
SoyProcessed,NTT,0.0
SoyProcessed,Maluku,0.0
SoyProcessed,MalUt,0.0
SoyProcessed,PapuaBar,0.0
SoyProcessed,PapuaProv,0.0
OthFood,NAD,0.0
OthFood,SumUt,0.07827987521886826
OthFood,SumBar,0.0
OthFood,RiauProv,0.004432785324752331
OthFood,KepRi,0.0166348684579134
OthFood,Jambi,0.0
OthFood,SumSel,7.880086195655167e-05
OthFood,BaBel,0.0
OthFood,Bengkulu,0.0
OthFood,Lampung,0.004363780375570059
OthFood,DKI,0.6792998909950256
OthFood,JaBar,0.00811222568154335
OthFood,Banten,9.606199455447495e-05
OthFood,JaTeng,0.05844911187887192
OthFood,DIY,1.1620019790825609e-07
OthFood,JaTim,0.14944875240325928
OthFood,KalBar,0.0
OthFood,KalTeng,0.0
OthFood,KalSel,0.0
OthFood,KalTim,1.3893627510697115e-06
OthFood,KalUt,0.0
OthFood,SulUt,0.0001529601140646264
OthFood,Gorontalo,0.0
OthFood,SulTeng,0.0
OthFood,SulaSel,4.975358478986891e-06
OthFood,SulBar,0.0
OthFood,SulTra,0.0
OthFood,Bali,0.0006444350583478808
OthFood,NTB,0.0
OthFood,NTT,0.0
OthFood,Maluku,0.0
OthFood,MalUt,0.0
OthFood,PapuaBar,0.0
OthFood,PapuaProv,0.0
AnimalFeed,NAD,0.0
AnimalFeed,SumUt,0.12508121132850647
AnimalFeed,SumBar,0.0
AnimalFeed,RiauProv,0.0
AnimalFeed,KepRi,0.035423193126916885
AnimalFeed,Jambi,0.0
AnimalFeed,SumSel,0.0
AnimalFeed,BaBel,0.0
AnimalFeed,Bengkulu,0.0
AnimalFeed,Lampung,0.03244258835911751
AnimalFeed,DKI,0.4193474352359772
AnimalFeed,JaBar,0.009365769103169441
AnimalFeed,Banten,0.00094131677178666
AnimalFeed,JaTeng,0.05118761956691742
AnimalFeed,DIY,0.0
AnimalFeed,JaTim,0.30910760164260864
AnimalFeed,KalBar,0.0018360294634476304
AnimalFeed,KalTeng,0.0
AnimalFeed,KalSel,0.0
AnimalFeed,KalTim,0.0
AnimalFeed,KalUt,0.0
AnimalFeed,SulUt,0.0
AnimalFeed,Gorontalo,0.0
AnimalFeed,SulTeng,0.0
AnimalFeed,SulaSel,0.015267242677509785
AnimalFeed,SulBar,0.0
AnimalFeed,SulTra,0.0
AnimalFeed,Bali,0.0
AnimalFeed,NTB,0.0
AnimalFeed,NTT,0.0
AnimalFeed,Maluku,0.0
AnimalFeed,MalUt,0.0
AnimalFeed,PapuaBar,0.0
AnimalFeed,PapuaProv,0.0
AlcoBeverage,NAD,0.0
AlcoBeverage,SumUt,0.1276462972164154
AlcoBeverage,SumBar,0.0
AlcoBeverage,RiauProv,0.0
AlcoBeverage,KepRi,0.009593261405825615
AlcoBeverage,Jambi,0.0
AlcoBeverage,SumSel,0.00016279723786283284
AlcoBeverage,BaBel,0.0
AlcoBeverage,Bengkulu,0.0
AlcoBeverage,Lampung,0.06078562140464783
AlcoBeverage,DKI,0.3424310088157654
AlcoBeverage,JaBar,0.0
AlcoBeverage,Banten,0.0007982119568623602
AlcoBeverage,JaTeng,0.07326764613389969
AlcoBeverage,DIY,0.0
AlcoBeverage,JaTim,0.37790653109550476
AlcoBeverage,KalBar,0.0
AlcoBeverage,KalTeng,0.0
AlcoBeverage,KalSel,0.0
AlcoBeverage,KalTim,0.0
AlcoBeverage,KalUt,0.0
AlcoBeverage,SulUt,0.0
AlcoBeverage,Gorontalo,0.0
AlcoBeverage,SulTeng,0.0
AlcoBeverage,SulaSel,0.005675144959241152
AlcoBeverage,SulBar,0.0
AlcoBeverage,SulTra,0.0
AlcoBeverage,Bali,0.001733460696414113
AlcoBeverage,NTB,0.0
AlcoBeverage,NTT,0.0
AlcoBeverage,Maluku,0.0
AlcoBeverage,MalUt,0.0
AlcoBeverage,PapuaBar,0.0
AlcoBeverage,PapuaProv,0.0
NonAlcoBev,NAD,0.0
NonAlcoBev,SumUt,0.11552587151527405
NonAlcoBev,SumBar,0.0
NonAlcoBev,RiauProv,0.004882393404841423
NonAlcoBev,KepRi,0.16232815384864807
NonAlcoBev,Jambi,0.0
NonAlcoBev,SumSel,0.0
NonAlcoBev,BaBel,0.0
NonAlcoBev,Bengkulu,0.0
NonAlcoBev,Lampung,2.341418803553097e-05
NonAlcoBev,DKI,0.5661595463752747
NonAlcoBev,JaBar,0.0
NonAlcoBev,Banten,0.0
NonAlcoBev,JaTeng,5.955775122856721e-05
NonAlcoBev,DIY,0.0
NonAlcoBev,JaTim,0.15091684460639954
NonAlcoBev,KalBar,0.0
NonAlcoBev,KalTeng,0.0
NonAlcoBev,KalSel,0.0
NonAlcoBev,KalTim,0.0
NonAlcoBev,KalUt,1.3377142749959603e-05
NonAlcoBev,SulUt,0.0
NonAlcoBev,Gorontalo,0.0
NonAlcoBev,SulTeng,0.0
NonAlcoBev,SulaSel,0.0
NonAlcoBev,SulBar,0.0
NonAlcoBev,SulTra,0.0
NonAlcoBev,Bali,9.088459046324715e-05
NonAlcoBev,NTB,0.0
NonAlcoBev,NTT,0.0
NonAlcoBev,Maluku,0.0
NonAlcoBev,MalUt,0.0
NonAlcoBev,PapuaBar,0.0
NonAlcoBev,PapuaProv,0.0
Cigarettes,NAD,0.0
Cigarettes,SumUt,0.004217864945530891
Cigarettes,SumBar,0.0
Cigarettes,RiauProv,0.0
Cigarettes,KepRi,0.0
Cigarettes,Jambi,0.0
Cigarettes,SumSel,0.0
Cigarettes,BaBel,0.0
Cigarettes,Bengkulu,0.0
Cigarettes,Lampung,0.0
Cigarettes,DKI,0.5970426797866821
Cigarettes,JaBar,0.0
Cigarettes,Banten,0.0
Cigarettes,JaTeng,0.0
Cigarettes,DIY,0.0
Cigarettes,JaTim,0.39873942732810974
Cigarettes,KalBar,0.0
Cigarettes,KalTeng,0.0
Cigarettes,KalSel,0.0
Cigarettes,KalTim,0.0
Cigarettes,KalUt,0.0
Cigarettes,SulUt,0.0
Cigarettes,Gorontalo,0.0
Cigarettes,SulTeng,0.0
Cigarettes,SulaSel,0.0
Cigarettes,SulBar,0.0
Cigarettes,SulTra,0.0
Cigarettes,Bali,0.0
Cigarettes,NTB,0.0
Cigarettes,NTT,0.0
Cigarettes,Maluku,0.0
Cigarettes,MalUt,0.0
Cigarettes,PapuaBar,0.0
Cigarettes,PapuaProv,0.0
TobaccoPrd,NAD,0.0
TobaccoPrd,SumUt,0.00021720436052419245
TobaccoPrd,SumBar,0.0
TobaccoPrd,RiauProv,0.0
TobaccoPrd,KepRi,0.07192279398441315
TobaccoPrd,Jambi,0.0
TobaccoPrd,SumSel,0.0
TobaccoPrd,BaBel,0.0
TobaccoPrd,Bengkulu,0.0
TobaccoPrd,Lampung,0.0
TobaccoPrd,DKI,0.15655134618282318
TobaccoPrd,JaBar,0.03716464340686798
TobaccoPrd,Banten,0.0
TobaccoPrd,JaTeng,0.31858018040657043
TobaccoPrd,DIY,0.0
TobaccoPrd,JaTim,0.41556304693222046
TobaccoPrd,KalBar,0.0
TobaccoPrd,KalTeng,0.0
TobaccoPrd,KalSel,0.0
TobaccoPrd,KalTim,0.0
TobaccoPrd,KalUt,0.0
TobaccoPrd,SulUt,0.0
TobaccoPrd,Gorontalo,0.0
TobaccoPrd,SulTeng,0.0
TobaccoPrd,SulaSel,0.0
TobaccoPrd,SulBar,0.0
TobaccoPrd,SulTra,0.0
TobaccoPrd,Bali,7.582326020383334e-07
TobaccoPrd,NTB,0.0
TobaccoPrd,NTT,0.0
TobaccoPrd,Maluku,0.0
TobaccoPrd,MalUt,0.0
TobaccoPrd,PapuaBar,0.0
TobaccoPrd,PapuaProv,0.0
Yarn,NAD,5.27271276951069e-06
Yarn,SumUt,0.0008774260058999062
Yarn,SumBar,0.0
Yarn,RiauProv,0.00023301952751353383
Yarn,KepRi,0.004996194038540125
Yarn,Jambi,0.00013413233682513237
Yarn,SumSel,0.0
Yarn,BaBel,0.0
Yarn,Bengkulu,0.0
Yarn,Lampung,4.1425326344324276e-05
Yarn,DKI,0.893558919429779
Yarn,JaBar,0.0015105479396879673
Yarn,Banten,0.00038723862962797284
Yarn,JaTeng,0.03807158023118973
Yarn,DIY,2.4668548576300964e-05
Yarn,JaTim,0.060023289173841476
Yarn,KalBar,0.0
Yarn,KalTeng,0.0
Yarn,KalSel,4.619979517883621e-05
Yarn,KalTim,2.5889166863635182e-06
Yarn,KalUt,0.0
Yarn,SulUt,0.0
Yarn,Gorontalo,0.0
Yarn,SulTeng,0.0
Yarn,SulaSel,0.0
Yarn,SulBar,0.0
Yarn,SulTra,0.0
Yarn,Bali,7.511639705626294e-05
Yarn,NTB,0.0
Yarn,NTT,0.0
Yarn,Maluku,0.0
Yarn,MalUt,0.0
Yarn,PapuaBar,0.0
Yarn,PapuaProv,1.2403867003740743e-05
Textile,NAD,0.0
Textile,SumUt,0.007945064455270767
Textile,SumBar,0.0
Textile,RiauProv,0.009611766785383224
Textile,KepRi,0.038858864456415176
Textile,Jambi,0.0011713732965290546
Textile,SumSel,8.822154086374212e-06
Textile,BaBel,0.0
Textile,Bengkulu,0.0
Textile,Lampung,4.0952687413664535e-05
Textile,DKI,0.7457091212272644
Textile,JaBar,0.00508823012933135
Textile,Banten,0.00014091862249188125
Textile,JaTeng,0.1720390021800995
Textile,DIY,0.0006270652520470321
Textile,JaTim,0.01807234063744545
Textile,KalBar,1.8383312635705806e-05
Textile,KalTeng,0.0
Textile,KalSel,0.0
Textile,KalTim,3.367895624251105e-05
Textile,KalUt,0.0
Textile,SulUt,2.898308594012633e-06
Textile,Gorontalo,0.0
Textile,SulTeng,4.537124186754227e-05
Textile,SulaSel,2.1569252567132935e-05
Textile,SulBar,0.0
Textile,SulTra,0.0
Textile,Bali,0.00018835107039194554
Textile,NTB,0.0001978917425731197
Textile,NTT,0.0
Textile,Maluku,0.0
Textile,MalUt,0.00010737695265561342
Textile,PapuaBar,2.09295876629767e-06
Textile,PapuaProv,6.88322470523417e-05
RopesCarpets,NAD,0.0030669739935547113
RopesCarpets,SumUt,0.06268813461065292
RopesCarpets,SumBar,0.0
RopesCarpets,RiauProv,0.0010960132349282503
RopesCarpets,KepRi,0.07966792583465576
RopesCarpets,Jambi,0.0014379072235897183
RopesCarpets,SumSel,0.00011582630395423621
RopesCarpets,BaBel,0.0
RopesCarpets,Bengkulu,0.0
RopesCarpets,Lampung,0.0006463441532105207
RopesCarpets,DKI,0.5779199600219727
RopesCarpets,JaBar,0.024136079475283623
RopesCarpets,Banten,0.0004509602440521121
RopesCarpets,JaTeng,0.06814533472061157
RopesCarpets,DIY,0.0
RopesCarpets,JaTim,0.1561351716518402
RopesCarpets,KalBar,0.005616602022200823
RopesCarpets,KalTeng,0.0
RopesCarpets,KalSel,1.5980835087248124e-05
RopesCarpets,KalTim,0.007935424335300922
RopesCarpets,KalUt,0.0
RopesCarpets,SulUt,2.46276813413715e-05
RopesCarpets,Gorontalo,0.0
RopesCarpets,SulTeng,0.0003019374853465706
RopesCarpets,SulaSel,1.1026049833162688e-05
RopesCarpets,SulBar,0.0
RopesCarpets,SulTra,0.0
RopesCarpets,Bali,0.0003696228377521038
RopesCarpets,NTB,4.037486723973416e-05
RopesCarpets,NTT,0.0
RopesCarpets,Maluku,0.0
RopesCarpets,MalUt,0.0
RopesCarpets,PapuaBar,0.0
RopesCarpets,PapuaProv,0.010177780874073505
OthTextilPrd,NAD,4.145170169067569e-05
OthTextilPrd,SumUt,0.008338166400790215
OthTextilPrd,SumBar,0.0
OthTextilPrd,RiauProv,0.0001862121862359345
OthTextilPrd,KepRi,0.01862817257642746
OthTextilPrd,Jambi,0.00017060464597307146
OthTextilPrd,SumSel,3.0099909054115415e-05
OthTextilPrd,BaBel,0.0
OthTextilPrd,Bengkulu,0.0
OthTextilPrd,Lampung,0.0031704886350780725
OthTextilPrd,DKI,0.7087736129760742
OthTextilPrd,JaBar,0.0369279682636261
OthTextilPrd,Banten,0.0002725340018514544
OthTextilPrd,JaTeng,0.09326110780239105
OthTextilPrd,DIY,0.0020633579697459936
OthTextilPrd,JaTim,0.12317181378602982
OthTextilPrd,KalBar,0.0009490685188211501
OthTextilPrd,KalTeng,0.0
OthTextilPrd,KalSel,4.938721303915372e-06
OthTextilPrd,KalTim,6.319380918284878e-05
OthTextilPrd,KalUt,4.1360058844475134e-07
OthTextilPrd,SulUt,5.006443188904086e-07
OthTextilPrd,Gorontalo,0.0
OthTextilPrd,SulTeng,1.7465552446083166e-05
OthTextilPrd,SulaSel,0.0010682872962206602
OthTextilPrd,SulBar,0.0
OthTextilPrd,SulTra,0.0
OthTextilPrd,Bali,0.0007391466642729938
OthTextilPrd,NTB,3.5164152905053925e-06
OthTextilPrd,NTT,5.558911766456731e-07
OthTextilPrd,Maluku,0.0
OthTextilPrd,MalUt,9.601458259567153e-06
OthTextilPrd,PapuaBar,1.6289651512124692e-06
OthTextilPrd,PapuaProv,0.0021060549188405275
KnittedPrd,NAD,0.0
KnittedPrd,SumUt,1.4583284837499377e-06
KnittedPrd,SumBar,0.0
KnittedPrd,RiauProv,0.0
KnittedPrd,KepRi,0.012990757822990417
KnittedPrd,Jambi,3.4787233744282275e-05
KnittedPrd,SumSel,0.0
KnittedPrd,BaBel,0.0
KnittedPrd,Bengkulu,0.0
KnittedPrd,Lampung,0.0
KnittedPrd,DKI,0.8038439750671387
KnittedPrd,JaBar,0.003274358808994293
KnittedPrd,Banten,0.0
KnittedPrd,JaTeng,0.16732043027877808
KnittedPrd,DIY,0.000497381784953177
KnittedPrd,JaTim,0.011518818326294422
KnittedPrd,KalBar,0.0
KnittedPrd,KalTeng,0.0
KnittedPrd,KalSel,0.0
KnittedPrd,KalTim,0.0
KnittedPrd,KalUt,0.0
KnittedPrd,SulUt,0.0
KnittedPrd,Gorontalo,0.0
KnittedPrd,SulTeng,0.0
KnittedPrd,SulaSel,0.0
KnittedPrd,SulBar,0.0
KnittedPrd,SulTra,0.0
KnittedPrd,Bali,0.0005115423700772226
KnittedPrd,NTB,0.0
KnittedPrd,NTT,0.0
KnittedPrd,Maluku,0.0
KnittedPrd,MalUt,0.0
KnittedPrd,PapuaBar,0.0
KnittedPrd,PapuaProv,6.52896414976567e-06
Apparel,NAD,0.00038880325155332685
Apparel,SumUt,0.00498912762850523
Apparel,SumBar,0.0
Apparel,RiauProv,9.625334496377036e-05
Apparel,KepRi,0.029093656688928604
Apparel,Jambi,0.00015876934048719704
Apparel,SumSel,3.601780190365389e-05
Apparel,BaBel,0.0
Apparel,Bengkulu,0.0
Apparel,Lampung,0.00016157935897354037
Apparel,DKI,0.7809991240501404
Apparel,JaBar,0.025511566549539566
Apparel,Banten,0.0004890562267974019
Apparel,JaTeng,0.12884342670440674
Apparel,DIY,0.00018986643408425152
Apparel,JaTim,0.027173463255167007
Apparel,KalBar,0.0
Apparel,KalTeng,0.0
Apparel,KalSel,0.0
Apparel,KalTim,9.389758633915335e-05
Apparel,KalUt,0.0
Apparel,SulUt,1.6233794667641632e-05
Apparel,Gorontalo,0.0
Apparel,SulTeng,6.372846837621182e-05
Apparel,SulaSel,0.0004534457693807781
Apparel,SulBar,0.0
Apparel,SulTra,0.0
Apparel,Bali,0.0010854356223717332
Apparel,NTB,1.4508853382722009e-05
Apparel,NTT,0.0
Apparel,Maluku,0.0
Apparel,MalUt,0.0
Apparel,PapuaBar,0.0
Apparel,PapuaProv,0.00014201724843587726
Tanning,NAD,0.0
Tanning,SumUt,0.0005722404457628727
Tanning,SumBar,0.0
Tanning,RiauProv,0.0
Tanning,KepRi,0.0002895774377975613
Tanning,Jambi,0.0
Tanning,SumSel,0.0
Tanning,BaBel,0.0
Tanning,Bengkulu,0.0
Tanning,Lampung,0.0
Tanning,DKI,0.7168105840682983
Tanning,JaBar,2.7335216145729646e-05
Tanning,Banten,0.0
Tanning,JaTeng,0.025670813396573067
Tanning,DIY,0.0017614379758015275
Tanning,JaTim,0.25478342175483704
Tanning,KalBar,0.0
Tanning,KalTeng,0.0
Tanning,KalSel,0.0
Tanning,KalTim,0.0
Tanning,KalUt,0.0
Tanning,SulUt,0.0
Tanning,Gorontalo,0.0
Tanning,SulTeng,0.0
Tanning,SulaSel,0.0
Tanning,SulBar,0.0
Tanning,SulTra,0.0
Tanning,Bali,8.46584007376805e-05
Tanning,NTB,0.0
Tanning,NTT,0.0
Tanning,Maluku,0.0
Tanning,MalUt,0.0
Tanning,PapuaBar,0.0
Tanning,PapuaProv,0.0
LeatherPrd,NAD,0.00015955574053805321
LeatherPrd,SumUt,0.044159166514873505
LeatherPrd,SumBar,0.0
LeatherPrd,RiauProv,0.001631128485314548
LeatherPrd,KepRi,0.187119722366333
LeatherPrd,Jambi,0.000637659861240536
LeatherPrd,SumSel,0.0006787542370148003
LeatherPrd,BaBel,0.0
LeatherPrd,Bengkulu,0.0
LeatherPrd,Lampung,0.0023167601320892572
LeatherPrd,DKI,0.58122718334198
LeatherPrd,JaBar,0.03125212714076042
LeatherPrd,Banten,0.007616065442562103
LeatherPrd,JaTeng,0.081261046230793
LeatherPrd,DIY,0.0
LeatherPrd,JaTim,0.04300457611680031
LeatherPrd,KalBar,2.0113741356908577e-06
LeatherPrd,KalTeng,0.0
LeatherPrd,KalSel,0.0
LeatherPrd,KalTim,0.00013709037739317864
LeatherPrd,KalUt,0.0
LeatherPrd,SulUt,0.00021945791377220303
LeatherPrd,Gorontalo,0.0
LeatherPrd,SulTeng,6.112665687396657e-06
LeatherPrd,SulaSel,3.0222481655073352e-05
LeatherPrd,SulBar,0.0
LeatherPrd,SulTra,0.0
LeatherPrd,Bali,0.016702422872185707
LeatherPrd,NTB,0.0
LeatherPrd,NTT,7.72194539422344e-07
LeatherPrd,Maluku,0.0
LeatherPrd,MalUt,0.0
LeatherPrd,PapuaBar,0.0
LeatherPrd,PapuaProv,0.0018382134148851037
Footwear,NAD,0.0001338048023171723
Footwear,SumUt,0.0014780949568375945
Footwear,SumBar,0.0
Footwear,RiauProv,0.0
Footwear,KepRi,0.04402897134423256
Footwear,Jambi,0.0
Footwear,SumSel,7.106628618203104e-05
Footwear,BaBel,0.0
Footwear,Bengkulu,0.0
Footwear,Lampung,6.974799907766283e-05
Footwear,DKI,0.7732499837875366
Footwear,JaBar,0.006548457313328981
Footwear,Banten,8.04655282991007e-05
Footwear,JaTeng,0.0446556955575943
Footwear,DIY,0.0
Footwear,JaTim,0.12863387167453766
Footwear,KalBar,0.0
Footwear,KalTeng,0.0
Footwear,KalSel,0.0
Footwear,KalTim,1.52082084241556e-05
Footwear,KalUt,2.2729246040853468e-07
Footwear,SulUt,3.0490431868201995e-07
Footwear,Gorontalo,0.0
Footwear,SulTeng,0.0
Footwear,SulaSel,5.1692048145923764e-05
Footwear,SulBar,0.0
Footwear,SulTra,0.0
Footwear,Bali,0.00013927927648182958
Footwear,NTB,0.0
Footwear,NTT,7.928114342803383e-08
Footwear,Maluku,0.0
Footwear,MalUt,3.108958117081784e-05
Footwear,PapuaBar,0.0
Footwear,PapuaProv,0.0008119461708702147
SawMill,NAD,0.0
SawMill,SumUt,0.14118202030658722
SawMill,SumBar,0.0
SawMill,RiauProv,2.8518716277403655e-08
SawMill,KepRi,0.003025471931323409
SawMill,Jambi,0.0
SawMill,SumSel,0.0027051407378166914
SawMill,BaBel,0.0
SawMill,Bengkulu,0.0
SawMill,Lampung,0.0
SawMill,DKI,0.3770865797996521
SawMill,JaBar,0.00010295366519130766
SawMill,Banten,0.0033180308528244495
SawMill,JaTeng,0.18417926132678986
SawMill,DIY,0.0
SawMill,JaTim,0.2882888913154602
SawMill,KalBar,0.0
SawMill,KalTeng,0.0
SawMill,KalSel,0.0
SawMill,KalTim,0.0
SawMill,KalUt,0.0
SawMill,SulUt,0.0
SawMill,Gorontalo,0.0
SawMill,SulTeng,0.0
SawMill,SulaSel,0.0
SawMill,SulBar,0.0
SawMill,SulTra,0.0
SawMill,Bali,0.00011164103489136323
SawMill,NTB,0.0
SawMill,NTT,0.0
SawMill,Maluku,0.0
SawMill,MalUt,0.0
SawMill,PapuaBar,0.0
SawMill,PapuaProv,0.0
Plywood,NAD,0.0
Plywood,SumUt,0.1287582665681839
Plywood,SumBar,0.0
Plywood,RiauProv,0.0072234319522976875
Plywood,KepRi,0.04343433678150177
Plywood,Jambi,0.0
Plywood,SumSel,0.003532544244080782
Plywood,BaBel,0.0
Plywood,Bengkulu,0.0
Plywood,Lampung,0.0
Plywood,DKI,0.34957441687583923
Plywood,JaBar,0.00953416433185339
Plywood,Banten,0.0015963761834427714
Plywood,JaTeng,0.09074566513299942
Plywood,DIY,0.0
Plywood,JaTim,0.36232924461364746
Plywood,KalBar,0.0008592460071668029
Plywood,KalTeng,0.0
Plywood,KalSel,0.0010988492285832763
Plywood,KalTim,0.00021912739612162113
Plywood,KalUt,0.0
Plywood,SulUt,0.0003138401370961219
Plywood,Gorontalo,0.0
Plywood,SulTeng,0.0
Plywood,SulaSel,0.0007365559577010572
Plywood,SulBar,0.0
Plywood,SulTra,0.0
Plywood,Bali,4.393995914142579e-05
Plywood,NTB,0.0
Plywood,NTT,0.0
Plywood,Maluku,0.0
Plywood,MalUt,0.0
Plywood,PapuaBar,0.0
Plywood,PapuaProv,0.0
WoodBuildMat,NAD,0.0
WoodBuildMat,SumUt,0.22628527879714966
WoodBuildMat,SumBar,0.0
WoodBuildMat,RiauProv,0.0
WoodBuildMat,KepRi,0.01817312464118004
WoodBuildMat,Jambi,0.0
WoodBuildMat,SumSel,0.0
WoodBuildMat,BaBel,0.0
WoodBuildMat,Bengkulu,0.0
WoodBuildMat,Lampung,0.0
WoodBuildMat,DKI,0.35884472727775574
WoodBuildMat,JaBar,0.006944544147700071
WoodBuildMat,Banten,0.0
WoodBuildMat,JaTeng,0.05254717171192169
WoodBuildMat,DIY,0.0
WoodBuildMat,JaTim,0.2748725712299347
WoodBuildMat,KalBar,0.022311978042125702
WoodBuildMat,KalTeng,0.0
WoodBuildMat,KalSel,0.0
WoodBuildMat,KalTim,0.0
WoodBuildMat,KalUt,0.0
WoodBuildMat,SulUt,0.0
WoodBuildMat,Gorontalo,0.0
WoodBuildMat,SulTeng,0.0
WoodBuildMat,SulaSel,0.0
WoodBuildMat,SulBar,0.0
WoodBuildMat,SulTra,0.014425448141992092
WoodBuildMat,Bali,0.001984731061384082
WoodBuildMat,NTB,0.0
WoodBuildMat,NTT,0.0
WoodBuildMat,Maluku,0.0
WoodBuildMat,MalUt,0.0
WoodBuildMat,PapuaBar,0.023610467091202736
WoodBuildMat,PapuaProv,0.0
OthWoodPrdn,NAD,0.0
OthWoodPrdn,SumUt,0.21629038453102112
OthWoodPrdn,SumBar,0.0
OthWoodPrdn,RiauProv,0.00205894629471004
OthWoodPrdn,KepRi,0.0653960257768631
OthWoodPrdn,Jambi,0.0018682674271985888
OthWoodPrdn,SumSel,1.93271080206614e-06
OthWoodPrdn,BaBel,0.0
OthWoodPrdn,Bengkulu,0.0
OthWoodPrdn,Lampung,0.0
OthWoodPrdn,DKI,0.19073034822940826
OthWoodPrdn,JaBar,0.18596048653125763
OthWoodPrdn,Banten,0.0005166383925825357
OthWoodPrdn,JaTeng,0.17059803009033203
OthWoodPrdn,DIY,0.0
OthWoodPrdn,JaTim,0.16166085004806519
OthWoodPrdn,KalBar,0.0
OthWoodPrdn,KalTeng,0.0
OthWoodPrdn,KalSel,6.798672529839678e-06
OthWoodPrdn,KalTim,0.0010995182674378157
OthWoodPrdn,KalUt,0.0
OthWoodPrdn,SulUt,0.0008847718709148467
OthWoodPrdn,Gorontalo,0.0
OthWoodPrdn,SulTeng,0.0
OthWoodPrdn,SulaSel,0.00018610070401336998
OthWoodPrdn,SulBar,0.0
OthWoodPrdn,SulTra,0.0
OthWoodPrdn,Bali,0.0024550401140004396
OthWoodPrdn,NTB,0.0
OthWoodPrdn,NTT,0.0
OthWoodPrdn,Maluku,0.0
OthWoodPrdn,MalUt,0.0
OthWoodPrdn,PapuaBar,0.0
OthWoodPrdn,PapuaProv,0.0002858361694961786
PaperPulp,NAD,0.0
PaperPulp,SumUt,0.001523416256532073
PaperPulp,SumBar,0.0
PaperPulp,RiauProv,0.051598116755485535
PaperPulp,KepRi,0.0002861300599761307
PaperPulp,Jambi,0.019976425915956497
PaperPulp,SumSel,0.0
PaperPulp,BaBel,0.0
PaperPulp,Bengkulu,0.0
PaperPulp,Lampung,0.0
PaperPulp,DKI,0.6560930609703064
PaperPulp,JaBar,0.0016007320955395699
PaperPulp,Banten,1.4319148249342106e-05
PaperPulp,JaTeng,0.015846485272049904
PaperPulp,DIY,0.0
PaperPulp,JaTim,0.24799762666225433
PaperPulp,KalBar,0.0
PaperPulp,KalTeng,0.0
PaperPulp,KalSel,0.005062945652753115
PaperPulp,KalTim,0.0
PaperPulp,KalUt,0.0
PaperPulp,SulUt,0.0
PaperPulp,Gorontalo,0.0
PaperPulp,SulTeng,1.845822517054785e-08
PaperPulp,SulaSel,0.0
PaperPulp,SulBar,0.0
PaperPulp,SulTra,0.0
PaperPulp,Bali,6.948916393412219e-07
PaperPulp,NTB,0.0
PaperPulp,NTT,0.0
PaperPulp,Maluku,0.0
PaperPulp,MalUt,0.0
PaperPulp,PapuaBar,0.0
PaperPulp,PapuaProv,0.0
Paper,NAD,1.7587902902960195e-06
Paper,SumUt,0.03774381801486015
Paper,SumBar,0.010469847358763218
Paper,RiauProv,0.0591353103518486
Paper,KepRi,0.04887561500072479
Paper,Jambi,1.2059117580065504e-05
Paper,SumSel,1.0066661161545198e-05
Paper,BaBel,0.0
Paper,Bengkulu,0.0
Paper,Lampung,0.0005313322180882096
Paper,DKI,0.5142272710800171
Paper,JaBar,0.019936610013246536
Paper,Banten,4.5991317165317014e-05
Paper,JaTeng,0.07859615236520767
Paper,DIY,5.17261787535972e-06
Paper,JaTim,0.21131764352321625
Paper,KalBar,0.0013381002936512232
Paper,KalTeng,0.0
Paper,KalSel,0.0010794722475111485
Paper,KalTim,1.858911673480179e-05
Paper,KalUt,0.0
Paper,SulUt,2.1098595937019127e-07
Paper,Gorontalo,0.0
Paper,SulTeng,0.0
Paper,SulaSel,0.0165499709546566
Paper,SulBar,0.0
Paper,SulTra,0.0
Paper,Bali,0.00010036573075922206
Paper,NTB,5.357922532311932e-07
Paper,NTT,0.0
Paper,Maluku,0.0
Paper,MalUt,0.0
Paper,PapuaBar,0.0
Paper,PapuaProv,4.0914469536801334e-06
PaperPrd,NAD,9.779949323274195e-06
PaperPrd,SumUt,0.004011295270174742
PaperPrd,SumBar,0.0
PaperPrd,RiauProv,0.006791022140532732
PaperPrd,KepRi,0.04778898507356644
PaperPrd,Jambi,4.827269367524423e-05
PaperPrd,SumSel,3.8628124457318336e-05
PaperPrd,BaBel,0.0
PaperPrd,Bengkulu,0.0
PaperPrd,Lampung,0.0019572267774492502
PaperPrd,DKI,0.616138756275177
PaperPrd,JaBar,0.003280717646703124
PaperPrd,Banten,0.00048021163092926145
PaperPrd,JaTeng,0.07390487194061279
PaperPrd,DIY,0.00024647152167744935
PaperPrd,JaTim,0.24381433427333832
PaperPrd,KalBar,0.0010757363634184003
PaperPrd,KalTeng,0.0
PaperPrd,KalSel,0.0
PaperPrd,KalTim,9.026232146425173e-05
PaperPrd,KalUt,0.0
PaperPrd,SulUt,8.003060429473408e-06
PaperPrd,Gorontalo,0.0
PaperPrd,SulTeng,7.489070412702858e-07
PaperPrd,SulaSel,1.3670318210756705e-09
PaperPrd,SulBar,0.0
PaperPrd,SulTra,0.0
PaperPrd,Bali,0.0002470510662533343
PaperPrd,NTB,1.2452094324544305e-06
PaperPrd,NTT,0.0
PaperPrd,Maluku,0.0
PaperPrd,MalUt,9.497821906734316e-07
PaperPrd,PapuaBar,0.0
PaperPrd,PapuaProv,6.544240022776648e-05
PrintedPrd,NAD,0.0
PrintedPrd,SumUt,0.004858191125094891
PrintedPrd,SumBar,0.0
PrintedPrd,RiauProv,2.3520307877333835e-05
PrintedPrd,KepRi,0.017334841191768646
PrintedPrd,Jambi,0.0
PrintedPrd,SumSel,0.001306256279349327
PrintedPrd,BaBel,0.0
PrintedPrd,Bengkulu,0.0
PrintedPrd,Lampung,0.0029197728727012873
PrintedPrd,DKI,0.8187798857688904
PrintedPrd,JaBar,0.0011342434445396066
PrintedPrd,Banten,0.0014281137846410275
PrintedPrd,JaTeng,0.017331859096884727
PrintedPrd,DIY,0.0013371192617341876
PrintedPrd,JaTim,0.1264175921678543
PrintedPrd,KalBar,0.0007023471989668906
PrintedPrd,KalTeng,0.0
PrintedPrd,KalSel,0.0
PrintedPrd,KalTim,0.0004191265907138586
PrintedPrd,KalUt,0.0
PrintedPrd,SulUt,1.6730098650441505e-05
PrintedPrd,Gorontalo,0.0
PrintedPrd,SulTeng,0.0
PrintedPrd,SulaSel,9.474355465499684e-06
PrintedPrd,SulBar,0.0
PrintedPrd,SulTra,0.0
PrintedPrd,Bali,0.00557829299941659
PrintedPrd,NTB,1.6939169711349678e-07
PrintedPrd,NTT,0.0
PrintedPrd,Maluku,0.0
PrintedPrd,MalUt,9.276507626054808e-05
PrintedPrd,PapuaBar,0.0
PrintedPrd,PapuaProv,0.00030976926791481674
OthNMmetlPrd,NAD,0.00013083481462672353
OthNMmetlPrd,SumUt,0.06348010152578354
OthNMmetlPrd,SumBar,0.0
OthNMmetlPrd,RiauProv,0.008075376972556114
OthNMmetlPrd,KepRi,0.04917331784963608
OthNMmetlPrd,Jambi,0.00016852293629199266
OthNMmetlPrd,SumSel,0.009633420035243034
OthNMmetlPrd,BaBel,0.0006591007695533335
OthNMmetlPrd,Bengkulu,0.0
OthNMmetlPrd,Lampung,0.0027138374280184507
OthNMmetlPrd,DKI,0.40284210443496704
OthNMmetlPrd,JaBar,0.006508270278573036
OthNMmetlPrd,Banten,0.00797272939234972
OthNMmetlPrd,JaTeng,0.0972205325961113
OthNMmetlPrd,DIY,0.0
OthNMmetlPrd,JaTim,0.12666907906532288
OthNMmetlPrd,KalBar,0.002213522559031844
OthNMmetlPrd,KalTeng,0.0
OthNMmetlPrd,KalSel,0.0004881438217125833
OthNMmetlPrd,KalTim,0.005640408489853144
OthNMmetlPrd,KalUt,4.998634040020988e-07
OthNMmetlPrd,SulUt,0.002808209275826812
OthNMmetlPrd,Gorontalo,0.0
OthNMmetlPrd,SulTeng,0.1320982575416565
OthNMmetlPrd,SulaSel,0.0004891321295872331
OthNMmetlPrd,SulBar,0.0
OthNMmetlPrd,SulTra,0.012357907369732857
OthNMmetlPrd,Bali,0.0011841730447486043
OthNMmetlPrd,NTB,0.0026677728164941072
OthNMmetlPrd,NTT,0.0
OthNMmetlPrd,Maluku,0.0
OthNMmetlPrd,MalUt,0.058200884610414505
OthNMmetlPrd,PapuaBar,0.001971532590687275
OthNMmetlPrd,PapuaProv,0.004632330499589443
OilAndGasRef,NAD,0.00048684357898309827
OilAndGasRef,SumUt,0.05237032100558281
OilAndGasRef,SumBar,0.023952338844537735
OilAndGasRef,RiauProv,0.01815839856863022
OilAndGasRef,KepRi,0.09126594662666321
OilAndGasRef,Jambi,0.0002247230731882155
OilAndGasRef,SumSel,0.0015860615530982614
OilAndGasRef,BaBel,0.0032928965520113707
OilAndGasRef,Bengkulu,0.00018099693988915533
OilAndGasRef,Lampung,0.07498042285442352
OilAndGasRef,DKI,0.14985960721969604
OilAndGasRef,JaBar,0.028727559372782707
OilAndGasRef,Banten,0.15276503562927246
OilAndGasRef,JaTeng,0.04230146482586861
OilAndGasRef,DIY,0.0
OilAndGasRef,JaTim,0.16741816699504852
OilAndGasRef,KalBar,0.007209022995084524
OilAndGasRef,KalTeng,0.000898933969438076
OilAndGasRef,KalSel,0.06971340626478195
OilAndGasRef,KalTim,0.035953447222709656
OilAndGasRef,KalUt,5.7001270761247724e-05
OilAndGasRef,SulUt,0.0037796765100210905
OilAndGasRef,Gorontalo,0.00036759994691237807
OilAndGasRef,SulTeng,0.00030164248892106116
OilAndGasRef,SulaSel,0.010485642589628696
OilAndGasRef,SulBar,1.7633008610573597e-05
OilAndGasRef,SulTra,0.02412891760468483
OilAndGasRef,Bali,0.0014252894325181842
OilAndGasRef,NTB,0.0007241969578899443
OilAndGasRef,NTT,0.0013664379948750138
OilAndGasRef,Maluku,0.018913425505161285
OilAndGasRef,MalUt,0.00010075567843159661
OilAndGasRef,PapuaBar,0.00010433036368340254
OilAndGasRef,PapuaProv,0.01688184216618538
BasChemicals,NAD,0.0002932570059783757
BasChemicals,SumUt,0.04284987971186638
BasChemicals,SumBar,0.0021195197477936745
BasChemicals,RiauProv,0.03140784054994583
BasChemicals,KepRi,0.029630519449710846
BasChemicals,Jambi,0.0009560409234836698
BasChemicals,SumSel,0.0050406428053975105
BasChemicals,BaBel,1.969881679997343e-08
BasChemicals,Bengkulu,0.0
BasChemicals,Lampung,0.005577746778726578
BasChemicals,DKI,0.4537549912929535
BasChemicals,JaBar,0.002585840178653598
BasChemicals,Banten,0.16153044998645782
BasChemicals,JaTeng,0.022036492824554443
BasChemicals,DIY,3.231943139780924e-07
BasChemicals,JaTim,0.22941307723522186
BasChemicals,KalBar,0.004768772050738335
BasChemicals,KalTeng,0.0
BasChemicals,KalSel,0.000305670517263934
BasChemicals,KalTim,0.005657885689288378
BasChemicals,KalUt,0.0
BasChemicals,SulUt,0.00022360653383657336
BasChemicals,Gorontalo,5.817736382596195e-05
BasChemicals,SulTeng,9.922626486513764e-05
BasChemicals,SulaSel,0.001181759755127132
BasChemicals,SulBar,0.0
BasChemicals,SulTra,0.0
BasChemicals,Bali,2.286729431943968e-05
BasChemicals,NTB,0.00041509061702527106
BasChemicals,NTT,0.0
BasChemicals,Maluku,0.0
BasChemicals,MalUt,3.710036480697454e-06
BasChemicals,PapuaBar,0.0
BasChemicals,PapuaProv,6.662701343884692e-05
Fertilizer,NAD,0.0001866903476184234
Fertilizer,SumUt,0.14955784380435944
Fertilizer,SumBar,0.00753041310235858
Fertilizer,RiauProv,0.12825800478458405
Fertilizer,KepRi,0.0008115489617921412
Fertilizer,Jambi,0.00018510888912715018
Fertilizer,SumSel,0.039195697754621506
Fertilizer,BaBel,0.0008611957891844213
Fertilizer,Bengkulu,0.0
Fertilizer,Lampung,0.06211717054247856
Fertilizer,DKI,0.05019965022802353
Fertilizer,JaBar,2.90287789539434e-05
Fertilizer,Banten,0.04690413177013397
Fertilizer,JaTeng,0.008910709992051125
Fertilizer,DIY,0.0
Fertilizer,JaTim,0.35257914662361145
Fertilizer,KalBar,0.020994221791625023
Fertilizer,KalTeng,0.0
Fertilizer,KalSel,0.019048813730478287
Fertilizer,KalTim,0.07350919395685196
Fertilizer,KalUt,0.01594042032957077
Fertilizer,SulUt,0.0006336508085951209
Fertilizer,Gorontalo,0.0
Fertilizer,SulTeng,0.0
Fertilizer,SulaSel,0.022532133385539055
Fertilizer,SulBar,0.0
Fertilizer,SulTra,0.0
Fertilizer,Bali,0.0
Fertilizer,NTB,0.0
Fertilizer,NTT,0.0
Fertilizer,Maluku,0.0
Fertilizer,MalUt,0.0
Fertilizer,PapuaBar,0.0
Fertilizer,PapuaProv,1.5178687135630753e-05
Plastics,NAD,0.00011888329754583538
Plastics,SumUt,0.07105937600135803
Plastics,SumBar,0.0
Plastics,RiauProv,0.00040289186290465295
Plastics,KepRi,0.059078238904476166
Plastics,Jambi,0.0
Plastics,SumSel,0.0006335415528155863
Plastics,BaBel,8.013348065105674e-07
Plastics,Bengkulu,0.0
Plastics,Lampung,2.2180258383741602e-05
Plastics,DKI,0.6201622486114502
Plastics,JaBar,0.01115401927381754
Plastics,Banten,0.0002267083473270759
Plastics,JaTeng,0.09259442239999771
Plastics,DIY,4.972790890178658e-08
Plastics,JaTim,0.14430348575115204
Plastics,KalBar,6.24580352450721e-05
Plastics,KalTeng,0.0
Plastics,KalSel,3.2263162665913114e-06
Plastics,KalTim,8.42079462017864e-05
Plastics,KalUt,0.0
Plastics,SulUt,0.0
Plastics,Gorontalo,0.0
Plastics,SulTeng,0.0
Plastics,SulaSel,2.157505696231965e-05
Plastics,SulBar,0.0
Plastics,SulTra,0.0
Plastics,Bali,7.078157796058804e-05
Plastics,NTB,0.0
Plastics,NTT,0.0
Plastics,Maluku,0.0
Plastics,MalUt,0.0
Plastics,PapuaBar,0.0
Plastics,PapuaProv,8.786086027612328e-07
Pesticide,NAD,0.0
Pesticide,SumUt,0.14810562133789062
Pesticide,SumBar,0.0
Pesticide,RiauProv,0.0009708520956337452
Pesticide,KepRi,6.0382506489986554e-05
Pesticide,Jambi,0.0009197962353937328
Pesticide,SumSel,0.0006982332561165094
Pesticide,BaBel,0.0
Pesticide,Bengkulu,0.0
Pesticide,Lampung,0.012088170275092125
Pesticide,DKI,0.5742294192314148
Pesticide,JaBar,0.0014900282258167863
Pesticide,Banten,0.0
Pesticide,JaTeng,0.02054528519511223
Pesticide,DIY,0.0
Pesticide,JaTim,0.2396939992904663
Pesticide,KalBar,0.00010410587128717452
Pesticide,KalTeng,0.0
Pesticide,KalSel,0.00032127523445524275
Pesticide,KalTim,0.00021113101684022695
Pesticide,KalUt,0.0
Pesticide,SulUt,0.0
Pesticide,Gorontalo,0.0
Pesticide,SulTeng,0.0
Pesticide,SulaSel,0.0005616607959382236
Pesticide,SulBar,0.0
Pesticide,SulTra,0.0
Pesticide,Bali,0.0
Pesticide,NTB,0.0
Pesticide,NTT,0.0
Pesticide,Maluku,0.0
Pesticide,MalUt,0.0
Pesticide,PapuaBar,0.0
Pesticide,PapuaProv,0.0
Paints,NAD,0.0
Paints,SumUt,0.005781382322311401
Paints,SumBar,0.0
Paints,RiauProv,0.0
Paints,KepRi,0.5601019859313965
Paints,Jambi,0.00015218420594464988
Paints,SumSel,0.000391901470720768
Paints,BaBel,0.0
Paints,Bengkulu,0.0
Paints,Lampung,0.0003653708263300359
Paints,DKI,0.3989377021789551
Paints,JaBar,0.002626660745590925
Paints,Banten,0.0005910566542297602
Paints,JaTeng,0.02173702046275139
Paints,DIY,0.0
Paints,JaTim,0.009040984325110912
Paints,KalBar,0.0
Paints,KalTeng,0.0
Paints,KalSel,0.0
Paints,KalTim,0.00023431357112713158
Paints,KalUt,0.0
Paints,SulUt,0.0
Paints,Gorontalo,0.0
Paints,SulTeng,0.0
Paints,SulaSel,1.716233839488268e-07
Paints,SulBar,0.0
Paints,SulTra,0.0
Paints,Bali,3.4687200241023675e-05
Paints,NTB,0.0
Paints,NTT,0.0
Paints,Maluku,0.0
Paints,MalUt,0.0
Paints,PapuaBar,0.0
Paints,PapuaProv,4.581020220939536e-06
Varnish,NAD,0.0
Varnish,SumUt,0.028834106400609016
Varnish,SumBar,0.0
Varnish,RiauProv,0.000437880982644856
Varnish,KepRi,0.13156850636005402
Varnish,Jambi,5.939018592471257e-06
Varnish,SumSel,0.00230507948435843
Varnish,BaBel,7.764399924781173e-06
Varnish,Bengkulu,0.0
Varnish,Lampung,0.00027305257390253246
Varnish,DKI,0.6091448664665222
Varnish,JaBar,0.011845887638628483
Varnish,Banten,0.0005351200234144926
Varnish,JaTeng,0.030079999938607216
Varnish,DIY,0.0
Varnish,JaTim,0.14202262461185455
Varnish,KalBar,0.0017169300699606538
Varnish,KalTeng,0.0
Varnish,KalSel,0.00043360202107578516
Varnish,KalTim,0.00011890436871908605
Varnish,KalUt,1.4758671795789269e-06
Varnish,SulUt,0.0
Varnish,Gorontalo,0.0
Varnish,SulTeng,8.019557571969926e-05
Varnish,SulaSel,0.0003026910999324173
Varnish,SulBar,0.0
Varnish,SulTra,5.764194384028087e-07
Varnish,Bali,0.0002996889525093138
Varnish,NTB,1.9314333258080296e-05
Varnish,NTT,0.0
Varnish,Maluku,0.0
Varnish,MalUt,0.0010786795755848289
Varnish,PapuaBar,0.0005710391560569406
Varnish,PapuaProv,0.03831607475876808
Soaps,NAD,0.0
Soaps,SumUt,0.04793767258524895
Soaps,SumBar,0.0
Soaps,RiauProv,0.004929398186504841
Soaps,KepRi,0.01729833148419857
Soaps,Jambi,0.0006644476088695228
Soaps,SumSel,0.0027959777507930994
Soaps,BaBel,0.0
Soaps,Bengkulu,0.0
Soaps,Lampung,5.890061947866343e-05
Soaps,DKI,0.6759214997291565
Soaps,JaBar,0.09649994969367981
Soaps,Banten,0.0
Soaps,JaTeng,0.00511331157758832
Soaps,DIY,0.0
Soaps,JaTim,0.14554837346076965
Soaps,KalBar,2.074177064059768e-05
Soaps,KalTeng,0.0
Soaps,KalSel,0.0
Soaps,KalTim,0.0021385459695011377
Soaps,KalUt,0.0
Soaps,SulUt,5.767626134911552e-05
Soaps,Gorontalo,0.0
Soaps,SulTeng,0.0
Soaps,SulaSel,5.462987246573903e-05
Soaps,SulBar,0.0
Soaps,SulTra,0.0
Soaps,Bali,0.00027073774253949523
Soaps,NTB,8.218140283133835e-05
Soaps,NTT,0.0
Soaps,Maluku,0.0
Soaps,MalUt,8.507244638167322e-05
Soaps,PapuaBar,0.0
Soaps,PapuaProv,0.0005225691711530089
Cosmetics,NAD,0.0
Cosmetics,SumUt,0.004730826709419489
Cosmetics,SumBar,0.0
Cosmetics,RiauProv,0.00018130664830096066
Cosmetics,KepRi,0.33520951867103577
Cosmetics,Jambi,0.0
Cosmetics,SumSel,2.2143631213111803e-06
Cosmetics,BaBel,0.0
Cosmetics,Bengkulu,0.0
Cosmetics,Lampung,0.00024376502551604062
Cosmetics,DKI,0.37236085534095764
Cosmetics,JaBar,0.20714034140110016
Cosmetics,Banten,1.2885857358924113e-06
Cosmetics,JaTeng,0.006323961075395346
Cosmetics,DIY,0.0
Cosmetics,JaTim,0.07373114675283432
Cosmetics,KalBar,0.0
Cosmetics,KalTeng,0.0
Cosmetics,KalSel,0.0
Cosmetics,KalTim,0.0
Cosmetics,KalUt,0.0
Cosmetics,SulUt,0.0
Cosmetics,Gorontalo,0.0
Cosmetics,SulTeng,0.0
Cosmetics,SulaSel,0.0
Cosmetics,SulBar,0.0
Cosmetics,SulTra,0.0
Cosmetics,Bali,7.479353371309116e-05
Cosmetics,NTB,0.0
Cosmetics,NTT,0.0
Cosmetics,Maluku,0.0
Cosmetics,MalUt,0.0
Cosmetics,PapuaBar,0.0
Cosmetics,PapuaProv,0.0
OthChemPrd,NAD,0.00027930006035603583
OthChemPrd,SumUt,0.037722550332546234
OthChemPrd,SumBar,0.0
OthChemPrd,RiauProv,0.0027051058132201433
OthChemPrd,KepRi,0.054213155061006546
OthChemPrd,Jambi,0.0004061692161485553
OthChemPrd,SumSel,0.002317696576938033
OthChemPrd,BaBel,3.7409249671327416e-06
OthChemPrd,Bengkulu,0.0
OthChemPrd,Lampung,0.0013181812828406692
OthChemPrd,DKI,0.6306290030479431
OthChemPrd,JaBar,0.010018476285040379
OthChemPrd,Banten,0.020089339464902878
OthChemPrd,JaTeng,0.010751193389296532
OthChemPrd,DIY,2.632625364640262e-05
OthChemPrd,JaTim,0.14601720869541168
OthChemPrd,KalBar,0.00013240573753137141
OthChemPrd,KalTeng,0.0
OthChemPrd,KalSel,0.001797806122340262
OthChemPrd,KalTim,0.0476687066257
OthChemPrd,KalUt,6.250853402889334e-06
OthChemPrd,SulUt,0.0037444219924509525
OthChemPrd,Gorontalo,0.0
OthChemPrd,SulTeng,6.071004918339895e-06
OthChemPrd,SulaSel,0.00011934128997381777
OthChemPrd,SulBar,0.0
OthChemPrd,SulTra,0.0
OthChemPrd,Bali,0.00011925897706532851
OthChemPrd,NTB,0.00030004687141627073
OthChemPrd,NTT,0.0
OthChemPrd,Maluku,0.0
OthChemPrd,MalUt,8.742523641558364e-05
OthChemPrd,PapuaBar,9.77985400822945e-05
OthChemPrd,PapuaProv,0.029423026368021965
Pharmaceutcl,NAD,0.0
Pharmaceutcl,SumUt,0.0026149621699005365
Pharmaceutcl,SumBar,0.0
Pharmaceutcl,RiauProv,1.0736142940004356e-05
Pharmaceutcl,KepRi,0.00013395184942055494
Pharmaceutcl,Jambi,0.0
Pharmaceutcl,SumSel,0.0
Pharmaceutcl,BaBel,0.0
Pharmaceutcl,Bengkulu,0.0
Pharmaceutcl,Lampung,0.0
Pharmaceutcl,DKI,0.7937052249908447
Pharmaceutcl,JaBar,0.0008363185916095972
Pharmaceutcl,Banten,0.0
Pharmaceutcl,JaTeng,0.006493852939456701
Pharmaceutcl,DIY,0.0
Pharmaceutcl,JaTim,0.196162149310112
Pharmaceutcl,KalBar,0.0
Pharmaceutcl,KalTeng,0.0
Pharmaceutcl,KalSel,0.0
Pharmaceutcl,KalTim,2.3726775907562114e-05
Pharmaceutcl,KalUt,0.0
Pharmaceutcl,SulUt,4.0219103603078565e-09
Pharmaceutcl,Gorontalo,0.0
Pharmaceutcl,SulTeng,0.0
Pharmaceutcl,SulaSel,0.0
Pharmaceutcl,SulBar,0.0
Pharmaceutcl,SulTra,0.0
Pharmaceutcl,Bali,1.2615138075489085e-05
Pharmaceutcl,NTB,1.5885368043200288e-07
Pharmaceutcl,NTT,0.0
Pharmaceutcl,Maluku,0.0
Pharmaceutcl,MalUt,0.0
Pharmaceutcl,PapuaBar,0.0
Pharmaceutcl,PapuaProv,6.2709405028726906e-06
TradMedicine,NAD,0.0
TradMedicine,SumUt,0.018674779683351517
TradMedicine,SumBar,0.0
TradMedicine,RiauProv,0.0
TradMedicine,KepRi,1.268986409286299e-07
TradMedicine,Jambi,0.0
TradMedicine,SumSel,0.0
TradMedicine,BaBel,0.0
TradMedicine,Bengkulu,0.0
TradMedicine,Lampung,0.0
TradMedicine,DKI,0.697333574295044
TradMedicine,JaBar,0.0
TradMedicine,Banten,0.0
TradMedicine,JaTeng,0.03261278569698334
TradMedicine,DIY,1.6215930145335733e-06
TradMedicine,JaTim,0.2513708174228668
TradMedicine,KalBar,0.0
TradMedicine,KalTeng,0.0
TradMedicine,KalSel,0.0
TradMedicine,KalTim,0.0
TradMedicine,KalUt,0.0
TradMedicine,SulUt,0.0
TradMedicine,Gorontalo,0.0
TradMedicine,SulTeng,0.0
TradMedicine,SulaSel,0.0
TradMedicine,SulBar,0.0
TradMedicine,SulTra,0.0
TradMedicine,Bali,6.3120874074229505e-06
TradMedicine,NTB,0.0
TradMedicine,NTT,0.0
TradMedicine,Maluku,0.0
TradMedicine,MalUt,0.0
TradMedicine,PapuaBar,0.0
TradMedicine,PapuaProv,0.0
Tire,NAD,8.11319550848566e-05
Tire,SumUt,0.06478313356637955
Tire,SumBar,0.0005312602734193206
Tire,RiauProv,0.003924769349396229
Tire,KepRi,0.05931393429636955
Tire,Jambi,0.0003562662750482559
Tire,SumSel,0.0007769264630042017
Tire,BaBel,8.889781383913942e-06
Tire,Bengkulu,0.0
Tire,Lampung,0.0006021983572281897
Tire,DKI,0.5730465650558472
Tire,JaBar,0.004952332470566034
Tire,Banten,0.0008780420175753534
Tire,JaTeng,0.025051813572645187
Tire,DIY,1.484420295128075e-06
Tire,JaTim,0.14509935677051544
Tire,KalBar,0.0006219892529770732
Tire,KalTeng,0.0
Tire,KalSel,5.006498668080894e-06
Tire,KalTim,0.057280052453279495
Tire,KalUt,2.0790726296127104e-07
Tire,SulUt,0.00019255765073467046
Tire,Gorontalo,0.0004468776169233024
Tire,SulTeng,0.0010207368759438396
Tire,SulaSel,0.0015141194453462958
Tire,SulBar,0.0
Tire,SulTra,4.3356092646718025e-05
Tire,Bali,0.0017316910671070218
Tire,NTB,0.016292911022901535
Tire,NTT,1.0186314284510445e-05
Tire,Maluku,0.0
Tire,MalUt,0.00233238423243165
Tire,PapuaBar,4.880390861217165e-06
Tire,PapuaProv,0.0390949584543705
SmokedRubber,NAD,0.0
SmokedRubber,SumUt,0.24089999496936798
SmokedRubber,SumBar,0.0
SmokedRubber,RiauProv,0.0
SmokedRubber,KepRi,0.17661148309707642
SmokedRubber,Jambi,0.012992958538234234
SmokedRubber,SumSel,0.013179950416088104
SmokedRubber,BaBel,0.0
SmokedRubber,Bengkulu,0.0
SmokedRubber,Lampung,0.0
SmokedRubber,DKI,0.39414021372795105
SmokedRubber,JaBar,0.0
SmokedRubber,Banten,0.0
SmokedRubber,JaTeng,0.0
SmokedRubber,DIY,0.0
SmokedRubber,JaTim,0.16217543184757233
SmokedRubber,KalBar,0.0
SmokedRubber,KalTeng,0.0
SmokedRubber,KalSel,0.0
SmokedRubber,KalTim,0.0
SmokedRubber,KalUt,0.0
SmokedRubber,SulUt,0.0
SmokedRubber,Gorontalo,0.0
SmokedRubber,SulTeng,0.0
SmokedRubber,SulaSel,0.0
SmokedRubber,SulBar,0.0
SmokedRubber,SulTra,0.0
SmokedRubber,Bali,0.0
SmokedRubber,NTB,0.0
SmokedRubber,NTT,0.0
SmokedRubber,Maluku,0.0
SmokedRubber,MalUt,0.0
SmokedRubber,PapuaBar,0.0
SmokedRubber,PapuaProv,0.0
OthRubberPrd,NAD,0.0
OthRubberPrd,SumUt,0.011285029351711273
OthRubberPrd,SumBar,0.0
OthRubberPrd,RiauProv,7.088281563483179e-05
OthRubberPrd,KepRi,0.051407553255558014
OthRubberPrd,Jambi,7.919405470602214e-05
OthRubberPrd,SumSel,0.001166243338957429
OthRubberPrd,BaBel,3.7167374102864414e-05
OthRubberPrd,Bengkulu,0.0
OthRubberPrd,Lampung,0.0008340998901985586
OthRubberPrd,DKI,0.7288409471511841
OthRubberPrd,JaBar,0.0050349365919828415
OthRubberPrd,Banten,0.00039782069507054985
OthRubberPrd,JaTeng,0.023647909983992577
OthRubberPrd,DIY,0.00043659316725097597
OthRubberPrd,JaTim,0.07843313366174698
OthRubberPrd,KalBar,0.00045270848204381764
OthRubberPrd,KalTeng,0.0
OthRubberPrd,KalSel,0.00021577818552032113
OthRubberPrd,KalTim,0.06465242803096771
OthRubberPrd,KalUt,0.0
OthRubberPrd,SulUt,0.0008077043457888067
OthRubberPrd,Gorontalo,0.0
OthRubberPrd,SulTeng,4.31781736551784e-05
OthRubberPrd,SulaSel,0.0003915992274414748
OthRubberPrd,SulBar,0.0
OthRubberPrd,SulTra,0.0
OthRubberPrd,Bali,0.0016314494423568249
OthRubberPrd,NTB,0.0013010050170123577
OthRubberPrd,NTT,1.028550832415931e-05
OthRubberPrd,Maluku,1.8024114979198202e-05
OthRubberPrd,MalUt,0.0024234324228018522
OthRubberPrd,PapuaBar,7.0873488766665105e-06
OthRubberPrd,PapuaProv,0.026373809203505516
PlasticPrd,NAD,0.0003363841387908906
PlasticPrd,SumUt,0.039831168949604034
PlasticPrd,SumBar,7.76338220020989e-06
PlasticPrd,RiauProv,0.00912259891629219
PlasticPrd,KepRi,0.1838100403547287
PlasticPrd,Jambi,0.0009399467962794006
PlasticPrd,SumSel,0.0029964083805680275
PlasticPrd,BaBel,8.947362402977888e-06
PlasticPrd,Bengkulu,0.0
PlasticPrd,Lampung,0.0022584320977330208
PlasticPrd,DKI,0.4248608350753784
PlasticPrd,JaBar,0.023040711879730225
PlasticPrd,Banten,0.0029705041088163853
PlasticPrd,JaTeng,0.0715462788939476
PlasticPrd,DIY,8.524049917468801e-05
PlasticPrd,JaTim,0.164781853556633
PlasticPrd,KalBar,0.0035677647683769464
PlasticPrd,KalTeng,3.6235825973562896e-05
PlasticPrd,KalSel,0.00028692116029560566
PlasticPrd,KalTim,0.0035143233835697174
PlasticPrd,KalUt,2.946568201878108e-05
PlasticPrd,SulUt,0.0009999723406508565
PlasticPrd,Gorontalo,9.871314978227019e-05
PlasticPrd,SulTeng,0.02984815090894699
PlasticPrd,SulaSel,0.0030323981773108244
PlasticPrd,SulBar,0.0011676544090732932
PlasticPrd,SulTra,0.013478795066475868
PlasticPrd,Bali,0.0015332000330090523
PlasticPrd,NTB,0.00029363384237512946
PlasticPrd,NTT,5.5375912779709324e-06
PlasticPrd,Maluku,0.0
PlasticPrd,MalUt,0.0005372194573283195
PlasticPrd,PapuaBar,0.0009991055121645331
PlasticPrd,PapuaProv,0.013973753899335861
Glass,NAD,0.0013770003570243716
Glass,SumUt,0.06137281283736229
Glass,SumBar,0.0
Glass,RiauProv,0.0068922643549740314
Glass,KepRi,0.09367430955171585
Glass,Jambi,0.0009766826406121254
Glass,SumSel,0.0003789335023611784
Glass,BaBel,1.834011072787689e-06
Glass,Bengkulu,0.0
Glass,Lampung,0.004623187705874443
Glass,DKI,0.598137617111206
Glass,JaBar,0.0346163809299469
Glass,Banten,0.0019485218217596412
Glass,JaTeng,0.07121297717094421
Glass,DIY,2.966837428175495e-06
Glass,JaTim,0.11714886873960495
Glass,KalBar,0.0006448596832342446
Glass,KalTeng,0.0
Glass,KalSel,0.0
Glass,KalTim,0.0013918515760451555
Glass,KalUt,0.0
Glass,SulUt,3.013701643794775e-05
Glass,Gorontalo,0.0
Glass,SulTeng,1.610142930985603e-06
Glass,SulaSel,0.00023287131625693291
Glass,SulBar,0.0
Glass,SulTra,0.0
Glass,Bali,0.0022252467460930347
Glass,NTB,5.744633381254971e-05
Glass,NTT,0.0
Glass,Maluku,0.0
Glass,MalUt,0.00014868155994918197
Glass,PapuaBar,0.0002439147065160796
Glass,PapuaProv,0.0026589983608573675
ClayCermcPrd,NAD,3.407599433558062e-05
ClayCermcPrd,SumUt,0.1049051284790039
ClayCermcPrd,SumBar,0.014324994757771492
ClayCermcPrd,RiauProv,0.014054261147975922
ClayCermcPrd,KepRi,0.05983005464076996
ClayCermcPrd,Jambi,0.000267421652097255
ClayCermcPrd,SumSel,0.017424101009964943
ClayCermcPrd,BaBel,0.00033878610702231526
ClayCermcPrd,Bengkulu,0.0
ClayCermcPrd,Lampung,0.005767436698079109
ClayCermcPrd,DKI,0.3784200847148895
ClayCermcPrd,JaBar,0.0025776263792067766
ClayCermcPrd,Banten,0.01734870672225952
ClayCermcPrd,JaTeng,0.057513173669576645
ClayCermcPrd,DIY,1.3421603171082097e-06
ClayCermcPrd,JaTim,0.1881137192249298
ClayCermcPrd,KalBar,0.012722340412437916
ClayCermcPrd,KalTeng,0.0
ClayCermcPrd,KalSel,0.0013174136402085423
ClayCermcPrd,KalTim,0.003185023320838809
ClayCermcPrd,KalUt,0.0
ClayCermcPrd,SulUt,0.0027626282535493374
ClayCermcPrd,Gorontalo,0.0
ClayCermcPrd,SulTeng,0.04715678095817566
ClayCermcPrd,SulaSel,0.03125925734639168
ClayCermcPrd,SulBar,0.00012077795690856874
ClayCermcPrd,SulTra,0.010403602384030819
ClayCermcPrd,Bali,0.0004890090203844011
ClayCermcPrd,NTB,4.9781094276113436e-05
ClayCermcPrd,NTT,0.0
ClayCermcPrd,Maluku,0.0
ClayCermcPrd,MalUt,0.02511911652982235
ClayCermcPrd,PapuaBar,0.003489087102934718
ClayCermcPrd,PapuaProv,0.001004272373393178
Cement,NAD,0.0
Cement,SumUt,4.778811853611842e-05
Cement,SumBar,0.025167040526866913
Cement,RiauProv,0.19455870985984802
Cement,KepRi,0.09878891706466675
Cement,Jambi,0.0
Cement,SumSel,0.0
Cement,BaBel,0.0
Cement,Bengkulu,0.0
Cement,Lampung,0.1141892522573471
Cement,DKI,0.04297735542058945
Cement,JaBar,0.0
Cement,Banten,0.07233422994613647
Cement,JaTeng,3.59647629011306e-06
Cement,DIY,0.0
Cement,JaTim,0.2770235538482666
Cement,KalBar,0.0
Cement,KalTeng,0.0
Cement,KalSel,0.0
Cement,KalTim,1.851810702646617e-05
Cement,KalUt,0.0
Cement,SulUt,6.92399698891677e-05
Cement,Gorontalo,0.0
Cement,SulTeng,0.11662674695253372
Cement,SulaSel,0.0
Cement,SulBar,0.0
Cement,SulTra,0.0006478429422713816
Cement,Bali,0.0
Cement,NTB,0.0
Cement,NTT,0.0
Cement,Maluku,0.0
Cement,MalUt,0.017559338361024857
Cement,PapuaBar,0.026546582579612732
Cement,PapuaProv,0.013441271148622036
BasIronSteel,NAD,0.0
BasIronSteel,SumUt,0.06124240905046463
BasIronSteel,SumBar,0.0
BasIronSteel,RiauProv,0.007376732304692268
BasIronSteel,KepRi,0.13359780609607697
BasIronSteel,Jambi,7.029264088487253e-05
BasIronSteel,SumSel,0.0019078435143455863
BasIronSteel,BaBel,1.8444454326527193e-05
BasIronSteel,Bengkulu,0.0
BasIronSteel,Lampung,0.0020536337979137897
BasIronSteel,DKI,0.44946932792663574
BasIronSteel,JaBar,0.0003894707770086825
BasIronSteel,Banten,0.08537422120571136
BasIronSteel,JaTeng,0.015323741361498833
BasIronSteel,DIY,0.0
BasIronSteel,JaTim,0.20827911794185638
BasIronSteel,KalBar,0.002918907906860113
BasIronSteel,KalTeng,2.1161995391594246e-05
BasIronSteel,KalSel,7.223503780551255e-05
BasIronSteel,KalTim,0.01260213553905487
BasIronSteel,KalUt,0.0
BasIronSteel,SulUt,0.0007853792631067336
BasIronSteel,Gorontalo,0.00051635701674968
BasIronSteel,SulTeng,0.004788113292306662
BasIronSteel,SulaSel,0.005289594177156687
BasIronSteel,SulBar,0.0007974593318067491
BasIronSteel,SulTra,0.0006607897230423987
BasIronSteel,Bali,2.5129553250735626e-05
BasIronSteel,NTB,0.00033005766454152763
BasIronSteel,NTT,2.1499963622773066e-06
BasIronSteel,Maluku,0.0
BasIronSteel,MalUt,0.002014082157984376
BasIronSteel,PapuaBar,0.00044754159171134233
BasIronSteel,PapuaProv,0.003625910496339202
NonFerrMetal,NAD,3.653582825791091e-05
NonFerrMetal,SumUt,0.05744188651442528
NonFerrMetal,SumBar,0.0
NonFerrMetal,RiauProv,0.0009457982960157096
NonFerrMetal,KepRi,0.048591576516628265
NonFerrMetal,Jambi,5.8088029618375e-05
NonFerrMetal,SumSel,3.147243842249736e-05
NonFerrMetal,BaBel,2.722016006373451e-06
NonFerrMetal,Bengkulu,0.0
NonFerrMetal,Lampung,0.0002117556578014046
NonFerrMetal,DKI,0.6044542193412781
NonFerrMetal,JaBar,0.0010589732555672526
NonFerrMetal,Banten,0.0003646250697784126
NonFerrMetal,JaTeng,0.006837165914475918
NonFerrMetal,DIY,0.0
NonFerrMetal,JaTim,0.2746915817260742
NonFerrMetal,KalBar,0.0006937543512322009
NonFerrMetal,KalTeng,0.0
NonFerrMetal,KalSel,0.0
NonFerrMetal,KalTim,0.001033090054988861
NonFerrMetal,KalUt,0.0
NonFerrMetal,SulUt,2.899006722145714e-05
NonFerrMetal,Gorontalo,0.0
NonFerrMetal,SulTeng,0.0002658441080711782
NonFerrMetal,SulaSel,0.001249377615749836
NonFerrMetal,SulBar,0.0
NonFerrMetal,SulTra,4.0112530541591696e-07
NonFerrMetal,Bali,0.0015649375272914767
NonFerrMetal,NTB,6.94479376761592e-06
NonFerrMetal,NTT,2.6520203846303048e-06
NonFerrMetal,Maluku,0.0
NonFerrMetal,MalUt,0.0002009574673138559
NonFerrMetal,PapuaBar,8.167210762621835e-05
NonFerrMetal,PapuaProv,0.00014495765208266675
FoundryPrd,NAD,3.422267036512494e-05
FoundryPrd,SumUt,0.013436736539006233
FoundryPrd,SumBar,0.0
FoundryPrd,RiauProv,0.0028121829964220524
FoundryPrd,KepRi,0.3707980811595917
FoundryPrd,Jambi,6.180570926517248e-05
FoundryPrd,SumSel,0.009010005742311478
FoundryPrd,BaBel,0.0003744849527720362
FoundryPrd,Bengkulu,0.0
FoundryPrd,Lampung,0.006727252155542374
FoundryPrd,DKI,0.40126845240592957
FoundryPrd,JaBar,0.0014695224817842245
FoundryPrd,Banten,0.005371883511543274
FoundryPrd,JaTeng,0.013566164299845695
FoundryPrd,DIY,0.0
FoundryPrd,JaTim,0.05450814217329025
FoundryPrd,KalBar,0.0011507280869409442
FoundryPrd,KalTeng,7.696688044234179e-06
FoundryPrd,KalSel,0.0002529022458475083
FoundryPrd,KalTim,0.04147600010037422
FoundryPrd,KalUt,0.0
FoundryPrd,SulUt,0.00047461516805924475
FoundryPrd,Gorontalo,0.0
FoundryPrd,SulTeng,0.01503454428166151
FoundryPrd,SulaSel,0.0033785351552069187
FoundryPrd,SulBar,0.0
FoundryPrd,SulTra,0.00019864832574967295
FoundryPrd,Bali,0.0013583730906248093
FoundryPrd,NTB,0.0012305040145292878
FoundryPrd,NTT,0.00010544557881075889
FoundryPrd,Maluku,0.0
FoundryPrd,MalUt,0.009236209094524384
FoundryPrd,PapuaBar,9.73290516412817e-05
FoundryPrd,PapuaProv,0.04655951261520386
FabMetalPrd,NAD,0.0
FabMetalPrd,SumUt,0.12191563844680786
FabMetalPrd,SumBar,0.0
FabMetalPrd,RiauProv,0.01040494255721569
FabMetalPrd,KepRi,0.14477410912513733
FabMetalPrd,Jambi,0.0035696434788405895
FabMetalPrd,SumSel,0.017230598255991936
FabMetalPrd,BaBel,0.000117321869765874
FabMetalPrd,Bengkulu,0.0
FabMetalPrd,Lampung,0.011988336220383644
FabMetalPrd,DKI,0.27533572912216187
FabMetalPrd,JaBar,0.00396003108471632
FabMetalPrd,Banten,0.027898885309696198
FabMetalPrd,JaTeng,0.01893410086631775
FabMetalPrd,DIY,0.0
FabMetalPrd,JaTim,0.09378636628389359
FabMetalPrd,KalBar,0.021132849156856537
FabMetalPrd,KalTeng,0.015994420275092125
FabMetalPrd,KalSel,0.007973549887537956
FabMetalPrd,KalTim,0.021172920241951942
FabMetalPrd,KalUt,2.9744118279495524e-08
FabMetalPrd,SulUt,0.025432679802179337
FabMetalPrd,Gorontalo,0.0019940377678722143
FabMetalPrd,SulTeng,0.04156774654984474
FabMetalPrd,SulaSel,0.052032921463251114
FabMetalPrd,SulBar,0.00898507609963417
FabMetalPrd,SulTra,0.010611028410494328
FabMetalPrd,Bali,0.0002754088491201401
FabMetalPrd,NTB,0.0063146427273750305
FabMetalPrd,NTT,5.284362123347819e-05
FabMetalPrd,Maluku,0.0
FabMetalPrd,MalUt,0.03243495896458626
FabMetalPrd,PapuaBar,0.009614091366529465
FabMetalPrd,PapuaProv,0.014495124109089375
WeaponsAmmo,NAD,0.0
WeaponsAmmo,SumUt,0.0
WeaponsAmmo,SumBar,0.0
WeaponsAmmo,RiauProv,0.0
WeaponsAmmo,KepRi,1.80418628588086e-05
WeaponsAmmo,Jambi,0.0
WeaponsAmmo,SumSel,0.0
WeaponsAmmo,BaBel,0.0
WeaponsAmmo,Bengkulu,0.0
WeaponsAmmo,Lampung,0.0
WeaponsAmmo,DKI,0.9581699967384338
WeaponsAmmo,JaBar,0.0
WeaponsAmmo,Banten,0.0
WeaponsAmmo,JaTeng,0.0
WeaponsAmmo,DIY,0.0
WeaponsAmmo,JaTim,0.04181193932890892
WeaponsAmmo,KalBar,0.0
WeaponsAmmo,KalTeng,0.0
WeaponsAmmo,KalSel,0.0
WeaponsAmmo,KalTim,0.0
WeaponsAmmo,KalUt,0.0
WeaponsAmmo,SulUt,0.0
WeaponsAmmo,Gorontalo,0.0
WeaponsAmmo,SulTeng,0.0
WeaponsAmmo,SulaSel,0.0
WeaponsAmmo,SulBar,0.0
WeaponsAmmo,SulTra,0.0
WeaponsAmmo,Bali,0.0
WeaponsAmmo,NTB,0.0
WeaponsAmmo,NTT,0.0
WeaponsAmmo,Maluku,0.0
WeaponsAmmo,MalUt,0.0
WeaponsAmmo,PapuaBar,0.0
WeaponsAmmo,PapuaProv,0.0
DomMetalPrd,NAD,0.00017583700537215918
DomMetalPrd,SumUt,0.03544209152460098
DomMetalPrd,SumBar,0.0
DomMetalPrd,RiauProv,0.003874884219840169
DomMetalPrd,KepRi,0.08136922121047974
DomMetalPrd,Jambi,0.0005844637053087354
DomMetalPrd,SumSel,0.00047965970588847995
DomMetalPrd,BaBel,4.853299287788104e-06
DomMetalPrd,Bengkulu,0.0
DomMetalPrd,Lampung,0.0036840925458818674
DomMetalPrd,DKI,0.5452430844306946
DomMetalPrd,JaBar,0.06962142884731293
DomMetalPrd,Banten,0.004142049700021744
DomMetalPrd,JaTeng,0.0810035914182663
DomMetalPrd,DIY,2.984472075695521e-06
DomMetalPrd,JaTim,0.11868736147880554
DomMetalPrd,KalBar,0.0005679505993612111
DomMetalPrd,KalTeng,8.066853069976787e-07
DomMetalPrd,KalSel,1.2343625677146974e-08
DomMetalPrd,KalTim,0.01774745248258114
DomMetalPrd,KalUt,4.0586972318124026e-05
DomMetalPrd,SulUt,0.0007435157895088196
DomMetalPrd,Gorontalo,0.0006311804172582924
DomMetalPrd,SulTeng,0.00014556877431459725
DomMetalPrd,SulaSel,0.0015769583405926824
DomMetalPrd,SulBar,0.0
DomMetalPrd,SulTra,0.000885414017830044
DomMetalPrd,Bali,0.0008896305225789547
DomMetalPrd,NTB,0.00022965954849496484
DomMetalPrd,NTT,8.141749276546761e-05
DomMetalPrd,Maluku,0.0
DomMetalPrd,MalUt,0.0007458013133145869
DomMetalPrd,PapuaBar,3.6536392144626006e-05
DomMetalPrd,PapuaProv,0.03136188164353371
OthMetalPrd,NAD,3.519141682772897e-05
OthMetalPrd,SumUt,0.02280302904546261
OthMetalPrd,SumBar,0.0003639929345808923
OthMetalPrd,RiauProv,0.0026732233818620443
OthMetalPrd,KepRi,0.21271061897277832
OthMetalPrd,Jambi,8.618681749794632e-05
OthMetalPrd,SumSel,0.0007172967307269573
OthMetalPrd,BaBel,4.306909249862656e-05
OthMetalPrd,Bengkulu,0.0
OthMetalPrd,Lampung,0.0031023884657770395
OthMetalPrd,DKI,0.47802358865737915
OthMetalPrd,JaBar,0.013349238783121109
OthMetalPrd,Banten,0.0022688996978104115
OthMetalPrd,JaTeng,0.06033685430884361
OthMetalPrd,DIY,0.0001440310152247548
OthMetalPrd,JaTim,0.10025741159915924
OthMetalPrd,KalBar,0.0008169451612047851
OthMetalPrd,KalTeng,6.6738234636432026e-06
OthMetalPrd,KalSel,0.0011580738937482238
OthMetalPrd,KalTim,0.028257275000214577
OthMetalPrd,KalUt,5.305153536028229e-05
OthMetalPrd,SulUt,0.004465936683118343
OthMetalPrd,Gorontalo,0.0
OthMetalPrd,SulTeng,0.0014816152397543192
OthMetalPrd,SulaSel,0.0036865018773823977
OthMetalPrd,SulBar,0.0006395274540409446
OthMetalPrd,SulTra,0.00017990247579291463
OthMetalPrd,Bali,0.004169248975813389
OthMetalPrd,NTB,0.012872626073658466
OthMetalPrd,NTT,3.678357813896582e-07
OthMetalPrd,Maluku,9.4438410087605e-06
OthMetalPrd,MalUt,0.0006139515317045152
OthMetalPrd,PapuaBar,0.00020220647274982184
OthMetalPrd,PapuaProv,0.044471606612205505
ElectroncPrd,NAD,1.8559737782197772e-06
ElectroncPrd,SumUt,0.0027415757067501545
ElectroncPrd,SumBar,0.0
ElectroncPrd,RiauProv,0.00027965224580839276
ElectroncPrd,KepRi,0.1938791275024414
ElectroncPrd,Jambi,1.048277863446856e-05
ElectroncPrd,SumSel,0.0005735777667723596
ElectroncPrd,BaBel,0.0
ElectroncPrd,Bengkulu,0.0
ElectroncPrd,Lampung,0.0001576581271365285
ElectroncPrd,DKI,0.7385818958282471
ElectroncPrd,JaBar,0.0024203243665397167
ElectroncPrd,Banten,0.00041811694973148406
ElectroncPrd,JaTeng,0.036399632692337036
ElectroncPrd,DIY,1.0137894150830107e-06
ElectroncPrd,JaTim,0.016726963222026825
ElectroncPrd,KalBar,0.00018200463091488928
ElectroncPrd,KalTeng,0.0
ElectroncPrd,KalSel,7.125344563974068e-05
ElectroncPrd,KalTim,0.0004691386129707098
ElectroncPrd,KalUt,0.0
ElectroncPrd,SulUt,4.966857159161009e-05
ElectroncPrd,Gorontalo,3.383719740668312e-05
ElectroncPrd,SulTeng,0.0031174272298812866
ElectroncPrd,SulaSel,0.0023901499807834625
ElectroncPrd,SulBar,0.0
ElectroncPrd,SulTra,1.874257213785313e-05
ElectroncPrd,Bali,0.0006840150454081595
ElectroncPrd,NTB,2.32225502259098e-05
ElectroncPrd,NTT,7.228308618323354e-08
ElectroncPrd,Maluku,0.0
ElectroncPrd,MalUt,2.1493451640708372e-05
ElectroncPrd,PapuaBar,0.00016547206905670464
ElectroncPrd,PapuaProv,0.0005816799821332097
Instruments,NAD,7.201321295724483e-06
Instruments,SumUt,0.01494167186319828
Instruments,SumBar,1.5194228808468324e-07
Instruments,RiauProv,0.0030273422598838806
Instruments,KepRi,0.10577958822250366
Instruments,Jambi,0.0003423642774578184
Instruments,SumSel,0.0825406163930893
Instruments,BaBel,1.0458361430210061e-06
Instruments,Bengkulu,0.0
Instruments,Lampung,0.0009209478157572448
Instruments,DKI,0.6570343375205994
Instruments,JaBar,0.006662930361926556
Instruments,Banten,0.008088666014373302
Instruments,JaTeng,0.006436821073293686
Instruments,DIY,8.527784416401119e-07
Instruments,JaTim,0.030057478696107864
Instruments,KalBar,0.0027691477444022894
Instruments,KalTeng,0.0005781996878795326
Instruments,KalSel,0.002670689020305872
Instruments,KalTim,0.026170765981078148
Instruments,KalUt,2.111726615794396e-08
Instruments,SulUt,0.001013308297842741
Instruments,Gorontalo,0.0001063868185156025
Instruments,SulTeng,0.0009206174290739
Instruments,SulaSel,0.021263204514980316
Instruments,SulBar,0.0
Instruments,SulTra,9.594302537152544e-05
Instruments,Bali,0.006611806806176901
Instruments,NTB,0.0005045454599894583
Instruments,NTT,1.9993907699245028e-05
Instruments,Maluku,0.0
Instruments,MalUt,0.0037995416205376387
Instruments,PapuaBar,0.00033153139520436525
Instruments,PapuaProv,0.017302248626947403
ElecMotorGen,NAD,0.0
ElecMotorGen,SumUt,0.09038186818361282
ElecMotorGen,SumBar,0.0012057670392096043
ElecMotorGen,RiauProv,0.0017323951469734311
ElecMotorGen,KepRi,0.05093973129987717
ElecMotorGen,Jambi,0.0005145705654285848
ElecMotorGen,SumSel,0.002457489026710391
ElecMotorGen,BaBel,0.0008459754171781242
ElecMotorGen,Bengkulu,0.0
ElecMotorGen,Lampung,0.029848821461200714
ElecMotorGen,DKI,0.5193223357200623
ElecMotorGen,JaBar,0.006187425926327705
ElecMotorGen,Banten,0.0025320895947515965
ElecMotorGen,JaTeng,0.06853930652141571
ElecMotorGen,DIY,0.0
ElecMotorGen,JaTim,0.10534624010324478
ElecMotorGen,KalBar,0.001747556496411562
ElecMotorGen,KalTeng,0.002275985898450017
ElecMotorGen,KalSel,0.003196117002516985
ElecMotorGen,KalTim,0.013731630519032478
ElecMotorGen,KalUt,0.0
ElecMotorGen,SulUt,0.004259886685758829
ElecMotorGen,Gorontalo,0.0006743122357875109
ElecMotorGen,SulTeng,0.028773333877325058
ElecMotorGen,SulaSel,0.009816757403314114
ElecMotorGen,SulBar,0.0015024783788248897
ElecMotorGen,SulTra,0.016913598403334618
ElecMotorGen,Bali,0.0012502572499215603
ElecMotorGen,NTB,0.007032080553472042
ElecMotorGen,NTT,0.0006860265857540071
ElecMotorGen,Maluku,1.6629554011160508e-05
ElecMotorGen,MalUt,0.008128167130053043
ElecMotorGen,PapuaBar,0.011096610687673092
ElecMotorGen,PapuaProv,0.00904453732073307
ElectEqp,NAD,0.00041018478805199265
ElectEqp,SumUt,0.019861534237861633
ElectEqp,SumBar,1.455869551136857e-06
ElectEqp,RiauProv,0.0023675672709941864
ElectEqp,KepRi,0.2398940473794937
ElectEqp,Jambi,0.00014793904847465456
ElectEqp,SumSel,0.04396568611264229
ElectEqp,BaBel,0.0009298517252318561
ElectEqp,Bengkulu,0.0
ElectEqp,Lampung,0.008452595211565495
ElectEqp,DKI,0.46959879994392395
ElectEqp,JaBar,0.015704773366451263
ElectEqp,Banten,0.00765138678252697
ElectEqp,JaTeng,0.03166058287024498
ElectEqp,DIY,0.0
ElectEqp,JaTim,0.06269175559282303
ElectEqp,KalBar,0.00440891832113266
ElectEqp,KalTeng,9.329131717095152e-05
ElectEqp,KalSel,0.001049014856107533
ElectEqp,KalTim,0.005637270398437977
ElectEqp,KalUt,0.0
ElectEqp,SulUt,0.001134333317168057
ElectEqp,Gorontalo,0.002319867955520749
ElectEqp,SulTeng,0.04120752587914467
ElectEqp,SulaSel,0.004748545587062836
ElectEqp,SulBar,0.0009617427713237703
ElectEqp,SulTra,0.003408558666706085
ElectEqp,Bali,0.0015163174830377102
ElectEqp,NTB,0.005902100820094347
ElectEqp,NTT,5.378630703489762e-06
ElectEqp,Maluku,0.0
ElectEqp,MalUt,0.005901688244193792
ElectEqp,PapuaBar,0.001234589028172195
ElectEqp,PapuaProv,0.01713268645107746
Batteries,NAD,0.0
Batteries,SumUt,0.003919323440641165
Batteries,SumBar,0.0
Batteries,RiauProv,7.25156724001863e-06
Batteries,KepRi,0.2948461174964905
Batteries,Jambi,0.0
Batteries,SumSel,0.0011939103715121746
Batteries,BaBel,0.0
Batteries,Bengkulu,0.0
Batteries,Lampung,0.00044441368663683534
Batteries,DKI,0.6122580766677856
Batteries,JaBar,0.003814726835116744
Batteries,Banten,0.0007849629037082195
Batteries,JaTeng,0.02803291194140911
Batteries,DIY,0.0
Batteries,JaTim,0.035147424787282944
Batteries,KalBar,0.0001974518090719357
Batteries,KalTeng,7.11488064553123e-06
Batteries,KalSel,2.6806568712345324e-05
Batteries,KalTim,0.00949410255998373
Batteries,KalUt,0.0
Batteries,SulUt,4.604312198353e-05
Batteries,Gorontalo,0.0
Batteries,SulTeng,2.782498086162377e-06
Batteries,SulaSel,0.00012343500566203147
Batteries,SulBar,0.0
Batteries,SulTra,0.0
Batteries,Bali,0.0014822427183389664
Batteries,NTB,0.0003566898813005537
Batteries,NTT,0.0
Batteries,Maluku,0.0
Batteries,MalUt,0.0008578677661716938
Batteries,PapuaBar,0.0
Batteries,PapuaProv,0.006956383120268583
OthElecEqp,NAD,0.012743204832077026
OthElecEqp,SumUt,0.017399238422513008
OthElecEqp,SumBar,0.0
OthElecEqp,RiauProv,0.0027929069474339485
OthElecEqp,KepRi,0.1627829223871231
OthElecEqp,Jambi,0.00018006567552220076
OthElecEqp,SumSel,0.010288848541676998
OthElecEqp,BaBel,2.6373497803433565e-06
OthElecEqp,Bengkulu,0.0
OthElecEqp,Lampung,0.0013358830474317074
OthElecEqp,DKI,0.4984922409057617
OthElecEqp,JaBar,0.012227539904415607
OthElecEqp,Banten,0.004166268743574619
OthElecEqp,JaTeng,0.06134158372879028
OthElecEqp,DIY,0.0
OthElecEqp,JaTim,0.1005442664027214
OthElecEqp,KalBar,0.003078175475820899
OthElecEqp,KalTeng,0.0
OthElecEqp,KalSel,0.00045536391553469
OthElecEqp,KalTim,0.04696398228406906
OthElecEqp,KalUt,0.0
OthElecEqp,SulUt,0.0008113971562124789
OthElecEqp,Gorontalo,9.07886860659346e-05
OthElecEqp,SulTeng,0.015352225862443447
OthElecEqp,SulaSel,0.020299531519412994
OthElecEqp,SulBar,1.1687236565194326e-06
OthElecEqp,SulTra,0.00029570062179118395
OthElecEqp,Bali,0.003121790708974004
OthElecEqp,NTB,0.0008990747737698257
OthElecEqp,NTT,0.00015127089864108711
OthElecEqp,Maluku,2.16465673474886e-06
OthElecEqp,MalUt,0.004697258118540049
OthElecEqp,PapuaBar,0.00011915775394299999
OthElecEqp,PapuaProv,0.019363364204764366
DomElectEqp,NAD,1.8007098105954356e-06
DomElectEqp,SumUt,0.03355352580547333
DomElectEqp,SumBar,0.0
DomElectEqp,RiauProv,0.0008303115610033274
DomElectEqp,KepRi,0.1357187181711197
DomElectEqp,Jambi,4.5706485252594575e-05
DomElectEqp,SumSel,0.00027531414525583386
DomElectEqp,BaBel,0.00014980639389250427
DomElectEqp,Bengkulu,0.0
DomElectEqp,Lampung,0.0013533398741856217
DomElectEqp,DKI,0.6246442198753357
DomElectEqp,JaBar,0.019245142117142677
DomElectEqp,Banten,0.0008591397199779749
DomElectEqp,JaTeng,0.023655083030462265
DomElectEqp,DIY,3.947695404349361e-06
DomElectEqp,JaTim,0.04408968612551689
DomElectEqp,KalBar,0.0011101331328973174
DomElectEqp,KalTeng,0.00021420807752292603
DomElectEqp,KalSel,1.743750362948049e-05
DomElectEqp,KalTim,0.0023820986971259117
DomElectEqp,KalUt,0.0
DomElectEqp,SulUt,8.788092964095995e-05
DomElectEqp,Gorontalo,0.0
DomElectEqp,SulTeng,0.09990624338388443
DomElectEqp,SulaSel,0.0006168550462462008
DomElectEqp,SulBar,0.00017449550796300173
DomElectEqp,SulTra,3.545985919117811e-06
DomElectEqp,Bali,0.0023121600970625877
DomElectEqp,NTB,0.0003928688238374889
DomElectEqp,NTT,0.0
DomElectEqp,Maluku,0.0
DomElectEqp,MalUt,0.0005848791915923357
DomElectEqp,PapuaBar,0.0006273987237364054
DomElectEqp,PapuaProv,0.007144045550376177
PrimaryMover,NAD,2.22944481720333e-06
PrimaryMover,SumUt,0.049698762595653534
PrimaryMover,SumBar,0.000478615693282336
PrimaryMover,RiauProv,0.017878457903862
PrimaryMover,KepRi,0.07934771478176117
PrimaryMover,Jambi,0.0006540878093801439
PrimaryMover,SumSel,0.03678744658827782
PrimaryMover,BaBel,0.0071152253076434135
PrimaryMover,Bengkulu,0.0
PrimaryMover,Lampung,0.018790321424603462
PrimaryMover,DKI,0.47395628690719604
PrimaryMover,JaBar,0.006430677603930235
PrimaryMover,Banten,0.01574062556028366
PrimaryMover,JaTeng,0.02676789090037346
PrimaryMover,DIY,0.0
PrimaryMover,JaTim,0.12507538497447968
PrimaryMover,KalBar,0.013421399518847466
PrimaryMover,KalTeng,0.0007613993366248906
PrimaryMover,KalSel,0.0012277628993615508
PrimaryMover,KalTim,0.025152873247861862
PrimaryMover,KalUt,2.7958940336247906e-06
PrimaryMover,SulUt,0.004614914767444134
PrimaryMover,Gorontalo,0.0005062388954684138
PrimaryMover,SulTeng,0.04067755490541458
PrimaryMover,SulaSel,0.007695102598518133
PrimaryMover,SulBar,0.0006547151715494692
PrimaryMover,SulTra,0.007218942977488041
PrimaryMover,Bali,0.002441786229610443
PrimaryMover,NTB,0.009337645955383778
PrimaryMover,NTT,0.00033599682501517236
PrimaryMover,Maluku,0.0
PrimaryMover,MalUt,0.006331741809844971
PrimaryMover,PapuaBar,0.003836245508864522
PrimaryMover,PapuaProv,0.017059188336133957
OfficeMachin,NAD,2.236918589915149e-05
OfficeMachin,SumUt,0.02107916586101055
OfficeMachin,SumBar,0.0
OfficeMachin,RiauProv,6.317036849168289e-08
OfficeMachin,KepRi,0.019405364990234375
OfficeMachin,Jambi,0.00019749718194361776
OfficeMachin,SumSel,5.2479324949672446e-05
OfficeMachin,BaBel,0.0
OfficeMachin,Bengkulu,0.0
OfficeMachin,Lampung,0.0021032975055277348
OfficeMachin,DKI,0.8439829349517822
OfficeMachin,JaBar,0.004596910439431667
OfficeMachin,Banten,0.00043300612014718354
OfficeMachin,JaTeng,0.06948530673980713
OfficeMachin,DIY,0.0
OfficeMachin,JaTim,0.03852469474077225
OfficeMachin,KalBar,3.5632117942441255e-05
OfficeMachin,KalTeng,0.0
OfficeMachin,KalSel,0.0
OfficeMachin,KalTim,3.661620576167479e-05
OfficeMachin,KalUt,0.0
OfficeMachin,SulUt,0.0
OfficeMachin,Gorontalo,0.0
OfficeMachin,SulTeng,0.0
OfficeMachin,SulaSel,0.0
OfficeMachin,SulBar,0.0
OfficeMachin,SulTra,0.0
OfficeMachin,Bali,8.346552931470796e-06
OfficeMachin,NTB,0.0
OfficeMachin,NTT,0.0
OfficeMachin,Maluku,0.0
OfficeMachin,MalUt,0.0
OfficeMachin,PapuaBar,0.0
OfficeMachin,PapuaProv,3.630474384408444e-05
OthMachinEqp,NAD,2.6561933736957144e-06
OthMachinEqp,SumUt,0.030391093343496323
OthMachinEqp,SumBar,0.0002808803110383451
OthMachinEqp,RiauProv,0.05081608146429062
OthMachinEqp,KepRi,0.08564303815364838
OthMachinEqp,Jambi,0.001077862922102213
OthMachinEqp,SumSel,0.045527782291173935
OthMachinEqp,BaBel,0.00012337008956819773
OthMachinEqp,Bengkulu,0.0
OthMachinEqp,Lampung,0.015768976882100105
OthMachinEqp,DKI,0.4305323660373688
OthMachinEqp,JaBar,0.005078606773167849
OthMachinEqp,Banten,0.005760232452303171
OthMachinEqp,JaTeng,0.04089067131280899
OthMachinEqp,DIY,4.0262202674057335e-06
OthMachinEqp,JaTim,0.1226978674530983
OthMachinEqp,KalBar,0.004497847054153681
OthMachinEqp,KalTeng,0.005604092963039875
OthMachinEqp,KalSel,0.0029950886964797974
OthMachinEqp,KalTim,0.06357596814632416
OthMachinEqp,KalUt,6.621964530495461e-06
OthMachinEqp,SulUt,0.0014261034084483981
OthMachinEqp,Gorontalo,2.201843381044455e-05
OthMachinEqp,SulTeng,0.038948651403188705
OthMachinEqp,SulaSel,0.00907810963690281
OthMachinEqp,SulBar,3.445086258579977e-05
OthMachinEqp,SulTra,0.0006301386747509241
OthMachinEqp,Bali,0.00042836106149479747
OthMachinEqp,NTB,0.002543546725064516
OthMachinEqp,NTT,1.4993180229794234e-05
OthMachinEqp,Maluku,3.496439830996678e-06
OthMachinEqp,MalUt,0.01414505299180746
OthMachinEqp,PapuaBar,0.0015180696500465274
OthMachinEqp,PapuaProv,0.019931867718696594
MotorVehicle,NAD,1.6064710450791608e-07
MotorVehicle,SumUt,0.0014949713367968798
MotorVehicle,SumBar,0.0
MotorVehicle,RiauProv,0.00036323213134892285
MotorVehicle,KepRi,0.010550344362854958
MotorVehicle,Jambi,6.18541980657028e-06
MotorVehicle,SumSel,0.0002041335974354297
MotorVehicle,BaBel,9.73706028162269e-06
MotorVehicle,Bengkulu,0.0
MotorVehicle,Lampung,0.00041810935363173485
MotorVehicle,DKI,0.8925191760063171
MotorVehicle,JaBar,0.01872437447309494
MotorVehicle,Banten,0.00033089210046455264
MotorVehicle,JaTeng,0.0035358068998903036
MotorVehicle,DIY,0.0
MotorVehicle,JaTim,0.024103235453367233
MotorVehicle,KalBar,0.00016793412214610726
MotorVehicle,KalTeng,0.0
MotorVehicle,KalSel,6.16294055362232e-05
MotorVehicle,KalTim,0.021464668214321136
MotorVehicle,KalUt,2.9400402127066627e-05
MotorVehicle,SulUt,0.000185751065146178
MotorVehicle,Gorontalo,0.0
MotorVehicle,SulTeng,0.004420381970703602
MotorVehicle,SulaSel,0.0005512188654392958
MotorVehicle,SulBar,0.0
MotorVehicle,SulTra,0.002084065694361925
MotorVehicle,Bali,0.00019024150969926268
MotorVehicle,NTB,0.00019202791736461222
MotorVehicle,NTT,0.0
MotorVehicle,Maluku,0.0
MotorVehicle,MalUt,3.567485327948816e-05
MotorVehicle,PapuaBar,0.001189808244816959
MotorVehicle,PapuaProv,0.01716676354408264
Ships,NAD,3.0135575798340142e-05
Ships,SumUt,0.05532020702958107
Ships,SumBar,2.6916237402474508e-05
Ships,RiauProv,0.02908082865178585
Ships,KepRi,0.25542718172073364
Ships,Jambi,0.06977257877588272
Ships,SumSel,0.0
Ships,BaBel,0.02490321174263954
Ships,Bengkulu,0.0
Ships,Lampung,0.0023326165974140167
Ships,DKI,0.1433659791946411
Ships,JaBar,0.00010435966396471485
Ships,Banten,0.04574677348136902
Ships,JaTeng,0.012123461812734604
Ships,DIY,0.0
Ships,JaTim,0.15680626034736633
Ships,KalBar,0.014684338122606277
Ships,KalTeng,0.000517658016178757
Ships,KalSel,0.03166786953806877
Ships,KalTim,0.03852780908346176
Ships,KalUt,0.003713019657880068
Ships,SulUt,0.0
Ships,Gorontalo,0.0
Ships,SulTeng,0.011069629341363907
Ships,SulaSel,0.05547652766108513
Ships,SulBar,0.0
Ships,SulTra,0.0
Ships,Bali,0.033114898949861526
Ships,NTB,0.0001702697918517515
Ships,NTT,0.00016767640772741288
Ships,Maluku,0.015607822686433792
Ships,MalUt,0.0
Ships,PapuaBar,0.0
Ships,PapuaProv,0.00024198394385166466
RailwayEqp,NAD,0.0
RailwayEqp,SumUt,0.003401513211429119
RailwayEqp,SumBar,0.0
RailwayEqp,RiauProv,0.0
RailwayEqp,KepRi,0.0021453711669892073
RailwayEqp,Jambi,0.0
RailwayEqp,SumSel,3.2309548259945586e-05
RailwayEqp,BaBel,0.0
RailwayEqp,Bengkulu,0.0
RailwayEqp,Lampung,0.0041029369458556175
RailwayEqp,DKI,0.5330413579940796
RailwayEqp,JaBar,0.0001041848590830341
RailwayEqp,Banten,0.0
RailwayEqp,JaTeng,0.011730702593922615
RailwayEqp,DIY,0.0
RailwayEqp,JaTim,0.300660103559494
RailwayEqp,KalBar,0.0004479396448004991
RailwayEqp,KalTeng,0.0
RailwayEqp,KalSel,0.0002429069863865152
RailwayEqp,KalTim,0.00011407249985495582
RailwayEqp,KalUt,0.0
RailwayEqp,SulUt,1.517587406851817e-05
RailwayEqp,Gorontalo,0.0
RailwayEqp,SulTeng,0.0
RailwayEqp,SulaSel,5.3189338359516114e-05
RailwayEqp,SulBar,0.0
RailwayEqp,SulTra,0.0
RailwayEqp,Bali,1.1401884876249824e-06
RailwayEqp,NTB,0.0
RailwayEqp,NTT,0.0
RailwayEqp,Maluku,0.0
RailwayEqp,MalUt,0.0
RailwayEqp,PapuaBar,0.0
RailwayEqp,PapuaProv,0.1439070701599121
Aircraft,NAD,0.0
Aircraft,SumUt,0.014156999997794628
Aircraft,SumBar,0.0003899809380527586
Aircraft,RiauProv,0.0
Aircraft,KepRi,0.03918033465743065
Aircraft,Jambi,0.0
Aircraft,SumSel,0.0
Aircraft,BaBel,0.0
Aircraft,Bengkulu,0.0
Aircraft,Lampung,3.361076096553006e-06
Aircraft,DKI,0.7838701009750366
Aircraft,JaBar,0.00021147042571101338
Aircraft,Banten,0.0
Aircraft,JaTeng,0.002181311370804906
Aircraft,DIY,0.0
Aircraft,JaTim,0.02865145541727543
Aircraft,KalBar,0.001162465661764145
Aircraft,KalTeng,9.222715743817389e-05
Aircraft,KalSel,0.0
Aircraft,KalTim,0.001079664332792163
Aircraft,KalUt,0.0
Aircraft,SulUt,0.0
Aircraft,Gorontalo,0.0
Aircraft,SulTeng,0.0
Aircraft,SulaSel,0.107887864112854
Aircraft,SulBar,0.0
Aircraft,SulTra,0.0
Aircraft,Bali,0.0032958495430648327
Aircraft,NTB,0.0
Aircraft,NTT,0.0
Aircraft,Maluku,0.0
Aircraft,MalUt,0.0
Aircraft,PapuaBar,0.0
Aircraft,PapuaProv,0.017836937680840492
OthTrnsEqp,NAD,0.0003676562337204814
OthTrnsEqp,SumUt,0.014881692826747894
OthTrnsEqp,SumBar,0.0
OthTrnsEqp,RiauProv,0.00032637256663292646
OthTrnsEqp,KepRi,0.028282485902309418
OthTrnsEqp,Jambi,0.000272873934591189
OthTrnsEqp,SumSel,0.00022006478684488684
OthTrnsEqp,BaBel,1.273855559702497e-06
OthTrnsEqp,Bengkulu,0.0
OthTrnsEqp,Lampung,7.810846000211313e-05
OthTrnsEqp,DKI,0.5847452282905579
OthTrnsEqp,JaBar,0.010305628180503845
OthTrnsEqp,Banten,0.0002548449265304953
OthTrnsEqp,JaTeng,0.1106666848063469
OthTrnsEqp,DIY,0.0
OthTrnsEqp,JaTim,0.24878109991550446
OthTrnsEqp,KalBar,5.287545354804024e-05
OthTrnsEqp,KalTeng,0.0
OthTrnsEqp,KalSel,0.0
OthTrnsEqp,KalTim,5.795063316327287e-06
OthTrnsEqp,KalUt,2.9060950623716053e-07
OthTrnsEqp,SulUt,0.00022236707445699722
OthTrnsEqp,Gorontalo,0.0
OthTrnsEqp,SulTeng,6.037000730430009e-07
OthTrnsEqp,SulaSel,2.5422124963370152e-05
OthTrnsEqp,SulBar,0.0
OthTrnsEqp,SulTra,0.0
OthTrnsEqp,Bali,2.78167372016469e-05
OthTrnsEqp,NTB,3.7341062125051394e-05
OthTrnsEqp,NTT,1.7428155842935666e-05
OthTrnsEqp,Maluku,0.0
OthTrnsEqp,MalUt,1.1746486052288674e-05
OthTrnsEqp,PapuaBar,0.0
OthTrnsEqp,PapuaProv,0.0004143471596762538
Motorcycle,NAD,7.121551607269794e-05
Motorcycle,SumUt,0.014660767279565334
Motorcycle,SumBar,0.0
Motorcycle,RiauProv,0.00017489037418272346
Motorcycle,KepRi,0.0023108089808374643
Motorcycle,Jambi,0.0
Motorcycle,SumSel,0.0006514792912639678
Motorcycle,BaBel,0.0
Motorcycle,Bengkulu,0.0
Motorcycle,Lampung,0.00035126262810081244
Motorcycle,DKI,0.8176833987236023
Motorcycle,JaBar,0.0051545510068535805
Motorcycle,Banten,0.0012155550066381693
Motorcycle,JaTeng,0.10864769667387009
Motorcycle,DIY,0.0
Motorcycle,JaTim,0.0481640100479126
Motorcycle,KalBar,2.172590757254511e-05
Motorcycle,KalTeng,0.0
Motorcycle,KalSel,0.0
Motorcycle,KalTim,0.0006976235308684409
Motorcycle,KalUt,0.0
Motorcycle,SulUt,0.0
Motorcycle,Gorontalo,0.0
Motorcycle,SulTeng,0.0
Motorcycle,SulaSel,3.212771480320953e-05
Motorcycle,SulBar,0.0
Motorcycle,SulTra,0.0
Motorcycle,Bali,0.00015451120270881802
Motorcycle,NTB,1.887364931008051e-07
Motorcycle,NTT,0.0
Motorcycle,Maluku,0.0
Motorcycle,MalUt,3.34731203111005e-06
Motorcycle,PapuaBar,0.0
Motorcycle,PapuaProv,4.858560714637861e-06
Furniture,NAD,8.590680408815388e-06
Furniture,SumUt,0.030388297513127327
Furniture,SumBar,0.0
Furniture,RiauProv,0.012157402001321316
Furniture,KepRi,0.033118072897195816
Furniture,Jambi,0.0
Furniture,SumSel,0.0005880343378521502
Furniture,BaBel,0.0
Furniture,Bengkulu,0.0
Furniture,Lampung,0.0009661160293035209
Furniture,DKI,0.5054783821105957
Furniture,JaBar,0.30418384075164795
Furniture,Banten,0.00043595529859885573
Furniture,JaTeng,0.042681511491537094
Furniture,DIY,0.0
Furniture,JaTim,0.06271428614854813
Furniture,KalBar,0.004103560466319323
Furniture,KalTeng,0.0
Furniture,KalSel,0.00016530822904314846
Furniture,KalTim,0.0004126265412196517
Furniture,KalUt,0.0
Furniture,SulUt,4.0578703192295507e-05
Furniture,Gorontalo,0.0
Furniture,SulTeng,0.0
Furniture,SulaSel,0.0014650332741439342
Furniture,SulBar,0.0
Furniture,SulTra,0.0
Furniture,Bali,0.00023920732201077044
Furniture,NTB,0.0
Furniture,NTT,0.0
Furniture,Maluku,0.0
Furniture,MalUt,4.0456965507473797e-05
Furniture,PapuaBar,5.326522659743205e-05
Furniture,PapuaProv,0.0007594464113935828
Jewelry,NAD,0.0
Jewelry,SumUt,0.037035804241895676
Jewelry,SumBar,0.0
Jewelry,RiauProv,0.0
Jewelry,KepRi,0.3226487636566162
Jewelry,Jambi,0.0
Jewelry,SumSel,0.0006003731396049261
Jewelry,BaBel,0.0
Jewelry,Bengkulu,0.0
Jewelry,Lampung,0.006616057362407446
Jewelry,DKI,0.33460718393325806
Jewelry,JaBar,0.025193631649017334
Jewelry,Banten,0.00597446458414197
Jewelry,JaTeng,0.08402788639068604
Jewelry,DIY,0.0010269865160807967
Jewelry,JaTim,0.05000286176800728
Jewelry,KalBar,0.0007657533278688788
Jewelry,KalTeng,0.0
Jewelry,KalSel,0.0
Jewelry,KalTim,1.615749170014169e-05
Jewelry,KalUt,0.0
Jewelry,SulUt,0.0
Jewelry,Gorontalo,0.0
Jewelry,SulTeng,0.0
Jewelry,SulaSel,0.0
Jewelry,SulBar,0.0
Jewelry,SulTra,0.0
Jewelry,Bali,0.1302129477262497
Jewelry,NTB,0.0
Jewelry,NTT,0.0
Jewelry,Maluku,0.0
Jewelry,MalUt,0.0012710916344076395
Jewelry,PapuaBar,0.0
Jewelry,PapuaProv,0.0
MusicInstrum,NAD,1.4918115994078107e-05
MusicInstrum,SumUt,0.002478356007486582
MusicInstrum,SumBar,0.0
MusicInstrum,RiauProv,0.0005613674293272197
MusicInstrum,KepRi,0.0018160524778068066
MusicInstrum,Jambi,0.00023619001149199903
MusicInstrum,SumSel,0.0007887231768108904
MusicInstrum,BaBel,0.0
MusicInstrum,Bengkulu,0.0
MusicInstrum,Lampung,0.0013477440224960446
MusicInstrum,DKI,0.7387658357620239
MusicInstrum,JaBar,0.0038637425750494003
MusicInstrum,Banten,0.002400433411821723
MusicInstrum,JaTeng,0.0497371181845665
MusicInstrum,DIY,0.0
MusicInstrum,JaTim,0.19791997969150543
MusicInstrum,KalBar,0.0
MusicInstrum,KalTeng,0.0
MusicInstrum,KalSel,0.0
MusicInstrum,KalTim,8.484819886689365e-07
MusicInstrum,KalUt,0.0
MusicInstrum,SulUt,0.0
MusicInstrum,Gorontalo,0.0
MusicInstrum,SulTeng,0.0
MusicInstrum,SulaSel,0.0
MusicInstrum,SulBar,0.0
MusicInstrum,SulTra,0.0
MusicInstrum,Bali,6.84139522491023e-05
MusicInstrum,NTB,0.0
MusicInstrum,NTT,0.0
MusicInstrum,Maluku,0.0
MusicInstrum,MalUt,0.0
MusicInstrum,PapuaBar,0.0
MusicInstrum,PapuaProv,2.4046707380875887e-07
SportsEquip,NAD,0.0010414700955152512
SportsEquip,SumUt,0.052788808941841125
SportsEquip,SumBar,0.0
SportsEquip,RiauProv,0.010815178044140339
SportsEquip,KepRi,0.16452479362487793
SportsEquip,Jambi,0.0014980752021074295
SportsEquip,SumSel,0.00042672912240959704
SportsEquip,BaBel,0.0
SportsEquip,Bengkulu,0.0
SportsEquip,Lampung,0.004684057552367449
SportsEquip,DKI,0.4824157953262329
SportsEquip,JaBar,0.061531152576208115
SportsEquip,Banten,0.003405924653634429
SportsEquip,JaTeng,0.16443940997123718
SportsEquip,DIY,0.0
SportsEquip,JaTim,0.03914685919880867
SportsEquip,KalBar,0.0003931599494535476
SportsEquip,KalTeng,0.0
SportsEquip,KalSel,0.0
SportsEquip,KalTim,6.511760875582695e-05
SportsEquip,KalUt,0.0
SportsEquip,SulUt,4.5905930164735764e-05
SportsEquip,Gorontalo,0.0
SportsEquip,SulTeng,0.0
SportsEquip,SulaSel,0.004445414524525404
SportsEquip,SulBar,7.5313100751372986e-06
SportsEquip,SulTra,0.0
SportsEquip,Bali,0.007884996943175793
SportsEquip,NTB,0.0
SportsEquip,NTT,0.0
SportsEquip,Maluku,0.0
SportsEquip,MalUt,0.0002472698106430471
SportsEquip,PapuaBar,0.0
SportsEquip,PapuaProv,0.00019236590014770627
GamesAndToys,NAD,0.00010681748972274363
GamesAndToys,SumUt,0.015508762560784817
GamesAndToys,SumBar,0.0
GamesAndToys,RiauProv,0.0
GamesAndToys,KepRi,0.0028400158043950796
GamesAndToys,Jambi,0.0
GamesAndToys,SumSel,0.0001643411087570712
GamesAndToys,BaBel,0.0
GamesAndToys,Bengkulu,0.0
GamesAndToys,Lampung,9.220285573974252e-05
GamesAndToys,DKI,0.7793394327163696
GamesAndToys,JaBar,0.029856592416763306
GamesAndToys,Banten,6.465869228122756e-05
GamesAndToys,JaTeng,0.1250610202550888
GamesAndToys,DIY,0.0
GamesAndToys,JaTim,0.04665807634592056
GamesAndToys,KalBar,0.0
GamesAndToys,KalTeng,0.0
GamesAndToys,KalSel,0.0
GamesAndToys,KalTim,4.623853965313174e-05
GamesAndToys,KalUt,0.0
GamesAndToys,SulUt,0.0
GamesAndToys,Gorontalo,0.0
GamesAndToys,SulTeng,0.0
GamesAndToys,SulaSel,0.0
GamesAndToys,SulBar,0.0
GamesAndToys,SulTra,0.0
GamesAndToys,Bali,0.00025402329629287124
GamesAndToys,NTB,0.0
GamesAndToys,NTT,0.0
GamesAndToys,Maluku,0.0
GamesAndToys,MalUt,0.0
GamesAndToys,PapuaBar,0.0
GamesAndToys,PapuaProv,7.84328585723415e-06
MedicalDvces,NAD,2.1671132344636135e-05
MedicalDvces,SumUt,0.0033345213159918785
MedicalDvces,SumBar,0.0
MedicalDvces,RiauProv,6.868108926028071e-07
MedicalDvces,KepRi,0.13093829154968262
MedicalDvces,Jambi,7.284329331014305e-05
MedicalDvces,SumSel,0.0009438528795726597
MedicalDvces,BaBel,2.0875345398962963e-06
MedicalDvces,Bengkulu,0.0
MedicalDvces,Lampung,0.0001596221118234098
MedicalDvces,DKI,0.8038961291313171
MedicalDvces,JaBar,0.018539955839514732
MedicalDvces,Banten,0.0004800083988811821
MedicalDvces,JaTeng,0.005778798367828131
MedicalDvces,DIY,0.0
MedicalDvces,JaTim,0.0299563929438591
MedicalDvces,KalBar,1.4956052609704784e-06
MedicalDvces,KalTeng,0.0
MedicalDvces,KalSel,4.88548721477855e-05
MedicalDvces,KalTim,0.00041770306415855885
MedicalDvces,KalUt,0.0
MedicalDvces,SulUt,8.489087122143246e-06
MedicalDvces,Gorontalo,0.0
MedicalDvces,SulTeng,2.5100009679590585e-06
MedicalDvces,SulaSel,3.129302422166802e-05
MedicalDvces,SulBar,0.0
MedicalDvces,SulTra,0.0
MedicalDvces,Bali,0.0029720524325966835
MedicalDvces,NTB,3.1977972980712366e-07
MedicalDvces,NTT,0.0
MedicalDvces,Maluku,0.0
MedicalDvces,MalUt,0.0
MedicalDvces,PapuaBar,0.0
MedicalDvces,PapuaProv,0.0023924452252686024
OthIndustPrd,NAD,0.00026161441928707063
OthIndustPrd,SumUt,0.039370957762002945
OthIndustPrd,SumBar,0.0
OthIndustPrd,RiauProv,0.004092915449291468
OthIndustPrd,KepRi,0.03342131897807121
OthIndustPrd,Jambi,0.0005518934922292829
OthIndustPrd,SumSel,0.0006080089951865375
OthIndustPrd,BaBel,0.0
OthIndustPrd,Bengkulu,0.0
OthIndustPrd,Lampung,0.003967641852796078
OthIndustPrd,DKI,0.4732643961906433
OthIndustPrd,JaBar,0.08657469600439072
OthIndustPrd,Banten,0.001991031924262643
OthIndustPrd,JaTeng,0.0952484980225563
OthIndustPrd,DIY,0.0
OthIndustPrd,JaTim,0.2528845965862274
OthIndustPrd,KalBar,0.00026464989059604704
OthIndustPrd,KalTeng,0.0
OthIndustPrd,KalSel,6.275188297877321e-06
OthIndustPrd,KalTim,0.00023989130568224937
OthIndustPrd,KalUt,2.2589321815758012e-05
OthIndustPrd,SulUt,1.6970192518783733e-05
OthIndustPrd,Gorontalo,0.0
OthIndustPrd,SulTeng,0.00024150249373633415
OthIndustPrd,SulaSel,0.00023573920771013945
OthIndustPrd,SulBar,0.0
OthIndustPrd,SulTra,0.0
OthIndustPrd,Bali,0.0014935232466086745
OthIndustPrd,NTB,8.281317423097789e-05
OthIndustPrd,NTT,1.1888440667462419e-06
OthIndustPrd,Maluku,0.0
OthIndustPrd,MalUt,3.8515932828886434e-05
OthIndustPrd,PapuaBar,0.0
OthIndustPrd,PapuaProv,0.005118804983794689
ManMtlRepair,NAD,0.009893503040075302
ManMtlRepair,SumUt,0.029387058690190315
ManMtlRepair,SumBar,0.012928076088428497
ManMtlRepair,RiauProv,0.17539557814598083
ManMtlRepair,KepRi,0.008295753970742226
ManMtlRepair,Jambi,0.0169198177754879
ManMtlRepair,SumSel,0.015575305558741093
ManMtlRepair,BaBel,0.001984753180295229
ManMtlRepair,Bengkulu,0.002175192115828395
ManMtlRepair,Lampung,0.01895630732178688
ManMtlRepair,DKI,0.07370085269212723
ManMtlRepair,JaBar,0.1124800592660904
ManMtlRepair,Banten,0.04977845028042793
ManMtlRepair,JaTeng,0.0659978911280632
ManMtlRepair,DIY,0.011022405698895454
ManMtlRepair,JaTim,0.20146290957927704
ManMtlRepair,KalBar,0.012235940434038639
ManMtlRepair,KalTeng,0.004189526662230492
ManMtlRepair,KalSel,0.006640829611569643
ManMtlRepair,KalTim,0.015347208827733994
ManMtlRepair,KalUt,0.002060411963611841
ManMtlRepair,SulUt,0.029825501143932343
ManMtlRepair,Gorontalo,0.00786615815013647
ManMtlRepair,SulTeng,0.019982531666755676
ManMtlRepair,SulaSel,0.015746384859085083
ManMtlRepair,SulBar,0.004567662253975868
ManMtlRepair,SulTra,0.0034255243372172117
ManMtlRepair,Bali,0.013384956866502762
ManMtlRepair,NTB,0.005539771169424057
ManMtlRepair,NTT,0.007086598314344883
ManMtlRepair,Maluku,0.006315875798463821
ManMtlRepair,MalUt,0.02738066017627716
ManMtlRepair,PapuaBar,0.0030449689365923405
ManMtlRepair,PapuaProv,0.00940555240958929
Electricity,NAD,0.0
Electricity,SumUt,0.0
Electricity,SumBar,0.0
Electricity,RiauProv,0.0
Electricity,KepRi,0.0
Electricity,Jambi,0.0
Electricity,SumSel,0.0
Electricity,BaBel,0.0
Electricity,Bengkulu,0.0
Electricity,Lampung,0.0
Electricity,DKI,0.0
Electricity,JaBar,0.0
Electricity,Banten,0.0
Electricity,JaTeng,0.0
Electricity,DIY,0.0
Electricity,JaTim,0.0
Electricity,KalBar,1.0
Electricity,KalTeng,0.0
Electricity,KalSel,0.0
Electricity,KalTim,0.0
Electricity,KalUt,0.0
Electricity,SulUt,0.0
Electricity,Gorontalo,0.0
Electricity,SulTeng,0.0
Electricity,SulaSel,0.0
Electricity,SulBar,0.0
Electricity,SulTra,0.0
Electricity,Bali,0.0
Electricity,NTB,0.0
Electricity,NTT,0.0
Electricity,Maluku,0.0
Electricity,MalUt,0.0
Electricity,PapuaBar,0.0
Electricity,PapuaProv,0.0
GasDist,NAD,0.0
GasDist,SumUt,0.0
GasDist,SumBar,0.0
GasDist,RiauProv,0.0
GasDist,KepRi,0.054992422461509705
GasDist,Jambi,0.0
GasDist,SumSel,0.0
GasDist,BaBel,0.0
GasDist,Bengkulu,0.0
GasDist,Lampung,0.0
GasDist,DKI,0.9436554312705994
GasDist,JaBar,0.0
GasDist,Banten,0.0
GasDist,JaTeng,0.0
GasDist,DIY,0.0
GasDist,JaTim,0.0013521307846531272
GasDist,KalBar,0.0
GasDist,KalTeng,0.0
GasDist,KalSel,0.0
GasDist,KalTim,0.0
GasDist,KalUt,0.0
GasDist,SulUt,0.0
GasDist,Gorontalo,0.0
GasDist,SulTeng,0.0
GasDist,SulaSel,0.0
GasDist,SulBar,0.0
GasDist,SulTra,0.0
GasDist,Bali,0.0
GasDist,NTB,0.0
GasDist,NTT,0.0
GasDist,Maluku,0.0
GasDist,MalUt,0.0
GasDist,PapuaBar,0.0
GasDist,PapuaProv,0.0
WaterSupply,NAD,0.012585106305778027
WaterSupply,SumUt,0.04614631086587906
WaterSupply,SumBar,0.01589418575167656
WaterSupply,RiauProv,0.03923260048031807
WaterSupply,KepRi,0.018718400970101357
WaterSupply,Jambi,0.01197150256484747
WaterSupply,SumSel,0.029362600296735764
WaterSupply,BaBel,0.005466845817863941
WaterSupply,Bengkulu,0.004984291736036539
WaterSupply,Lampung,0.024975581094622612
WaterSupply,DKI,0.13231731951236725
WaterSupply,JaBar,0.1636209338903427
WaterSupply,Banten,0.060414478182792664
WaterSupply,JaTeng,0.08447260409593582
WaterSupply,DIY,0.01054241694509983
WaterSupply,JaTim,0.13843698799610138
WaterSupply,KalBar,0.011499505490064621
WaterSupply,KalTeng,0.009960423223674297
WaterSupply,KalSel,0.013569789938628674
WaterSupply,KalTim,0.03418392688035965
WaterSupply,KalUt,0.005340984091162682
WaterSupply,SulUt,0.009421790950000286
WaterSupply,Gorontalo,0.0026947392616420984
WaterSupply,SulTeng,0.009935216046869755
WaterSupply,SulaSel,0.02921898663043976
WaterSupply,SulBar,0.003274684539064765
WaterSupply,SulTra,0.007389088161289692
WaterSupply,Bali,0.01694018580019474
WaterSupply,NTB,0.011206472292542458
WaterSupply,NTT,0.009340276010334492
WaterSupply,Maluku,0.004668559413403273
WaterSupply,MalUt,0.0034192888997495174
WaterSupply,PapuaBar,0.00457968283444643
WaterSupply,PapuaProv,0.014214209280908108
WasteManage,NAD,0.0
WasteManage,SumUt,0.3169173002243042
WasteManage,SumBar,0.0
WasteManage,RiauProv,0.0
WasteManage,KepRi,0.033991698175668716
WasteManage,Jambi,0.0
WasteManage,SumSel,0.0
WasteManage,BaBel,0.0
WasteManage,Bengkulu,0.0
WasteManage,Lampung,0.0
WasteManage,DKI,0.5806067585945129
WasteManage,JaBar,0.006690683774650097
WasteManage,Banten,0.0
WasteManage,JaTeng,0.05953862518072128
WasteManage,DIY,0.0
WasteManage,JaTim,0.0019187901634722948
WasteManage,KalBar,0.0
WasteManage,KalTeng,0.0
WasteManage,KalSel,0.0
WasteManage,KalTim,0.0001241550053237006
WasteManage,KalUt,0.0
WasteManage,SulUt,1.2012232218694407e-05
WasteManage,Gorontalo,0.0
WasteManage,SulTeng,0.0
WasteManage,SulaSel,0.0
WasteManage,SulBar,0.0
WasteManage,SulTra,0.0
WasteManage,Bali,0.00019997137133032084
WasteManage,NTB,0.0
WasteManage,NTT,0.0
WasteManage,Maluku,0.0
WasteManage,MalUt,0.0
WasteManage,PapuaBar,0.0
WasteManage,PapuaProv,0.0
ResidBuildng,NAD,0.010852792300283909
ResidBuildng,SumUt,0.043610598891973495
ResidBuildng,SumBar,0.013341053389012814
ResidBuildng,RiauProv,0.04610424488782883
ResidBuildng,KepRi,0.020414842292666435
ResidBuildng,Jambi,0.011690910905599594
ResidBuildng,SumSel,0.0332164540886879
ResidBuildng,BaBel,0.005488170310854912
ResidBuildng,Bengkulu,0.004359184764325619
ResidBuildng,Lampung,0.02152336947619915
ResidBuildng,DKI,0.13621757924556732
ResidBuildng,JaBar,0.16328519582748413
ResidBuildng,Banten,0.052333176136016846
ResidBuildng,JaTeng,0.08761245757341385
ResidBuildng,DIY,0.008991571143269539
ResidBuildng,JaTim,0.13428477942943573
ResidBuildng,KalBar,0.010242915712296963
ResidBuildng,KalTeng,0.009535478428006172
ResidBuildng,KalSel,0.01521217729896307
ResidBuildng,KalTim,0.05042627081274986
ResidBuildng,KalUt,0.005608497187495232
ResidBuildng,SulUt,0.007964092306792736
ResidBuildng,Gorontalo,0.0022838530130684376
ResidBuildng,SulTeng,0.009201877750456333
ResidBuildng,SulaSel,0.02679157629609108
ResidBuildng,SulBar,0.002664990723133087
ResidBuildng,SulTra,0.006746868137270212
ResidBuildng,Bali,0.01541658490896225
ResidBuildng,NTB,0.010278329253196716
ResidBuildng,NTT,0.007676667533814907
ResidBuildng,Maluku,0.0040627093985676765
ResidBuildng,MalUt,0.002888801507651806
ResidBuildng,PapuaBar,0.004923324566334486
ResidBuildng,PapuaProv,0.014748552814126015
EleGasInfstr,NAD,0.011534329503774643
EleGasInfstr,SumUt,0.04381558671593666
EleGasInfstr,SumBar,0.013736968860030174
EleGasInfstr,RiauProv,0.044610220938920975
EleGasInfstr,KepRi,0.01997222937643528
EleGasInfstr,Jambi,0.011721348389983177
EleGasInfstr,SumSel,0.03234049305319786
EleGasInfstr,BaBel,0.005669881124049425
EleGasInfstr,Bengkulu,0.004476348869502544
EleGasInfstr,Lampung,0.02129477635025978
EleGasInfstr,DKI,0.14040346443653107
EleGasInfstr,JaBar,0.1593995988368988
EleGasInfstr,Banten,0.05558692663908005
EleGasInfstr,JaTeng,0.08513228595256805
EleGasInfstr,DIY,0.00938417762517929
EleGasInfstr,JaTim,0.1337239146232605
EleGasInfstr,KalBar,0.010450727306306362
EleGasInfstr,KalTeng,0.00955083966255188
EleGasInfstr,KalSel,0.014664474874734879
EleGasInfstr,KalTim,0.04678443446755409
EleGasInfstr,KalUt,0.005491627845913172
EleGasInfstr,SulUt,0.008164186030626297
EleGasInfstr,Gorontalo,0.0023923474363982677
EleGasInfstr,SulTeng,0.009666425175964832
EleGasInfstr,SulaSel,0.027375703677535057
EleGasInfstr,SulBar,0.0026967923622578382
EleGasInfstr,SulTra,0.007097621913999319
EleGasInfstr,Bali,0.015473773702979088
EleGasInfstr,NTB,0.010372299700975418
EleGasInfstr,NTT,0.008205369114875793
EleGasInfstr,Maluku,0.004384137224406004
EleGasInfstr,MalUt,0.0032360986806452274
EleGasInfstr,PapuaBar,0.005168335046619177
EleGasInfstr,PapuaProv,0.01602226309478283
AgricInfstrc,NAD,0.017969712615013123
AgricInfstrc,SumUt,0.002743182238191366
AgricInfstrc,SumBar,0.005109040532261133
AgricInfstrc,RiauProv,0.0
AgricInfstrc,KepRi,0.011546675115823746
AgricInfstrc,Jambi,0.00013855446013621986
AgricInfstrc,SumSel,0.00016125125694088638
AgricInfstrc,BaBel,2.1006824681535363e-05
AgricInfstrc,Bengkulu,0.000341512612067163
AgricInfstrc,Lampung,0.005857908632606268
AgricInfstrc,DKI,0.0
AgricInfstrc,JaBar,0.044140879064798355
AgricInfstrc,Banten,0.0180027075111866
AgricInfstrc,JaTeng,0.11394096165895462
AgricInfstrc,DIY,0.002992987632751465
AgricInfstrc,JaTim,0.16862031817436218
AgricInfstrc,KalBar,0.0010636314982548356
AgricInfstrc,KalTeng,3.304617348476313e-05
AgricInfstrc,KalSel,0.00024189276155084372
AgricInfstrc,KalTim,8.967240319179837e-06
AgricInfstrc,KalUt,0.0
AgricInfstrc,SulUt,0.06411341577768326
AgricInfstrc,Gorontalo,0.005133567377924919
AgricInfstrc,SulTeng,0.07258955389261246
AgricInfstrc,SulaSel,0.13499006628990173
AgricInfstrc,SulBar,0.003832462476566434
AgricInfstrc,SulTra,0.048127006739377975
AgricInfstrc,Bali,0.03230741247534752
AgricInfstrc,NTB,0.02438551001250744
AgricInfstrc,NTT,0.1408674120903015
AgricInfstrc,Maluku,0.042425092309713364
AgricInfstrc,MalUt,0.03492044657468796
AgricInfstrc,PapuaBar,0.0033557761926203966
AgricInfstrc,PapuaProv,1.8051090592052788e-05
RoadsBridges,NAD,0.010211621411144733
RoadsBridges,SumUt,0.043315477669239044
RoadsBridges,SumBar,0.012608492746949196
RoadsBridges,RiauProv,0.05033385008573532
RoadsBridges,KepRi,0.02094363421201706
RoadsBridges,Jambi,0.011884036473929882
RoadsBridges,SumSel,0.03505414351820946
RoadsBridges,BaBel,0.00552447559311986
RoadsBridges,Bengkulu,0.004130208399146795
RoadsBridges,Lampung,0.020185129716992378
RoadsBridges,DKI,0.1354859322309494
RoadsBridges,JaBar,0.1620488315820694
RoadsBridges,Banten,0.05026655271649361
RoadsBridges,JaTeng,0.08878488093614578
RoadsBridges,DIY,0.008451479487121105
RoadsBridges,JaTim,0.13214744627475739
RoadsBridges,KalBar,0.00993457529693842
RoadsBridges,KalTeng,0.009696697816252708
RoadsBridges,KalSel,0.01562383770942688
RoadsBridges,KalTim,0.056275155395269394
RoadsBridges,KalUt,0.005693766288459301
RoadsBridges,SulUt,0.007438233587890863
RoadsBridges,Gorontalo,0.0021075191907584667
RoadsBridges,SulTeng,0.009050301276147366
RoadsBridges,SulaSel,0.02587152272462845
RoadsBridges,SulBar,0.0024694688618183136
RoadsBridges,SulTra,0.006469775922596455
RoadsBridges,Bali,0.014707827940583229
RoadsBridges,NTB,0.00985074695199728
RoadsBridges,NTT,0.006954595912247896
RoadsBridges,Maluku,0.003831596812233329
RoadsBridges,MalUt,0.0026899869553744793
RoadsBridges,PapuaBar,0.005046522244811058
RoadsBridges,PapuaProv,0.014911644160747528
OthBuildings,NAD,0.01005407702177763
OthBuildings,SumUt,0.04247716814279556
OthBuildings,SumBar,0.012354147620499134
OthBuildings,RiauProv,0.049844589084386826
OthBuildings,KepRi,0.02126481756567955
OthBuildings,Jambi,0.011918141506612301
OthBuildings,SumSel,0.03585660085082054
OthBuildings,BaBel,0.005526136606931686
OthBuildings,Bengkulu,0.004037897568196058
OthBuildings,Lampung,0.02005765773355961
OthBuildings,DKI,0.13490958511829376
OthBuildings,JaBar,0.1622585654258728
OthBuildings,Banten,0.050247058272361755
OthBuildings,JaTeng,0.08856983482837677
OthBuildings,DIY,0.00838079210370779
OthBuildings,JaTim,0.13250939548015594
OthBuildings,KalBar,0.009622854180634022
OthBuildings,KalTeng,0.009355113841593266
OthBuildings,KalSel,0.015647517517209053
OthBuildings,KalTim,0.058179933577775955
OthBuildings,KalUt,0.005684752948582172
OthBuildings,SulUt,0.007358194328844547
OthBuildings,Gorontalo,0.0020902729593217373
OthBuildings,SulTeng,0.009016724303364754
OthBuildings,SulaSel,0.025682875886559486
OthBuildings,SulBar,0.0023827047552913427
OthBuildings,SulTra,0.006437941454350948
OthBuildings,Bali,0.014612981118261814
OthBuildings,NTB,0.009850467555224895
OthBuildings,NTT,0.006902990397065878
OthBuildings,Maluku,0.003790408605709672
OthBuildings,MalUt,0.0026535368524491787
OthBuildings,PapuaBar,0.005535145290195942
OthBuildings,PapuaProv,0.014929155819118023
CarTrading,NAD,0.0
CarTrading,SumUt,0.0
CarTrading,SumBar,0.0
CarTrading,RiauProv,0.0
CarTrading,KepRi,0.0
CarTrading,Jambi,0.0
CarTrading,SumSel,0.0
CarTrading,BaBel,0.0
CarTrading,Bengkulu,0.0
CarTrading,Lampung,0.0
CarTrading,DKI,0.0
CarTrading,JaBar,0.0
CarTrading,Banten,0.0
CarTrading,JaTeng,0.0
CarTrading,DIY,0.0
CarTrading,JaTim,0.0
CarTrading,KalBar,0.0
CarTrading,KalTeng,0.0
CarTrading,KalSel,0.0
CarTrading,KalTim,0.0
CarTrading,KalUt,0.0
CarTrading,SulUt,0.0
CarTrading,Gorontalo,0.0
CarTrading,SulTeng,0.0
CarTrading,SulaSel,0.0
CarTrading,SulBar,0.0
CarTrading,SulTra,0.0
CarTrading,Bali,0.0
CarTrading,NTB,0.0
CarTrading,NTT,0.0
CarTrading,Maluku,0.0
CarTrading,MalUt,0.0
CarTrading,PapuaBar,0.0
CarTrading,PapuaProv,0.0
CarRepair,NAD,0.010844200849533081
CarRepair,SumUt,0.04498053342103958
CarRepair,SumBar,0.01342365425080061
CarRepair,RiauProv,0.024340197443962097
CarRepair,KepRi,0.017611291259527206
CarRepair,Jambi,0.007851243019104004
CarRepair,SumSel,0.020718015730381012
CarRepair,BaBel,0.003683904418721795
CarRepair,Bengkulu,0.0034898219164460897
CarRepair,Lampung,0.01965606026351452
CarRepair,DKI,0.09477566927671432
CarRepair,JaBar,0.2911302149295807
CarRepair,Banten,0.051022596657276154
CarRepair,JaTeng,0.10840294510126114
CarRepair,DIY,0.011032715439796448
CarRepair,JaTim,0.1125936284661293
CarRepair,KalBar,0.009007202461361885
CarRepair,KalTeng,0.006775762420147657
CarRepair,KalSel,0.00986606813967228
CarRepair,KalTim,0.025854624807834625
CarRepair,KalUt,0.0032455665059387684
CarRepair,SulUt,0.008390585891902447
CarRepair,Gorontalo,0.002735008718445897
CarRepair,SulTeng,0.007228041533380747
CarRepair,SulaSel,0.02047555334866047
CarRepair,SulBar,0.002311002230271697
CarRepair,SulTra,0.004735742695629597
CarRepair,Bali,0.021215492859482765
CarRepair,NTB,0.01004980131983757
CarRepair,NTT,0.012411804869771004
CarRepair,Maluku,0.0027992231771349907
CarRepair,MalUt,0.0022256802767515182
CarRepair,PapuaBar,0.003584517864510417
CarRepair,PapuaProv,0.011531636118888855
OthTrade,NAD,0.0
OthTrade,SumUt,0.0
OthTrade,SumBar,0.0
OthTrade,RiauProv,0.0
OthTrade,KepRi,0.0
OthTrade,Jambi,0.0
OthTrade,SumSel,0.0
OthTrade,BaBel,0.0
OthTrade,Bengkulu,0.0
OthTrade,Lampung,0.0
OthTrade,DKI,0.0
OthTrade,JaBar,0.0
OthTrade,Banten,0.0
OthTrade,JaTeng,0.0
OthTrade,DIY,0.0
OthTrade,JaTim,0.0
OthTrade,KalBar,0.0
OthTrade,KalTeng,0.0
OthTrade,KalSel,0.0
OthTrade,KalTim,0.0
OthTrade,KalUt,0.0
OthTrade,SulUt,0.0
OthTrade,Gorontalo,0.0
OthTrade,SulTeng,0.0
OthTrade,SulaSel,0.0
OthTrade,SulBar,0.0
OthTrade,SulTra,0.0
OthTrade,Bali,0.0
OthTrade,NTB,0.0
OthTrade,NTT,0.0
OthTrade,Maluku,0.0
OthTrade,MalUt,0.0
OthTrade,PapuaBar,0.0
OthTrade,PapuaProv,0.0
RailTransprt,NAD,0.010967496782541275
RailTransprt,SumUt,0.038110025227069855
RailTransprt,SumBar,0.013441881164908409
RailTransprt,RiauProv,0.042556215077638626
RailTransprt,KepRi,0.017598025500774384
RailTransprt,Jambi,0.011825169436633587
RailTransprt,SumSel,0.03655640035867691
RailTransprt,BaBel,0.005315117537975311
RailTransprt,Bengkulu,0.004560846835374832
RailTransprt,Lampung,0.021553361788392067
RailTransprt,DKI,0.1183183416724205
RailTransprt,JaBar,0.1459164172410965
RailTransprt,Banten,0.05271696299314499
RailTransprt,JaTeng,0.06962684541940689
RailTransprt,DIY,0.008628918789327145
RailTransprt,JaTim,0.12826044857501984
RailTransprt,KalBar,0.009479524567723274
RailTransprt,KalTeng,0.011419277638196945
RailTransprt,KalSel,0.031057287007570267
RailTransprt,KalTim,0.10049951821565628
RailTransprt,KalUt,0.009979359805583954
RailTransprt,SulUt,0.007637378294020891
RailTransprt,Gorontalo,0.002195277251303196
RailTransprt,SulTeng,0.008605590090155602
RailTransprt,SulaSel,0.028717346489429474
RailTransprt,SulBar,0.0027730667497962713
RailTransprt,SulTra,0.006182919722050428
RailTransprt,Bali,0.013535764068365097
RailTransprt,NTB,0.009170434437692165
RailTransprt,NTT,0.007692828308790922
RailTransprt,Maluku,0.003853223752230406
RailTransprt,MalUt,0.0029792997520416975
RailTransprt,PapuaBar,0.004523620940744877
RailTransprt,PapuaProv,0.013745855540037155
LandTransprt,NAD,0.012690601870417595
LandTransprt,SumUt,0.043396152555942535
LandTransprt,SumBar,0.014257021248340607
LandTransprt,RiauProv,0.04006703197956085
LandTransprt,KepRi,0.017719833180308342
LandTransprt,Jambi,0.012040997855365276
LandTransprt,SumSel,0.031090838834643364
LandTransprt,BaBel,0.005983767099678516
LandTransprt,Bengkulu,0.004929689224809408
LandTransprt,Lampung,0.023183336481451988
LandTransprt,DKI,0.1296389400959015
LandTransprt,JaBar,0.15669101476669312
LandTransprt,Banten,0.055877435952425
LandTransprt,JaTeng,0.08354860544204712
LandTransprt,DIY,0.009558101184666157
LandTransprt,JaTim,0.13489623367786407
LandTransprt,KalBar,0.011079542338848114
LandTransprt,KalTeng,0.010221506468951702
LandTransprt,KalSel,0.018442127853631973
LandTransprt,KalTim,0.05255839601159096
LandTransprt,KalUt,0.006450568325817585
LandTransprt,SulUt,0.008527632802724838
LandTransprt,Gorontalo,0.0026326063089072704
LandTransprt,SulTeng,0.010168610140681267
LandTransprt,SulaSel,0.02757261134684086
LandTransprt,SulBar,0.002947650384157896
LandTransprt,SulTra,0.007605098187923431
LandTransprt,Bali,0.014909578487277031
LandTransprt,NTB,0.011361194774508476
LandTransprt,NTT,0.009174497798085213
LandTransprt,Maluku,0.004713955335319042
LandTransprt,MalUt,0.0036334029864519835
LandTransprt,PapuaBar,0.004928565584123135
LandTransprt,PapuaProv,0.017502890899777412
SeaTransport,NAD,0.008192948997020721
SeaTransport,SumUt,0.031844329088926315
SeaTransport,SumBar,0.010832124389708042
SeaTransport,RiauProv,0.04182690382003784
SeaTransport,KepRi,0.015471658669412136
SeaTransport,Jambi,0.013444703072309494
SeaTransport,SumSel,0.04577005282044411
SeaTransport,BaBel,0.005989748518913984
SeaTransport,Bengkulu,0.0038272403180599213
SeaTransport,Lampung,0.016570644453167915
SeaTransport,DKI,0.09497344493865967
SeaTransport,JaBar,0.1263684332370758
SeaTransport,Banten,0.04253527894616127
SeaTransport,JaTeng,0.06345083564519882
SeaTransport,DIY,0.00696583092212677
SeaTransport,JaTim,0.11587958037853241
SeaTransport,KalBar,0.007420694921165705
SeaTransport,KalTeng,0.0129405427724123
SeaTransport,KalSel,0.04839599132537842
SeaTransport,KalTim,0.1736733615398407
SeaTransport,KalUt,0.01386953890323639
SeaTransport,SulUt,0.0057861339300870895
SeaTransport,Gorontalo,0.0015184818767011166
SeaTransport,SulTeng,0.00843240786343813
SeaTransport,SulaSel,0.026762984693050385
SeaTransport,SulBar,0.001744417822919786
SeaTransport,SulTra,0.0045132506638765335
SeaTransport,Bali,0.010470760986208916
SeaTransport,NTB,0.009437069296836853
SeaTransport,NTT,0.005365447606891394
SeaTransport,Maluku,0.0028137234039604664
SeaTransport,MalUt,0.002239507157355547
SeaTransport,PapuaBar,0.004897800274193287
SeaTransport,PapuaProv,0.015774138271808624
RiverTrnsprt,NAD,0.01029076986014843
RiverTrnsprt,SumUt,0.03738652542233467
RiverTrnsprt,SumBar,0.013891397975385189
RiverTrnsprt,RiauProv,0.05463733896613121
RiverTrnsprt,KepRi,0.01772148348391056
RiverTrnsprt,Jambi,0.013853403739631176
RiverTrnsprt,SumSel,0.04164481163024902
RiverTrnsprt,BaBel,0.006226152181625366
RiverTrnsprt,Bengkulu,0.003387770615518093
RiverTrnsprt,Lampung,0.02150771953165531
RiverTrnsprt,DKI,0.1171228215098381
RiverTrnsprt,JaBar,0.14181464910507202
RiverTrnsprt,Banten,0.05056671425700188
RiverTrnsprt,JaTeng,0.08372952044010162
RiverTrnsprt,DIY,0.008470662869513035
RiverTrnsprt,JaTim,0.14854533970355988
RiverTrnsprt,KalBar,0.00936609786003828
RiverTrnsprt,KalTeng,0.00815524347126484
RiverTrnsprt,KalSel,0.016054712235927582
RiverTrnsprt,KalTim,0.0643739178776741
RiverTrnsprt,KalUt,0.007080909330397844
RiverTrnsprt,SulUt,0.006689675617963076
RiverTrnsprt,Gorontalo,0.001869992003776133
RiverTrnsprt,SulTeng,0.010413795709609985
RiverTrnsprt,SulaSel,0.038810525089502335
RiverTrnsprt,SulBar,0.0022801561281085014
RiverTrnsprt,SulTra,0.005479485262185335
RiverTrnsprt,Bali,0.012509194202721119
RiverTrnsprt,NTB,0.00923844426870346
RiverTrnsprt,NTT,0.006865370087325573
RiverTrnsprt,Maluku,0.0036123821046203375
RiverTrnsprt,MalUt,0.0027484814636409283
RiverTrnsprt,PapuaBar,0.007824777625501156
RiverTrnsprt,PapuaProv,0.015829766169190407
AirTransport,NAD,0.013587046414613724
AirTransport,SumUt,0.04564529284834862
AirTransport,SumBar,0.015531969256699085
AirTransport,RiauProv,0.03803536668419838
AirTransport,KepRi,0.018365435302257538
AirTransport,Jambi,0.011939814314246178
AirTransport,SumSel,0.029463399201631546
AirTransport,BaBel,0.006174769252538681
AirTransport,Bengkulu,0.005217991769313812
AirTransport,Lampung,0.02398141473531723
AirTransport,DKI,0.1359100639820099
AirTransport,JaBar,0.1594310998916626
AirTransport,Banten,0.05683354288339615
AirTransport,JaTeng,0.08449504524469376
AirTransport,DIY,0.010456439107656479
AirTransport,JaTim,0.13576608896255493
AirTransport,KalBar,0.011760441586375237
AirTransport,KalTeng,0.010070561431348324
AirTransport,KalSel,0.014664561487734318
AirTransport,KalTim,0.03716873750090599
AirTransport,KalUt,0.005580696277320385
AirTransport,SulUt,0.009351746179163456
AirTransport,Gorontalo,0.002859970089048147
AirTransport,SulTeng,0.010443951934576035
AirTransport,SulaSel,0.029211360961198807
AirTransport,SulBar,0.003310068743303418
AirTransport,SulTra,0.007696620188653469
AirTransport,Bali,0.016422029584646225
AirTransport,NTB,0.011346576735377312
AirTransport,NTT,0.010039916262030602
AirTransport,Maluku,0.005060311406850815
AirTransport,MalUt,0.0036481989081948996
AirTransport,PapuaBar,0.005067998543381691
AirTransport,PapuaProv,0.01546142715960741
TransportSvc,NAD,0.008391433395445347
TransportSvc,SumUt,0.041875846683979034
TransportSvc,SumBar,0.01762782596051693
TransportSvc,RiauProv,0.023163065314292908
TransportSvc,KepRi,0.02222350984811783
TransportSvc,Jambi,0.011365247890353203
TransportSvc,SumSel,0.030348986387252808
TransportSvc,BaBel,0.0056476532481610775
TransportSvc,Bengkulu,0.004817428067326546
TransportSvc,Lampung,0.019482586532831192
TransportSvc,DKI,0.1143273264169693
TransportSvc,JaBar,0.1148129552602768
TransportSvc,Banten,0.08782196789979935
TransportSvc,JaTeng,0.058142080903053284
TransportSvc,DIY,0.014024725183844566
TransportSvc,JaTim,0.1086016520857811
TransportSvc,KalBar,0.010467300191521645
TransportSvc,KalTeng,0.014723177067935467
TransportSvc,KalSel,0.03433191031217575
TransportSvc,KalTim,0.10432785004377365
TransportSvc,KalUt,0.012626797892153263
TransportSvc,SulUt,0.013325822539627552
TransportSvc,Gorontalo,0.0023809478152543306
TransportSvc,SulTeng,0.007125737611204386
TransportSvc,SulaSel,0.034763239324092865
TransportSvc,SulBar,0.0016940183704718947
TransportSvc,SulTra,0.008161877281963825
TransportSvc,Bali,0.022494936361908913
TransportSvc,NTB,0.011531056836247444
TransportSvc,NTT,0.008687805384397507
TransportSvc,Maluku,0.0051242331974208355
TransportSvc,MalUt,0.004037152510136366
TransportSvc,PapuaBar,0.00512522691860795
TransportSvc,PapuaProv,0.016396652907133102
Postal,NAD,0.0
Postal,SumUt,0.0
Postal,SumBar,0.0
Postal,RiauProv,0.0
Postal,KepRi,0.2834908664226532
Postal,Jambi,0.0
Postal,SumSel,0.0
Postal,BaBel,0.0
Postal,Bengkulu,0.0
Postal,Lampung,0.2793583571910858
Postal,DKI,0.4371508061885834
Postal,JaBar,0.0
Postal,Banten,0.0
Postal,JaTeng,0.0
Postal,DIY,0.0
Postal,JaTim,0.0
Postal,KalBar,0.0
Postal,KalTeng,0.0
Postal,KalSel,0.0
Postal,KalTim,0.0
Postal,KalUt,0.0
Postal,SulUt,0.0
Postal,Gorontalo,0.0
Postal,SulTeng,0.0
Postal,SulaSel,0.0
Postal,SulBar,0.0
Postal,SulTra,0.0
Postal,Bali,0.0
Postal,NTB,0.0
Postal,NTT,0.0
Postal,Maluku,0.0
Postal,MalUt,0.0
Postal,PapuaBar,0.0
Postal,PapuaProv,0.0
Hotels,NAD,0.013190319761633873
Hotels,SumUt,0.04531172290444374
Hotels,SumBar,0.015835464000701904
Hotels,RiauProv,0.03436686843633652
Hotels,KepRi,0.01845189370214939
Hotels,Jambi,0.010868596844375134
Hotels,SumSel,0.026589369401335716
Hotels,BaBel,0.005235695280134678
Hotels,Bengkulu,0.005217324011027813
Hotels,Lampung,0.02306842803955078
Hotels,DKI,0.14495578408241272
Hotels,JaBar,0.15727372467517853
Hotels,Banten,0.06529467552900314
Hotels,JaTeng,0.08566563576459885
Hotels,DIY,0.011993709951639175
Hotels,JaTim,0.13431429862976074
Hotels,KalBar,0.01172480545938015
Hotels,KalTeng,0.009709959849715233
Hotels,KalSel,0.013555873185396194
Hotels,KalTim,0.03134724870324135
Hotels,KalUt,0.005158089566975832
Hotels,SulUt,0.009936312213540077
Hotels,Gorontalo,0.002934699645265937
Hotels,SulTeng,0.009357430040836334
Hotels,SulaSel,0.02878897823393345
Hotels,SulBar,0.0029621501453220844
Hotels,SulTra,0.007948128506541252
Hotels,Bali,0.017946017906069756
Hotels,NTB,0.010921988636255264
Hotels,NTT,0.010480660945177078
Hotels,Maluku,0.005263912491500378
Hotels,MalUt,0.003797425189986825
Hotels,PapuaBar,0.005115649662911892
Hotels,PapuaProv,0.015417162328958511
Restaurants,NAD,0.012870991602540016
Restaurants,SumUt,0.045930854976177216
Restaurants,SumBar,0.015775373205542564
Restaurants,RiauProv,0.0394490621984005
Restaurants,KepRi,0.01928951032459736
Restaurants,Jambi,0.01209614984691143
Restaurants,SumSel,0.029538659378886223
Restaurants,BaBel,0.005587865132838488
Restaurants,Bengkulu,0.005076659377664328
Restaurants,Lampung,0.025050194934010506
Restaurants,DKI,0.1278075873851776
Restaurants,JaBar,0.1652604192495346
Restaurants,Banten,0.05947456881403923
Restaurants,JaTeng,0.0850864052772522
Restaurants,DIY,0.010667107068002224
Restaurants,JaTim,0.1368035227060318
Restaurants,KalBar,0.011725293472409248
Restaurants,KalTeng,0.010032901540398598
Restaurants,KalSel,0.013724264688789845
Restaurants,KalTim,0.03451094031333923
Restaurants,KalUt,0.005449456162750721
Restaurants,SulUt,0.009472083300352097
Restaurants,Gorontalo,0.0027575453277677298
Restaurants,SulTeng,0.010131695307791233
Restaurants,SulaSel,0.029503513127565384
Restaurants,SulBar,0.003345473436638713
Restaurants,SulTra,0.007512542884796858
Restaurants,Bali,0.017340131103992462
Restaurants,NTB,0.011409291066229343
Restaurants,NTT,0.009574878960847855
Restaurants,Maluku,0.0048170979134738445
Restaurants,MalUt,0.0035026438999921083
Restaurants,PapuaBar,0.004736698232591152
Restaurants,PapuaProv,0.014688638970255852
Publishing,NAD,0.0
Publishing,SumUt,0.004027420189231634
Publishing,SumBar,0.0
Publishing,RiauProv,0.0
Publishing,KepRi,0.0023853823076933622
Publishing,Jambi,0.0
Publishing,SumSel,0.0
Publishing,BaBel,0.0
Publishing,Bengkulu,0.0
Publishing,Lampung,0.0012200935743749142
Publishing,DKI,0.9752268195152283
Publishing,JaBar,0.007284621242433786
Publishing,Banten,0.0
Publishing,JaTeng,0.0012437956174835563
Publishing,DIY,0.0
Publishing,JaTim,0.006561380345374346
Publishing,KalBar,3.595187808969058e-05
Publishing,KalTeng,0.0
Publishing,KalSel,0.0
Publishing,KalTim,0.00037568557308986783
Publishing,KalUt,0.0
Publishing,SulUt,0.0
Publishing,Gorontalo,0.0
Publishing,SulTeng,0.0
Publishing,SulaSel,0.0
Publishing,SulBar,0.0
Publishing,SulTra,0.0
Publishing,Bali,0.001041474170051515
Publishing,NTB,0.0
Publishing,NTT,0.0
Publishing,Maluku,0.0
Publishing,MalUt,0.0
Publishing,PapuaBar,0.0
Publishing,PapuaProv,0.0005973407533019781
Broadcasting,NAD,0.0
Broadcasting,SumUt,0.0005268590757623315
Broadcasting,SumBar,0.0
Broadcasting,RiauProv,0.0
Broadcasting,KepRi,0.009626857005059719
Broadcasting,Jambi,0.0
Broadcasting,SumSel,0.0
Broadcasting,BaBel,0.0
Broadcasting,Bengkulu,0.0
Broadcasting,Lampung,0.0013211171608418226
Broadcasting,DKI,0.715485692024231
Broadcasting,JaBar,0.025370396673679352
Broadcasting,Banten,0.0
Broadcasting,JaTeng,0.17955602705478668
Broadcasting,DIY,0.0
Broadcasting,JaTim,0.06805673241615295
Broadcasting,KalBar,0.0
Broadcasting,KalTeng,0.0
Broadcasting,KalSel,0.0
Broadcasting,KalTim,0.0
Broadcasting,KalUt,0.0
Broadcasting,SulUt,0.0
Broadcasting,Gorontalo,0.0
Broadcasting,SulTeng,0.0
Broadcasting,SulaSel,0.0
Broadcasting,SulBar,0.0
Broadcasting,SulTra,0.0
Broadcasting,Bali,5.6256620155181736e-05
Broadcasting,NTB,0.0
Broadcasting,NTT,0.0
Broadcasting,Maluku,0.0
Broadcasting,MalUt,0.0
Broadcasting,PapuaBar,0.0
Broadcasting,PapuaProv,0.0
Telecommunic,NAD,0.011015244759619236
Telecommunic,SumUt,0.043380074203014374
Telecommunic,SumBar,0.015715984627604485
Telecommunic,RiauProv,0.036190927028656006
Telecommunic,KepRi,0.019600234925746918
Telecommunic,Jambi,0.011522077955305576
Telecommunic,SumSel,0.02722793072462082
Telecommunic,BaBel,0.0051682391203939915
Telecommunic,Bengkulu,0.004650121554732323
Telecommunic,Lampung,0.023448457941412926
Telecommunic,DKI,0.15350553393363953
Telecommunic,JaBar,0.1592831164598465
Telecommunic,Banten,0.06291808187961578
Telecommunic,JaTeng,0.07993271946907043
Telecommunic,DIY,0.011701801791787148
Telecommunic,JaTim,0.13744038343429565
Telecommunic,KalBar,0.011174156330525875
Telecommunic,KalTeng,0.009345557540655136
Telecommunic,KalSel,0.013918626122176647
Telecommunic,KalTim,0.03414715453982353
Telecommunic,KalUt,0.005543120205402374
Telecommunic,SulUt,0.009512096643447876
Telecommunic,Gorontalo,0.002417447976768017
Telecommunic,SulTeng,0.00910801999270916
Telecommunic,SulaSel,0.02826709672808647
Telecommunic,SulBar,0.0028177336789667606
Telecommunic,SulTra,0.007236073724925518
Telecommunic,Bali,0.018495474010705948
Telecommunic,NTB,0.010248660109937191
Telecommunic,NTT,0.008985530585050583
Telecommunic,Maluku,0.004515351261943579
Telecommunic,MalUt,0.0033448459580540657
Telecommunic,PapuaBar,0.004412414506077766
Telecommunic,PapuaProv,0.013809681870043278
InformatTech,NAD,0.010620323941111565
InformatTech,SumUt,0.0405365452170372
InformatTech,SumBar,0.014864339493215084
InformatTech,RiauProv,0.03357243910431862
InformatTech,KepRi,0.017659928649663925
InformatTech,Jambi,0.011056097224354744
InformatTech,SumSel,0.027652978897094727
InformatTech,BaBel,0.0048122527077794075
InformatTech,Bengkulu,0.004517027642577887
InformatTech,Lampung,0.021144412457942963
InformatTech,DKI,0.18540310859680176
InformatTech,JaBar,0.14780586957931519
InformatTech,Banten,0.05487461015582085
InformatTech,JaTeng,0.07946794480085373
InformatTech,DIY,0.011021638289093971
InformatTech,JaTim,0.13016557693481445
InformatTech,KalBar,0.010946228168904781
InformatTech,KalTeng,0.009219219908118248
InformatTech,KalSel,0.015772823244333267
InformatTech,KalTim,0.04251681640744209
InformatTech,KalUt,0.0055770715698599815
InformatTech,SulUt,0.008936677128076553
InformatTech,Gorontalo,0.00239219656214118
InformatTech,SulTeng,0.008684088476002216
InformatTech,SulaSel,0.02687039040029049
InformatTech,SulBar,0.002610928611829877
InformatTech,SulTra,0.007103309966623783
InformatTech,Bali,0.01777254417538643
InformatTech,NTB,0.010380739346146584
InformatTech,NTT,0.00868704728782177
InformatTech,Maluku,0.004296338185667992
InformatTech,MalUt,0.0032358288299292326
InformatTech,PapuaBar,0.004407602362334728
InformatTech,PapuaProv,0.01541505940258503
FinancialSvc,NAD,0.011050806380808353
FinancialSvc,SumUt,0.04633914306759834
FinancialSvc,SumBar,0.01411402877420187
FinancialSvc,RiauProv,0.04607187956571579
FinancialSvc,KepRi,0.020707303658127785
FinancialSvc,Jambi,0.011954449117183685
FinancialSvc,SumSel,0.030029797926545143
FinancialSvc,BaBel,0.0056594368070364
FinancialSvc,Bengkulu,0.004545624367892742
FinancialSvc,Lampung,0.02421916462481022
FinancialSvc,DKI,0.1261705905199051
FinancialSvc,JaBar,0.17228519916534424
FinancialSvc,Banten,0.05862719193100929
FinancialSvc,JaTeng,0.087521031498909
FinancialSvc,DIY,0.009145151823759079
FinancialSvc,JaTim,0.137777641415596
FinancialSvc,KalBar,0.01113041490316391
FinancialSvc,KalTeng,0.010308812372386456
FinancialSvc,KalSel,0.01382971741259098
FinancialSvc,KalTim,0.03981480747461319
FinancialSvc,KalUt,0.005338456016033888
FinancialSvc,SulUt,0.00834171287715435
FinancialSvc,Gorontalo,0.0023025807458907366
FinancialSvc,SulTeng,0.009427512995898724
FinancialSvc,SulaSel,0.027243833988904953
FinancialSvc,SulBar,0.002984116319566965
FinancialSvc,SulTra,0.006590746343135834
FinancialSvc,Bali,0.015020843595266342
FinancialSvc,NTB,0.009872307069599628
FinancialSvc,NTT,0.007791928946971893
FinancialSvc,Maluku,0.003991414792835712
FinancialSvc,MalUt,0.002925204113125801
FinancialSvc,PapuaBar,0.004247851669788361
FinancialSvc,PapuaProv,0.012619267217814922
InsuranceSvc,NAD,0.011988374404609203
InsuranceSvc,SumUt,0.04390238970518112
InsuranceSvc,SumBar,0.014642101712524891
InsuranceSvc,RiauProv,0.041314344853162766
InsuranceSvc,KepRi,0.017985142767429352
InsuranceSvc,Jambi,0.011498820036649704
InsuranceSvc,SumSel,0.028793366625905037
InsuranceSvc,BaBel,0.005228623282164335
InsuranceSvc,Bengkulu,0.005019469186663628
InsuranceSvc,Lampung,0.023732122033834457
InsuranceSvc,DKI,0.16669675707817078
InsuranceSvc,JaBar,0.15185990929603577
InsuranceSvc,Banten,0.052183084189891815
InsuranceSvc,JaTeng,0.08004732429981232
InsuranceSvc,DIY,0.009983779862523079
InsuranceSvc,JaTim,0.13758745789527893
InsuranceSvc,KalBar,0.011534749530255795
InsuranceSvc,KalTeng,0.009403014555573463
InsuranceSvc,KalSel,0.013307700864970684
InsuranceSvc,KalTim,0.034473467618227005
InsuranceSvc,KalUt,0.005106632597744465
InsuranceSvc,SulUt,0.009029855020344257
InsuranceSvc,Gorontalo,0.0027101892046630383
InsuranceSvc,SulTeng,0.00959667470306158
InsuranceSvc,SulaSel,0.028616126626729965
InsuranceSvc,SulBar,0.003094928804785013
InsuranceSvc,SulTra,0.007145295385271311
InsuranceSvc,Bali,0.017428502440452576
InsuranceSvc,NTB,0.010791047476232052
InsuranceSvc,NTT,0.009141567163169384
InsuranceSvc,Maluku,0.004606690723448992
InsuranceSvc,MalUt,0.0033074466045945883
InsuranceSvc,PapuaBar,0.004718776326626539
InsuranceSvc,PapuaProv,0.013524328358471394
PensionSvc,NAD,0.0
PensionSvc,SumUt,0.0
PensionSvc,SumBar,0.0
PensionSvc,RiauProv,0.0
PensionSvc,KepRi,0.0
PensionSvc,Jambi,0.0
PensionSvc,SumSel,0.0
PensionSvc,BaBel,0.0
PensionSvc,Bengkulu,0.0
PensionSvc,Lampung,0.0
PensionSvc,DKI,0.0
PensionSvc,JaBar,0.0
PensionSvc,Banten,0.0
PensionSvc,JaTeng,0.0
PensionSvc,DIY,0.0
PensionSvc,JaTim,0.0
PensionSvc,KalBar,0.0
PensionSvc,KalTeng,0.0
PensionSvc,KalSel,0.0
PensionSvc,KalTim,0.0
PensionSvc,KalUt,0.0
PensionSvc,SulUt,0.0
PensionSvc,Gorontalo,0.0
PensionSvc,SulTeng,0.0
PensionSvc,SulaSel,0.0
PensionSvc,SulBar,0.0
PensionSvc,SulTra,0.0
PensionSvc,Bali,0.0
PensionSvc,NTB,0.0
PensionSvc,NTT,0.0
PensionSvc,Maluku,0.0
PensionSvc,MalUt,0.0
PensionSvc,PapuaBar,0.0
PensionSvc,PapuaProv,0.0
OthFinancSvc,NAD,0.0110753970220685
OthFinancSvc,SumUt,0.043387215584516525
OthFinancSvc,SumBar,0.01477107685059309
OthFinancSvc,RiauProv,0.0427737794816494
OthFinancSvc,KepRi,0.019822318106889725
OthFinancSvc,Jambi,0.012034490704536438
OthFinancSvc,SumSel,0.031360186636447906
OthFinancSvc,BaBel,0.005810019560158253
OthFinancSvc,Bengkulu,0.004546683747321367
OthFinancSvc,Lampung,0.023290731012821198
OthFinancSvc,DKI,0.14408405125141144
OthFinancSvc,JaBar,0.15591329336166382
OthFinancSvc,Banten,0.05845828354358673
OthFinancSvc,JaTeng,0.07726601511240005
OthFinancSvc,DIY,0.009684855118393898
OthFinancSvc,JaTim,0.13073593378067017
OthFinancSvc,KalBar,0.010932735167443752
OthFinancSvc,KalTeng,0.01045160461217165
OthFinancSvc,KalSel,0.01631246507167816
OthFinancSvc,KalTim,0.04974193871021271
OthFinancSvc,KalUt,0.006088457070291042
OthFinancSvc,SulUt,0.009039327502250671
OthFinancSvc,Gorontalo,0.00239578983746469
OthFinancSvc,SulTeng,0.009456289932131767
OthFinancSvc,SulaSel,0.027429530397057533
OthFinancSvc,SulBar,0.002863771514967084
OthFinancSvc,SulTra,0.007038384210318327
OthFinancSvc,Bali,0.015804043039679527
OthFinancSvc,NTB,0.011040875688195229
OthFinancSvc,NTT,0.008097794838249683
OthFinancSvc,Maluku,0.004209181759506464
OthFinancSvc,MalUt,0.003186655230820179
OthFinancSvc,PapuaBar,0.005152543541043997
OthFinancSvc,PapuaProv,0.015744252130389214
RealEstatSvc,NAD,0.011881683021783829
RealEstatSvc,SumUt,0.043534163385629654
RealEstatSvc,SumBar,0.014807071536779404
RealEstatSvc,RiauProv,0.03791310265660286
RealEstatSvc,KepRi,0.019771166145801544
RealEstatSvc,Jambi,0.011682580225169659
RealEstatSvc,SumSel,0.0299848522990942
RealEstatSvc,BaBel,0.005448216572403908
RealEstatSvc,Bengkulu,0.004723796620965004
RealEstatSvc,Lampung,0.023397546261548996
RealEstatSvc,DKI,0.1391138881444931
RealEstatSvc,JaBar,0.16247539222240448
RealEstatSvc,Banten,0.05920975282788277
RealEstatSvc,JaTeng,0.08199457824230194
RealEstatSvc,DIY,0.010165378451347351
RealEstatSvc,JaTim,0.13635854423046112
RealEstatSvc,KalBar,0.010911381803452969
RealEstatSvc,KalTeng,0.009698055684566498
RealEstatSvc,KalSel,0.015320644713938236
RealEstatSvc,KalTim,0.04300270974636078
RealEstatSvc,KalUt,0.005812275223433971
RealEstatSvc,SulUt,0.009065222926437855
RealEstatSvc,Gorontalo,0.002529804827645421
RealEstatSvc,SulTeng,0.009604433551430702
RealEstatSvc,SulaSel,0.027550052851438522
RealEstatSvc,SulBar,0.00291552790440619
RealEstatSvc,SulTra,0.007245423272252083
RealEstatSvc,Bali,0.01683499664068222
RealEstatSvc,NTB,0.010739226825535297
RealEstatSvc,NTT,0.008869163691997528
RealEstatSvc,Maluku,0.004426473751664162
RealEstatSvc,MalUt,0.0033392468467354774
RealEstatSvc,PapuaBar,0.004812856204807758
RealEstatSvc,PapuaProv,0.014860836789011955
ProfSciTech,NAD,0.009569145739078522
ProfSciTech,SumUt,0.042547281831502914
ProfSciTech,SumBar,0.01439608633518219
ProfSciTech,RiauProv,0.02915704995393753
ProfSciTech,KepRi,0.016307277604937553
ProfSciTech,Jambi,0.009807975962758064
ProfSciTech,SumSel,0.0247332863509655
ProfSciTech,BaBel,0.004898890387266874
ProfSciTech,Bengkulu,0.004288782365620136
ProfSciTech,Lampung,0.018877459689974785
ProfSciTech,DKI,0.18446174263954163
ProfSciTech,JaBar,0.14012038707733154
ProfSciTech,Banten,0.062333617359399796
ProfSciTech,JaTeng,0.09725288301706314
ProfSciTech,DIY,0.011698426678776741
ProfSciTech,JaTim,0.12967748939990997
ProfSciTech,KalBar,0.010716311633586884
ProfSciTech,KalTeng,0.008859939873218536
ProfSciTech,KalSel,0.015197875909507275
ProfSciTech,KalTim,0.03693155199289322
ProfSciTech,KalUt,0.005229694303125143
ProfSciTech,SulUt,0.008906531147658825
ProfSciTech,Gorontalo,0.002306316513568163
ProfSciTech,SulTeng,0.008162453770637512
ProfSciTech,SulaSel,0.02827981486916542
ProfSciTech,SulBar,0.00216913060285151
ProfSciTech,SulTra,0.007189522963017225
ProfSciTech,Bali,0.01912039704620838
ProfSciTech,NTB,0.010138539597392082
ProfSciTech,NTT,0.008616658858954906
ProfSciTech,Maluku,0.004345480352640152
ProfSciTech,MalUt,0.0034209368750452995
ProfSciTech,PapuaBar,0.0042055645026266575
ProfSciTech,PapuaProv,0.016075536608695984
RentalSvc,NAD,0.011214244179427624
RentalSvc,SumUt,0.03878568112850189
RentalSvc,SumBar,0.0136408731341362
RentalSvc,RiauProv,0.03567774221301079
RentalSvc,KepRi,0.02038559503853321
RentalSvc,Jambi,0.01125703752040863
RentalSvc,SumSel,0.03088947758078575
RentalSvc,BaBel,0.004982239566743374
RentalSvc,Bengkulu,0.004533705301582813
RentalSvc,Lampung,0.019406761974096298
RentalSvc,DKI,0.16005346179008484
RentalSvc,JaBar,0.16131183505058289
RentalSvc,Banten,0.053656309843063354
RentalSvc,JaTeng,0.07760266214609146
RentalSvc,DIY,0.010203639976680279
RentalSvc,JaTim,0.12127549946308136
RentalSvc,KalBar,0.010344124399125576
RentalSvc,KalTeng,0.00970255583524704
RentalSvc,KalSel,0.018962671980261803
RentalSvc,KalTim,0.05961275473237038
RentalSvc,KalUt,0.006411799695342779
RentalSvc,SulUt,0.008440441451966763
RentalSvc,Gorontalo,0.0024357978254556656
RentalSvc,SulTeng,0.008794336579740047
RentalSvc,SulaSel,0.025280719622969627
RentalSvc,SulBar,0.0024571139365434647
RentalSvc,SulTra,0.007188595365732908
RentalSvc,Bali,0.016032446175813675
RentalSvc,NTB,0.010501859709620476
RentalSvc,NTT,0.008778893388807774
RentalSvc,Maluku,0.004497104790061712
RentalSvc,MalUt,0.003380616195499897
RentalSvc,PapuaBar,0.005265371408313513
RentalSvc,PapuaProv,0.017036065459251404
GenGovernmet,NAD,0.025731997564435005
GenGovernmet,SumUt,0.04684366658329964
GenGovernmet,SumBar,0.01950562559068203
GenGovernmet,RiauProv,0.022796133533120155
GenGovernmet,KepRi,0.010344902984797955
GenGovernmet,Jambi,0.012094969861209393
GenGovernmet,SumSel,0.02509668655693531
GenGovernmet,BaBel,0.006093556992709637
GenGovernmet,Bengkulu,0.008731589652597904
GenGovernmet,Lampung,0.021469343453645706
GenGovernmet,DKI,0.20779162645339966
GenGovernmet,JaBar,0.1066402867436409
GenGovernmet,Banten,0.02930038422346115
GenGovernmet,JaTeng,0.08093016594648361
GenGovernmet,DIY,0.014537276700139046
GenGovernmet,JaTim,0.1092877984046936
GenGovernmet,KalBar,0.0165718887001276
GenGovernmet,KalTeng,0.011744742281734943
GenGovernmet,KalSel,0.01580693945288658
GenGovernmet,KalTim,0.01840674690902233
GenGovernmet,KalUt,0.0052535878494381905
GenGovernmet,SulUt,0.012823063880205154
GenGovernmet,Gorontalo,0.005421772133558989
GenGovernmet,SulTeng,0.012319564819335938
GenGovernmet,SulaSel,0.03355200216174126
GenGovernmet,SulBar,0.004681922495365143
GenGovernmet,SulTra,0.012386429123580456
GenGovernmet,Bali,0.018137581646442413
GenGovernmet,NTB,0.014055290259420872
GenGovernmet,NTT,0.020064091309905052
GenGovernmet,Maluku,0.010269731283187866
GenGovernmet,MalUt,0.006770809181034565
GenGovernmet,PapuaBar,0.009111410938203335
GenGovernmet,PapuaProv,0.025426452979445457
GovEducation,NAD,0.02633807621896267
GovEducation,SumUt,0.04712333530187607
GovEducation,SumBar,0.019491981714963913
GovEducation,RiauProv,0.022984344512224197
GovEducation,KepRi,0.0101730115711689
GovEducation,Jambi,0.012198085896670818
GovEducation,SumSel,0.02508910372853279
GovEducation,BaBel,0.006178447976708412
GovEducation,Bengkulu,0.008886772207915783
GovEducation,Lampung,0.021486172452569008
GovEducation,DKI,0.2067539393901825
GovEducation,JaBar,0.10644339770078659
GovEducation,Banten,0.027763914316892624
GovEducation,JaTeng,0.08133754879236221
GovEducation,DIY,0.014232036657631397
GovEducation,JaTim,0.10865503549575806
GovEducation,KalBar,0.01676987297832966
GovEducation,KalTeng,0.011887401342391968
GovEducation,KalSel,0.015914803370833397
GovEducation,KalTim,0.018131187185645103
GovEducation,KalUt,0.005271513480693102
GovEducation,SulUt,0.012857931666076183
GovEducation,Gorontalo,0.005534156691282988
GovEducation,SulTeng,0.012541491538286209
GovEducation,SulaSel,0.03380858153104782
GovEducation,SulBar,0.004793846048414707
GovEducation,SulTra,0.01254957914352417
GovEducation,Bali,0.017827674746513367
GovEducation,NTB,0.014242683537304401
GovEducation,NTT,0.020396430045366287
GovEducation,Maluku,0.01045952457934618
GovEducation,MalUt,0.006879151798784733
GovEducation,PapuaBar,0.009254854172468185
GovEducation,PapuaProv,0.025744110345840454
GovHealth,NAD,0.02520926110446453
GovHealth,SumUt,0.0468749962747097
GovHealth,SumBar,0.019121240824460983
GovHealth,RiauProv,0.02445552684366703
GovHealth,KepRi,0.010931192897260189
GovHealth,Jambi,0.012149842455983162
GovHealth,SumSel,0.025455759838223457
GovHealth,BaBel,0.006106343120336533
GovHealth,Bengkulu,0.008558298461139202
GovHealth,Lampung,0.0217368733137846
GovHealth,DKI,0.20298239588737488
GovHealth,JaBar,0.1103920042514801
GovHealth,Banten,0.029863780364394188
GovHealth,JaTeng,0.0811367928981781
GovHealth,DIY,0.013861882500350475
GovHealth,JaTim,0.11110330373048782
GovHealth,KalBar,0.016335707157850266
GovHealth,KalTeng,0.011706276796758175
GovHealth,KalSel,0.015705106779932976
GovHealth,KalTim,0.019384821876883507
GovHealth,KalUt,0.0052608284167945385
GovHealth,SulUt,0.012543934397399426
GovHealth,Gorontalo,0.0053146458230912685
GovHealth,SulTeng,0.01232295110821724
GovHealth,SulaSel,0.0333913154900074
GovHealth,SulBar,0.0046749478206038475
GovHealth,SulTra,0.012114017270505428
GovHealth,Bali,0.017677804455161095
GovHealth,NTB,0.013962679542601109
GovHealth,NTT,0.019477855414152145
GovHealth,Maluku,0.009984844364225864
GovHealth,MalUt,0.006585386581718922
GovHealth,PapuaBar,0.00887002982199192
GovHealth,PapuaProv,0.024747334420681
OthGovSvc,NAD,0.0
OthGovSvc,SumUt,0.0
OthGovSvc,SumBar,0.0
OthGovSvc,RiauProv,0.0
OthGovSvc,KepRi,0.0
OthGovSvc,Jambi,0.0
OthGovSvc,SumSel,0.0
OthGovSvc,BaBel,0.0
OthGovSvc,Bengkulu,0.0
OthGovSvc,Lampung,0.0
OthGovSvc,DKI,0.5214567184448242
OthGovSvc,JaBar,0.0
OthGovSvc,Banten,0.0
OthGovSvc,JaTeng,0.4785432815551758
OthGovSvc,DIY,0.0
OthGovSvc,JaTim,0.0
OthGovSvc,KalBar,0.0
OthGovSvc,KalTeng,0.0
OthGovSvc,KalSel,0.0
OthGovSvc,KalTim,0.0
OthGovSvc,KalUt,0.0
OthGovSvc,SulUt,0.0
OthGovSvc,Gorontalo,0.0
OthGovSvc,SulTeng,0.0
OthGovSvc,SulaSel,0.0
OthGovSvc,SulBar,0.0
OthGovSvc,SulTra,0.0
OthGovSvc,Bali,0.0
OthGovSvc,NTB,0.0
OthGovSvc,NTT,0.0
OthGovSvc,Maluku,0.0
OthGovSvc,MalUt,0.0
OthGovSvc,PapuaBar,0.0
OthGovSvc,PapuaProv,0.0
PrvEducation,NAD,0.01279450673609972
PrvEducation,SumUt,0.045868996530771255
PrvEducation,SumBar,0.01573253609240055
PrvEducation,RiauProv,0.03965383395552635
PrvEducation,KepRi,0.018995162099599838
PrvEducation,Jambi,0.012164033949375153
PrvEducation,SumSel,0.02979593351483345
PrvEducation,BaBel,0.005515440367162228
PrvEducation,Bengkulu,0.00507819838821888
PrvEducation,Lampung,0.025286022573709488
PrvEducation,DKI,0.1311212033033371
PrvEducation,JaBar,0.16494935750961304
PrvEducation,Banten,0.05727028101682663
PrvEducation,JaTeng,0.08504964411258698
PrvEducation,DIY,0.010331103578209877
PrvEducation,JaTim,0.13747915625572205
PrvEducation,KalBar,0.011691831983625889
PrvEducation,KalTeng,0.010047943331301212
PrvEducation,KalSel,0.013831967487931252
PrvEducation,KalTim,0.03494742512702942
PrvEducation,KalUt,0.0054174503311514854
PrvEducation,SulUt,0.009372010827064514
PrvEducation,Gorontalo,0.002738073468208313
PrvEducation,SulTeng,0.010096969082951546
PrvEducation,SulaSel,0.029437322169542313
PrvEducation,SulBar,0.0033843342680484056
PrvEducation,SulTra,0.007414682302623987
PrvEducation,Bali,0.016907041892409325
PrvEducation,NTB,0.011312715709209442
PrvEducation,NTT,0.009409166872501373
PrvEducation,Maluku,0.004691411275416613
PrvEducation,MalUt,0.0034226225689053535
PrvEducation,PapuaBar,0.004614753182977438
PrvEducation,PapuaProv,0.01417685765773058
PrvHealth,NAD,0.012638638727366924
PrvHealth,SumUt,0.04591081291437149
PrvHealth,SumBar,0.01571856439113617
PrvHealth,RiauProv,0.039980970323085785
PrvHealth,KepRi,0.018655478954315186
PrvHealth,Jambi,0.012065937742590904
PrvHealth,SumSel,0.029654821380972862
PrvHealth,BaBel,0.00550214434042573
PrvHealth,Bengkulu,0.005001970566809177
PrvHealth,Lampung,0.025155024603009224
PrvHealth,DKI,0.1312871128320694
PrvHealth,JaBar,0.16348132491111755
PrvHealth,Banten,0.05805758759379387
PrvHealth,JaTeng,0.08464732021093369
PrvHealth,DIY,0.010334815829992294
PrvHealth,JaTim,0.13897624611854553
PrvHealth,KalBar,0.011542118154466152
PrvHealth,KalTeng,0.01009886059910059
PrvHealth,KalSel,0.013626073487102985
PrvHealth,KalTim,0.03468756750226021
PrvHealth,KalUt,0.005453228019177914
PrvHealth,SulUt,0.00945706944912672
PrvHealth,Gorontalo,0.0027112923562526703
PrvHealth,SulTeng,0.00998482946306467
PrvHealth,SulaSel,0.02935977280139923
PrvHealth,SulBar,0.003333787200972438
PrvHealth,SulTra,0.007378367707133293
PrvHealth,Bali,0.0167933888733387
PrvHealth,NTB,0.011611532419919968
PrvHealth,NTT,0.009305646643042564
PrvHealth,Maluku,0.00468414044007659
PrvHealth,MalUt,0.003432484110817313
PrvHealth,PapuaBar,0.004610487259924412
PrvHealth,PapuaProv,0.01486060582101345
ArtsEntrtain,NAD,0.012353189289569855
ArtsEntrtain,SumUt,0.04364674910902977
ArtsEntrtain,SumBar,0.01615695096552372
ArtsEntrtain,RiauProv,0.038461487740278244
ArtsEntrtain,KepRi,0.017583871260285378
ArtsEntrtain,Jambi,0.012159302830696106
ArtsEntrtain,SumSel,0.028935138136148453
ArtsEntrtain,BaBel,0.005146400071680546
ArtsEntrtain,Bengkulu,0.004950621630996466
ArtsEntrtain,Lampung,0.025024348869919777
ArtsEntrtain,DKI,0.1505178064107895
ArtsEntrtain,JaBar,0.15895843505859375
ArtsEntrtain,Banten,0.054513778537511826
ArtsEntrtain,JaTeng,0.08426310867071152
ArtsEntrtain,DIY,0.011201861314475536
ArtsEntrtain,JaTim,0.13972100615501404
ArtsEntrtain,KalBar,0.011644021607935429
ArtsEntrtain,KalTeng,0.009346080012619495
ArtsEntrtain,KalSel,0.013561384752392769
ArtsEntrtain,KalTim,0.03225516527891159
ArtsEntrtain,KalUt,0.00513475714251399
ArtsEntrtain,SulUt,0.009167846292257309
ArtsEntrtain,Gorontalo,0.0025815065018832684
ArtsEntrtain,SulTeng,0.00977709423750639
ArtsEntrtain,SulaSel,0.028602106496691704
ArtsEntrtain,SulBar,0.0033272053115069866
ArtsEntrtain,SulTra,0.007253733929246664
ArtsEntrtain,Bali,0.01741369254887104
ArtsEntrtain,NTB,0.010588133707642555
ArtsEntrtain,NTT,0.009510884061455727
ArtsEntrtain,Maluku,0.0046021342277526855
ArtsEntrtain,MalUt,0.003339446848258376
ArtsEntrtain,PapuaBar,0.004431649576872587
ArtsEntrtain,PapuaProv,0.013869108632206917
HholdRepairs,NAD,0.011717075482010841
HholdRepairs,SumUt,0.04286963865160942
HholdRepairs,SumBar,0.013030054047703743
HholdRepairs,RiauProv,0.04709557443857193
HholdRepairs,KepRi,0.02015596628189087
HholdRepairs,Jambi,0.011956093832850456
HholdRepairs,SumSel,0.03486589342355728
HholdRepairs,BaBel,0.005596034694463015
HholdRepairs,Bengkulu,0.004513096064329147
HholdRepairs,Lampung,0.020130285993218422
HholdRepairs,DKI,0.14261487126350403
HholdRepairs,JaBar,0.15638688206672668
HholdRepairs,Banten,0.04809267073869705
HholdRepairs,JaTeng,0.08767466247081757
HholdRepairs,DIY,0.008965029381215572
HholdRepairs,JaTim,0.13020093739032745
HholdRepairs,KalBar,0.010312981903553009
HholdRepairs,KalTeng,0.009573510847985744
HholdRepairs,KalSel,0.015633011236786842
HholdRepairs,KalTim,0.05419394001364708
HholdRepairs,KalUt,0.005626372992992401
HholdRepairs,SulUt,0.00789110828191042
HholdRepairs,Gorontalo,0.0024327978026121855
HholdRepairs,SulTeng,0.009378134272992611
HholdRepairs,SulaSel,0.026449669152498245
HholdRepairs,SulBar,0.0026208453346043825
HholdRepairs,SulTra,0.007043072488158941
HholdRepairs,Bali,0.0149107426404953
HholdRepairs,NTB,0.010288768447935581
HholdRepairs,NTT,0.008269941434264183
HholdRepairs,Maluku,0.004449634347110987
HholdRepairs,MalUt,0.0030747137498110533
HholdRepairs,PapuaBar,0.005978015251457691
HholdRepairs,PapuaProv,0.01600802130997181
OthSvc,NAD,0.012390152551233768
OthSvc,SumUt,0.045774828642606735
OthSvc,SumBar,0.01606203056871891
OthSvc,RiauProv,0.03912360221147537
OthSvc,KepRi,0.018836595118045807
OthSvc,Jambi,0.01193009503185749
OthSvc,SumSel,0.0292375385761261
OthSvc,BaBel,0.005437827669084072
OthSvc,Bengkulu,0.004936784040182829
OthSvc,Lampung,0.024723736569285393
OthSvc,DKI,0.1335100382566452
OthSvc,JaBar,0.16268688440322876
OthSvc,Banten,0.061322715133428574
OthSvc,JaTeng,0.08375941216945648
OthSvc,DIY,0.010731098242104053
OthSvc,JaTim,0.13775219023227692
OthSvc,KalBar,0.011476918123662472
OthSvc,KalTeng,0.010032635182142258
OthSvc,KalSel,0.013630449771881104
OthSvc,KalTim,0.034813158214092255
OthSvc,KalUt,0.005365291610360146
OthSvc,SulUt,0.009556537494063377
OthSvc,Gorontalo,0.002676446223631501
OthSvc,SulTeng,0.009801116771996021
OthSvc,SulaSel,0.02913430891931057
OthSvc,SulBar,0.0032036248594522476
OthSvc,SulTra,0.007401842158287764
OthSvc,Bali,0.017172306776046753
OthSvc,NTB,0.01112382486462593
OthSvc,NTT,0.009322414174675941
OthSvc,Maluku,0.004675145726650953
OthSvc,MalUt,0.0034438171423971653
OthSvc,PapuaBar,0.004609348718076944
OthSvc,PapuaProv,0.014345255680382252
__header__:DIST,dim1,dim2,Value
NAD,NAD,1.4858754873275757
NAD,SumUt,2.9717509746551514
NAD,SumBar,6.7260565757751465
NAD,RiauProv,6.158966541290283
NAD,KepRi,20.78750991821289
NAD,Jambi,8.315895080566406
NAD,SumSel,10.413800239562988
NAD,BaBel,14.528980255126953
NAD,Bengkulu,9.4928560256958
NAD,Lampung,12.241250038146973
NAD,DKI,16.702529907226562
NAD,JaBar,17.57971954345703
NAD,Banten,16.026548385620117
NAD,JaTeng,20.18315887451172
NAD,DIY,20.58636474609375
NAD,JaTim,22.179237365722656
NAD,KalBar,24.96537971496582
NAD,KalTeng,27.700244903564453
NAD,KalSel,30.089569091796875
NAD,KalTim,30.28886604309082
NAD,KalUt,30.803531646728516
NAD,SulUt,43.76396942138672
NAD,Gorontalo,42.149784088134766
NAD,SulTeng,40.70118713378906
NAD,SulaSel,38.998260498046875
NAD,SulBar,38.061851501464844
NAD,SulTra,40.897403717041016
NAD,Bali,28.26113510131836
NAD,NTB,32.70058822631836
NAD,NTT,39.17167282104492
NAD,Maluku,56.45780944824219
NAD,MalUt,51.5676155090332
NAD,PapuaBar,61.7940673828125
NAD,PapuaProv,74.70207977294922
SumUt,NAD,2.9717509746551514
SumUt,SumUt,1.4858754873275757
SumUt,SumBar,3.8351826667785645
SumUt,RiauProv,3.1965701580047607
SumUt,KepRi,17.82511329650879
SumUt,Jambi,5.356536865234375
SumUt,SumSel,7.453601360321045
SumUt,BaBel,11.568780899047852
SumUt,Bengkulu,6.639796733856201
SumUt,Lampung,9.297980308532715
SumUt,DKI,13.759259223937988
SumUt,JaBar,14.636449813842773
SumUt,Banten,13.08327865600586
SumUt,JaTeng,17.23988914489746
SumUt,DIY,17.643096923828125
SumUt,JaTim,19.2359676361084
SumUt,KalBar,22.00298309326172
SumUt,KalTeng,24.73784828186035
SumUt,KalSel,27.127172470092773
SumUt,KalTim,27.32646942138672
SumUt,KalUt,27.84113311767578
SumUt,SulUt,40.80157470703125
SumUt,Gorontalo,39.18738555908203
SumUt,SulTeng,37.738792419433594
SumUt,SulaSel,36.035865783691406
SumUt,SulBar,35.099456787109375
SumUt,SulTra,37.93500518798828
SumUt,Bali,25.317867279052734
SumUt,NTB,29.757320404052734
SumUt,NTT,36.22840118408203
SumUt,Maluku,53.49541091918945
SumUt,MalUt,48.60521697998047
SumUt,PapuaBar,58.83167266845703
SumUt,PapuaProv,71.73968505859375
SumBar,NAD,6.7260565757751465
SumBar,SumUt,3.8351826667785645
SumBar,SumBar,0.7988430857658386
SumBar,RiauProv,1.5976861715316772
SumBar,KepRi,16.22623062133789
SumBar,Jambi,1.7638661861419678
SumBar,SumSel,3.7830820083618164
SumBar,BaBel,7.898262023925781
SumBar,Bengkulu,2.8085601329803467
SumBar,Lampung,5.537576675415039
SumBar,DKI,9.998855590820312
SumBar,JaBar,10.876045227050781
SumBar,Banten,9.322875022888184
SumBar,JaTeng,13.479485511779785
SumBar,DIY,13.882692337036133
SumBar,JaTim,15.475564002990723
SumBar,KalBar,18.93561553955078
SumBar,KalTeng,21.670480728149414
SumBar,KalSel,24.05980682373047
SumBar,KalTim,24.25910186767578
SumBar,KalUt,24.773765563964844
SumBar,SulUt,37.73420715332031
SumBar,Gorontalo,36.120018005371094
SumBar,SulTeng,34.671424865722656
SumBar,SulaSel,32.96849822998047
SumBar,SulBar,32.03208923339844
SumBar,SulTra,34.867637634277344
SumBar,Bali,21.557462692260742
SumBar,NTB,25.996915817260742
SumBar,NTT,32.46799850463867
SumBar,Maluku,50.428043365478516
SumBar,MalUt,45.5378532409668
SumBar,PapuaBar,55.76430130004883
SumBar,PapuaProv,68.67230987548828
RiauProv,NAD,6.158966541290283
RiauProv,SumUt,3.1965701580047607
RiauProv,SumBar,1.5976861715316772
RiauProv,RiauProv,0.7988430857658386
RiauProv,KepRi,14.628543853759766
RiauProv,Jambi,2.3498921394348145
RiauProv,SumSel,4.383451461791992
RiauProv,BaBel,8.498631477355957
RiauProv,Bengkulu,4.012218475341797
RiauProv,Lampung,6.27459192276001
RiauProv,DKI,10.735870361328125
RiauProv,JaBar,11.61306095123291
RiauProv,Banten,10.059889793395996
RiauProv,JaTeng,14.216501235961914
RiauProv,DIY,14.619707107543945
RiauProv,JaTim,16.21257781982422
RiauProv,KalBar,18.806413650512695
RiauProv,KalTeng,21.541278839111328
RiauProv,KalSel,23.93060302734375
RiauProv,KalTim,24.129899978637695
RiauProv,KalUt,24.64456558227539
RiauProv,SulUt,37.605003356933594
RiauProv,Gorontalo,35.99081802368164
RiauProv,SulTeng,34.5422248840332
RiauProv,SulaSel,32.83929443359375
RiauProv,SulBar,31.90288734436035
RiauProv,SulTra,34.73843765258789
RiauProv,Bali,22.294475555419922
RiauProv,NTB,26.733928680419922
RiauProv,NTT,33.205013275146484
RiauProv,Maluku,50.29884338378906
RiauProv,MalUt,45.40864944458008
RiauProv,PapuaBar,55.635101318359375
RiauProv,PapuaProv,68.5431137084961
KepRi,NAD,20.78750991821289
KepRi,SumUt,17.82511329650879
KepRi,SumBar,16.22623062133789
KepRi,RiauProv,14.628543853759766
KepRi,KepRi,4.9570183753967285
KepRi,Jambi,15.690400123596191
KepRi,SumSel,16.385623931884766
KepRi,BaBel,13.10658073425293
KepRi,Bengkulu,17.552526473999023
KepRi,Lampung,18.285615921020508
KepRi,DKI,20.432863235473633
KepRi,JaBar,21.477079391479492
KepRi,Banten,21.1525821685791
KepRi,JaTeng,22.706390380859375
KepRi,DIY,23.387819290161133
KepRi,JaTim,24.677967071533203
KepRi,KalBar,9.914036750793457
KepRi,KalTeng,12.64890193939209
KepRi,KalSel,15.038227081298828
KepRi,KalTim,15.237524032592773
KepRi,KalUt,15.752187728881836
KepRi,SulUt,28.712627410888672
KepRi,Gorontalo,27.09844207763672
KepRi,SulTeng,25.64984703063965
KepRi,SulaSel,23.946918487548828
KepRi,SulBar,23.010509490966797
KepRi,SulTra,25.846059799194336
KepRi,Bali,25.848800659179688
KepRi,NTB,27.36587905883789
KepRi,NTT,30.380699157714844
KepRi,Maluku,41.40646743774414
KepRi,MalUt,36.516273498535156
KepRi,PapuaBar,46.74272155761719
KepRi,PapuaProv,59.65073776245117
Jambi,NAD,8.315895080566406
Jambi,SumUt,5.356536865234375
Jambi,SumBar,1.7638661861419678
Jambi,RiauProv,2.3498921394348145
Jambi,KepRi,15.690400123596191
Jambi,Jambi,0.8819330930709839
Jambi,SumSel,2.0979413986206055
Jambi,BaBel,6.21312141418457
Jambi,Bengkulu,1.862126111984253
Jambi,Lampung,3.954340696334839
Jambi,DKI,8.415619850158691
Jambi,JaBar,9.29280948638916
Jambi,Banten,7.739638805389404
Jambi,JaTeng,11.896249771118164
Jambi,DIY,12.299456596374512
Jambi,JaTim,13.892328262329102
Jambi,KalBar,17.171749114990234
Jambi,KalTeng,19.906614303588867
Jambi,KalSel,22.295940399169922
Jambi,KalTim,22.495235443115234
Jambi,KalUt,23.009899139404297
Jambi,SulUt,35.970340728759766
Jambi,Gorontalo,34.35615539550781
Jambi,SulTeng,32.90755844116211
Jambi,SulaSel,31.204631805419922
Jambi,SulBar,30.26822280883789
Jambi,SulTra,33.10377502441406
Jambi,Bali,19.974225997924805
Jambi,NTB,24.413679122924805
Jambi,NTT,30.884761810302734
Jambi,Maluku,48.664180755615234
Jambi,MalUt,43.77398681640625
Jambi,PapuaBar,54.00043487548828
Jambi,PapuaProv,66.908447265625
SumSel,NAD,10.413800239562988
SumSel,SumUt,7.453601360321045
SumSel,SumBar,3.7830820083618164
SumSel,RiauProv,4.383451461791992
SumSel,KepRi,16.385623931884766
SumSel,Jambi,2.0979413986206055
SumSel,SumSel,0.9238392114639282
SumSel,BaBel,4.115180015563965
SumSel,Bengkulu,1.8476784229278564
SumSel,Lampung,1.8999922275543213
SumSel,DKI,6.361270904541016
SumSel,JaBar,7.238461017608643
SumSel,Banten,5.685290336608887
SumSel,JaTeng,9.841900825500488
SumSel,DIY,10.245107650756836
SumSel,JaTim,11.837979316711426
SumSel,KalBar,15.317193984985352
SumSel,KalTeng,18.052059173583984
SumSel,KalSel,20.441383361816406
SumSel,KalTim,20.64068031311035
SumSel,KalUt,21.155345916748047
SumSel,SulUt,34.11578369140625
SumSel,Gorontalo,32.5015983581543
SumSel,SulTeng,31.05300521850586
SumSel,SulaSel,29.35007667541504
SumSel,SulBar,28.413667678833008
SumSel,SulTra,31.249217987060547
SumSel,Bali,17.919878005981445
SumSel,NTB,22.359331130981445
SumSel,NTT,28.830413818359375
SumSel,Maluku,46.80962371826172
SumSel,MalUt,41.919429779052734
SumSel,PapuaBar,52.14588165283203
SumSel,PapuaProv,65.05389404296875
BaBel,NAD,14.528980255126953
BaBel,SumUt,11.568780899047852
BaBel,SumBar,7.898262023925781
BaBel,RiauProv,8.498631477355957
BaBel,KepRi,13.10658073425293
BaBel,Jambi,6.21312141418457
BaBel,SumSel,4.115180015563965
BaBel,BaBel,2.0575900077819824
BaBel,Bengkulu,5.962858200073242
BaBel,Lampung,5.6619486808776855
BaBel,DKI,8.095646858215332
BaBel,JaBar,9.139863014221191
BaBel,Banten,8.408510208129883
BaBel,JaTeng,11.617609024047852
BaBel,DIY,12.079778671264648
BaBel,JaTim,13.615861892700195
BaBel,KalBar,11.213546752929688
BaBel,KalTeng,13.94841194152832
BaBel,KalSel,16.337738037109375
BaBel,KalTim,16.537033081054688
BaBel,KalUt,17.05169677734375
BaBel,SulUt,30.01213836669922
BaBel,Gorontalo,28.397951126098633
BaBel,SulTeng,26.949357986450195
BaBel,SulaSel,25.246429443359375
BaBel,SulBar,24.310020446777344
BaBel,SulTra,27.145570755004883
BaBel,Bali,19.69776153564453
BaBel,NTB,24.13721466064453
BaBel,NTT,30.608295440673828
BaBel,Maluku,42.70597839355469
BaBel,MalUt,37.8157844543457
BaBel,PapuaBar,48.042236328125
BaBel,PapuaProv,60.95024871826172
Bengkulu,NAD,9.4928560256958
Bengkulu,SumUt,6.639796733856201
Bengkulu,SumBar,2.8085601329803467
Bengkulu,RiauProv,4.012218475341797
Bengkulu,KepRi,17.552526473999023
Bengkulu,Jambi,1.862126111984253
Bengkulu,SumSel,1.8476784229278564
Bengkulu,BaBel,5.962858200073242
Bengkulu,Bengkulu,0.9238392114639282
Bengkulu,Lampung,3.01572847366333
Bengkulu,DKI,7.4770073890686035
Bengkulu,JaBar,8.35419750213623
Bengkulu,Banten,6.801026344299316
Bengkulu,JaTeng,10.957637786865234
Bengkulu,DIY,11.360843658447266
Bengkulu,JaTim,12.953715324401855
Bengkulu,KalBar,17.164873123168945
Bengkulu,KalTeng,19.899738311767578
Bengkulu,KalSel,22.2890625
Bengkulu,KalTim,22.488359451293945
Bengkulu,KalUt,23.00302505493164
Bengkulu,SulUt,35.963462829589844
Bengkulu,Gorontalo,34.34927749633789
Bengkulu,SulTeng,32.90068435668945
Bengkulu,SulaSel,31.197755813598633
Bengkulu,SulBar,30.2613468170166
Bengkulu,SulTra,33.09689712524414
Bengkulu,Bali,19.035614013671875
Bengkulu,NTB,23.475067138671875
Bengkulu,NTT,29.946149826049805
Bengkulu,Maluku,48.65730285644531
Bengkulu,MalUt,43.76710891723633
Bengkulu,PapuaBar,53.993560791015625
Bengkulu,PapuaProv,66.5278549194336
Lampung,NAD,12.241250038146973
Lampung,SumUt,9.297980308532715
Lampung,SumBar,5.537576675415039
Lampung,RiauProv,6.27459192276001
Lampung,KepRi,18.285615921020508
Lampung,Jambi,3.954340696334839
Lampung,SumSel,1.8999922275543213
Lampung,BaBel,5.6619486808776855
Lampung,Bengkulu,3.01572847366333
Lampung,Lampung,0.9499961137771606
Lampung,DKI,4.461278915405273
Lampung,JaBar,5.3384690284729
Lampung,Banten,3.7852981090545654
Lampung,JaTeng,7.941908836364746
Lampung,DIY,8.345115661621094
Lampung,JaTim,9.937987327575684
Lampung,KalBar,15.625104904174805
Lampung,KalTeng,18.05029296875
Lampung,KalSel,20.43967056274414
Lampung,KalTim,20.948591232299805
Lampung,KalUt,21.4632568359375
Lampung,SulUt,33.5631103515625
Lampung,Gorontalo,32.23326873779297
Lampung,SulTeng,30.500329971313477
Lampung,SulaSel,28.797401428222656
Lampung,SulBar,27.860992431640625
Lampung,SulTra,30.696542739868164
Lampung,Bali,16.019886016845703
Lampung,NTB,20.459339141845703
Lampung,NTT,26.930421829223633
Lampung,Maluku,46.0742301940918
Lampung,MalUt,41.366756439208984
Lampung,PapuaBar,51.593204498291016
Lampung,PapuaProv,63.51212692260742
DKI,NAD,16.702529907226562
DKI,SumUt,13.759259223937988
DKI,SumBar,9.998855590820312
DKI,RiauProv,10.735870361328125
DKI,KepRi,20.432863235473633
DKI,Jambi,8.415619850158691
DKI,SumSel,6.361270904541016
DKI,BaBel,8.095646858215332
DKI,Bengkulu,7.4770073890686035
DKI,Lampung,4.461278915405273
DKI,DKI,0.37842535972595215
DKI,JaBar,1.044216513633728
DKI,Banten,0.7568507194519043
DKI,JaTeng,3.5219626426696777
DKI,DIY,3.9841322898864746
DKI,JaTim,5.520214557647705
DKI,KalBar,15.008267402648926
DKI,KalTeng,16.06639862060547
DKI,KalSel,17.00040626525879
DKI,KalTim,19.732744216918945
DKI,KalUt,20.846418380737305
DKI,SulUt,29.14533805847168
DKI,Gorontalo,27.81549835205078
DKI,SulTeng,26.082557678222656
DKI,SulaSel,24.37963104248047
DKI,SulBar,23.443220138549805
DKI,SulTra,26.278770446777344
DKI,Bali,11.602113723754883
DKI,NTB,16.041566848754883
DKI,NTT,22.512649536132812
DKI,Maluku,41.65645980834961
DKI,MalUt,36.94898223876953
DKI,PapuaBar,47.17543411254883
DKI,PapuaProv,59.09435272216797
JaBar,NAD,17.57971954345703
JaBar,SumUt,14.636449813842773
JaBar,SumBar,10.876045227050781
JaBar,RiauProv,11.61306095123291
JaBar,KepRi,21.477079391479492
JaBar,Jambi,9.29280948638916
JaBar,SumSel,7.238461017608643
JaBar,BaBel,9.139863014221191
JaBar,Bengkulu,8.35419750213623
JaBar,Lampung,5.3384690284729
JaBar,DKI,1.044216513633728
JaBar,JaBar,0.522108256816864
JaBar,Banten,1.5531708002090454
JaBar,JaTeng,2.6181228160858154
JaBar,DIY,3.0069966316223145
JaBar,JaTim,4.607333183288574
JaBar,KalBar,15.429619789123535
JaBar,KalTeng,15.640514373779297
JaBar,KalSel,16.096567153930664
JaBar,KalTim,19.306859970092773
JaBar,KalUt,20.909080505371094
JaBar,SulUt,28.23245620727539
JaBar,Gorontalo,26.90261459350586
JaBar,SulTeng,25.169675827026367
JaBar,SulaSel,23.466747283935547
JaBar,SulBar,22.530338287353516
JaBar,SulTra,25.365888595581055
JaBar,Bali,10.689231872558594
JaBar,NTB,15.128684997558594
JaBar,NTT,21.599769592285156
JaBar,Maluku,40.74357986450195
JaBar,MalUt,36.036102294921875
JaBar,PapuaBar,46.262550354003906
JaBar,PapuaProv,58.18147277832031
Banten,NAD,16.026548385620117
Banten,SumUt,13.08327865600586
Banten,SumBar,9.322875022888184
Banten,RiauProv,10.059889793395996
Banten,KepRi,21.1525821685791
Banten,Jambi,7.739638805389404
Banten,SumSel,5.685290336608887
Banten,BaBel,8.408510208129883
Banten,Bengkulu,6.801026344299316
Banten,Lampung,3.7852981090545654
Banten,DKI,0.7568507194519043
Banten,JaBar,1.5531708002090454
Banten,Banten,0.37842535972595215
Banten,JaTeng,4.15661096572876
Banten,DIY,4.559817790985107
Banten,JaTim,6.152688980102539
Banten,KalBar,15.765117645263672
Banten,KalTeng,16.82324981689453
Banten,KalSel,17.635055541992188
Banten,KalTim,20.489595413208008
Banten,KalUt,21.603267669677734
Banten,SulUt,29.777812957763672
Banten,Gorontalo,28.44797134399414
Banten,SulTeng,26.71503257751465
Banten,SulaSel,25.012104034423828
Banten,SulBar,24.075695037841797
Banten,SulTra,26.911245346069336
Banten,Bali,12.234587669372559
Banten,NTB,16.674041748046875
Banten,NTT,23.145124435424805
Banten,Maluku,42.28893280029297
Banten,MalUt,37.581459045410156
Banten,PapuaBar,47.80790710449219
Banten,PapuaProv,59.726829528808594
JaTeng,NAD,20.18315887451172
JaTeng,SumUt,17.23988914489746
JaTeng,SumBar,13.479485511779785
JaTeng,RiauProv,14.216501235961914
JaTeng,KepRi,22.706390380859375
JaTeng,Jambi,11.896249771118164
JaTeng,SumSel,9.841900825500488
JaTeng,BaBel,11.617609024047852
JaTeng,Bengkulu,10.957637786865234
JaTeng,Lampung,7.941908836364746
JaTeng,DKI,3.5219626426696777
JaTeng,JaBar,2.6181228160858154
JaTeng,Banten,4.15661096572876
JaTeng,JaTeng,0.3407142460346222
JaTeng,DIY,0.6814284920692444
JaTeng,JaTim,1.999240517616272
JaTeng,KalBar,14.509099006652832
JaTeng,KalTeng,13.022391319274902
JaTeng,KalSel,13.47844409942627
JaTeng,KalTim,16.688737869262695
JaTeng,KalUt,18.290958404541016
JaTeng,SulUt,25.624364852905273
JaTeng,Gorontalo,24.294525146484375
JaTeng,SulTeng,22.56158447265625
JaTeng,SulaSel,20.858657836914062
JaTeng,SulBar,19.9222469329834
JaTeng,SulTra,22.757797241210938
JaTeng,Bali,8.08113956451416
JaTeng,NTB,12.52059268951416
JaTeng,NTT,18.991676330566406
JaTeng,Maluku,38.1354866027832
JaTeng,MalUt,33.428009033203125
JaTeng,PapuaBar,43.65446090698242
JaTeng,PapuaProv,55.57337951660156
DIY,NAD,20.58636474609375
DIY,SumUt,17.643096923828125
DIY,SumBar,13.882692337036133
DIY,RiauProv,14.619707107543945
DIY,KepRi,23.387819290161133
DIY,Jambi,12.299456596374512
DIY,SumSel,10.245107650756836
DIY,BaBel,12.079778671264648
DIY,Bengkulu,11.360843658447266
DIY,Lampung,8.345115661621094
DIY,DKI,3.9841322898864746
DIY,JaBar,3.0069966316223145
DIY,Banten,4.559817790985107
DIY,JaTeng,0.6814284920692444
DIY,DIY,0.3407142460346222
DIY,JaTim,1.6854150295257568
DIY,KalBar,15.19052791595459
DIY,KalTeng,13.70382022857666
DIY,KalSel,13.32746410369873
DIY,KalTim,16.907793045043945
DIY,KalUt,18.972387313842773
DIY,SulUt,25.31053924560547
DIY,Gorontalo,23.980697631835938
DIY,SulTeng,22.247758865356445
DIY,SulaSel,20.544830322265625
DIY,SulBar,19.608421325683594
DIY,SulTra,22.443971633911133
DIY,Bali,7.7673139572143555
DIY,NTB,12.206767082214355
DIY,NTT,18.6778507232666
DIY,Maluku,37.821659088134766
DIY,MalUt,33.11418151855469
DIY,PapuaBar,43.340633392333984
DIY,PapuaProv,55.259552001953125
JaTim,NAD,22.179237365722656
JaTim,SumUt,19.2359676361084
JaTim,SumBar,15.475564002990723
JaTim,RiauProv,16.21257781982422
JaTim,KepRi,24.677967071533203
JaTim,Jambi,13.892328262329102
JaTim,SumSel,11.837979316711426
JaTim,BaBel,13.615861892700195
JaTim,Bengkulu,12.953715324401855
JaTim,Lampung,9.937987327575684
JaTim,DKI,5.520214557647705
JaTim,JaBar,4.607333183288574
JaTim,Banten,6.152688980102539
JaTim,JaTeng,1.999240517616272
JaTim,DIY,1.6854150295257568
JaTim,JaTim,0.8427075147628784
JaTim,KalBar,15.36353874206543
JaTim,KalTeng,12.628673553466797
JaTim,KalSel,11.642048835754395
JaTim,KalTim,15.22237777709961
JaTim,KalUt,17.53300666809082
JaTim,SulUt,23.625123977661133
JaTim,Gorontalo,22.295284271240234
JaTim,SulTeng,20.56234359741211
JaTim,SulaSel,18.859416961669922
JaTim,SulBar,17.923006057739258
JaTim,SulTra,20.758556365966797
JaTim,Bali,6.0818986892700195
JaTim,NTB,10.52135181427002
JaTim,NTT,16.992435455322266
JaTim,Maluku,36.13624572753906
JaTim,MalUt,31.428768157958984
JaTim,PapuaBar,41.65522003173828
JaTim,PapuaProv,53.57413864135742
KalBar,NAD,24.96537971496582
KalBar,SumUt,22.00298309326172
KalBar,SumBar,18.93561553955078
KalBar,RiauProv,18.806413650512695
KalBar,KepRi,9.914036750793457
KalBar,Jambi,17.171749114990234
KalBar,SumSel,15.317193984985352
KalBar,BaBel,11.213546752929688
KalBar,Bengkulu,17.164873123168945
KalBar,Lampung,15.625104904174805
KalBar,DKI,15.008267402648926
KalBar,JaBar,15.429619789123535
KalBar,Banten,15.765117645263672
KalBar,JaTeng,14.509099006652832
KalBar,DIY,15.19052791595459
KalBar,JaTim,15.36353874206543
KalBar,KalBar,1.3674325942993164
KalBar,KalTeng,2.734865188598633
KalBar,KalSel,5.124190330505371
KalBar,KalTim,5.323486804962158
KalBar,KalUt,5.838150978088379
KalBar,SulUt,18.79859161376953
KalBar,Gorontalo,17.184404373168945
KalBar,SulTeng,15.735811233520508
KalBar,SulaSel,14.032883644104004
KalBar,SulBar,13.096473693847656
KalBar,SulTra,15.932024002075195
KalBar,Bali,15.934764862060547
KalBar,NTB,17.45184326171875
KalBar,NTT,20.466663360595703
KalBar,Maluku,31.492431640625
KalBar,MalUt,26.602237701416016
KalBar,PapuaBar,36.82868957519531
KalBar,PapuaProv,49.73670196533203
KalTeng,NAD,27.700244903564453
KalTeng,SumUt,24.73784828186035
KalTeng,SumBar,21.670480728149414
KalTeng,RiauProv,21.541278839111328
KalTeng,KepRi,12.64890193939209
KalTeng,Jambi,19.906614303588867
KalTeng,SumSel,18.052059173583984
KalTeng,BaBel,13.94841194152832
KalTeng,Bengkulu,19.899738311767578
KalTeng,Lampung,18.05029296875
KalTeng,DKI,16.06639862060547
KalTeng,JaBar,15.640514373779297
KalTeng,Banten,16.82324981689453
KalTeng,JaTeng,13.022391319274902
KalTeng,DIY,13.70382022857666
KalTeng,JaTim,12.628673553466797
KalTeng,KalBar,2.734865188598633
KalTeng,KalTeng,1.1946889162063599
KalTeng,KalSel,2.3893778324127197
KalTeng,KalTim,3.6663460731506348
KalTeng,KalUt,5.26856803894043
KalTeng,SulUt,16.063779830932617
KalTeng,Gorontalo,14.733938217163086
KalTeng,SulTeng,13.000998497009277
KalTeng,SulaSel,11.298070907592773
KalTeng,SulBar,10.361661911010742
KalTeng,SulTra,13.197212219238281
KalTeng,Bali,13.199952125549316
KalTeng,NTB,14.717029571533203
KalTeng,NTT,17.73185157775879
KalTeng,Maluku,28.757617950439453
KalTeng,MalUt,23.86742401123047
KalTeng,PapuaBar,34.093875885009766
KalTeng,PapuaProv,47.00189208984375
KalSel,NAD,30.089569091796875
KalSel,SumUt,27.127172470092773
KalSel,SumBar,24.05980682373047
KalSel,RiauProv,23.93060302734375
KalSel,KepRi,15.038227081298828
KalSel,Jambi,22.295940399169922
KalSel,SumSel,20.441383361816406
KalSel,BaBel,16.337738037109375
KalSel,Bengkulu,22.2890625
KalSel,Lampung,20.43967056274414
KalSel,DKI,17.00040626525879
KalSel,JaBar,16.096567153930664
KalSel,Banten,17.635055541992188
KalSel,JaTeng,13.47844409942627
KalSel,DIY,13.32746410369873
KalSel,JaTim,11.642048835754395
KalSel,KalBar,5.124190330505371
KalSel,KalTeng,2.3893778324127197
KalSel,KalSel,1.1946889162063599
KalSel,KalTim,3.5803284645080566
KalSel,KalUt,5.890957832336426
KalSel,SulUt,13.67440128326416
KalSel,Gorontalo,12.344560623168945
KalSel,SulTeng,10.611620903015137
KalSel,SulaSel,8.908693313598633
KalSel,SulBar,7.972283840179443
KalSel,SulTra,10.80783462524414
KalSel,Bali,10.810574531555176
KalSel,NTB,12.327651977539062
KalSel,NTT,15.342473983764648
KalSel,Maluku,26.368240356445312
KalSel,MalUt,21.478046417236328
KalSel,PapuaBar,31.704498291015625
KalSel,PapuaProv,44.61251449584961
KalTim,NAD,30.28886604309082
KalTim,SumUt,27.32646942138672
KalTim,SumBar,24.25910186767578
KalTim,RiauProv,24.129899978637695
KalTim,KepRi,15.237524032592773
KalTim,Jambi,22.495235443115234
KalTim,SumSel,20.64068031311035
KalTim,BaBel,16.537033081054688
KalTim,Bengkulu,22.488359451293945
KalTim,Lampung,20.948591232299805
KalTim,DKI,19.732744216918945
KalTim,JaBar,19.306859970092773
KalTim,Banten,20.489595413208008
KalTim,JaTeng,16.688737869262695
KalTim,DIY,16.907793045043945
KalTim,JaTim,15.22237777709961
KalTim,KalBar,5.323486804962158
KalTim,KalTeng,3.6663460731506348
KalTim,KalSel,3.5803284645080566
KalTim,KalTim,1.2153103351593018
KalTim,KalUt,2.4306206703186035
KalTim,SulUt,13.607473373413086
KalTim,Gorontalo,11.860918045043945
KalTim,SulTeng,10.862545013427734
KalTim,SulaSel,9.159618377685547
KalTim,SulBar,8.2232084274292
KalTim,SulTra,11.058759689331055
KalTim,Bali,14.39090347290039
KalTim,NTB,15.907979965209961
KalTim,NTT,18.922801971435547
KalTim,Maluku,26.61916732788086
KalTim,MalUt,21.411117553710938
KalTim,PapuaBar,31.637569427490234
KalTim,PapuaProv,44.59917449951172
KalUt,NAD,30.803531646728516
KalUt,SumUt,27.84113311767578
KalUt,SumBar,24.773765563964844
KalUt,RiauProv,24.64456558227539
KalUt,KepRi,15.752187728881836
KalUt,Jambi,23.009899139404297
KalUt,SumSel,21.155345916748047
KalUt,BaBel,17.05169677734375
KalUt,Bengkulu,23.00302505493164
KalUt,Lampung,21.4632568359375
KalUt,DKI,20.846418380737305
KalUt,JaBar,20.909080505371094
KalUt,Banten,21.603267669677734
KalUt,JaTeng,18.290958404541016
KalUt,DIY,18.972387313842773
KalUt,JaTim,17.53300666809082
KalUt,KalBar,5.838150978088379
KalUt,KalTeng,5.26856803894043
KalUt,KalSel,5.890957832336426
KalUt,KalTim,2.4306206703186035
KalUt,KalUt,1.2153103351593018
KalUt,SulUt,14.86887264251709
KalUt,Gorontalo,13.12231731414795
KalUt,SulTeng,13.29316520690918
KalUt,SulaSel,11.590238571166992
KalUt,SulBar,10.653829574584961
KalUt,SulTra,13.4893798828125
KalUt,Bali,16.7015323638916
KalUt,NTB,18.218608856201172
KalUt,NTT,21.23343276977539
KalUt,Maluku,28.12552261352539
KalUt,MalUt,22.672517776489258
KalUt,PapuaBar,32.89896774291992
KalUt,PapuaProv,45.86057662963867
SulUt,NAD,43.76396942138672
SulUt,SumUt,40.80157470703125
SulUt,SumBar,37.73420715332031
SulUt,RiauProv,37.605003356933594
SulUt,KepRi,28.712627410888672
SulUt,Jambi,35.970340728759766
SulUt,SumSel,34.11578369140625
SulUt,BaBel,30.01213836669922
SulUt,Bengkulu,35.963462829589844
SulUt,Lampung,33.5631103515625
SulUt,DKI,29.14533805847168
SulUt,JaBar,28.23245620727539
SulUt,Banten,29.777812957763672
SulUt,JaTeng,25.624364852905273
SulUt,DIY,25.31053924560547
SulUt,JaTim,23.625123977661133
SulUt,KalBar,18.79859161376953
SulUt,KalTeng,16.063779830932617
SulUt,KalSel,13.67440128326416
SulUt,KalTim,13.607473373413086
SulUt,KalUt,14.86887264251709
SulUt,SulUt,0.873277485370636
SulUt,Gorontalo,1.746554970741272
SulUt,SulTeng,3.107560634613037
SulUt,SulaSel,4.940934181213379
SulUt,SulBar,5.702117443084717
SulUt,SulTra,5.00924015045166
SulUt,Bali,20.205211639404297
SulUt,NTB,18.540559768676758
SulUt,NTT,14.89844799041748
SulUt,Maluku,13.256650924682617
SulUt,MalUt,7.803645610809326
SulUt,PapuaBar,18.03009605407715
SulUt,PapuaProv,30.991703033447266
Gorontalo,NAD,42.149784088134766
Gorontalo,SumUt,39.18738555908203
Gorontalo,SumBar,36.120018005371094
Gorontalo,RiauProv,35.99081802368164
Gorontalo,KepRi,27.09844207763672
Gorontalo,Jambi,34.35615539550781
Gorontalo,SumSel,32.5015983581543
Gorontalo,BaBel,28.397951126098633
Gorontalo,Bengkulu,34.34927749633789
Gorontalo,Lampung,32.23326873779297
Gorontalo,DKI,27.81549835205078
Gorontalo,JaBar,26.90261459350586
Gorontalo,Banten,28.44797134399414
Gorontalo,JaTeng,24.294525146484375
Gorontalo,DIY,23.980697631835938
Gorontalo,JaTim,22.295284271240234
Gorontalo,KalBar,17.184404373168945
Gorontalo,KalTeng,14.733938217163086
Gorontalo,KalSel,12.344560623168945
Gorontalo,KalTim,11.860918045043945
Gorontalo,KalUt,13.12231731414795
Gorontalo,SulUt,1.746554970741272
Gorontalo,Gorontalo,0.873277485370636
Gorontalo,SulTeng,2.122697591781616
Gorontalo,SulaSel,3.779587745666504
Gorontalo,SulBar,4.37227725982666
Gorontalo,SulTra,4.529067039489746
Gorontalo,Bali,18.8753719329834
Gorontalo,NTB,17.73615264892578
Gorontalo,NTT,14.418274879455566
Gorontalo,Maluku,15.003206253051758
Gorontalo,MalUt,9.550200462341309
Gorontalo,PapuaBar,19.77665138244629
Gorontalo,PapuaProv,32.738258361816406
SulTeng,NAD,40.70118713378906
SulTeng,SumUt,37.738792419433594
SulTeng,SumBar,34.671424865722656
SulTeng,RiauProv,34.5422248840332
SulTeng,KepRi,25.64984703063965
SulTeng,Jambi,32.90755844116211
SulTeng,SumSel,31.05300521850586
SulTeng,BaBel,26.949357986450195
SulTeng,Bengkulu,32.90068435668945
SulTeng,Lampung,30.500329971313477
SulTeng,DKI,26.082557678222656
SulTeng,JaBar,25.169675827026367
SulTeng,Banten,26.71503257751465
SulTeng,JaTeng,22.56158447265625
SulTeng,DIY,22.247758865356445
SulTeng,JaTim,20.56234359741211
SulTeng,KalBar,15.735811233520508
SulTeng,KalTeng,13.000998497009277
SulTeng,KalSel,10.611620903015137
SulTeng,KalTim,10.862545013427734
SulTeng,KalUt,13.29316520690918
SulTeng,SulUt,3.107560634613037
SulTeng,Gorontalo,2.122697591781616
SulTeng,SulTeng,0.9170022010803223
SulTeng,SulaSel,1.8340044021606445
SulTeng,SulBar,2.6393370628356934
SulTeng,SulTra,2.477515935897827
SulTeng,Bali,17.142431259155273
SulTeng,NTB,15.89402961730957
SulTeng,NTT,12.366724014282227
SulTeng,Maluku,16.106670379638672
SulTeng,MalUt,10.911206245422363
SulTeng,PapuaBar,21.137657165527344
SulTeng,PapuaProv,34.09926223754883
SulaSel,NAD,38.998260498046875
SulaSel,SumUt,36.035865783691406
SulaSel,SumBar,32.96849822998047
SulaSel,RiauProv,32.83929443359375
SulaSel,KepRi,23.946918487548828
SulaSel,Jambi,31.204631805419922
SulaSel,SumSel,29.35007667541504
SulaSel,BaBel,25.246429443359375
SulaSel,Bengkulu,31.197755813598633
SulaSel,Lampung,28.797401428222656
SulaSel,DKI,24.37963104248047
SulaSel,JaBar,23.466747283935547
SulaSel,Banten,25.012104034423828
SulaSel,JaTeng,20.858657836914062
SulaSel,DIY,20.544830322265625
SulaSel,JaTim,18.859416961669922
SulaSel,KalBar,14.032883644104004
SulaSel,KalTeng,11.298070907592773
SulaSel,KalSel,8.908693313598633
SulaSel,KalTim,9.159618377685547
SulaSel,KalUt,11.590238571166992
SulaSel,SulUt,4.940934181213379
SulaSel,Gorontalo,3.779587745666504
SulaSel,SulTeng,1.8340044021606445
SulaSel,SulaSel,0.46820497512817383
SulaSel,SulBar,0.9364099502563477
SulaSel,SulTra,2.0632598400115967
SulaSel,Bali,15.439504623413086
SulaSel,NTB,14.060025215148926
SulaSel,NTT,11.952467918395996
SulaSel,Maluku,17.623666763305664
SulaSel,MalUt,12.744579315185547
SulaSel,PapuaBar,22.971031188964844
SulaSel,PapuaProv,35.86793899536133
SulBar,NAD,38.061851501464844
SulBar,SumUt,35.099456787109375
SulBar,SumBar,32.03208923339844
SulBar,RiauProv,31.90288734436035
SulBar,KepRi,23.010509490966797
SulBar,Jambi,30.26822280883789
SulBar,SumSel,28.413667678833008
SulBar,BaBel,24.310020446777344
SulBar,Bengkulu,30.2613468170166
SulBar,Lampung,27.860992431640625
SulBar,DKI,23.443220138549805
SulBar,JaBar,22.530338287353516
SulBar,Banten,24.075695037841797
SulBar,JaTeng,19.9222469329834
SulBar,DIY,19.608421325683594
SulBar,JaTim,17.923006057739258
SulBar,KalBar,13.096473693847656
SulBar,KalTeng,10.361661911010742
SulBar,KalSel,7.972283840179443
SulBar,KalTim,8.2232084274292
SulBar,KalUt,10.653829574584961
SulBar,SulUt,5.702117443084717
SulBar,Gorontalo,4.37227725982666
SulBar,SulTeng,2.6393370628356934
SulBar,SulaSel,0.9364099502563477
SulBar,SulBar,0.46820497512817383
SulBar,SulTra,2.8355507850646973
SulBar,Bali,14.503094673156738
SulBar,NTB,13.363875389099121
SulBar,NTT,12.518272399902344
SulBar,Maluku,18.395957946777344
SulBar,MalUt,13.505763053894043
SulBar,PapuaBar,23.732213973999023
SulBar,PapuaProv,36.64023208618164
SulTra,NAD,40.897403717041016
SulTra,SumUt,37.93500518798828
SulTra,SumBar,34.867637634277344
SulTra,RiauProv,34.73843765258789
SulTra,KepRi,25.846059799194336
SulTra,Jambi,33.10377502441406
SulTra,SumSel,31.249217987060547
SulTra,BaBel,27.145570755004883
SulTra,Bengkulu,33.09689712524414
SulTra,Lampung,30.696542739868164
SulTra,DKI,26.278770446777344
SulTra,JaBar,25.365888595581055
SulTra,Banten,26.911245346069336
SulTra,JaTeng,22.757797241210938
SulTra,DIY,22.443971633911133
SulTra,JaTim,20.758556365966797
SulTra,KalBar,15.932024002075195
SulTra,KalTeng,13.197212219238281
SulTra,KalSel,10.80783462524414
SulTra,KalTim,11.058759689331055
SulTra,KalUt,13.4893798828125
SulTra,SulUt,5.00924015045166
SulTra,Gorontalo,4.529067039489746
SulTra,SulTeng,2.477515935897827
SulTra,SulaSel,2.0632598400115967
SulTra,SulBar,2.8355507850646973
SulTra,SulTra,1.0316299200057983
SulTra,Bali,16.222532272338867
SulTra,NTB,13.531319618225098
SulTra,NTT,9.88920783996582
SulTra,Maluku,15.560406684875488
SulTra,MalUt,12.812885284423828
SulTra,PapuaBar,22.749509811401367
SulTra,PapuaProv,33.80467987060547
Bali,NAD,28.26113510131836
Bali,SumUt,25.317867279052734
Bali,SumBar,21.557462692260742
Bali,RiauProv,22.294475555419922
Bali,KepRi,25.848800659179688
Bali,Jambi,19.974225997924805
Bali,SumSel,17.919878005981445
Bali,BaBel,19.69776153564453
Bali,Bengkulu,19.035614013671875
Bali,Lampung,16.019886016845703
Bali,DKI,11.602113723754883
Bali,JaBar,10.689231872558594
Bali,Banten,12.234587669372559
Bali,JaTeng,8.08113956451416
Bali,DIY,7.7673139572143555
Bali,JaTim,6.0818986892700195
Bali,KalBar,15.934764862060547
Bali,KalTeng,13.199952125549316
Bali,KalSel,10.810574531555176
Bali,KalTim,14.39090347290039
Bali,KalUt,16.7015323638916
Bali,SulUt,20.205211639404297
Bali,Gorontalo,18.8753719329834
Bali,SulTeng,17.142431259155273
Bali,SulaSel,15.439504623413086
Bali,SulBar,14.503094673156738
Bali,SulTra,16.222532272338867
Bali,Bali,2.220015287399292
Bali,NTB,4.440030574798584
Bali,NTT,10.952075958251953
Bali,Maluku,30.777437210083008
Bali,MalUt,28.00885772705078
Bali,PapuaBar,38.23530578613281
Bali,PapuaProv,47.8194580078125
NTB,NAD,32.70058822631836
NTB,SumUt,29.757320404052734
NTB,SumBar,25.996915817260742
NTB,RiauProv,26.733928680419922
NTB,KepRi,27.36587905883789
NTB,Jambi,24.413679122924805
NTB,SumSel,22.359331130981445
NTB,BaBel,24.13721466064453
NTB,Bengkulu,23.475067138671875
NTB,Lampung,20.459339141845703
NTB,DKI,16.041566848754883
NTB,JaBar,15.128684997558594
NTB,Banten,16.674041748046875
NTB,JaTeng,12.52059268951416
NTB,DIY,12.206767082214355
NTB,JaTim,10.52135181427002
NTB,KalBar,17.45184326171875
NTB,KalTeng,14.717029571533203
NTB,KalSel,12.327651977539062
NTB,KalTim,15.907979965209961
NTB,KalUt,18.218608856201172
NTB,SulUt,18.540559768676758
NTB,Gorontalo,17.73615264892578
NTB,SulTeng,15.89402961730957
NTB,SulaSel,14.060025215148926
NTB,SulBar,13.363875389099121
NTB,SulTra,13.531319618225098
NTB,Bali,4.440030574798584
NTB,NTB,2.220015287399292
NTB,NTT,6.615131378173828
NTB,Maluku,27.11482048034668
NTB,MalUt,26.34420394897461
NTB,PapuaBar,34.71608352661133
NTB,PapuaProv,43.71067428588867
NTT,NAD,39.17167282104492
NTT,SumUt,36.22840118408203
NTT,SumBar,32.46799850463867
NTT,RiauProv,33.205013275146484
NTT,KepRi,30.380699157714844
NTT,Jambi,30.884761810302734
NTT,SumSel,28.830413818359375
NTT,BaBel,30.608295440673828
NTT,Bengkulu,29.946149826049805
NTT,Lampung,26.930421829223633
NTT,DKI,22.512649536132812
NTT,JaBar,21.599769592285156
NTT,Banten,23.145124435424805
NTT,JaTeng,18.991676330566406
NTT,DIY,18.6778507232666
NTT,JaTim,16.992435455322266
NTT,KalBar,20.466663360595703
NTT,KalTeng,17.73185157775879
NTT,KalSel,15.342473983764648
NTT,KalTim,18.922801971435547
NTT,KalUt,21.23343276977539
NTT,SulUt,14.89844799041748
NTT,Gorontalo,14.418274879455566
NTT,SulTeng,12.366724014282227
NTT,SulaSel,11.952467918395996
NTT,SulBar,12.518272399902344
NTT,SulTra,9.88920783996582
NTT,Bali,10.952075958251953
NTT,NTB,6.615131378173828
NTT,NTT,3.307565689086914
NTT,Maluku,21.073583602905273
NTT,MalUt,22.70209312438965
NTT,PapuaBar,28.68025016784668
NTT,PapuaProv,37.159969329833984
Maluku,NAD,56.45780944824219
Maluku,SumUt,53.49541091918945
Maluku,SumBar,50.428043365478516
Maluku,RiauProv,50.29884338378906
Maluku,KepRi,41.40646743774414
Maluku,Jambi,48.664180755615234
Maluku,SumSel,46.80962371826172
Maluku,BaBel,42.70597839355469
Maluku,Bengkulu,48.65730285644531
Maluku,Lampung,46.0742301940918
Maluku,DKI,41.65645980834961
Maluku,JaBar,40.74357986450195
Maluku,Banten,42.28893280029297
Maluku,JaTeng,38.1354866027832
Maluku,DIY,37.821659088134766
Maluku,JaTim,36.13624572753906
Maluku,KalBar,31.492431640625
Maluku,KalTeng,28.757617950439453
Maluku,KalSel,26.368240356445312
Maluku,KalTim,26.61916732788086
Maluku,KalUt,28.12552261352539
Maluku,SulUt,13.256650924682617
Maluku,Gorontalo,15.003206253051758
Maluku,SulTeng,16.106670379638672
Maluku,SulaSel,17.623666763305664
Maluku,SulBar,18.395957946777344
Maluku,SulTra,15.560406684875488
Maluku,Bali,30.777437210083008
Maluku,NTB,27.11482048034668
Maluku,NTT,21.073583602905273
Maluku,Maluku,3.8066864013671875
Maluku,MalUt,8.55289363861084
Maluku,PapuaBar,7.613372802734375
Maluku,PapuaProv,18.500486373901367
MalUt,NAD,51.5676155090332
MalUt,SumUt,48.60521697998047
MalUt,SumBar,45.5378532409668
MalUt,RiauProv,45.40864944458008
MalUt,KepRi,36.516273498535156
MalUt,Jambi,43.77398681640625
MalUt,SumSel,41.919429779052734
MalUt,BaBel,37.8157844543457
MalUt,Bengkulu,43.76710891723633
MalUt,Lampung,41.366756439208984
MalUt,DKI,36.94898223876953
MalUt,JaBar,36.036102294921875
MalUt,Banten,37.581459045410156
MalUt,JaTeng,33.428009033203125
MalUt,DIY,33.11418151855469
MalUt,JaTim,31.428768157958984
MalUt,KalBar,26.602237701416016
MalUt,KalTeng,23.86742401123047
MalUt,KalSel,21.478046417236328
MalUt,KalTim,21.411117553710938
MalUt,KalUt,22.672517776489258
MalUt,SulUt,7.803645610809326
MalUt,Gorontalo,9.550200462341309
MalUt,SulTeng,10.911206245422363
MalUt,SulaSel,12.744579315185547
MalUt,SulBar,13.505763053894043
MalUt,SulTra,12.812885284423828
MalUt,Bali,28.00885772705078
MalUt,NTB,26.34420394897461
MalUt,NTT,22.70209312438965
MalUt,Maluku,8.55289363861084
MalUt,MalUt,3.901822805404663
MalUt,PapuaBar,10.726377487182617
MalUt,PapuaProv,23.994007110595703
PapuaBar,NAD,61.7940673828125
PapuaBar,SumUt,58.83167266845703
PapuaBar,SumBar,55.76430130004883
PapuaBar,RiauProv,55.635101318359375
PapuaBar,KepRi,46.74272155761719
PapuaBar,Jambi,54.00043487548828
PapuaBar,SumSel,52.14588165283203
PapuaBar,BaBel,48.042236328125
PapuaBar,Bengkulu,53.993560791015625
PapuaBar,Lampung,51.593204498291016
PapuaBar,DKI,47.17543411254883
PapuaBar,JaBar,46.262550354003906
PapuaBar,Banten,47.80790710449219
PapuaBar,JaTeng,43.65446090698242
PapuaBar,DIY,43.340633392333984
PapuaBar,JaTim,41.65522003173828
PapuaBar,KalBar,36.82868957519531
PapuaBar,KalTeng,34.093875885009766
PapuaBar,KalSel,31.704498291015625
PapuaBar,KalTim,31.637569427490234
PapuaBar,KalUt,32.89896774291992
PapuaBar,SulUt,18.03009605407715
PapuaBar,Gorontalo,19.77665138244629
PapuaBar,SulTeng,21.137657165527344
PapuaBar,SulaSel,22.971031188964844
PapuaBar,SulBar,23.732213973999023
PapuaBar,SulTra,22.749509811401367
PapuaBar,Bali,38.23530578613281
PapuaBar,NTB,34.71608352661133
PapuaBar,NTT,28.68025016784668
PapuaBar,Maluku,7.613372802734375
PapuaBar,MalUt,10.726377487182617
PapuaBar,PapuaBar,3.8066864013671875
PapuaBar,PapuaProv,13.29615592956543
PapuaProv,NAD,74.70207977294922
PapuaProv,SumUt,71.73968505859375
PapuaProv,SumBar,68.67230987548828
PapuaProv,RiauProv,68.5431137084961
PapuaProv,KepRi,59.65073776245117
PapuaProv,Jambi,66.908447265625
PapuaProv,SumSel,65.05389404296875
PapuaProv,BaBel,60.95024871826172
PapuaProv,Bengkulu,66.5278549194336
PapuaProv,Lampung,63.51212692260742
PapuaProv,DKI,59.09435272216797
PapuaProv,JaBar,58.18147277832031
PapuaProv,Banten,59.726829528808594
PapuaProv,JaTeng,55.57337951660156
PapuaProv,DIY,55.259552001953125
PapuaProv,JaTim,53.57413864135742
PapuaProv,KalBar,49.73670196533203
PapuaProv,KalTeng,47.00189208984375
PapuaProv,KalSel,44.61251449584961
PapuaProv,KalTim,44.59917449951172
PapuaProv,KalUt,45.86057662963867
PapuaProv,SulUt,30.991703033447266
PapuaProv,Gorontalo,32.738258361816406
PapuaProv,SulTeng,34.09926223754883
PapuaProv,SulaSel,35.86793899536133
PapuaProv,SulBar,36.64023208618164
PapuaProv,SulTra,33.80467987060547
PapuaProv,Bali,47.8194580078125
PapuaProv,NTB,43.71067428588867
PapuaProv,NTT,37.159969329833984
PapuaProv,Maluku,18.500486373901367
PapuaProv,MalUt,23.994007110595703
PapuaProv,PapuaBar,13.29615592956543
PapuaProv,PapuaProv,6.648077964782715
__header__:DFAC,dim1,dim2,Value
Rice,dom,3.0
Rice,imp,3.0
Corn,dom,2.0
Corn,imp,2.0
SweetPotato,dom,2.0
SweetPotato,imp,2.0
Cassava,dom,2.0
Cassava,imp,2.0
OthTubers,dom,2.0
OthTubers,imp,2.0
Peanuts,dom,2.0
Peanuts,imp,2.0
Soy,dom,2.0
Soy,imp,2.0
OthNuts,dom,2.0
OthNuts,imp,2.0
OthGrains,dom,2.0
OthGrains,imp,2.0
Vegetables,dom,2.0
Vegetables,imp,2.0
DecorPlants,dom,2.0
DecorPlants,imp,2.0
Cane,dom,2.0
Cane,imp,2.0
Tobacco,dom,2.0
Tobacco,imp,2.0
PlantFiber,dom,2.0
PlantFiber,imp,2.0
OthPlantaton,dom,2.0
OthPlantaton,imp,2.0
Fruits,dom,2.0
Fruits,imp,2.0
PlantBiophrm,dom,2.0
PlantBiophrm,imp,2.0
Rubber,dom,2.0
Rubber,imp,2.0
Coconut,dom,2.0
Coconut,imp,2.0
PalmOil,dom,2.0
PalmOil,imp,2.0
Coffee,dom,2.0
Coffee,imp,2.0
Tea,dom,2.0
Tea,imp,2.0
Cocoa,dom,2.0
Cocoa,imp,2.0
Clove,dom,2.0
Clove,imp,2.0
Cashew,dom,2.0
Cashew,imp,2.0
Livestock,dom,2.0
Livestock,imp,2.0
FreshMilk,dom,2.0
FreshMilk,imp,2.0
PoultryEggs,dom,2.0
PoultryEggs,imp,2.0
OthAnimalPrd,dom,2.0
OthAnimalPrd,imp,2.0
AgricSvc,dom,2.0
AgricSvc,imp,2.0
Wood,dom,2.0
Wood,imp,2.0
OthForestPrd,dom,2.0
OthForestPrd,imp,2.0
Fish,dom,2.0
Fish,imp,2.0
Shrimps,dom,2.0
Shrimps,imp,2.0
OthAquatic,dom,2.0
OthAquatic,imp,2.0
Seaweed,dom,2.0
Seaweed,imp,2.0
CoalLignite,dom,2.0
CoalLignite,imp,2.0
CrudeOil,dom,1.5
CrudeOil,imp,1.5
NaturalGas,dom,1.5
NaturalGas,imp,1.5
IronOre,dom,1.5
IronOre,imp,1.5
TinOre,dom,1.5
TinOre,imp,1.5
BauxiteOre,dom,1.5
BauxiteOre,imp,1.5
CopperOre,dom,1.5
CopperOre,imp,1.5
NickelOre,dom,1.5
NickelOre,imp,1.5
OthMetalMine,dom,1.5
OthMetalMine,imp,1.5
GoldOre,dom,1.5
GoldOre,imp,1.5
SilverOre,dom,1.5
SilverOre,imp,1.5
GalianPrd,dom,1.5
GalianPrd,imp,1.5
NonMetlMinrl,dom,1.5
NonMetlMinrl,imp,1.5
CoarseSalt,dom,1.5
CoarseSalt,imp,1.5
PetrolNatGas,dom,1.5
PetrolNatGas,imp,1.5
OthMiningQry,dom,1.5
OthMiningQry,imp,1.5
Abattoir,dom,1.5
Abattoir,imp,1.5
MeatProcessg,dom,1.5
MeatProcessg,imp,1.5
DriedFish,dom,1.5
DriedFish,imp,1.5
FishProcess,dom,1.5
FishProcess,imp,1.5
VegFruitProc,dom,1.5
VegFruitProc,imp,1.5
EdibleOils,dom,1.5
EdibleOils,imp,1.5
Copra,dom,1.5
Copra,imp,1.5
DairyPrd,dom,1.5
DairyPrd,imp,1.5
OthFlour,dom,1.5
OthFlour,imp,1.5
WheatFlour,dom,1.5
WheatFlour,imp,1.5
RiceMilling,dom,1.5
RiceMilling,imp,1.5
BreadBiscuit,dom,1.5
BreadBiscuit,imp,1.5
Sugar,dom,1.5
Sugar,imp,1.5
Confectionry,dom,1.5
Confectionry,imp,1.5
PastaNoodle,dom,1.5
PastaNoodle,imp,1.5
CoffeeProc,dom,1.5
CoffeeProc,imp,1.5
TeaProc,dom,1.5
TeaProc,imp,1.5
SoyProcessed,dom,1.5
SoyProcessed,imp,1.5
OthFood,dom,1.5
OthFood,imp,1.5
AnimalFeed,dom,1.5
AnimalFeed,imp,1.5
AlcoBeverage,dom,1.5
AlcoBeverage,imp,1.5
NonAlcoBev,dom,1.5
NonAlcoBev,imp,1.5
Cigarettes,dom,1.5
Cigarettes,imp,1.5
TobaccoPrd,dom,1.5
TobaccoPrd,imp,1.5
Yarn,dom,1.5
Yarn,imp,1.5
Textile,dom,1.5
Textile,imp,1.5
RopesCarpets,dom,1.5
RopesCarpets,imp,1.5
OthTextilPrd,dom,1.5
OthTextilPrd,imp,1.5
KnittedPrd,dom,1.5
KnittedPrd,imp,1.5
Apparel,dom,1.5
Apparel,imp,1.5
Tanning,dom,1.5
Tanning,imp,1.5
LeatherPrd,dom,1.5
LeatherPrd,imp,1.5
Footwear,dom,1.5
Footwear,imp,1.5
SawMill,dom,1.5
SawMill,imp,1.5
Plywood,dom,1.5
Plywood,imp,1.5
WoodBuildMat,dom,1.5
WoodBuildMat,imp,1.5
OthWoodPrdn,dom,1.5
OthWoodPrdn,imp,1.5
PaperPulp,dom,1.5
PaperPulp,imp,1.5
Paper,dom,1.5
Paper,imp,1.5
PaperPrd,dom,1.5
PaperPrd,imp,1.5
PrintedPrd,dom,1.5
PrintedPrd,imp,1.5
OthNMmetlPrd,dom,1.5
OthNMmetlPrd,imp,1.5
OilAndGasRef,dom,1.5
OilAndGasRef,imp,1.5
BasChemicals,dom,1.5
BasChemicals,imp,1.5
Fertilizer,dom,1.5
Fertilizer,imp,1.5
Plastics,dom,1.5
Plastics,imp,1.5
Pesticide,dom,1.5
Pesticide,imp,1.5
Paints,dom,1.5
Paints,imp,1.5
Varnish,dom,1.5
Varnish,imp,1.5
Soaps,dom,1.5
Soaps,imp,1.5
Cosmetics,dom,1.5
Cosmetics,imp,1.5
OthChemPrd,dom,1.5
OthChemPrd,imp,1.5
Pharmaceutcl,dom,1.5
Pharmaceutcl,imp,1.5
TradMedicine,dom,1.5
TradMedicine,imp,1.5
Tire,dom,1.5
Tire,imp,1.5
SmokedRubber,dom,1.5
SmokedRubber,imp,1.5
OthRubberPrd,dom,1.5
OthRubberPrd,imp,1.5
PlasticPrd,dom,1.5
PlasticPrd,imp,1.5
Glass,dom,1.5
Glass,imp,1.5
ClayCermcPrd,dom,1.5
ClayCermcPrd,imp,1.5
Cement,dom,1.5
Cement,imp,1.5
BasIronSteel,dom,1.5
BasIronSteel,imp,1.5
NonFerrMetal,dom,1.5
NonFerrMetal,imp,1.5
FoundryPrd,dom,1.5
FoundryPrd,imp,1.5
FabMetalPrd,dom,1.5
FabMetalPrd,imp,1.5
WeaponsAmmo,dom,1.5
WeaponsAmmo,imp,1.5
DomMetalPrd,dom,1.5
DomMetalPrd,imp,1.5
OthMetalPrd,dom,1.5
OthMetalPrd,imp,1.5
ElectroncPrd,dom,1.5
ElectroncPrd,imp,1.5
Instruments,dom,1.5
Instruments,imp,1.5
ElecMotorGen,dom,1.5
ElecMotorGen,imp,1.5
ElectEqp,dom,1.5
ElectEqp,imp,1.5
Batteries,dom,1.5
Batteries,imp,1.5
OthElecEqp,dom,1.5
OthElecEqp,imp,1.5
DomElectEqp,dom,1.5
DomElectEqp,imp,1.5
PrimaryMover,dom,1.5
PrimaryMover,imp,1.5
OfficeMachin,dom,1.5
OfficeMachin,imp,1.5
OthMachinEqp,dom,1.5
OthMachinEqp,imp,1.5
MotorVehicle,dom,1.5
MotorVehicle,imp,1.5
Ships,dom,1.5
Ships,imp,1.5
RailwayEqp,dom,1.5
RailwayEqp,imp,1.5
Aircraft,dom,1.5
Aircraft,imp,1.5
OthTrnsEqp,dom,1.5
OthTrnsEqp,imp,1.5
Motorcycle,dom,1.5
Motorcycle,imp,1.5
Furniture,dom,1.5
Furniture,imp,1.5
Jewelry,dom,1.5
Jewelry,imp,1.5
MusicInstrum,dom,1.5
MusicInstrum,imp,1.5
SportsEquip,dom,1.5
SportsEquip,imp,1.5
GamesAndToys,dom,1.5
GamesAndToys,imp,1.5
MedicalDvces,dom,1.5
MedicalDvces,imp,1.5
OthIndustPrd,dom,1.5
OthIndustPrd,imp,1.5
ManMtlRepair,dom,1.5
ManMtlRepair,imp,1.5
Electricity,dom,3.0
Electricity,imp,3.0
GasDist,dom,3.0
GasDist,imp,3.0
WaterSupply,dom,3.0
WaterSupply,imp,3.0
WasteManage,dom,3.0
WasteManage,imp,3.0
ResidBuildng,dom,2.0
ResidBuildng,imp,2.0
EleGasInfstr,dom,1.5
EleGasInfstr,imp,1.5
AgricInfstrc,dom,3.0
AgricInfstrc,imp,3.0
RoadsBridges,dom,1.5
RoadsBridges,imp,1.5
OthBuildings,dom,1.5
OthBuildings,imp,1.5
CarTrading,dom,1.5
CarTrading,imp,1.5
CarRepair,dom,3.0
CarRepair,imp,3.0
OthTrade,dom,1.5
OthTrade,imp,1.5
RailTransprt,dom,1.5
RailTransprt,imp,1.5
LandTransprt,dom,1.5
LandTransprt,imp,1.5
SeaTransport,dom,1.5
SeaTransport,imp,1.5
RiverTrnsprt,dom,1.5
RiverTrnsprt,imp,1.5
AirTransport,dom,1.5
AirTransport,imp,1.5
TransportSvc,dom,1.5
TransportSvc,imp,1.5
Postal,dom,1.5
Postal,imp,1.5
Hotels,dom,1.5
Hotels,imp,1.5
Restaurants,dom,1.5
Restaurants,imp,1.5
Publishing,dom,3.0
Publishing,imp,3.0
Broadcasting,dom,3.0
Broadcasting,imp,3.0
Telecommunic,dom,1.5
Telecommunic,imp,1.5
InformatTech,dom,3.0
InformatTech,imp,3.0
FinancialSvc,dom,1.5
FinancialSvc,imp,1.5
InsuranceSvc,dom,1.5
InsuranceSvc,imp,1.5
PensionSvc,dom,1.5
PensionSvc,imp,1.5
OthFinancSvc,dom,1.5
OthFinancSvc,imp,1.5
RealEstatSvc,dom,3.0
RealEstatSvc,imp,3.0
ProfSciTech,dom,3.0
ProfSciTech,imp,3.0
RentalSvc,dom,3.0
RentalSvc,imp,3.0
GenGovernmet,dom,3.0
GenGovernmet,imp,3.0
GovEducation,dom,3.0
GovEducation,imp,3.0
GovHealth,dom,3.0
GovHealth,imp,3.0
OthGovSvc,dom,3.0
OthGovSvc,imp,3.0
PrvEducation,dom,3.0
PrvEducation,imp,3.0
PrvHealth,dom,3.0
PrvHealth,imp,3.0
ArtsEntrtain,dom,3.0
ArtsEntrtain,imp,3.0
HholdRepairs,dom,3.0
HholdRepairs,imp,3.0
OthSvc,dom,3.0
OthSvc,imp,3.0
__header__:MWGT,dim1,dim2,Value
NAD,CarTrading,1.0
NAD,OthTrade,1.0
NAD,RailTransprt,0.5
NAD,LandTransprt,1.0
NAD,SeaTransport,0.5
NAD,RiverTrnsprt,0.10000000149011612
NAD,AirTransport,1.0
NAD,TransportSvc,1.0
NAD,Postal,1.0
SumUt,CarTrading,1.0
SumUt,OthTrade,1.0
SumUt,RailTransprt,0.5
SumUt,LandTransprt,1.0
SumUt,SeaTransport,0.5
SumUt,RiverTrnsprt,0.10000000149011612
SumUt,AirTransport,1.0
SumUt,TransportSvc,1.0
SumUt,Postal,1.0
SumBar,CarTrading,1.0
SumBar,OthTrade,1.0
SumBar,RailTransprt,0.75
SumBar,LandTransprt,1.0
SumBar,SeaTransport,0.5
SumBar,RiverTrnsprt,0.10000000149011612
SumBar,AirTransport,1.0
SumBar,TransportSvc,1.0
SumBar,Postal,1.0
RiauProv,CarTrading,1.0
RiauProv,OthTrade,1.0
RiauProv,RailTransprt,0.5
RiauProv,LandTransprt,1.0
RiauProv,SeaTransport,0.5
RiauProv,RiverTrnsprt,0.10000000149011612
RiauProv,AirTransport,1.0
RiauProv,TransportSvc,1.0
RiauProv,Postal,1.0
KepRi,CarTrading,1.0
KepRi,OthTrade,1.0
KepRi,RailTransprt,0.5
KepRi,LandTransprt,1.0
KepRi,SeaTransport,0.5
KepRi,RiverTrnsprt,0.10000000149011612
KepRi,AirTransport,1.0
KepRi,TransportSvc,1.0
KepRi,Postal,1.0
Jambi,CarTrading,1.0
Jambi,OthTrade,1.0
Jambi,RailTransprt,0.5
Jambi,LandTransprt,1.0
Jambi,SeaTransport,0.5
Jambi,RiverTrnsprt,0.10000000149011612
Jambi,AirTransport,1.0
Jambi,TransportSvc,1.0
Jambi,Postal,1.0
SumSel,CarTrading,1.0
SumSel,OthTrade,1.0
SumSel,RailTransprt,0.75
SumSel,LandTransprt,1.0
SumSel,SeaTransport,0.5
SumSel,RiverTrnsprt,0.10000000149011612
SumSel,AirTransport,1.0
SumSel,TransportSvc,1.0
SumSel,Postal,1.0
BaBel,CarTrading,1.0
BaBel,OthTrade,1.0
BaBel,RailTransprt,0.5
BaBel,LandTransprt,1.0
BaBel,SeaTransport,0.5
BaBel,RiverTrnsprt,0.10000000149011612
BaBel,AirTransport,1.0
BaBel,TransportSvc,1.0
BaBel,Postal,1.0
Bengkulu,CarTrading,1.0
Bengkulu,OthTrade,1.0
Bengkulu,RailTransprt,0.5
Bengkulu,LandTransprt,1.0
Bengkulu,SeaTransport,0.5
Bengkulu,RiverTrnsprt,0.10000000149011612
Bengkulu,AirTransport,1.0
Bengkulu,TransportSvc,1.0
Bengkulu,Postal,1.0
Lampung,CarTrading,1.0
Lampung,OthTrade,1.0
Lampung,RailTransprt,0.75
Lampung,LandTransprt,1.0
Lampung,SeaTransport,0.5
Lampung,RiverTrnsprt,0.10000000149011612
Lampung,AirTransport,1.0
Lampung,TransportSvc,1.0
Lampung,Postal,1.0
DKI,CarTrading,1.0
DKI,OthTrade,1.0
DKI,RailTransprt,1.0
DKI,LandTransprt,1.0
DKI,SeaTransport,0.5
DKI,RiverTrnsprt,0.0
DKI,AirTransport,1.0
DKI,TransportSvc,1.0
DKI,Postal,1.0
JaBar,CarTrading,1.0
JaBar,OthTrade,1.0
JaBar,RailTransprt,1.0
JaBar,LandTransprt,1.0
JaBar,SeaTransport,0.5
JaBar,RiverTrnsprt,0.0
JaBar,AirTransport,1.0
JaBar,TransportSvc,1.0
JaBar,Postal,1.0
Banten,CarTrading,1.0
Banten,OthTrade,1.0
Banten,RailTransprt,1.0
Banten,LandTransprt,1.0
Banten,SeaTransport,0.5
Banten,RiverTrnsprt,0.0
Banten,AirTransport,1.0
Banten,TransportSvc,1.0
Banten,Postal,1.0
JaTeng,CarTrading,1.0
JaTeng,OthTrade,1.0
JaTeng,RailTransprt,1.0
JaTeng,LandTransprt,1.0
JaTeng,SeaTransport,0.5
JaTeng,RiverTrnsprt,0.0
JaTeng,AirTransport,1.0
JaTeng,TransportSvc,1.0
JaTeng,Postal,1.0
DIY,CarTrading,1.0
DIY,OthTrade,1.0
DIY,RailTransprt,1.0
DIY,LandTransprt,1.0
DIY,SeaTransport,0.5
DIY,RiverTrnsprt,0.0
DIY,AirTransport,1.0
DIY,TransportSvc,1.0
DIY,Postal,1.0
JaTim,CarTrading,1.0
JaTim,OthTrade,1.0
JaTim,RailTransprt,1.0
JaTim,LandTransprt,1.0
JaTim,SeaTransport,0.5
JaTim,RiverTrnsprt,0.0
JaTim,AirTransport,1.0
JaTim,TransportSvc,1.0
JaTim,Postal,1.0
KalBar,CarTrading,1.0
KalBar,OthTrade,1.0
KalBar,RailTransprt,0.0
KalBar,LandTransprt,1.0
KalBar,SeaTransport,1.0
KalBar,RiverTrnsprt,2.0
KalBar,AirTransport,1.0
KalBar,TransportSvc,1.0
KalBar,Postal,1.0
KalTeng,CarTrading,1.0
KalTeng,OthTrade,1.0
KalTeng,RailTransprt,0.0
KalTeng,LandTransprt,1.0
KalTeng,SeaTransport,1.0
KalTeng,RiverTrnsprt,2.0
KalTeng,AirTransport,1.0
KalTeng,TransportSvc,1.0
KalTeng,Postal,1.0
KalSel,CarTrading,1.0
KalSel,OthTrade,1.0
KalSel,RailTransprt,0.0
KalSel,LandTransprt,1.0
KalSel,SeaTransport,1.0
KalSel,RiverTrnsprt,2.0
KalSel,AirTransport,1.0
KalSel,TransportSvc,1.0
KalSel,Postal,1.0
KalTim,CarTrading,1.0
KalTim,OthTrade,1.0
KalTim,RailTransprt,0.0
KalTim,LandTransprt,1.0
KalTim,SeaTransport,1.0
KalTim,RiverTrnsprt,2.0
KalTim,AirTransport,1.0
KalTim,TransportSvc,1.0
KalTim,Postal,1.0
KalUt,CarTrading,1.0
KalUt,OthTrade,1.0
KalUt,RailTransprt,0.0
KalUt,LandTransprt,1.0
KalUt,SeaTransport,1.0
KalUt,RiverTrnsprt,2.0
KalUt,AirTransport,1.0
KalUt,TransportSvc,1.0
KalUt,Postal,1.0
SulUt,CarTrading,1.0
SulUt,OthTrade,1.0
SulUt,RailTransprt,0.0
SulUt,LandTransprt,1.0
SulUt,SeaTransport,1.0
SulUt,RiverTrnsprt,0.0
SulUt,AirTransport,1.0
SulUt,TransportSvc,1.0
SulUt,Postal,1.0
Gorontalo,CarTrading,1.0
Gorontalo,OthTrade,1.0
Gorontalo,RailTransprt,0.0
Gorontalo,LandTransprt,1.0
Gorontalo,SeaTransport,1.0
Gorontalo,RiverTrnsprt,0.0
Gorontalo,AirTransport,1.0
Gorontalo,TransportSvc,1.0
Gorontalo,Postal,1.0
SulTeng,CarTrading,1.0
SulTeng,OthTrade,1.0
SulTeng,RailTransprt,0.0
SulTeng,LandTransprt,1.0
SulTeng,SeaTransport,1.0
SulTeng,RiverTrnsprt,0.0
SulTeng,AirTransport,1.0
SulTeng,TransportSvc,1.0
SulTeng,Postal,1.0
SulaSel,CarTrading,1.0
SulaSel,OthTrade,1.0
SulaSel,RailTransprt,0.0
SulaSel,LandTransprt,1.0
SulaSel,SeaTransport,1.0
SulaSel,RiverTrnsprt,0.0
SulaSel,AirTransport,1.0
SulaSel,TransportSvc,1.0
SulaSel,Postal,1.0
SulBar,CarTrading,1.0
SulBar,OthTrade,1.0
SulBar,RailTransprt,0.0
SulBar,LandTransprt,1.0
SulBar,SeaTransport,1.0
SulBar,RiverTrnsprt,0.0
SulBar,AirTransport,1.0
SulBar,TransportSvc,1.0
SulBar,Postal,1.0
SulTra,CarTrading,1.0
SulTra,OthTrade,1.0
SulTra,RailTransprt,0.0
SulTra,LandTransprt,1.0
SulTra,SeaTransport,1.0
SulTra,RiverTrnsprt,0.0
SulTra,AirTransport,1.0
SulTra,TransportSvc,1.0
SulTra,Postal,1.0
Bali,CarTrading,1.0
Bali,OthTrade,1.0
Bali,RailTransprt,0.0
Bali,LandTransprt,1.0
Bali,SeaTransport,1.0
Bali,RiverTrnsprt,0.0
Bali,AirTransport,1.0
Bali,TransportSvc,1.0
Bali,Postal,1.0
NTB,CarTrading,1.0
NTB,OthTrade,1.0
NTB,RailTransprt,0.0
NTB,LandTransprt,1.0
NTB,SeaTransport,1.0
NTB,RiverTrnsprt,0.0
NTB,AirTransport,1.0
NTB,TransportSvc,1.0
NTB,Postal,1.0
NTT,CarTrading,1.0
NTT,OthTrade,1.0
NTT,RailTransprt,0.0
NTT,LandTransprt,1.0
NTT,SeaTransport,1.0
NTT,RiverTrnsprt,0.0
NTT,AirTransport,1.0
NTT,TransportSvc,1.0
NTT,Postal,1.0
Maluku,CarTrading,1.0
Maluku,OthTrade,1.0
Maluku,RailTransprt,0.0
Maluku,LandTransprt,1.0
Maluku,SeaTransport,2.0
Maluku,RiverTrnsprt,0.0
Maluku,AirTransport,2.0
Maluku,TransportSvc,1.0
Maluku,Postal,1.0
MalUt,CarTrading,1.0
MalUt,OthTrade,1.0
MalUt,RailTransprt,0.0
MalUt,LandTransprt,1.0
MalUt,SeaTransport,2.0
MalUt,RiverTrnsprt,0.0
MalUt,AirTransport,2.0
MalUt,TransportSvc,1.0
MalUt,Postal,1.0
PapuaBar,CarTrading,1.0
PapuaBar,OthTrade,1.0
PapuaBar,RailTransprt,0.0
PapuaBar,LandTransprt,1.0
PapuaBar,SeaTransport,2.0
PapuaBar,RiverTrnsprt,0.0
PapuaBar,AirTransport,3.0
PapuaBar,TransportSvc,1.0
PapuaBar,Postal,1.0
PapuaProv,CarTrading,1.0
PapuaProv,OthTrade,1.0
PapuaProv,RailTransprt,0.0
PapuaProv,LandTransprt,1.0
PapuaProv,SeaTransport,2.0
PapuaProv,RiverTrnsprt,0.0
PapuaProv,AirTransport,3.0
PapuaProv,TransportSvc,1.0
PapuaProv,Postal,1.0
__header__:LMAR,dim1,Value
CarTrading,6.0
OthTrade,6.0
RailTransprt,2.0
LandTransprt,2.0
SeaTransport,1.0
RiverTrnsprt,2.0
AirTransport,1.0
TransportSvc,2.0
Postal,2.0
__header__:PO01,dim1,Value
NAD,5094500.0
SumUt,14136800.0
SumBar,5272500.0
RiauProv,6478400.0
KepRi,2045300.0
Jambi,3445900.0
SumSel,8174100.0
BaBel,1393100.0
Bengkulu,1900700.0
Lampung,8210300.0
DKI,10265300.0
JaBar,47365800.0
Banten,12157200.0
JaTeng,33946400.0
DIY,3718500.0
JaTim,39041400.0
KalBar,4859900.0
KalTeng,2536300.0
KalSel,4049500.0
KalTim,3479600.0
KalUt,657300.0
SulUt,2432200.0
Gorontalo,1144800.0
SulTeng,2919800.0
SulaSel,8598600.0
SulBar,1301400.0
SulTra,2543100.0
Bali,4202400.0
NTB,4924800.0
NTT,5204700.0
Maluku,1710400.0
MalUt,1184500.0
PapuaBar,897600.0
PapuaProv,3203400.0
__header__:SGDD,dim1,Value
Rice,2.0
Corn,2.0
SweetPotato,2.0
Cassava,2.0
OthTubers,2.0
Peanuts,2.0
Soy,2.0
OthNuts,2.0
OthGrains,2.0
Vegetables,2.0
DecorPlants,2.0
Cane,2.0
Tobacco,2.0
PlantFiber,2.0
OthPlantaton,2.0
Fruits,2.0
PlantBiophrm,2.0
Rubber,2.0
Coconut,2.0
PalmOil,2.0
Coffee,2.0
Tea,2.0
Cocoa,2.0
Clove,2.0
Cashew,2.0
Livestock,2.0
FreshMilk,2.0
PoultryEggs,2.0
OthAnimalPrd,2.0
AgricSvc,2.0
Wood,2.0
OthForestPrd,2.0
Fish,2.0
Shrimps,2.0
OthAquatic,2.0
Seaweed,2.0
CoalLignite,5.0
CrudeOil,5.0
NaturalGas,5.0
IronOre,5.0
TinOre,5.0
BauxiteOre,5.0
CopperOre,5.0
NickelOre,5.0
OthMetalMine,5.0
GoldOre,5.0
SilverOre,5.0
GalianPrd,5.0
NonMetlMinrl,5.0
CoarseSalt,5.0
PetrolNatGas,5.0
OthMiningQry,5.0
Abattoir,5.0
MeatProcessg,5.0
DriedFish,5.0
FishProcess,5.0
VegFruitProc,5.0
EdibleOils,5.0
Copra,5.0
DairyPrd,5.0
OthFlour,5.0
WheatFlour,5.0
RiceMilling,5.0
BreadBiscuit,5.0
Sugar,5.0
Confectionry,5.0
PastaNoodle,5.0
CoffeeProc,5.0
TeaProc,5.0
SoyProcessed,5.0
OthFood,5.0
AnimalFeed,5.0
AlcoBeverage,5.0
NonAlcoBev,5.0
Cigarettes,5.0
TobaccoPrd,5.0
Yarn,5.0
Textile,5.0
RopesCarpets,5.0
OthTextilPrd,5.0
KnittedPrd,5.0
Apparel,5.0
Tanning,5.0
LeatherPrd,5.0
Footwear,5.0
SawMill,5.0
Plywood,5.0
WoodBuildMat,5.0
OthWoodPrdn,5.0
PaperPulp,5.0
Paper,5.0
PaperPrd,5.0
PrintedPrd,5.0
OthNMmetlPrd,5.0
OilAndGasRef,5.0
BasChemicals,5.0
Fertilizer,5.0
Plastics,5.0
Pesticide,5.0
Paints,5.0
Varnish,5.0
Soaps,5.0
Cosmetics,5.0
OthChemPrd,5.0
Pharmaceutcl,5.0
TradMedicine,5.0
Tire,5.0
SmokedRubber,5.0
OthRubberPrd,5.0
PlasticPrd,5.0
Glass,5.0
ClayCermcPrd,5.0
Cement,5.0
BasIronSteel,5.0
NonFerrMetal,5.0
FoundryPrd,5.0
FabMetalPrd,5.0
WeaponsAmmo,5.0
DomMetalPrd,5.0
OthMetalPrd,5.0
ElectroncPrd,5.0
Instruments,5.0
ElecMotorGen,5.0
ElectEqp,5.0
Batteries,5.0
OthElecEqp,5.0
DomElectEqp,5.0
PrimaryMover,5.0
OfficeMachin,5.0
OthMachinEqp,5.0
MotorVehicle,5.0
Ships,5.0
RailwayEqp,5.0
Aircraft,5.0
OthTrnsEqp,5.0
Motorcycle,5.0
Furniture,5.0
Jewelry,5.0
MusicInstrum,5.0
SportsEquip,5.0
GamesAndToys,5.0
MedicalDvces,5.0
OthIndustPrd,5.0
ManMtlRepair,5.0
Electricity,1.0
GasDist,1.0
WaterSupply,1.0
WasteManage,1.0
ResidBuildng,1.0
EleGasInfstr,1.0
AgricInfstrc,1.0
RoadsBridges,1.0
OthBuildings,1.0
CarTrading,1.0
CarRepair,1.0
OthTrade,1.0
RailTransprt,1.0
LandTransprt,1.0
SeaTransport,1.0
RiverTrnsprt,1.0
AirTransport,1.0
TransportSvc,1.0
Postal,1.0
Hotels,1.0
Restaurants,1.0
Publishing,3.0
Broadcasting,3.0
Telecommunic,1.0
InformatTech,1.0
FinancialSvc,3.0
InsuranceSvc,3.0
PensionSvc,3.0
OthFinancSvc,3.0
RealEstatSvc,1.0
ProfSciTech,1.0
RentalSvc,1.0
GenGovernmet,1.0
GovEducation,1.0
GovHealth,1.0
OthGovSvc,1.0
PrvEducation,1.0
PrvHealth,1.0
ArtsEntrtain,1.0
HholdRepairs,1.0
OthSvc,1.0
__header__:SMAR,dim1,Value
CarTrading,0.20000000298023224
OthTrade,0.20000000298023224
RailTransprt,0.20000000298023224
LandTransprt,0.20000000298023224
SeaTransport,0.20000000298023224
RiverTrnsprt,0.20000000298023224
AirTransport,0.20000000298023224
TransportSvc,0.20000000298023224
Postal,0.20000000298023224
