REGION 1
1617
97.950 4.760
97.950 4.750
97.950 4.740
97.960 4.740
97.960 4.730
97.960 4.720
97.960 4.710
97.960 4.700
97.960 4.690
97.960 4.680
97.960 4.670
97.960 4.660
97.970 4.660
97.970 4.650
97.980 4.650
97.990 4.640
98.000 4.640
98.000 4.630
97.990 4.630
97.990 4.620
98.000 4.620
98.010 4.620
98.020 4.620
98.020 4.610
98.020 4.600
98.010 4.600
98.000 4.600
98.000 4.590
97.990 4.590
97.990 4.580
97.990 4.570
97.980 4.570
97.980 4.560
97.970 4.560
97.970 4.550
97.960 4.550
97.950 4.550
97.950 4.540
97.960 4.540
97.960 4.530
97.970 4.530
97.970 4.540
97.980 4.540
97.990 4.540
97.990 4.530
98.000 4.530
98.010 4.530
98.020 4.530
98.020 4.520
98.020 4.510
98.030 4.510
98.040 4.510
98.050 4.510
98.050 4.520
98.040 4.520
98.040 4.530
98.050 4.530
98.050 4.540
98.060 4.540
98.060 4.550
98.070 4.550
98.080 4.550
98.080 4.540
98.090 4.540
98.090 4.530
98.080 4.530
98.080 4.520
98.080 4.510
98.080 4.500
98.080 4.490
98.090 4.490
98.090 4.500
98.090 4.510
98.090 4.520
98.100 4.520
98.110 4.520
98.120 4.520
98.130 4.520
98.140 4.520
98.140 4.510
98.150 4.510
98.160 4.510
98.170 4.510
98.170 4.500
98.160 4.500
98.160 4.490
98.170 4.490
98.180 4.490
98.190 4.490
98.190 4.480
98.200 4.480
98.210 4.480
98.210 4.470
98.220 4.470
98.230 4.470
98.230 4.460
98.240 4.460
98.240 4.450
98.230 4.450
98.230 4.440
98.240 4.440
98.250 4.440
98.250 4.430
98.260 4.430
98.260 4.420
98.260 4.410
98.270 4.410
98.270 4.400
98.270 4.390
98.280 4.390
98.280 4.380
98.280 4.370
98.280 4.360
98.280 4.350
98.280 4.340
98.280 4.330
98.280 4.320
98.270 4.320
98.270 4.310
98.260 4.310
98.260 4.300
98.260 4.290
98.250 4.290
98.250 4.300
98.240 4.300
98.240 4.290
98.230 4.290
98.220 4.290
98.220 4.300
98.210 4.300
98.200 4.300
98.190 4.300
98.190 4.290
98.180 4.290
98.170 4.290
98.160 4.290
98.150 4.290
98.150 4.280
98.150 4.270
98.140 4.260
98.130 4.260
98.120 4.260
98.110 4.260
98.100 4.260
98.090 4.260
98.080 4.260
98.070 4.260
98.070 4.250
98.070 4.240
98.080 4.240
98.090 4.240
98.090 4.230
98.090 4.220
98.090 4.210
98.090 4.200
98.090 4.190
98.080 4.190
98.080 4.200
98.070 4.190
98.060 4.190
98.060 4.180
98.070 4.170
98.070 4.160
98.070 4.150
98.070 4.140
98.060 4.140
98.050 4.140
98.050 4.130
98.050 4.120
98.050 4.110
98.040 4.110
98.040 4.100
98.050 4.100
98.040 4.090
98.040 4.080
98.040 4.070
98.040 4.060
98.040 4.050
98.050 4.040
98.040 4.030
98.030 4.030
98.030 4.020
98.030 4.010
98.030 4.000
98.030 3.990
98.030 3.980
98.020 3.980
98.020 3.970
98.010 3.960
98.000 3.960
98.000 3.950
97.990 3.940
97.980 3.940
97.970 3.940
97.960 3.930
97.950 3.920
97.950 3.910
97.960 3.910
97.960 3.900
97.950 3.900
97.950 3.890
97.940 3.900
97.930 3.900
97.920 3.910
97.910 3.910
97.900 3.910
97.900 3.900
97.900 3.890
97.910 3.880
97.910 3.870
97.910 3.860
97.920 3.850
97.920 3.840
97.910 3.830
97.910 3.820
97.900 3.810
97.890 3.810
97.890 3.800
97.880 3.800
97.870 3.790
97.860 3.790
97.860 3.780
97.850 3.780
97.850 3.770
97.840 3.770
97.830 3.760
97.830 3.750
97.820 3.750
97.820 3.740
97.810 3.740
97.800 3.730
97.800 3.720
97.810 3.710
97.810 3.700
97.820 3.690
97.820 3.680
97.830 3.680
97.830 3.670
97.840 3.670
97.840 3.660
97.850 3.660
97.850 3.650
97.850 3.640
97.850 3.630
97.860 3.620
97.870 3.620
97.870 3.610
97.860 3.600
97.860 3.590
97.870 3.580
97.870 3.570
97.880 3.570
97.880 3.560
97.900 3.560
97.910 3.550
97.910 3.540
97.910 3.530
97.920 3.520
97.920 3.510
97.920 3.500
97.920 3.490
97.930 3.490
97.940 3.490
97.950 3.490
97.950 3.480
97.950 3.470
97.940 3.460
97.940 3.450
97.930 3.450
97.930 3.440
97.940 3.430
97.940 3.420
97.950 3.420
97.950 3.410
97.950 3.400
97.950 3.390
97.960 3.380
97.970 3.380
97.970 3.370
97.980 3.370
97.990 3.370
98.000 3.370
98.010 3.370
98.010 3.360
98.010 3.350
98.020 3.350
98.020 3.340
98.030 3.340
98.030 3.330
98.020 3.320
98.020 3.310
98.020 3.300
98.010 3.290
98.000 3.290
98.000 3.280
97.990 3.280
97.980 3.280
97.980 3.270
97.970 3.270
97.960 3.270
97.950 3.270
97.940 3.260
97.930 3.260
97.920 3.260
97.910 3.260
97.900 3.260
97.890 3.260
97.880 3.250
97.870 3.250
97.880 3.240
97.890 3.240
97.900 3.240
97.910 3.230
97.920 3.230
97.930 3.230
97.930 3.220
97.930 3.210
97.940 3.210
97.940 3.200
97.940 3.190
97.940 3.180
97.940 3.170
97.940 3.160
97.950 3.160
97.950 3.150
97.960 3.150
97.970 3.140
97.970 3.130
97.980 3.130
97.980 3.120
97.980 3.110
97.980 3.100
97.980 3.090
97.980 3.080
97.970 3.070
97.960 3.060
97.950 3.060
97.950 3.070
97.940 3.070
97.930 3.070
97.930 3.060
97.930 3.050
97.940 3.050
97.940 3.040
97.940 3.030
97.940 3.020
97.950 3.010
97.950 3.000
97.940 3.000
97.940 2.990
97.950 2.990
97.950 2.980
97.960 2.980
97.960 2.970
97.960 2.960
97.950 2.950
97.960 2.950
97.960 2.940
97.950 2.940
97.950 2.930
97.950 2.920
97.950 2.910
97.960 2.910
97.950 2.900
97.960 2.900
97.970 2.890
97.980 2.890
97.990 2.890
98.000 2.890
98.010 2.890
98.010 2.880
98.020 2.880
98.020 2.870
98.030 2.860
98.030 2.850
98.040 2.850
98.040 2.840
98.040 2.830
98.040 2.820
98.050 2.820
98.060 2.820
98.070 2.820
98.080 2.820
98.090 2.820
98.100 2.820
98.100 2.810
98.100 2.800
98.110 2.800
98.110 2.790
98.110 2.780
98.100 2.780
98.100 2.770
98.100 2.760
98.090 2.760
98.090 2.750
98.090 2.740
98.090 2.730
98.090 2.720
98.100 2.720
98.100 2.710
98.100 2.700
98.100 2.690
98.100 2.680
98.110 2.680
98.120 2.680
98.130 2.670
98.130 2.660
98.120 2.660
98.120 2.650
98.110 2.650
98.100 2.650
98.090 2.640
98.090 2.630
98.090 2.620
98.090 2.610
98.090 2.600
98.080 2.600
98.080 2.590
98.080 2.580
98.080 2.570
98.080 2.560
98.080 2.550
98.080 2.540
98.080 2.530
98.080 2.510
98.090 2.500
98.100 2.490
98.100 2.480
98.110 2.480
98.110 2.470
98.110 2.460
98.110 2.450
98.110 2.440
98.110 2.430
98.110 2.420
98.120 2.420
98.130 2.420
98.140 2.420
98.150 2.420
98.150 2.410
98.150 2.400
98.160 2.390
98.160 2.380
98.160 2.370
98.170 2.370
98.170 2.360
98.180 2.360
98.180 2.350
98.180 2.340
98.180 2.330
98.190 2.330
98.190 2.320
98.190 2.310
98.180 2.300
98.180 2.290
98.180 2.280
98.180 2.270
98.180 2.260
98.170 2.250
98.170 2.230
98.170 2.210
98.170 2.200
98.160 2.190
98.160 2.180
98.160 2.170
98.160 2.160
98.150 2.150
98.140 2.150
98.140 2.160
98.130 2.160
98.130 2.170
98.120 2.170
98.120 2.180
98.110 2.180
98.110 2.190
98.100 2.190
98.100 2.200
98.090 2.200
98.080 2.200
98.080 2.210
98.070 2.210
98.060 2.210
98.060 2.220
98.050 2.220
98.040 2.220
98.040 2.230
98.030 2.230
98.020 2.230
98.020 2.240
98.010 2.240
98.000 2.240
98.000 2.250
97.990 2.250
97.980 2.250
97.980 2.260
97.970 2.260
97.960 2.260
97.960 2.270
97.950 2.270
97.940 2.270
97.930 2.270
97.920 2.270
97.910 2.270
97.910 2.260
97.900 2.260
97.900 2.250
97.890 2.250
97.890 2.260
97.890 2.270
97.900 2.270
97.900 2.280
97.890 2.280
97.880 2.280
97.880 2.270
97.870 2.270
97.860 2.270
97.860 2.260
97.860 2.250
97.850 2.250
97.850 2.260
97.840 2.260
97.830 2.260
97.830 2.270
97.820 2.270
97.810 2.270
97.800 2.270
97.800 2.260
97.790 2.260
97.790 2.250
97.790 2.240
97.790 2.230
97.780 2.230
97.780 2.240
97.780 2.250
97.770 2.250
97.770 2.260
97.760 2.260
97.760 2.270
97.750 2.270
97.750 2.280
97.750 2.290
97.740 2.290
97.740 2.300
97.740 2.310
97.730 2.310
97.730 2.320
97.720 2.320
97.720 2.330
97.720 2.340
97.710 2.340
97.710 2.350
97.700 2.350
97.700 2.360
97.690 2.360
97.690 2.370
97.680 2.370
97.680 2.380
97.670 2.390
97.660 2.400
97.660 2.410
97.660 2.420
97.660 2.430
97.660 2.440
97.660 2.450
97.660 2.460
97.660 2.470
97.660 2.480
97.660 2.490
97.660 2.500
97.660 2.510
97.660 2.520
97.660 2.530
97.660 2.540
97.660 2.550
97.660 2.560
97.660 2.570
97.660 2.580
97.660 2.590
97.660 2.600
97.650 2.600
97.660 2.610
97.650 2.610
97.650 2.620
97.650 2.630
97.650 2.640
97.650 2.650
97.650 2.660
97.650 2.670
97.650 2.680
97.650 2.690
97.650 2.700
97.640 2.700
97.640 2.710
97.640 2.720
97.640 2.730
97.640 2.740
97.640 2.750
97.630 2.750
97.630 2.760
97.630 2.770
97.630 2.780
97.630 2.790
97.620 2.790
97.620 2.800
97.620 2.810
97.620 2.820
97.620 2.830
97.610 2.830
97.610 2.840
97.610 2.850
97.610 2.860
97.600 2.860
97.600 2.870
97.600 2.880
97.590 2.880
97.580 2.890
97.570 2.890
97.560 2.890
97.550 2.890
97.540 2.890
97.530 2.890
97.520 2.890
97.520 2.900
97.510 2.910
97.500 2.910
97.490 2.920
97.480 2.920
97.470 2.920
97.460 2.920
97.450 2.920
97.440 2.920
97.440 2.930
97.430 2.930
97.420 2.930
97.420 2.940
97.410 2.940
97.410 2.950
97.400 2.950
97.400 2.960
97.390 2.960
97.390 2.970
97.380 2.970
97.380 2.980
97.370 2.990
97.370 3.000
97.360 3.000
97.360 3.010
97.350 3.010
97.350 3.020
97.340 3.020
97.340 3.030
97.330 3.030
97.330 3.040
97.320 3.050
97.320 3.060
97.310 3.060
97.310 3.070
97.310 3.080
97.310 3.090
97.300 3.090
97.300 3.100
97.310 3.100
97.310 3.110
97.300 3.110
97.300 3.120
97.290 3.120
97.290 3.130
97.290 3.140
97.290 3.150
97.280 3.150
97.280 3.160
97.280 3.170
97.280 3.180
97.280 3.190
97.270 3.190
97.270 3.200
97.270 3.210
97.260 3.210
97.260 3.220
97.250 3.230
97.240 3.230
97.230 3.230
97.220 3.230
97.220 3.240
97.220 3.250
97.210 3.250
97.200 3.250
97.200 3.260
97.190 3.260
97.180 3.260
97.180 3.250
97.170 3.250
97.170 3.260
97.170 3.270
97.160 3.270
97.160 3.280
97.160 3.290
97.150 3.290
97.150 3.300
97.150 3.310
97.140 3.310
97.140 3.320
97.130 3.320
97.130 3.330
97.120 3.330
97.120 3.340
97.130 3.340
97.130 3.350
97.120 3.350
97.120 3.360
97.110 3.360
97.110 3.370
97.100 3.370
97.100 3.380
97.090 3.380
97.090 3.390
97.080 3.400
97.080 3.410
97.070 3.410
97.070 3.420
97.070 3.430
97.060 3.430
97.060 3.440
97.060 3.450
97.060 3.460
97.050 3.460
97.050 3.470
97.040 3.470
97.040 3.480
97.040 3.490
97.030 3.490
97.030 3.500
97.020 3.500
97.020 3.510
97.020 3.520
97.010 3.520
97.010 3.530
97.000 3.530
97.000 3.540
96.990 3.540
96.990 3.550
96.990 3.560
96.980 3.560
96.970 3.560
96.960 3.560
96.960 3.570
96.950 3.570
96.940 3.570
96.940 3.580
96.930 3.580
96.920 3.590
96.910 3.590
96.910 3.600
96.900 3.600
96.900 3.610
96.900 3.620
96.900 3.630
96.900 3.640
96.890 3.640
96.890 3.650
96.890 3.660
96.890 3.670
96.880 3.670
96.880 3.680
96.870 3.680
96.870 3.690
96.860 3.690
96.860 3.700
96.850 3.700
96.840 3.700
96.840 3.710
96.830 3.710
96.820 3.710
96.820 3.720
96.810 3.720
96.810 3.730
96.800 3.730
96.790 3.720
96.790 3.730
96.780 3.730
96.780 3.740
96.770 3.740
96.760 3.740
96.750 3.740
96.750 3.750
96.740 3.750
96.740 3.740
96.730 3.740
96.730 3.750
96.720 3.750
96.710 3.750
96.710 3.740
96.700 3.740
96.690 3.740
96.680 3.740
96.680 3.750
96.670 3.750
96.660 3.750
96.650 3.750
96.650 3.740
96.640 3.740
96.630 3.740
96.620 3.740
96.610 3.740
96.610 3.730
96.600 3.730
96.590 3.730
96.580 3.730
96.570 3.730
96.560 3.730
96.550 3.730
96.540 3.730
96.530 3.730
96.520 3.730
96.520 3.740
96.510 3.740
96.500 3.740
96.500 3.750
96.490 3.750
96.490 3.760
96.480 3.760
96.480 3.770
96.460 3.780
96.450 3.780
96.450 3.790
96.440 3.790
96.440 3.800
96.430 3.800
96.430 3.810
96.420 3.810
96.420 3.820
96.410 3.820
96.410 3.830
96.400 3.830
96.400 3.840
96.390 3.840
96.390 3.850
96.380 3.850
96.380 3.860
96.370 3.870
96.370 3.880
96.360 3.880
96.360 3.890
96.350 3.890
96.350 3.900
96.350 3.910
96.340 3.910
96.340 3.920
96.330 3.920
96.330 3.930
96.330 3.940
96.320 3.940
96.320 3.950
96.310 3.950
96.310 3.960
96.310 3.970
96.300 3.970
96.300 3.980
96.290 3.980
96.290 3.990
96.290 4.000
96.280 4.000
96.280 4.010
96.270 4.010
96.270 4.020
96.260 4.020
96.260 4.030
96.250 4.030
96.250 4.040
96.240 4.050
96.240 4.060
96.230 4.060
96.230 4.070
96.220 4.070
96.220 4.080
96.210 4.080
96.210 4.090
96.200 4.090
96.200 4.100
96.190 4.100
96.190 4.110
96.180 4.110
96.180 4.120
96.170 4.120
96.170 4.130
96.160 4.130
96.160 4.140
96.150 4.140
96.140 4.140
96.130 4.140
96.120 4.140
96.120 4.150
96.110 4.150
96.110 4.160
96.100 4.160
96.100 4.170
96.090 4.170
96.090 4.180
96.080 4.180
96.080 4.190
96.070 4.190
96.070 4.200
96.060 4.200
96.060 4.210
96.050 4.210
96.040 4.210
96.030 4.200
96.030 4.190
96.020 4.190
96.020 4.200
96.020 4.210
96.020 4.220
96.010 4.220
96.010 4.230
96.000 4.230
96.000 4.240
95.990 4.240
95.990 4.250
95.980 4.250
95.980 4.260
95.970 4.260
95.970 4.270
95.960 4.270
95.960 4.280
95.950 4.280
95.950 4.290
95.940 4.290
95.940 4.300
95.930 4.300
95.930 4.310
95.930 4.320
95.920 4.320
95.920 4.330
95.910 4.330
95.910 4.340
95.900 4.340
95.900 4.350
95.890 4.350
95.890 4.360
95.880 4.360
95.880 4.370
95.870 4.370
95.870 4.380
95.860 4.380
95.860 4.390
95.850 4.390
95.850 4.400
95.840 4.400
95.840 4.410
95.830 4.410
95.830 4.420
95.820 4.420
95.810 4.430
95.810 4.440
95.810 4.450
95.800 4.450
95.790 4.450
95.790 4.460
95.780 4.460
95.780 4.470
95.770 4.470
95.770 4.480
95.760 4.480
95.760 4.490
95.750 4.490
95.750 4.500
95.740 4.500
95.740 4.510
95.730 4.510
95.730 4.520
95.720 4.520
95.720 4.530
95.710 4.530
95.710 4.540
95.700 4.540
95.700 4.550
95.690 4.550
95.680 4.560
95.670 4.560
95.670 4.570
95.660 4.570
95.660 4.580
95.650 4.580
95.650 4.590
95.640 4.590
95.630 4.600
95.620 4.610
95.610 4.620
95.600 4.620
95.600 4.630
95.590 4.630
95.580 4.630
95.570 4.630
95.570 4.640
95.580 4.640
95.580 4.650
95.580 4.660
95.570 4.660
95.570 4.670
95.560 4.670
95.560 4.660
95.560 4.650
95.550 4.650
95.540 4.650
95.540 4.660
95.540 4.670
95.530 4.670
95.530 4.680
95.530 4.690
95.520 4.690
95.520 4.700
95.510 4.700
95.510 4.710
95.510 4.720
95.510 4.730
95.500 4.730
95.500 4.740
95.500 4.750
95.490 4.750
95.490 4.760
95.480 4.760
95.480 4.770
95.470 4.770
95.470 4.780
95.460 4.780
95.450 4.780
95.450 4.790
95.450 4.800
95.450 4.810
95.440 4.810
95.430 4.810
95.430 4.820
95.420 4.820
95.420 4.830
95.430 4.830
95.430 4.840
95.420 4.840
95.420 4.850
95.410 4.850
95.410 4.860
95.400 4.870
95.400 4.880
95.400 4.890
95.400 4.900
95.390 4.900
95.390 4.910
95.390 4.920
95.380 4.920
95.380 4.930
95.370 4.930
95.370 4.940
95.370 4.950
95.380 4.950
95.380 4.960
95.380 4.970
95.370 4.970
95.370 4.980
95.370 4.990
95.360 5.000
95.360 5.010
95.360 5.020
95.370 5.020
95.370 5.030
95.360 5.030
95.360 5.040
95.350 5.040
95.350 5.050
95.340 5.050
95.330 5.050
95.330 5.060
95.330 5.070
95.320 5.070
95.320 5.080
95.320 5.090
95.320 5.100
95.310 5.100
95.310 5.110
95.300 5.110
95.290 5.110
95.280 5.110
95.280 5.120
95.290 5.120
95.300 5.120
95.310 5.130
95.310 5.140
95.310 5.150
95.310 5.160
95.310 5.170
95.300 5.170
95.300 5.180
95.290 5.180
95.290 5.190
95.290 5.200
95.280 5.200
95.270 5.200
95.260 5.200
95.260 5.210
95.260 5.220
95.250 5.220
95.240 5.220
95.240 5.230
95.250 5.230
95.250 5.240
95.250 5.250
95.240 5.250
95.230 5.250
95.230 5.260
95.240 5.260
95.240 5.270
95.240 5.280
95.230 5.280
95.220 5.280
95.220 5.290
95.220 5.300
95.210 5.300
95.210 5.310
95.220 5.310
95.220 5.320
95.230 5.320
95.240 5.320
95.240 5.330
95.230 5.330
95.230 5.340
95.240 5.340
95.240 5.350
95.240 5.360
95.250 5.360
95.240 5.370
95.250 5.370
95.250 5.380
95.250 5.390
95.250 5.400
95.250 5.410
95.250 5.420
95.240 5.420
95.240 5.430
95.230 5.430
95.230 5.440
95.240 5.440
95.240 5.450
95.240 5.460
95.240 5.470
95.240 5.480
95.230 5.480
95.230 5.490
95.230 5.500
95.220 5.500
95.210 5.500
95.210 5.510
95.200 5.510
95.200 5.520
95.190 5.530
95.200 5.530
95.200 5.540
95.210 5.540
95.210 5.550
95.210 5.560
95.220 5.560
95.220 5.570
95.220 5.580
95.230 5.580
95.230 5.570
95.240 5.570
95.240 5.560
95.250 5.560
95.250 5.550
95.260 5.550
95.270 5.550
95.280 5.550
95.280 5.560
95.290 5.560
95.300 5.560
95.300 5.570
95.300 5.580
95.310 5.580
95.320 5.580
95.320 5.590
95.330 5.590
95.340 5.590
95.350 5.590
95.360 5.590
95.360 5.600
95.370 5.600
95.380 5.600
95.380 5.610
95.380 5.620
95.390 5.620
95.390 5.630
95.400 5.630
95.400 5.640
95.410 5.640
95.410 5.650
95.420 5.650
95.430 5.650
95.440 5.650
95.450 5.650
95.460 5.650
95.470 5.640
95.470 5.630
95.480 5.630
95.480 5.620
95.490 5.620
95.490 5.610
95.500 5.610
95.500 5.600
95.510 5.600
95.520 5.600
95.530 5.600
95.530 5.610
95.540 5.610
95.540 5.620
95.550 5.610
95.560 5.610
95.560 5.620
95.570 5.620
95.580 5.620
95.590 5.620
95.600 5.620
95.600 5.630
95.610 5.630
95.620 5.630
95.620 5.620
95.630 5.620
95.630 5.610
95.640 5.610
95.650 5.610
95.650 5.600
95.660 5.600
95.660 5.590
95.670 5.590
95.680 5.590
95.690 5.590
95.690 5.580
95.700 5.580
95.710 5.580
95.720 5.580
95.730 5.580
95.730 5.570
95.740 5.570
95.750 5.570
95.750 5.560
95.760 5.560
95.770 5.560
95.770 5.550
95.780 5.550
95.790 5.550
95.790 5.540
95.800 5.540
95.810 5.540
95.820 5.540
95.830 5.540
95.830 5.530
95.840 5.530
95.850 5.520
95.860 5.520
95.870 5.520
95.870 5.510
95.880 5.510
95.890 5.510
95.890 5.500
95.890 5.490
95.890 5.480
95.890 5.470
95.890 5.460
95.900 5.460
95.900 5.450
95.890 5.450
95.890 5.440
95.890 5.430
95.890 5.420
95.900 5.420
95.900 5.410
95.910 5.410
95.910 5.400
95.920 5.400
95.920 5.390
95.920 5.380
95.930 5.380
95.930 5.390
95.940 5.390
95.940 5.400
95.950 5.400
95.950 5.390
95.960 5.390
95.970 5.390
95.970 5.380
95.960 5.380
95.960 5.370
95.970 5.370
95.970 5.360
95.980 5.360
95.990 5.360
96.000 5.360
96.000 5.350
96.010 5.350
96.010 5.340
96.010 5.330
96.020 5.330
96.030 5.330
96.040 5.330
96.050 5.330
96.050 5.320
96.060 5.320
96.060 5.310
96.070 5.310
96.070 5.300
96.080 5.290
96.090 5.290
96.100 5.290
96.110 5.290
96.110 5.280
96.100 5.280
96.090 5.280
96.090 5.270
96.100 5.270
96.110 5.270
96.120 5.270
96.130 5.270
96.130 5.280
96.140 5.280
96.150 5.280
96.150 5.270
96.160 5.270
96.170 5.270
96.170 5.260
96.180 5.260
96.190 5.260
96.200 5.260
96.210 5.260
96.220 5.260
96.230 5.260
96.240 5.260
96.250 5.260
96.260 5.260
96.270 5.260
96.270 5.250
96.280 5.250
96.290 5.250
96.290 5.240
96.300 5.240
96.310 5.240
96.310 5.230
96.320 5.230
96.330 5.230
96.340 5.230
96.350 5.230
96.350 5.220
96.360 5.220
96.370 5.220
96.370 5.210
96.370 5.200
96.380 5.200
96.390 5.200
96.400 5.200
96.400 5.210
96.410 5.210
96.410 5.200
96.420 5.200
96.420 5.210
96.420 5.220
96.430 5.220
96.440 5.220
96.440 5.230
96.450 5.230
96.460 5.230
96.460 5.240
96.470 5.240
96.470 5.230
96.480 5.230
96.480 5.220
96.480 5.210
96.490 5.210
96.490 5.200
96.500 5.200
96.510 5.200
96.520 5.200
96.530 5.200
96.540 5.200
96.550 5.200
96.560 5.200
96.570 5.200
96.570 5.210
96.580 5.210
96.590 5.210
96.600 5.210
96.610 5.210
96.620 5.210
96.630 5.210
96.640 5.210
96.640 5.220
96.650 5.220
96.660 5.220
96.670 5.220
96.670 5.230
96.680 5.230
96.690 5.230
96.700 5.230
96.700 5.240
96.710 5.240
96.720 5.240
96.720 5.230
96.730 5.230
96.740 5.230
96.750 5.230
96.750 5.240
96.760 5.230
96.760 5.240
96.760 5.250
96.770 5.240
96.770 5.250
96.780 5.250
96.780 5.260
96.790 5.260
96.800 5.260
96.810 5.260
96.820 5.260
96.830 5.260
96.840 5.260
96.840 5.270
96.840 5.280
96.850 5.280
96.850 5.270
96.860 5.270
96.860 5.260
96.850 5.260
96.850 5.250
96.860 5.250
96.860 5.240
96.870 5.250
96.870 5.240
96.880 5.240
96.890 5.240
96.890 5.250
96.900 5.250
96.910 5.250
96.920 5.250
96.930 5.250
96.930 5.260
96.940 5.260
96.950 5.260
96.960 5.260
96.970 5.260
96.980 5.260
96.990 5.260
97.000 5.260
97.010 5.260
97.010 5.250
97.020 5.250
97.030 5.250
97.030 5.240
97.040 5.240
97.050 5.240
97.060 5.240
97.070 5.230
97.080 5.230
97.090 5.230
97.100 5.230
97.100 5.220
97.100 5.210
97.110 5.210
97.120 5.210
97.130 5.210
97.130 5.200
97.140 5.200
97.150 5.200
97.150 5.190
97.150 5.180
97.150 5.170
97.140 5.170
97.140 5.160
97.140 5.150
97.150 5.150
97.160 5.150
97.170 5.150
97.170 5.140
97.180 5.140
97.190 5.140
97.200 5.140
97.210 5.140
97.210 5.150
97.220 5.150
97.230 5.150
97.240 5.150
97.240 5.160
97.250 5.160
97.260 5.160
97.260 5.170
97.270 5.170
97.280 5.170
97.290 5.170
97.290 5.180
97.300 5.180
97.310 5.180
97.310 5.190
97.320 5.190
97.330 5.190
97.340 5.190
97.350 5.190
97.350 5.200
97.360 5.200
97.370 5.200
97.380 5.200
97.380 5.210
97.390 5.210
97.400 5.210
97.400 5.220
97.410 5.220
97.420 5.220
97.430 5.220
97.430 5.230
97.440 5.230
97.450 5.230
97.460 5.230
97.460 5.240
97.470 5.240
97.480 5.240
97.480 5.250
97.490 5.250
97.500 5.250
97.510 5.250
97.510 5.240
97.520 5.240
97.520 5.230
97.520 5.220
97.530 5.220
97.530 5.210
97.540 5.210
97.540 5.200
97.550 5.200
97.560 5.200
97.560 5.190
97.570 5.190
97.570 5.180
97.570 5.170
97.570 5.160
97.580 5.170
97.580 5.160
97.590 5.160
97.590 5.150
97.590 5.140
97.600 5.140
97.610 5.140
97.610 5.130
97.620 5.130
97.630 5.130
97.630 5.120
97.640 5.120
97.650 5.120
97.650 5.110
97.650 5.100
97.650 5.090
97.640 5.090
97.640 5.080
97.640 5.070
97.650 5.070
97.660 5.070
97.660 5.060
97.670 5.060
97.670 5.050
97.680 5.050
97.680 5.040
97.690 5.040
97.690 5.030
97.700 5.030
97.710 5.030
97.710 5.020
97.720 5.020
97.720 5.010
97.730 5.010
97.730 5.000
97.740 5.000
97.740 4.990
97.750 4.990
97.750 4.980
97.760 4.980
97.760 4.970
97.770 4.970
97.770 4.960
97.780 4.960
97.780 4.950
97.790 4.950
97.800 4.940
97.810 4.940
97.810 4.930
97.820 4.930
97.820 4.920
97.830 4.920
97.830 4.910
97.840 4.910
97.850 4.910
97.850 4.900
97.860 4.900
97.860 4.890
97.870 4.890
97.880 4.890
97.890 4.890
97.900 4.890
97.900 4.880
97.910 4.880
97.910 4.870
97.910 4.860
97.920 4.860
97.920 4.850
97.920 4.840
97.920 4.830
97.930 4.830
97.930 4.820
97.930 4.810
97.930 4.800
97.940 4.800
97.940 4.790
97.930 4.790
97.930 4.780
97.940 4.780
97.940 4.770
97.950 4.770
97.950 4.760
REGION 2
1750
97.940 2.990
97.940 3.000
97.950 3.000
97.950 3.010
97.940 3.020
97.940 3.030
97.940 3.040
97.940 3.050
97.930 3.050
97.930 3.060
97.930 3.070
97.940 3.070
97.950 3.070
97.960 3.060
97.970 3.070
97.980 3.080
97.980 3.090
97.980 3.100
97.980 3.110
97.980 3.120
97.970 3.130
97.970 3.140
97.960 3.150
97.950 3.150
97.950 3.160
97.940 3.160
97.940 3.170
97.940 3.190
97.940 3.200
97.940 3.210
97.930 3.210
97.930 3.220
97.930 3.230
97.920 3.230
97.910 3.230
97.900 3.240
97.890 3.240
97.880 3.240
97.870 3.250
97.880 3.250
97.890 3.260
97.900 3.260
97.910 3.260
97.920 3.260
97.930 3.260
97.940 3.260
97.950 3.270
97.960 3.270
97.970 3.270
97.980 3.270
97.980 3.280
97.990 3.280
98.000 3.280
98.000 3.290
98.010 3.290
98.020 3.310
98.020 3.320
98.030 3.330
98.030 3.340
98.020 3.340
98.020 3.350
98.010 3.350
98.010 3.360
98.010 3.370
98.000 3.370
97.990 3.370
97.980 3.370
97.970 3.370
97.970 3.380
97.960 3.380
97.950 3.390
97.950 3.400
97.950 3.410
97.950 3.420
97.940 3.420
97.940 3.430
97.930 3.440
97.930 3.450
97.940 3.450
97.940 3.460
97.950 3.470
97.950 3.480
97.950 3.490
97.940 3.490
97.930 3.490
97.920 3.490
97.920 3.500
97.920 3.510
97.920 3.520
97.910 3.530
97.910 3.540
97.910 3.550
97.900 3.560
97.880 3.560
97.880 3.570
97.870 3.570
97.870 3.580
97.860 3.590
97.860 3.600
97.870 3.610
97.870 3.620
97.860 3.620
97.850 3.630
97.850 3.640
97.850 3.650
97.850 3.660
97.840 3.660
97.840 3.670
97.830 3.670
97.830 3.680
97.820 3.680
97.820 3.690
97.810 3.700
97.810 3.710
97.800 3.720
97.800 3.730
97.810 3.740
97.820 3.740
97.820 3.750
97.830 3.750
97.830 3.760
97.840 3.770
97.850 3.770
97.850 3.780
97.860 3.780
97.860 3.790
97.870 3.790
97.880 3.800
97.890 3.800
97.890 3.810
97.900 3.810
97.910 3.820
97.910 3.830
97.920 3.840
97.920 3.850
97.910 3.860
97.910 3.870
97.910 3.880
97.900 3.890
97.900 3.900
97.900 3.910
97.910 3.910
97.920 3.910
97.930 3.900
97.940 3.900
97.950 3.890
97.950 3.900
97.960 3.900
97.960 3.910
97.950 3.910
97.950 3.920
97.960 3.930
97.970 3.940
97.980 3.940
97.990 3.940
98.000 3.950
98.000 3.960
98.010 3.960
98.020 3.970
98.020 3.980
98.030 3.980
98.030 3.990
98.030 4.000
98.030 4.010
98.030 4.020
98.030 4.030
98.040 4.030
98.050 4.040
98.040 4.050
98.040 4.060
98.040 4.070
98.040 4.080
98.040 4.090
98.050 4.100
98.040 4.100
98.040 4.110
98.050 4.110
98.050 4.120
98.050 4.130
98.050 4.140
98.060 4.140
98.070 4.140
98.070 4.150
98.070 4.160
98.070 4.170
98.060 4.180
98.060 4.190
98.070 4.190
98.080 4.200
98.080 4.190
98.090 4.190
98.090 4.200
98.090 4.210
98.090 4.220
98.090 4.230
98.090 4.240
98.080 4.240
98.070 4.240
98.070 4.250
98.070 4.260
98.080 4.260
98.090 4.260
98.100 4.260
98.110 4.260
98.120 4.260
98.130 4.260
98.140 4.260
98.150 4.270
98.150 4.280
98.150 4.290
98.160 4.290
98.170 4.290
98.180 4.290
98.190 4.290
98.190 4.300
98.200 4.300
98.210 4.300
98.220 4.300
98.220 4.290
98.230 4.290
98.230 4.280
98.240 4.280
98.240 4.290
98.250 4.290
98.250 4.280
98.250 4.270
98.240 4.270
98.240 4.260
98.250 4.260
98.250 4.250
98.250 4.240
98.250 4.230
98.250 4.220
98.250 4.210
98.250 4.200
98.250 4.190
98.240 4.190
98.230 4.190
98.230 4.180
98.220 4.180
98.210 4.180
98.200 4.180
98.200 4.170
98.190 4.170
98.190 4.180
98.180 4.180
98.180 4.170
98.180 4.160
98.170 4.160
98.160 4.160
98.150 4.160
98.150 4.150
98.160 4.150
98.170 4.150
98.180 4.150
98.180 4.140
98.170 4.140
98.170 4.130
98.170 4.120
98.170 4.110
98.170 4.100
98.180 4.100
98.190 4.100
98.190 4.110
98.200 4.110
98.200 4.120
98.210 4.120
98.220 4.130
98.230 4.130
98.240 4.130
98.250 4.130
98.260 4.130
98.260 4.120
98.270 4.120
98.280 4.120
98.280 4.110
98.290 4.110
98.300 4.110
98.300 4.100
98.300 4.090
98.310 4.090
98.310 4.080
98.310 4.070
98.320 4.070
98.330 4.070
98.340 4.080
98.350 4.080
98.360 4.080
98.360 4.070
98.370 4.070
98.370 4.080
98.380 4.080
98.390 4.080
98.400 4.080
98.400 4.070
98.410 4.070
98.410 4.060
98.420 4.060
98.420 4.050
98.430 4.050
98.430 4.040
98.440 4.040
98.450 4.040
98.460 4.040
98.470 4.040
98.480 4.040
98.480 4.030
98.490 4.030
98.490 4.020
98.490 4.010
98.500 4.020
98.510 4.020
98.520 4.020
98.530 4.020
98.530 4.010
98.540 4.010
98.540 4.000
98.540 3.990
98.540 3.980
98.540 3.970
98.530 3.970
98.530 3.960
98.530 3.950
98.530 3.940
98.530 3.930
98.530 3.920
98.530 3.910
98.540 3.910
98.540 3.920
98.540 3.930
98.550 3.930
98.560 3.930
98.560 3.920
98.570 3.920
98.580 3.920
98.590 3.920
98.600 3.920
98.610 3.920
98.610 3.910
98.620 3.910
98.620 3.900
98.630 3.900
98.630 3.890
98.620 3.890
98.620 3.880
98.630 3.880
98.640 3.880
98.640 3.890
98.650 3.900
98.660 3.900
98.670 3.900
98.670 3.910
98.680 3.910
98.680 3.900
98.690 3.900
98.690 3.890
98.690 3.880
98.690 3.870
98.700 3.870
98.700 3.860
98.700 3.850
98.700 3.840
98.700 3.830
98.700 3.820
98.700 3.810
98.710 3.810
98.710 3.800
98.710 3.790
98.700 3.790
98.700 3.780
98.710 3.780
98.710 3.770
98.720 3.770
98.730 3.770
98.740 3.770
98.750 3.770
98.750 3.760
98.760 3.760
98.760 3.750
98.770 3.750
98.770 3.740
98.770 3.730
98.780 3.730
98.790 3.730
98.790 3.720
98.800 3.720
98.810 3.720
98.820 3.710
98.830 3.710
98.840 3.710
98.840 3.700
98.850 3.700
98.860 3.700
98.860 3.690
98.870 3.690
98.880 3.690
98.880 3.680
98.890 3.680
98.900 3.680
98.910 3.680
98.920 3.680
98.930 3.680
98.940 3.680
98.950 3.680
98.960 3.680
98.960 3.670
98.960 3.660
98.970 3.660
98.980 3.660
98.980 3.650
98.990 3.650
99.000 3.650
99.000 3.640
99.010 3.640
99.010 3.630
99.020 3.630
99.030 3.630
99.040 3.630
99.040 3.620
99.050 3.620
99.060 3.620
99.060 3.610
99.070 3.610
99.080 3.610
99.080 3.600
99.090 3.600
99.090 3.590
99.100 3.590
99.100 3.580
99.110 3.580
99.120 3.580
99.120 3.570
99.130 3.570
99.130 3.560
99.140 3.560
99.150 3.560
99.160 3.560
99.170 3.560
99.170 3.550
99.180 3.550
99.180 3.540
99.190 3.540
99.200 3.540
99.200 3.530
99.210 3.530
99.220 3.530
99.220 3.520
99.230 3.520
99.230 3.510
99.240 3.510
99.240 3.500
99.250 3.500
99.250 3.490
99.260 3.490
99.270 3.490
99.270 3.480
99.280 3.480
99.290 3.480
99.290 3.470
99.290 3.460
99.300 3.460
99.300 3.450
99.310 3.450
99.320 3.450
99.320 3.440
99.320 3.430
99.330 3.430
99.340 3.430
99.340 3.420
99.350 3.420
99.350 3.410
99.360 3.410
99.360 3.400
99.370 3.400
99.380 3.400
99.380 3.390
99.390 3.400
99.390 3.390
99.400 3.390
99.410 3.390
99.410 3.380
99.420 3.380
99.430 3.380
99.440 3.380
99.440 3.370
99.450 3.370
99.450 3.360
99.460 3.360
99.460 3.350
99.470 3.350
99.480 3.350
99.490 3.350
99.490 3.340
99.490 3.330
99.490 3.320
99.490 3.310
99.500 3.310
99.500 3.300
99.510 3.300
99.510 3.290
99.510 3.280
99.520 3.280
99.520 3.270
99.530 3.270
99.530 3.260
99.540 3.260
99.540 3.250
99.550 3.250
99.550 3.240
99.560 3.240
99.570 3.240
99.570 3.230
99.580 3.230
99.590 3.230
99.600 3.230
99.610 3.230
99.610 3.220
99.620 3.220
99.630 3.220
99.640 3.220
99.650 3.220
99.660 3.210
99.670 3.210
99.680 3.210
99.690 3.210
99.690 3.200
99.700 3.200
99.710 3.200
99.710 3.190
99.720 3.190
99.720 3.180
99.730 3.180
99.740 3.180
99.740 3.170
99.750 3.170
99.760 3.170
99.760 3.160
99.760 3.150
99.760 3.140
99.770 3.140
99.770 3.130
99.780 3.130
99.780 3.120
99.790 3.120
99.790 3.110
99.800 3.110
99.800 3.100
99.800 3.090
99.810 3.090
99.810 3.080
99.820 3.080
99.820 3.070
99.830 3.070
99.830 3.060
99.840 3.060
99.840 3.050
99.850 3.050
99.860 3.040
99.860 3.030
99.860 3.020
99.860 3.010
99.860 3.000
99.860 2.990
99.850 2.990
99.840 2.990
99.830 2.990
99.830 2.980
99.840 2.980
99.850 2.980
99.860 2.980
99.870 2.980
99.870 2.990
99.870 3.000
99.870 3.010
99.870 3.020
99.870 3.030
99.880 3.030
99.880 3.040
99.890 3.040
99.890 3.030
99.890 3.020
99.900 3.020
99.900 3.010
99.910 3.010
99.910 3.000
99.910 2.990
99.920 2.990
99.920 2.980
99.930 2.980
99.930 2.970
99.940 2.970
99.950 2.970
99.950 2.960
99.960 2.960
99.970 2.960
99.970 2.950
99.980 2.950
99.980 2.960
99.990 2.960
99.990 2.950
99.990 2.940
99.990 2.930
99.990 2.920
99.990 2.910
99.990 2.900
99.990 2.890
99.990 2.880
99.990 2.870
99.990 2.860
99.990 2.850
99.990 2.840
99.990 2.830
100.000 2.820
100.000 2.810
99.990 2.810
99.990 2.800
99.990 2.790
99.990 2.780
99.990 2.770
99.990 2.760
99.980 2.760
99.980 2.750
99.980 2.740
99.970 2.740
99.960 2.730
99.960 2.720
99.950 2.720
99.950 2.710
99.950 2.700
99.950 2.690
99.960 2.680
99.970 2.680
99.970 2.670
99.980 2.670
99.990 2.670
99.990 2.680
100.000 2.680
100.010 2.680
100.010 2.670
100.000 2.670
100.000 2.660
99.990 2.660
99.990 2.650
99.990 2.640
100.000 2.630
100.010 2.630
100.020 2.630
100.020 2.640
100.010 2.640
100.000 2.640
100.000 2.650
100.010 2.650
100.020 2.650
100.020 2.660
100.030 2.660
100.030 2.670
100.030 2.680
100.020 2.680
100.020 2.690
100.010 2.690
100.010 2.700
100.000 2.700
99.990 2.700
99.980 2.700
99.970 2.700
99.970 2.710
99.980 2.710
99.990 2.710
99.990 2.720
100.000 2.720
100.000 2.730
100.010 2.730
100.020 2.740
100.030 2.740
100.040 2.740
100.050 2.740
100.060 2.740
100.060 2.730
100.070 2.730
100.070 2.720
100.080 2.720
100.080 2.710
100.090 2.710
100.090 2.700
100.090 2.690
100.090 2.680
100.100 2.680
100.100 2.670
100.100 2.660
100.100 2.650
100.090 2.650
100.090 2.640
100.090 2.630
100.090 2.620
100.090 2.610
100.100 2.610
100.100 2.600
100.100 2.590
100.100 2.580
100.100 2.570
100.110 2.570
100.110 2.560
100.110 2.550
100.110 2.540
100.120 2.540
100.120 2.530
100.130 2.530
100.130 2.520
100.130 2.510
100.140 2.510
100.150 2.510
100.150 2.520
100.140 2.520
100.140 2.530
100.140 2.540
100.140 2.550
100.130 2.550
100.130 2.560
100.130 2.570
100.130 2.580
100.130 2.590
100.130 2.600
100.120 2.600
100.120 2.610
100.120 2.620
100.120 2.630
100.120 2.640
100.120 2.650
100.120 2.660
100.120 2.670
100.130 2.670
100.130 2.680
100.140 2.680
100.140 2.690
100.150 2.690
100.150 2.700
100.160 2.700
100.160 2.710
100.170 2.710
100.180 2.710
100.190 2.710
100.200 2.710
100.210 2.710
100.220 2.710
100.220 2.700
100.220 2.690
100.220 2.680
100.230 2.670
100.230 2.660
100.230 2.650
100.230 2.640
100.240 2.640
100.240 2.630
100.250 2.630
100.250 2.620
100.260 2.620
100.270 2.620
100.270 2.610
100.270 2.600
100.270 2.590
100.280 2.590
100.280 2.580
100.290 2.580
100.290 2.570
100.300 2.570
100.300 2.560
100.310 2.560
100.320 2.560
100.320 2.550
100.320 2.540
100.330 2.540
100.330 2.530
100.330 2.520
100.320 2.510
100.320 2.500
100.320 2.490
100.320 2.480
100.310 2.480
100.310 2.470
100.310 2.460
100.310 2.450
100.300 2.430
100.300 2.420
100.300 2.410
100.300 2.400
100.300 2.390
100.310 2.390
100.310 2.370
100.310 2.360
100.310 2.350
100.310 2.340
100.310 2.320
100.320 2.310
100.320 2.300
100.330 2.300
100.330 2.290
100.330 2.280
100.340 2.260
100.350 2.250
100.350 2.240
100.360 2.230
100.360 2.220
100.360 2.200
100.360 2.190
100.360 2.180
100.360 2.170
100.350 2.160
100.350 2.150
100.340 2.130
100.340 2.120
100.340 2.100
100.340 2.090
100.330 2.090
100.330 2.080
100.330 2.070
100.330 2.060
100.330 2.050
100.330 2.040
100.320 2.030
100.320 2.020
100.320 2.010
100.320 2.000
100.320 1.990
100.320 1.980
100.320 1.970
100.320 1.960
100.320 1.940
100.320 1.930
100.320 1.920
100.320 1.900
100.320 1.890
100.310 1.880
100.310 1.870
100.300 1.860
100.290 1.850
100.290 1.840
100.290 1.830
100.290 1.820
100.290 1.810
100.290 1.800
100.300 1.800
100.310 1.800
100.320 1.790
100.330 1.790
100.340 1.790
100.350 1.780
100.360 1.780
100.370 1.780
100.380 1.780
100.390 1.780
100.400 1.780
100.410 1.780
100.410 1.770
100.420 1.770
100.420 1.760
100.430 1.750
100.430 1.740
100.430 1.730
100.420 1.730
100.420 1.720
100.410 1.720
100.410 1.710
100.410 1.700
100.410 1.690
100.420 1.690
100.420 1.680
100.430 1.680
100.440 1.680
100.440 1.670
100.450 1.670
100.440 1.660
100.440 1.650
100.440 1.640
100.450 1.640
100.450 1.630
100.450 1.620
100.450 1.610
100.440 1.610
100.440 1.600
100.440 1.590
100.430 1.580
100.430 1.570
100.420 1.530
100.420 1.520
100.430 1.520
100.430 1.510
100.430 1.500
100.430 1.490
100.420 1.490
100.420 1.480
100.410 1.480
100.410 1.470
100.400 1.470
100.400 1.460
100.390 1.460
100.390 1.450
100.380 1.450
100.370 1.450
100.360 1.450
100.350 1.450
100.340 1.450
100.330 1.450
100.320 1.440
100.320 1.450
100.320 1.460
100.330 1.460
100.330 1.470
100.330 1.480
100.320 1.480
100.310 1.470
100.300 1.480
100.290 1.480
100.290 1.470
100.280 1.470
100.280 1.460
100.290 1.460
100.300 1.450
100.310 1.450
100.310 1.440
100.320 1.440
100.330 1.440
100.330 1.430
100.330 1.420
100.320 1.420
100.310 1.420
100.310 1.410
100.300 1.420
100.290 1.420
100.280 1.420
100.270 1.420
100.260 1.410
100.250 1.410
100.250 1.400
100.250 1.390
100.240 1.390
100.230 1.390
100.220 1.390
100.210 1.390
100.200 1.390
100.190 1.390
100.180 1.390
100.170 1.390
100.160 1.390
100.150 1.390
100.130 1.390
100.120 1.390
100.110 1.390
100.100 1.390
100.090 1.390
100.080 1.390
100.070 1.380
100.060 1.380
100.060 1.370
100.050 1.370
100.050 1.360
100.060 1.350
100.060 1.340
100.070 1.340
100.070 1.330
100.080 1.340
100.090 1.340
100.090 1.330
100.100 1.320
100.100 1.310
100.100 1.300
100.110 1.300
100.110 1.290
100.110 1.280
100.120 1.270
100.120 1.260
100.120 1.250
100.120 1.240
100.120 1.230
100.120 1.220
100.120 1.210
100.130 1.210
100.130 1.200
100.120 1.200
100.130 1.190
100.130 1.180
100.130 1.170
100.140 1.170
100.140 1.160
100.150 1.160
100.160 1.150
100.160 1.140
100.170 1.130
100.180 1.130
100.180 1.120
100.170 1.120
100.160 1.120
100.150 1.120
100.150 1.110
100.140 1.110
100.130 1.110
100.130 1.100
100.120 1.100
100.120 1.090
100.110 1.090
100.110 1.080
100.110 1.070
100.120 1.070
100.120 1.060
100.130 1.060
100.140 1.060
100.140 1.050
100.130 1.050
100.130 1.040
100.140 1.030
100.150 1.030
100.150 1.020
100.150 1.010
100.160 1.010
100.160 1.000
100.150 0.990
100.140 0.990
100.140 0.980
100.150 0.980
100.150 0.970
100.150 0.960
100.140 0.960
100.140 0.950
100.130 0.950
100.120 0.950
100.110 0.950
100.100 0.950
100.090 0.950
100.080 0.950
100.080 0.940
100.080 0.930
100.090 0.930
100.090 0.920
100.100 0.910
100.110 0.900
100.120 0.900
100.130 0.900
100.130 0.890
100.130 0.880
100.130 0.870
100.130 0.860
100.130 0.850
100.140 0.850
100.140 0.840
100.130 0.840
100.120 0.830
100.120 0.820
100.130 0.820
100.130 0.810
100.140 0.800
100.150 0.790
100.160 0.780
100.170 0.770
100.180 0.770
100.180 0.760
100.170 0.760
100.160 0.760
100.160 0.770
100.150 0.770
100.140 0.780
100.130 0.780
100.110 0.790
100.100 0.790
100.090 0.790
100.080 0.790
100.070 0.800
100.060 0.800
100.060 0.810
100.050 0.810
100.040 0.820
100.030 0.830
100.020 0.830
100.010 0.840
100.000 0.840
99.990 0.840
99.980 0.850
99.970 0.850
99.960 0.860
99.960 0.870
99.960 0.880
99.950 0.880
99.940 0.880
99.930 0.880
99.920 0.880
99.910 0.890
99.900 0.890
99.890 0.900
99.880 0.910
99.870 0.910
99.860 0.900
99.850 0.900
99.850 0.890
99.840 0.890
99.830 0.890
99.830 0.880
99.840 0.870
99.840 0.860
99.840 0.850
99.840 0.840
99.840 0.830
99.840 0.820
99.850 0.820
99.850 0.810
99.840 0.810
99.840 0.800
99.850 0.800
99.850 0.790
99.840 0.790
99.840 0.780
99.840 0.770
99.840 0.760
99.830 0.760
99.830 0.750
99.820 0.740
99.830 0.730
99.830 0.720
99.830 0.710
99.830 0.700
99.840 0.690
99.850 0.690
99.860 0.690
99.870 0.690
99.880 0.690
99.890 0.680
99.900 0.680
99.910 0.680
99.920 0.680
99.920 0.670
99.910 0.660
99.910 0.650
99.920 0.650
99.920 0.640
99.920 0.630
99.910 0.630
99.920 0.620
99.920 0.610
99.920 0.600
99.930 0.600
99.940 0.600
99.940 0.590
99.950 0.580
99.960 0.570
99.960 0.560
99.960 0.550
99.960 0.540
99.950 0.530
99.960 0.520
99.950 0.510
99.940 0.510
99.930 0.510
99.930 0.500
99.920 0.490
99.920 0.480
99.910 0.480
99.910 0.470
99.900 0.470
99.890 0.470
99.880 0.470
99.870 0.470
99.850 0.470
99.840 0.460
99.820 0.460
99.810 0.460
99.810 0.470
99.800 0.470
99.800 0.480
99.790 0.480
99.780 0.480
99.770 0.480
99.750 0.480
99.750 0.470
99.740 0.470
99.730 0.460
99.720 0.450
99.710 0.460
99.700 0.460
99.700 0.470
99.690 0.470
99.680 0.470
99.680 0.480
99.670 0.480
99.670 0.490
99.670 0.500
99.660 0.500
99.660 0.510
99.660 0.520
99.660 0.530
99.650 0.530
99.650 0.540
99.640 0.550
99.630 0.540
99.620 0.530
99.610 0.530
99.600 0.520
99.590 0.520
99.580 0.520
99.570 0.520
99.560 0.520
99.550 0.520
99.540 0.520
99.530 0.520
99.520 0.530
99.520 0.540
99.510 0.540
99.500 0.540
99.490 0.540
99.490 0.530
99.480 0.530
99.470 0.520
99.460 0.520
99.450 0.510
99.440 0.510
99.440 0.500
99.430 0.500
99.420 0.490
99.410 0.490
99.400 0.490
99.400 0.480
99.400 0.470
99.390 0.460
99.380 0.460
99.380 0.450
99.370 0.440
99.370 0.430
99.360 0.430
99.360 0.420
99.350 0.410
99.350 0.400
99.340 0.390
99.340 0.380
99.330 0.360
99.320 0.350
99.310 0.340
99.300 0.340
99.290 0.340
99.280 0.340
99.270 0.340
99.260 0.340
99.250 0.340
99.240 0.330
99.230 0.320
99.230 0.310
99.220 0.310
99.210 0.300
99.200 0.300
99.200 0.290
99.190 0.290
99.190 0.280
99.190 0.270
99.180 0.270
99.180 0.260
99.170 0.250
99.170 0.240
99.160 0.240
99.160 0.250
99.150 0.250
99.140 0.250
99.140 0.260
99.150 0.260
99.150 0.270
99.160 0.270
99.160 0.280
99.160 0.290
99.160 0.300
99.160 0.310
99.160 0.320
99.150 0.320
99.150 0.330
99.140 0.330
99.130 0.330
99.130 0.340
99.120 0.340
99.110 0.340
99.110 0.350
99.120 0.350
99.120 0.360
99.120 0.370
99.130 0.370
99.130 0.380
99.140 0.380
99.140 0.390
99.140 0.400
99.140 0.410
99.140 0.420
99.140 0.430
99.140 0.440
99.140 0.450
99.140 0.460
99.130 0.460
99.130 0.470
99.130 0.480
99.130 0.490
99.120 0.490
99.120 0.500
99.120 0.510
99.110 0.510
99.100 0.510
99.100 0.500
99.090 0.500
99.090 0.510
99.090 0.520
99.090 0.530
99.100 0.530
99.110 0.530
99.110 0.540
99.110 0.550
99.110 0.560
99.110 0.570
99.110 0.580
99.110 0.590
99.100 0.590
99.100 0.600
99.100 0.610
99.090 0.610
99.090 0.620
99.080 0.620
99.070 0.620
99.070 0.630
99.060 0.630
99.060 0.620
99.050 0.620
99.050 0.630
99.050 0.640
99.060 0.640
99.060 0.650
99.060 0.660
99.070 0.660
99.060 0.670
99.050 0.670
99.050 0.680
99.060 0.680
99.060 0.690
99.060 0.700
99.060 0.710
99.060 0.720
99.060 0.730
99.060 0.740
99.050 0.750
99.050 0.760
99.040 0.760
99.040 0.770
99.040 0.780
99.040 0.790
99.030 0.790
99.030 0.800
99.020 0.800
99.020 0.810
99.020 0.820
99.010 0.820
99.000 0.820
98.990 0.820
98.990 0.830
98.990 0.840
98.980 0.840
98.970 0.840
98.970 0.850
98.980 0.850
98.990 0.850
98.990 0.860
98.980 0.860
98.980 0.870
98.980 0.880
98.980 0.890
98.980 0.900
98.980 0.910
98.970 0.910
98.970 0.920
98.970 0.930
98.970 0.940
98.970 0.950
98.960 0.950
98.960 0.960
98.960 0.970
98.950 0.980
98.950 0.990
98.950 1.000
98.940 1.000
98.940 1.010
98.940 1.020
98.930 1.030
98.930 1.040
98.930 1.050
98.930 1.060
98.920 1.060
98.920 1.070
98.920 1.080
98.920 1.090
98.920 1.100
98.920 1.110
98.910 1.110
98.910 1.120
98.910 1.130
98.910 1.140
98.900 1.140
98.900 1.150
98.900 1.160
98.890 1.160
98.890 1.170
98.890 1.180
98.880 1.180
98.880 1.190
98.880 1.200
98.870 1.200
98.870 1.210
98.870 1.220
98.870 1.230
98.870 1.240
98.860 1.240
98.860 1.250
98.860 1.260
98.850 1.260
98.850 1.270
98.840 1.270
98.840 1.280
98.840 1.290
98.840 1.300
98.850 1.300
98.850 1.310
98.850 1.320
98.850 1.330
98.840 1.330
98.840 1.340
98.840 1.350
98.840 1.360
98.830 1.360
98.830 1.370
98.820 1.370
98.820 1.380
98.820 1.390
98.810 1.390
98.810 1.400
98.800 1.400
98.800 1.410
98.790 1.410
98.790 1.420
98.780 1.420
98.780 1.430
98.780 1.440
98.780 1.450
98.780 1.460
98.780 1.470
98.770 1.470
98.770 1.480
98.770 1.490
98.760 1.490
98.760 1.500
98.750 1.500
98.750 1.510
98.740 1.510
98.740 1.520
98.730 1.520
98.730 1.530
98.730 1.540
98.730 1.550
98.720 1.550
98.720 1.560
98.720 1.570
98.730 1.570
98.730 1.560
98.740 1.560
98.740 1.550
98.750 1.550
98.750 1.540
98.750 1.530
98.760 1.530
98.770 1.530
98.770 1.540
98.770 1.550
98.780 1.550
98.780 1.560
98.780 1.570
98.780 1.580
98.790 1.580
98.790 1.570
98.800 1.570
98.800 1.560
98.810 1.570
98.810 1.580
98.800 1.580
98.800 1.590
98.800 1.600
98.810 1.600
98.820 1.600
98.820 1.610
98.830 1.610
98.830 1.620
98.830 1.630
98.840 1.630
98.840 1.640
98.840 1.650
98.830 1.660
98.830 1.670
98.830 1.680
98.820 1.680
98.820 1.690
98.810 1.690
98.800 1.690
98.800 1.680
98.790 1.680
98.790 1.690
98.790 1.700
98.780 1.700
98.780 1.710
98.780 1.720
98.790 1.720
98.800 1.720
98.790 1.730
98.780 1.730
98.780 1.740
98.770 1.740
98.770 1.750
98.770 1.760
98.760 1.760
98.760 1.770
98.750 1.760
98.750 1.770
98.750 1.780
98.740 1.780
98.730 1.780
98.720 1.780
98.710 1.780
98.700 1.780
98.700 1.770
98.710 1.770
98.710 1.760
98.720 1.760
98.730 1.760
98.730 1.750
98.730 1.740
98.730 1.730
98.740 1.730
98.740 1.720
98.730 1.720
98.720 1.720
98.710 1.720
98.710 1.730
98.700 1.730
98.690 1.730
98.680 1.730
98.680 1.740
98.670 1.740
98.670 1.750
98.670 1.760
98.660 1.760
98.660 1.770
98.660 1.780
98.650 1.780
98.650 1.790
98.640 1.790
98.640 1.800
98.630 1.810
98.620 1.820
98.620 1.830
98.610 1.830
98.610 1.840
98.600 1.840
98.600 1.850
98.590 1.850
98.590 1.860
98.580 1.860
98.580 1.870
98.570 1.870
98.560 1.870
98.560 1.880
98.560 1.890
98.550 1.890
98.550 1.900
98.550 1.910
98.540 1.910
98.530 1.910
98.530 1.920
98.530 1.930
98.520 1.930
98.510 1.940
98.500 1.940
98.500 1.950
98.500 1.960
98.490 1.960
98.490 1.970
98.480 1.970
98.480 1.980
98.470 1.980
98.470 1.990
98.460 1.990
98.450 1.990
98.450 2.000
98.440 2.000
98.430 2.000
98.430 2.010
98.420 2.010
98.410 2.010
98.400 2.010
98.390 2.010
98.380 2.010
98.380 2.020
98.370 2.020
98.370 2.030
98.360 2.030
98.360 2.040
98.350 2.040
98.340 2.050
98.340 2.040
98.330 2.040
98.320 2.040
98.310 2.040
98.300 2.040
98.290 2.040
98.280 2.040
98.280 2.030
98.270 2.030
98.270 2.040
98.270 2.050
98.270 2.060
98.260 2.060
98.260 2.070
98.250 2.070
98.250 2.080
98.240 2.080
98.240 2.090
98.230 2.090
98.230 2.100
98.220 2.100
98.210 2.100
98.210 2.110
98.200 2.110
98.190 2.110
98.190 2.120
98.180 2.120
98.180 2.130
98.170 2.130
98.170 2.140
98.160 2.140
98.160 2.150
98.150 2.150
98.160 2.160
98.160 2.170
98.160 2.180
98.160 2.190
98.170 2.200
98.170 2.210
98.170 2.230
98.170 2.250
98.180 2.260
98.180 2.270
98.180 2.280
98.180 2.290
98.180 2.300
98.190 2.310
98.190 2.320
98.190 2.330
98.180 2.330
98.180 2.340
98.180 2.350
98.180 2.360
98.170 2.360
98.170 2.370
98.160 2.370
98.160 2.380
98.160 2.390
98.150 2.400
98.150 2.410
98.150 2.420
98.140 2.420
98.130 2.420
98.120 2.420
98.110 2.420
98.110 2.430
98.110 2.440
98.110 2.450
98.110 2.460
98.110 2.470
98.110 2.480
98.100 2.480
98.100 2.490
98.090 2.500
98.080 2.510
98.080 2.530
98.080 2.540
98.080 2.550
98.080 2.560
98.080 2.570
98.080 2.580
98.080 2.590
98.080 2.600
98.090 2.600
98.090 2.610
98.090 2.620
98.090 2.630
98.090 2.640
98.100 2.650
98.110 2.650
98.120 2.650
98.120 2.660
98.130 2.660
98.130 2.670
98.120 2.680
98.110 2.680
98.100 2.680
98.100 2.690
98.100 2.700
98.100 2.710
98.100 2.720
98.090 2.720
98.090 2.730
98.090 2.740
98.090 2.750
98.090 2.760
98.100 2.760
98.100 2.770
98.100 2.780
98.110 2.780
98.110 2.790
98.110 2.800
98.100 2.800
98.100 2.810
98.100 2.820
98.090 2.820
98.080 2.820
98.070 2.820
98.060 2.820
98.050 2.820
98.040 2.820
98.040 2.830
98.040 2.840
98.040 2.850
98.030 2.850
98.030 2.860
98.020 2.870
98.020 2.880
98.010 2.880
98.010 2.890
98.000 2.890
97.990 2.890
97.980 2.890
97.970 2.890
97.960 2.900
97.950 2.900
97.960 2.910
97.950 2.910
97.950 2.920
97.950 2.930
97.950 2.940
97.960 2.940
97.960 2.950
97.950 2.950
97.960 2.960
97.960 2.970
97.960 2.980
97.950 2.980
97.950 2.990
97.940 2.990
425
97.310 1.460
97.320 1.460
97.320 1.470
97.330 1.470
97.340 1.470
97.340 1.480
97.350 1.480
97.350 1.490
97.350 1.500
97.350 1.510
97.340 1.510
97.340 1.520
97.330 1.520
97.340 1.530
97.340 1.540
97.350 1.540
97.360 1.540
97.360 1.530
97.370 1.530
97.380 1.520
97.370 1.520
97.370 1.510
97.380 1.510
97.390 1.510
97.390 1.500
97.400 1.500
97.410 1.500
97.410 1.510
97.410 1.520
97.420 1.520
97.420 1.510
97.430 1.510
97.430 1.500
97.430 1.490
97.430 1.480
97.440 1.480
97.440 1.470
97.450 1.470
97.460 1.470
97.470 1.470
97.470 1.480
97.480 1.480
97.490 1.480
97.490 1.470
97.490 1.460
97.490 1.450
97.500 1.450
97.510 1.450
97.510 1.440
97.510 1.430
97.520 1.430
97.520 1.420
97.530 1.420
97.540 1.420
97.540 1.410
97.540 1.400
97.540 1.390
97.550 1.380
97.560 1.380
97.560 1.370
97.560 1.360
97.570 1.360
97.570 1.350
97.580 1.350
97.580 1.340
97.590 1.340
97.590 1.330
97.600 1.330
97.600 1.320
97.610 1.320
97.610 1.310
97.610 1.300
97.610 1.290
97.620 1.290
97.630 1.290
97.630 1.280
97.630 1.270
97.640 1.270
97.640 1.260
97.640 1.250
97.650 1.250
97.650 1.240
97.660 1.240
97.660 1.230
97.670 1.230
97.670 1.220
97.680 1.220
97.680 1.210
97.680 1.200
97.680 1.190
97.690 1.190
97.690 1.180
97.700 1.180
97.700 1.170
97.710 1.170
97.720 1.170
97.730 1.170
97.740 1.170
97.750 1.170
97.750 1.160
97.760 1.160
97.760 1.150
97.770 1.150
97.780 1.150
97.790 1.150
97.800 1.150
97.810 1.150
97.810 1.140
97.810 1.130
97.820 1.130
97.820 1.120
97.830 1.120
97.830 1.110
97.830 1.100
97.830 1.090
97.840 1.090
97.840 1.080
97.850 1.080
97.850 1.070
97.860 1.070
97.860 1.060
97.870 1.060
97.870 1.050
97.880 1.050
97.890 1.050
97.900 1.050
97.900 1.040
97.910 1.040
97.910 1.030
97.920 1.030
97.920 1.020
97.920 1.010
97.930 1.010
97.930 1.000
97.930 0.990
97.930 0.980
97.940 0.980
97.940 0.970
97.950 0.970
97.950 0.960
97.950 0.950
97.940 0.950
97.940 0.940
97.930 0.940
97.930 0.930
97.920 0.930
97.920 0.920
97.910 0.910
97.910 0.900
97.900 0.900
97.900 0.890
97.900 0.880
97.900 0.870
97.900 0.860
97.890 0.860
97.890 0.850
97.890 0.840
97.900 0.840
97.900 0.830
97.900 0.820
97.910 0.820
97.910 0.810
97.910 0.800
97.910 0.790
97.900 0.790
97.900 0.780
97.890 0.770
97.890 0.760
97.890 0.750
97.890 0.740
97.890 0.730
97.890 0.720
97.900 0.720
97.900 0.710
97.890 0.710
97.890 0.700
97.900 0.700
97.900 0.690
97.900 0.680
97.890 0.680
97.890 0.670
97.900 0.670
97.890 0.660
97.890 0.650
97.900 0.650
97.900 0.640
97.900 0.630
97.900 0.620
97.890 0.620
97.890 0.610
97.880 0.610
97.880 0.600
97.870 0.600
97.860 0.600
97.860 0.590
97.850 0.590
97.850 0.580
97.850 0.570
97.840 0.570
97.840 0.560
97.830 0.560
97.830 0.570
97.820 0.570
97.820 0.560
97.820 0.550
97.830 0.550
97.830 0.540
97.820 0.540
97.810 0.550
97.810 0.560
97.800 0.560
97.790 0.560
97.790 0.570
97.790 0.580
97.780 0.580
97.770 0.580
97.770 0.570
97.770 0.560
97.760 0.560
97.760 0.550
97.750 0.550
97.740 0.550
97.740 0.560
97.750 0.560
97.750 0.570
97.740 0.570
97.730 0.580
97.730 0.570
97.720 0.570
97.720 0.560
97.710 0.560
97.700 0.560
97.700 0.570
97.690 0.580
97.680 0.580
97.680 0.590
97.680 0.600
97.690 0.600
97.700 0.600
97.700 0.610
97.700 0.620
97.690 0.620
97.690 0.630
97.690 0.640
97.680 0.640
97.680 0.650
97.670 0.650
97.670 0.660
97.670 0.670
97.660 0.670
97.660 0.680
97.670 0.680
97.670 0.690
97.670 0.700
97.660 0.700
97.660 0.710
97.650 0.710
97.650 0.720
97.660 0.720
97.660 0.730
97.650 0.730
97.650 0.740
97.650 0.750
97.650 0.760
97.640 0.760
97.640 0.770
97.640 0.780
97.630 0.780
97.630 0.790
97.630 0.800
97.630 0.810
97.620 0.810
97.610 0.820
97.600 0.820
97.600 0.830
97.600 0.840
97.590 0.850
97.580 0.850
97.580 0.860
97.570 0.860
97.560 0.860
97.560 0.870
97.560 0.880
97.550 0.890
97.540 0.890
97.530 0.890
97.530 0.900
97.520 0.900
97.520 0.910
97.510 0.910
97.510 0.920
97.510 0.930
97.500 0.930
97.490 0.930
97.490 0.940
97.480 0.940
97.470 0.940
97.460 0.940
97.450 0.940
97.440 0.940
97.430 0.940
97.430 0.950
97.420 0.950
97.410 0.950
97.410 0.960
97.410 0.970
97.410 0.980
97.410 0.990
97.400 0.990
97.400 1.000
97.400 1.010
97.400 1.020
97.390 1.020
97.390 1.030
97.390 1.040
97.380 1.040
97.380 1.050
97.380 1.060
97.380 1.070
97.370 1.070
97.370 1.080
97.370 1.090
97.360 1.090
97.360 1.100
97.350 1.100
97.350 1.110
97.340 1.120
97.340 1.130
97.330 1.140
97.330 1.150
97.320 1.160
97.310 1.160
97.310 1.170
97.300 1.170
97.300 1.180
97.300 1.190
97.290 1.190
97.280 1.200
97.290 1.200
97.280 1.210
97.270 1.220
97.270 1.210
97.260 1.210
97.260 1.220
97.260 1.230
97.260 1.240
97.260 1.250
97.250 1.250
97.250 1.260
97.240 1.260
97.230 1.260
97.230 1.270
97.220 1.270
97.210 1.270
97.210 1.280
97.210 1.290
97.200 1.290
97.190 1.290
97.190 1.300
97.190 1.310
97.190 1.320
97.180 1.320
97.180 1.330
97.170 1.330
97.170 1.340
97.170 1.350
97.160 1.350
97.160 1.360
97.150 1.360
97.150 1.370
97.140 1.370
97.140 1.380
97.130 1.380
97.130 1.390
97.120 1.390
97.110 1.400
97.100 1.410
97.090 1.410
97.080 1.410
97.080 1.400
97.080 1.390
97.070 1.390
97.070 1.400
97.060 1.400
97.060 1.410
97.070 1.410
97.070 1.420
97.080 1.420
97.090 1.420
97.100 1.420
97.110 1.420
97.120 1.420
97.120 1.430
97.130 1.430
97.140 1.430
97.150 1.430
97.150 1.420
97.160 1.420
97.160 1.410
97.170 1.410
97.170 1.400
97.180 1.400
97.180 1.410
97.180 1.420
97.190 1.420
97.200 1.420
97.200 1.410
97.200 1.400
97.210 1.400
97.220 1.400
97.220 1.410
97.230 1.410
97.240 1.410
97.250 1.410
97.260 1.410
97.260 1.420
97.270 1.420
97.280 1.420
97.280 1.430
97.290 1.430
97.290 1.440
97.290 1.450
97.300 1.450
97.310 1.450
97.310 1.460
REGION 2
1366
100.220 0.750
100.230 0.740
100.240 0.730
100.250 0.730
100.250 0.720
100.260 0.710
100.260 0.700
100.260 0.690
100.250 0.680
100.240 0.670
100.240 0.660
100.230 0.660
100.230 0.650
100.220 0.640
100.220 0.630
100.210 0.620
100.210 0.610
100.210 0.600
100.210 0.590
100.210 0.580
100.210 0.570
100.210 0.550
100.210 0.540
100.220 0.530
100.220 0.520
100.230 0.510
100.230 0.500
100.240 0.500
100.240 0.490
100.250 0.480
100.250 0.470
100.260 0.460
100.260 0.450
100.270 0.450
100.270 0.440
100.280 0.430
100.280 0.420
100.280 0.410
100.280 0.400
100.280 0.390
100.280 0.380
100.280 0.370
100.280 0.360
100.280 0.350
100.280 0.340
100.280 0.330
100.290 0.330
100.290 0.320
100.300 0.320
100.310 0.330
100.320 0.330
100.320 0.340
100.330 0.340
100.340 0.350
100.350 0.350
100.360 0.350
100.370 0.350
100.380 0.350
100.390 0.350
100.390 0.340
100.400 0.330
100.410 0.320
100.410 0.310
100.420 0.300
100.420 0.290
100.430 0.280
100.430 0.260
100.440 0.250
100.440 0.240
100.450 0.230
100.460 0.230
100.460 0.220
100.470 0.220
100.480 0.220
100.490 0.220
100.490 0.210
100.500 0.210
100.510 0.210
100.520 0.210
100.530 0.200
100.540 0.200
100.550 0.200
100.560 0.190
100.570 0.190
100.580 0.190
100.590 0.190
100.600 0.190
100.610 0.180
100.620 0.180
100.630 0.180
100.640 0.180
100.650 0.180
100.660 0.180
100.670 0.180
100.680 0.190
100.680 0.200
100.690 0.200
100.690 0.210
100.700 0.210
100.700 0.220
100.710 0.220
100.710 0.230
100.720 0.230
100.730 0.240
100.740 0.240
100.740 0.250
100.750 0.250
100.760 0.260
100.770 0.260
100.780 0.270
100.790 0.270
100.800 0.270
100.810 0.270
100.820 0.260
100.820 0.250
100.820 0.240
100.820 0.230
100.830 0.230
100.830 0.220
100.830 0.210
100.840 0.210
100.840 0.200
100.840 0.190
100.840 0.180
100.840 0.170
100.830 0.170
100.830 0.160
100.830 0.150
100.830 0.140
100.820 0.140
100.820 0.130
100.820 0.120
100.830 0.110
100.830 0.100
100.830 0.090
100.840 0.090
100.840 0.080
100.840 0.070
100.840 0.060
100.850 0.060
100.850 0.050
100.850 0.040
100.850 0.030
100.840 0.030
100.840 0.020
100.850 0.020
100.840 0.010
100.840 0.000
100.830 0.000
100.830 -0.010
100.820 -0.010
100.820 -0.020
100.830 -0.020
100.830 -0.030
100.820 -0.030
100.810 -0.040
100.810 -0.030
100.800 -0.030
100.790 -0.030
100.790 -0.020
100.780 -0.010
100.770 -0.020
100.760 -0.030
100.760 -0.040
100.750 -0.040
100.740 -0.040
100.740 -0.050
100.750 -0.050
100.750 -0.060
100.750 -0.070
100.750 -0.080
100.750 -0.090
100.760 -0.100
100.760 -0.110
100.760 -0.120
100.750 -0.120
100.750 -0.130
100.760 -0.130
100.760 -0.140
100.760 -0.150
100.770 -0.150
100.770 -0.160
100.770 -0.170
100.770 -0.180
100.780 -0.180
100.780 -0.190
100.780 -0.200
100.780 -0.210
100.780 -0.220
100.780 -0.230
100.780 -0.240
100.790 -0.240
100.800 -0.240
100.800 -0.250
100.800 -0.260
100.800 -0.270
100.810 -0.270
100.810 -0.280
100.820 -0.280
100.830 -0.280
100.840 -0.290
100.840 -0.300
100.840 -0.310
100.830 -0.320
100.840 -0.320
100.840 -0.330
100.840 -0.340
100.850 -0.340
100.860 -0.330
100.860 -0.340
100.870 -0.340
100.880 -0.340
100.890 -0.350
100.900 -0.360
100.900 -0.370
100.910 -0.370
100.920 -0.360
100.920 -0.350
100.930 -0.340
100.920 -0.340
100.920 -0.330
100.920 -0.320
100.930 -0.320
100.940 -0.320
100.940 -0.310
100.950 -0.310
100.960 -0.320
100.970 -0.320
100.970 -0.310
100.980 -0.310
100.990 -0.310
101.000 -0.310
101.000 -0.320
101.010 -0.320
101.010 -0.330
101.020 -0.340
101.030 -0.340
101.040 -0.350
101.040 -0.360
101.040 -0.370
101.040 -0.380
101.030 -0.390
101.030 -0.400
101.030 -0.410
101.040 -0.420
101.040 -0.430
101.040 -0.440
101.040 -0.450
101.050 -0.460
101.050 -0.470
101.060 -0.480
101.070 -0.480
101.070 -0.490
101.070 -0.500
101.080 -0.500
101.080 -0.510
101.090 -0.510
101.090 -0.500
101.100 -0.500
101.110 -0.500
101.120 -0.510
101.120 -0.520
101.130 -0.520
101.130 -0.530
101.140 -0.530
101.150 -0.530
101.160 -0.530
101.160 -0.540
101.170 -0.540
101.170 -0.550
101.180 -0.550
101.180 -0.560
101.190 -0.560
101.190 -0.570
101.200 -0.580
101.210 -0.580
101.220 -0.580
101.230 -0.590
101.230 -0.600
101.240 -0.600
101.240 -0.610
101.250 -0.610
101.250 -0.620
101.250 -0.630
101.260 -0.630
101.270 -0.630
101.280 -0.630
101.290 -0.630
101.300 -0.630
101.310 -0.630
101.310 -0.640
101.320 -0.640
101.320 -0.650
101.330 -0.650
101.340 -0.650
101.350 -0.660
101.360 -0.660
101.360 -0.670
101.350 -0.670
101.350 -0.680
101.360 -0.690
101.370 -0.700
101.380 -0.700
101.390 -0.700
101.400 -0.700
101.400 -0.710
101.400 -0.720
101.410 -0.720
101.410 -0.730
101.400 -0.730
101.400 -0.740
101.410 -0.740
101.420 -0.740
101.420 -0.750
101.430 -0.750
101.430 -0.760
101.440 -0.760
101.450 -0.770
101.460 -0.770
101.470 -0.780
101.480 -0.780
101.490 -0.790
101.490 -0.800
101.500 -0.800
101.500 -0.810
101.510 -0.810
101.520 -0.810
101.530 -0.810
101.540 -0.810
101.540 -0.820
101.550 -0.820
101.560 -0.830
101.570 -0.840
101.580 -0.840
101.580 -0.850
101.590 -0.850
101.600 -0.850
101.600 -0.860
101.610 -0.860
101.610 -0.870
101.610 -0.880
101.620 -0.890
101.630 -0.900
101.640 -0.900
101.640 -0.910
101.650 -0.910
101.650 -0.920
101.650 -0.930
101.650 -0.940
101.660 -0.930
101.670 -0.930
101.670 -0.940
101.680 -0.940
101.690 -0.940
101.690 -0.950
101.700 -0.950
101.700 -0.940
101.710 -0.950
101.720 -0.950
101.730 -0.960
101.730 -0.950
101.740 -0.950
101.740 -0.960
101.750 -0.960
101.750 -0.970
101.760 -0.970
101.770 -0.970
101.780 -0.970
101.790 -0.970
101.800 -0.970
101.810 -0.970
101.820 -0.970
101.820 -0.980
101.820 -0.990
101.820 -1.000
101.820 -1.010
101.820 -1.020
101.820 -1.030
101.820 -1.040
101.830 -1.040
101.830 -1.050
101.830 -1.060
101.830 -1.070
101.820 -1.070
101.820 -1.080
101.820 -1.090
101.830 -1.090
101.830 -1.100
101.840 -1.100
101.850 -1.100
101.850 -1.110
101.860 -1.110
101.870 -1.110
101.870 -1.100
101.880 -1.100
101.880 -1.110
101.880 -1.120
101.880 -1.130
101.870 -1.130
101.870 -1.140
101.860 -1.150
101.860 -1.160
101.850 -1.170
101.850 -1.180
101.840 -1.180
101.840 -1.190
101.830 -1.200
101.820 -1.200
101.820 -1.210
101.810 -1.220
101.800 -1.220
101.790 -1.220
101.780 -1.220
101.770 -1.230
101.760 -1.230
101.750 -1.230
101.740 -1.230
101.730 -1.230
101.720 -1.230
101.720 -1.240
101.710 -1.240
101.710 -1.250
101.710 -1.260
101.700 -1.260
101.690 -1.270
101.690 -1.280
101.690 -1.290
101.690 -1.300
101.690 -1.310
101.700 -1.310
101.700 -1.320
101.700 -1.330
101.710 -1.330
101.710 -1.340
101.710 -1.350
101.720 -1.350
101.710 -1.360
101.710 -1.370
101.710 -1.380
101.700 -1.380
101.700 -1.390
101.690 -1.390
101.690 -1.400
101.700 -1.410
101.700 -1.420
101.710 -1.420
101.720 -1.420
101.720 -1.430
101.710 -1.440
101.700 -1.440
101.700 -1.450
101.700 -1.460
101.700 -1.470
101.690 -1.480
101.690 -1.490
101.680 -1.490
101.680 -1.500
101.670 -1.500
101.660 -1.510
101.650 -1.510
101.650 -1.520
101.640 -1.520
101.640 -1.530
101.630 -1.530
101.620 -1.540
101.610 -1.540
101.610 -1.550
101.600 -1.560
101.590 -1.560
101.580 -1.570
101.570 -1.570
101.560 -1.580
101.550 -1.590
101.540 -1.600
101.530 -1.610
101.530 -1.620
101.520 -1.630
101.510 -1.640
101.510 -1.650
101.500 -1.650
101.500 -1.660
101.500 -1.670
101.490 -1.680
101.480 -1.680
101.470 -1.680
101.460 -1.680
101.460 -1.690
101.450 -1.690
101.440 -1.690
101.430 -1.690
101.430 -1.680
101.420 -1.680
101.420 -1.670
101.410 -1.670
101.400 -1.670
101.390 -1.680
101.380 -1.680
101.370 -1.680
101.360 -1.680
101.350 -1.680
101.340 -1.690
101.330 -1.690
101.320 -1.690
101.310 -1.690
101.300 -1.690
101.290 -1.690
101.280 -1.690
101.270 -1.690
101.260 -1.690
101.260 -1.700
101.250 -1.700
101.240 -1.710
101.230 -1.710
101.220 -1.710
101.210 -1.710
101.210 -1.700
101.200 -1.700
101.200 -1.690
101.190 -1.690
101.190 -1.680
101.180 -1.680
101.170 -1.690
101.170 -1.700
101.160 -1.700
101.150 -1.700
101.150 -1.690
101.140 -1.690
101.140 -1.680
101.130 -1.680
101.130 -1.690
101.120 -1.690
101.120 -1.700
101.120 -1.710
101.120 -1.720
101.120 -1.730
101.120 -1.740
101.120 -1.750
101.120 -1.760
101.120 -1.770
101.120 -1.780
101.120 -1.790
101.130 -1.800
101.130 -1.810
101.130 -1.820
101.130 -1.830
101.130 -1.840
101.130 -1.850
101.130 -1.860
101.130 -1.870
101.130 -1.880
101.140 -1.890
101.140 -1.910
101.140 -1.920
101.150 -1.930
101.160 -1.930
101.160 -1.940
101.170 -1.950
101.170 -1.960
101.180 -1.970
101.190 -1.980
101.190 -1.990
101.200 -2.000
101.210 -2.000
101.210 -2.010
101.220 -2.010
101.230 -2.010
101.240 -2.010
101.240 -2.020
101.250 -2.030
101.250 -2.040
101.260 -2.050
101.260 -2.060
101.270 -2.070
101.270 -2.080
101.270 -2.090
101.280 -2.090
101.280 -2.100
101.280 -2.110
101.290 -2.120
101.290 -2.130
101.290 -2.140
101.290 -2.150
101.300 -2.150
101.300 -2.160
101.300 -2.170
101.300 -2.190
101.310 -2.200
101.310 -2.210
101.310 -2.220
101.310 -2.230
101.310 -2.240
101.300 -2.250
101.300 -2.260
101.300 -2.270
101.290 -2.270
101.290 -2.280
101.290 -2.290
101.280 -2.290
101.280 -2.300
101.270 -2.310
101.260 -2.320
101.260 -2.330
101.250 -2.330
101.250 -2.340
101.240 -2.340
101.240 -2.350
101.230 -2.350
101.220 -2.350
101.210 -2.360
101.200 -2.370
101.190 -2.370
101.190 -2.380
101.180 -2.380
101.170 -2.380
101.160 -2.390
101.150 -2.400
101.140 -2.400
101.130 -2.410
101.120 -2.410
101.120 -2.420
101.110 -2.420
101.100 -2.430
101.090 -2.440
101.080 -2.440
101.070 -2.450
101.060 -2.450
101.060 -2.460
101.050 -2.470
101.040 -2.470
101.030 -2.480
101.020 -2.480
101.020 -2.470
101.020 -2.460
101.010 -2.460
101.010 -2.450
101.000 -2.450
101.000 -2.440
101.000 -2.430
100.990 -2.430
100.990 -2.420
100.980 -2.420
100.980 -2.410
100.970 -2.410
100.970 -2.400
100.960 -2.400
100.960 -2.390
100.950 -2.390
100.940 -2.380
100.940 -2.370
100.930 -2.370
100.920 -2.360
100.920 -2.350
100.910 -2.350
100.910 -2.340
100.900 -2.340
100.900 -2.330
100.890 -2.330
100.890 -2.320
100.890 -2.310
100.880 -2.310
100.880 -2.300
100.880 -2.290
100.880 -2.280
100.880 -2.270
100.880 -2.260
100.880 -2.250
100.870 -2.240
100.870 -2.230
100.860 -2.230
100.860 -2.220
100.850 -2.220
100.850 -2.210
100.840 -2.210
100.840 -2.200
100.840 -2.190
100.830 -2.190
100.830 -2.180
100.820 -2.180
100.820 -2.170
100.820 -2.160
100.820 -2.150
100.820 -2.140
100.830 -2.140
100.830 -2.130
100.840 -2.130
100.840 -2.120
100.850 -2.120
100.850 -2.110
100.860 -2.110
100.860 -2.100
100.870 -2.090
100.870 -2.080
100.870 -2.070
100.880 -2.070
100.880 -2.060
100.880 -2.050
100.880 -2.040
100.880 -2.030
100.880 -2.020
100.880 -2.010
100.870 -2.010
100.870 -2.000
100.880 -2.000
100.880 -1.990
100.870 -1.990
100.870 -1.980
100.870 -1.970
100.870 -1.960
100.870 -1.950
100.870 -1.940
100.870 -1.930
100.860 -1.930
100.860 -1.920
100.860 -1.910
100.850 -1.910
100.850 -1.900
100.850 -1.890
100.840 -1.890
100.840 -1.880
100.840 -1.870
100.830 -1.870
100.830 -1.860
100.820 -1.860
100.820 -1.850
100.810 -1.850
100.810 -1.840
100.800 -1.840
100.800 -1.830
100.790 -1.830
100.790 -1.820
100.780 -1.820
100.780 -1.810
100.780 -1.800
100.770 -1.800
100.770 -1.790
100.770 -1.780
100.760 -1.780
100.760 -1.770
100.760 -1.760
100.750 -1.760
100.750 -1.750
100.740 -1.750
100.740 -1.740
100.740 -1.730
100.730 -1.730
100.730 -1.720
100.720 -1.720
100.720 -1.710
100.710 -1.710
100.710 -1.700
100.710 -1.690
100.700 -1.690
100.700 -1.680
100.690 -1.680
100.690 -1.670
100.690 -1.660
100.680 -1.660
100.680 -1.650
100.670 -1.650
100.670 -1.640
100.660 -1.640
100.660 -1.630
100.650 -1.630
100.650 -1.620
100.640 -1.620
100.640 -1.610
100.640 -1.600
100.640 -1.590
100.640 -1.580
100.640 -1.570
100.640 -1.560
100.630 -1.560
100.630 -1.550
100.630 -1.540
100.620 -1.540
100.620 -1.530
100.620 -1.520
100.620 -1.510
100.630 -1.510
100.630 -1.500
100.620 -1.500
100.620 -1.490
100.610 -1.490
100.600 -1.490
100.600 -1.480
100.590 -1.480
100.590 -1.470
100.580 -1.470
100.580 -1.460
100.570 -1.460
100.570 -1.450
100.560 -1.450
100.560 -1.440
100.570 -1.440
100.570 -1.430
100.580 -1.430
100.580 -1.420
100.570 -1.420
100.570 -1.410
100.560 -1.410
100.560 -1.400
100.570 -1.400
100.570 -1.390
100.580 -1.390
100.590 -1.390
100.590 -1.380
100.580 -1.380
100.580 -1.370
100.570 -1.370
100.570 -1.360
100.570 -1.350
100.560 -1.350
100.560 -1.340
100.570 -1.340
100.570 -1.330
100.560 -1.330
100.560 -1.320
100.550 -1.320
100.550 -1.310
100.540 -1.310
100.530 -1.310
100.520 -1.310
100.510 -1.310
100.500 -1.310
100.500 -1.300
100.490 -1.300
100.490 -1.290
100.480 -1.290
100.480 -1.280
100.470 -1.280
100.470 -1.270
100.460 -1.270
100.460 -1.260
100.450 -1.260
100.440 -1.260
100.440 -1.270
100.430 -1.270
100.430 -1.280
100.420 -1.280
100.420 -1.270
100.410 -1.270
100.400 -1.270
100.400 -1.260
100.410 -1.260
100.410 -1.250
100.400 -1.250
100.400 -1.240
100.410 -1.240
100.420 -1.240
100.420 -1.250
100.420 -1.260
100.430 -1.260
100.430 -1.250
100.430 -1.240
100.440 -1.230
100.430 -1.230
100.420 -1.230
100.420 -1.220
100.430 -1.220
100.430 -1.210
100.430 -1.200
100.420 -1.200
100.410 -1.200
100.400 -1.200
100.400 -1.190
100.400 -1.180
100.390 -1.180
100.380 -1.180
100.380 -1.170
100.380 -1.160
100.380 -1.150
100.370 -1.150
100.370 -1.160
100.360 -1.160
100.360 -1.150
100.360 -1.140
100.370 -1.140
100.370 -1.130
100.370 -1.120
100.380 -1.120
100.390 -1.120
100.380 -1.110
100.380 -1.100
100.370 -1.100
100.370 -1.090
100.370 -1.080
100.370 -1.070
100.380 -1.070
100.390 -1.070
100.400 -1.070
100.410 -1.070
100.410 -1.060
100.410 -1.050
100.410 -1.040
100.400 -1.040
100.400 -1.030
100.390 -1.030
100.390 -1.020
100.390 -1.010
100.390 -1.000
100.380 -0.990
100.380 -1.000
100.380 -1.010
100.370 -1.010
100.360 -1.010
100.360 -1.000
100.360 -0.990
100.360 -0.980
100.360 -0.970
100.350 -0.970
100.350 -0.960
100.350 -0.950
100.350 -0.940
100.350 -0.930
100.350 -0.920
100.350 -0.910
100.340 -0.910
100.340 -0.900
100.340 -0.890
100.340 -0.880
100.340 -0.870
100.330 -0.870
100.330 -0.860
100.330 -0.850
100.320 -0.850
100.320 -0.840
100.310 -0.840
100.310 -0.830
100.300 -0.830
100.300 -0.820
100.290 -0.820
100.290 -0.810
100.280 -0.800
100.280 -0.790
100.270 -0.790
100.270 -0.780
100.260 -0.780
100.260 -0.770
100.250 -0.770
100.250 -0.760
100.240 -0.760
100.240 -0.750
100.230 -0.750
100.230 -0.740
100.220 -0.740
100.220 -0.730
100.210 -0.730
100.210 -0.720
100.200 -0.720
100.190 -0.710
100.190 -0.700
100.180 -0.700
100.180 -0.690
100.170 -0.690
100.170 -0.680
100.160 -0.680
100.160 -0.670
100.150 -0.670
100.150 -0.660
100.140 -0.660
100.140 -0.650
100.130 -0.650
100.130 -0.640
100.120 -0.640
100.120 -0.630
100.110 -0.630
100.110 -0.620
100.120 -0.620
100.120 -0.610
100.110 -0.610
100.110 -0.600
100.110 -0.590
100.100 -0.590
100.100 -0.580
100.090 -0.580
100.090 -0.570
100.090 -0.560
100.090 -0.550
100.080 -0.550
100.080 -0.540
100.070 -0.540
100.070 -0.530
100.060 -0.530
100.060 -0.520
100.050 -0.520
100.050 -0.510
100.040 -0.510
100.040 -0.500
100.030 -0.500
100.030 -0.490
100.020 -0.490
100.020 -0.480
100.010 -0.480
100.010 -0.470
100.000 -0.470
100.000 -0.460
99.990 -0.460
99.980 -0.460
99.980 -0.450
99.970 -0.450
99.970 -0.440
99.960 -0.430
99.950 -0.430
99.950 -0.420
99.940 -0.420
99.940 -0.410
99.930 -0.410
99.920 -0.410
99.920 -0.400
99.920 -0.390
99.920 -0.380
99.910 -0.380
99.910 -0.370
99.900 -0.360
99.890 -0.350
99.890 -0.340
99.880 -0.340
99.870 -0.330
99.860 -0.330
99.860 -0.320
99.850 -0.320
99.840 -0.320
99.840 -0.310
99.830 -0.310
99.820 -0.310
99.820 -0.300
99.820 -0.290
99.810 -0.290
99.810 -0.280
99.810 -0.270
99.800 -0.270
99.800 -0.260
99.800 -0.250
99.800 -0.240
99.800 -0.230
99.800 -0.220
99.800 -0.210
99.790 -0.210
99.790 -0.200
99.780 -0.190
99.780 -0.180
99.770 -0.180
99.770 -0.170
99.760 -0.170
99.760 -0.160
99.750 -0.150
99.760 -0.140
99.750 -0.140
99.750 -0.130
99.760 -0.130
99.760 -0.120
99.760 -0.110
99.760 -0.100
99.760 -0.090
99.770 -0.090
99.770 -0.080
99.770 -0.070
99.760 -0.070
99.760 -0.060
99.760 -0.050
99.750 -0.050
99.750 -0.040
99.750 -0.030
99.740 -0.030
99.740 -0.020
99.730 -0.020
99.720 -0.020
99.720 -0.010
99.710 -0.010
99.700 -0.010
99.700 0.000
99.700 0.010
99.690 0.000
99.690 0.010
99.680 0.010
99.680 0.020
99.670 0.020
99.670 0.030
99.660 0.030
99.660 0.040
99.650 0.040
99.650 0.050
99.640 0.050
99.630 0.050
99.630 0.060
99.630 0.070
99.620 0.070
99.610 0.070
99.600 0.070
99.600 0.080
99.590 0.080
99.580 0.080
99.580 0.090
99.570 0.090
99.560 0.090
99.560 0.100
99.550 0.100
99.540 0.100
99.540 0.110
99.530 0.110
99.530 0.120
99.520 0.120
99.510 0.120
99.500 0.120
99.500 0.130
99.490 0.130
99.480 0.130
99.470 0.130
99.470 0.140
99.460 0.140
99.450 0.140
99.440 0.140
99.440 0.150
99.430 0.150
99.420 0.150
99.410 0.150
99.400 0.150
99.400 0.160
99.390 0.160
99.390 0.170
99.390 0.180
99.390 0.190
99.380 0.190
99.370 0.190
99.370 0.200
99.380 0.200
99.380 0.210
99.370 0.210
99.370 0.220
99.360 0.220
99.360 0.230
99.350 0.230
99.340 0.230
99.340 0.240
99.330 0.240
99.320 0.240
99.310 0.240
99.310 0.230
99.300 0.230
99.290 0.230
99.280 0.230
99.280 0.220
99.270 0.220
99.260 0.220
99.260 0.210
99.250 0.210
99.250 0.220
99.240 0.220
99.240 0.210
99.230 0.210
99.220 0.210
99.220 0.220
99.210 0.220
99.200 0.220
99.200 0.230
99.190 0.230
99.190 0.240
99.190 0.250
99.180 0.250
99.180 0.240
99.180 0.230
99.170 0.230
99.170 0.240
99.170 0.250
99.180 0.260
99.180 0.270
99.190 0.270
99.190 0.280
99.190 0.290
99.200 0.290
99.200 0.300
99.210 0.300
99.220 0.310
99.230 0.310
99.230 0.320
99.240 0.330
99.250 0.340
99.260 0.340
99.270 0.340
99.280 0.340
99.290 0.340
99.300 0.340
99.310 0.340
99.320 0.350
99.330 0.360
99.340 0.380
99.340 0.390
99.350 0.400
99.350 0.410
99.360 0.420
99.360 0.430
99.370 0.430
99.370 0.440
99.380 0.450
99.380 0.460
99.390 0.460
99.400 0.470
99.400 0.480
99.400 0.490
99.410 0.490
99.420 0.490
99.430 0.500
99.440 0.500
99.440 0.510
99.450 0.510
99.460 0.520
99.470 0.520
99.480 0.530
99.490 0.530
99.490 0.540
99.500 0.540
99.510 0.540
99.520 0.540
99.520 0.530
99.530 0.520
99.540 0.520
99.550 0.520
99.560 0.520
99.570 0.520
99.580 0.520
99.590 0.520
99.600 0.520
99.610 0.530
99.620 0.530
99.630 0.540
99.640 0.550
99.650 0.540
99.650 0.530
99.660 0.530
99.660 0.520
99.660 0.510
99.660 0.500
99.670 0.500
99.670 0.490
99.670 0.480
99.680 0.480
99.680 0.470
99.690 0.470
99.700 0.470
99.700 0.460
99.710 0.460
99.720 0.450
99.730 0.460
99.740 0.470
99.750 0.470
99.750 0.480
99.770 0.480
99.780 0.480
99.790 0.480
99.800 0.480
99.800 0.470
99.810 0.470
99.810 0.460
99.820 0.460
99.840 0.460
99.850 0.470
99.870 0.470
99.880 0.470
99.890 0.470
99.900 0.470
99.910 0.470
99.910 0.480
99.920 0.480
99.920 0.490
99.930 0.500
99.930 0.510
99.940 0.510
99.950 0.510
99.960 0.520
99.950 0.530
99.960 0.540
99.960 0.550
99.960 0.560
99.960 0.570
99.950 0.580
99.940 0.590
99.940 0.600
99.930 0.600
99.920 0.600
99.920 0.610
99.920 0.620
99.910 0.630
99.920 0.630
99.920 0.640
99.920 0.650
99.910 0.650
99.910 0.660
99.920 0.670
99.920 0.680
99.910 0.680
99.900 0.680
99.890 0.680
99.880 0.690
99.870 0.690
99.860 0.690
99.850 0.690
99.840 0.690
99.830 0.700
99.830 0.710
99.830 0.720
99.830 0.730
99.820 0.740
99.830 0.750
99.830 0.760
99.840 0.760
99.840 0.770
99.840 0.780
99.840 0.790
99.850 0.790
99.850 0.800
99.840 0.800
99.840 0.810
99.850 0.810
99.850 0.820
99.840 0.820
99.840 0.830
99.840 0.840
99.840 0.850
99.840 0.860
99.840 0.870
99.830 0.880
99.830 0.890
99.840 0.890
99.850 0.890
99.850 0.900
99.860 0.900
99.870 0.910
99.880 0.910
99.890 0.900
99.900 0.890
99.910 0.890
99.920 0.880
99.930 0.880
99.940 0.880
99.950 0.880
99.960 0.880
99.960 0.870
99.960 0.860
99.970 0.850
99.980 0.850
99.990 0.840
100.000 0.840
100.010 0.840
100.020 0.830
100.030 0.830
100.040 0.820
100.050 0.810
100.060 0.810
100.060 0.800
100.070 0.800
100.080 0.790
100.090 0.790
100.100 0.790
100.110 0.790
100.130 0.780
100.140 0.780
100.150 0.770
100.160 0.770
100.160 0.760
100.170 0.760
100.180 0.760
100.190 0.760
100.200 0.760
100.210 0.760
100.210 0.750
100.220 0.750
373
99.270 -1.620
99.280 -1.620
99.280 -1.630
99.280 -1.640
99.280 -1.650
99.290 -1.650
99.290 -1.660
99.280 -1.660
99.280 -1.670
99.290 -1.670
99.290 -1.680
99.290 -1.690
99.300 -1.690
99.300 -1.700
99.290 -1.710
99.300 -1.710
99.300 -1.720
99.290 -1.740
99.290 -1.750
99.280 -1.750
99.270 -1.740
99.260 -1.740
99.260 -1.730
99.260 -1.710
99.250 -1.710
99.250 -1.700
99.250 -1.690
99.240 -1.690
99.240 -1.700
99.240 -1.710
99.240 -1.720
99.240 -1.730
99.240 -1.740
99.240 -1.750
99.250 -1.750
99.250 -1.760
99.260 -1.760
99.260 -1.770
99.260 -1.780
99.250 -1.780
99.250 -1.790
99.240 -1.790
99.240 -1.800
99.230 -1.800
99.230 -1.790
99.220 -1.780
99.210 -1.780
99.200 -1.780
99.190 -1.780
99.180 -1.780
99.170 -1.780
99.160 -1.780
99.150 -1.780
99.150 -1.790
99.140 -1.790
99.140 -1.800
99.140 -1.810
99.130 -1.810
99.120 -1.810
99.110 -1.810
99.100 -1.800
99.090 -1.800
99.080 -1.800
99.080 -1.790
99.070 -1.790
99.060 -1.790
99.050 -1.790
99.050 -1.780
99.040 -1.780
99.040 -1.770
99.030 -1.770
99.020 -1.770
99.020 -1.760
99.010 -1.760
99.000 -1.750
98.990 -1.750
98.990 -1.740
98.980 -1.740
98.970 -1.740
98.970 -1.730
98.960 -1.730
98.960 -1.720
98.950 -1.720
98.940 -1.720
98.940 -1.710
98.930 -1.710
98.920 -1.710
98.920 -1.700
98.910 -1.700
98.900 -1.690
98.890 -1.690
98.890 -1.680
98.880 -1.680
98.870 -1.680
98.870 -1.670
98.870 -1.660
98.870 -1.650
98.860 -1.650
98.860 -1.640
98.850 -1.640
98.850 -1.630
98.840 -1.630
98.830 -1.620
98.820 -1.620
98.820 -1.610
98.830 -1.610
98.840 -1.600
98.840 -1.590
98.840 -1.580
98.830 -1.580
98.830 -1.570
98.820 -1.570
98.820 -1.560
98.820 -1.550
98.810 -1.550
98.810 -1.540
98.810 -1.530
98.800 -1.530
98.800 -1.520
98.800 -1.510
98.790 -1.510
98.790 -1.500
98.780 -1.500
98.780 -1.490
98.780 -1.480
98.770 -1.480
98.770 -1.470
98.760 -1.470
98.760 -1.460
98.750 -1.460
98.750 -1.450
98.750 -1.440
98.740 -1.440
98.740 -1.430
98.740 -1.420
98.730 -1.420
98.730 -1.410
98.730 -1.400
98.720 -1.400
98.720 -1.390
98.710 -1.390
98.710 -1.380
98.700 -1.380
98.700 -1.370
98.690 -1.360
98.690 -1.350
98.680 -1.350
98.680 -1.340
98.670 -1.330
98.660 -1.330
98.660 -1.320
98.650 -1.310
98.650 -1.300
98.640 -1.300
98.640 -1.290
98.640 -1.280
98.640 -1.270
98.640 -1.260
98.630 -1.260
98.630 -1.250
98.620 -1.250
98.620 -1.240
98.610 -1.240
98.610 -1.230
98.600 -1.230
98.600 -1.220
98.600 -1.210
98.600 -1.200
98.600 -1.190
98.610 -1.190
98.610 -1.180
98.620 -1.180
98.620 -1.170
98.620 -1.160
98.630 -1.160
98.630 -1.150
98.630 -1.140
98.640 -1.140
98.640 -1.130
98.640 -1.120
98.640 -1.110
98.650 -1.110
98.650 -1.100
98.650 -1.090
98.660 -1.090
98.660 -1.080
98.660 -1.070
98.660 -1.060
98.660 -1.050
98.660 -1.040
98.660 -1.030
98.660 -1.020
98.660 -1.010
98.660 -1.000
98.660 -0.990
98.660 -0.980
98.670 -0.980
98.670 -0.970
98.680 -0.970
98.690 -0.960
98.700 -0.950
98.710 -0.950
98.720 -0.950
98.730 -0.950
98.730 -0.960
98.740 -0.960
98.750 -0.960
98.760 -0.960
98.770 -0.960
98.780 -0.960
98.790 -0.960
98.800 -0.960
98.800 -0.950
98.810 -0.950
98.820 -0.950
98.820 -0.940
98.830 -0.940
98.840 -0.940
98.850 -0.940
98.860 -0.940
98.860 -0.930
98.870 -0.930
98.880 -0.930
98.880 -0.920
98.890 -0.920
98.890 -0.910
98.900 -0.910
98.910 -0.910
98.910 -0.920
98.910 -0.930
98.900 -0.930
98.900 -0.940
98.900 -0.950
98.910 -0.950
98.910 -0.940
98.920 -0.940
98.920 -0.930
98.930 -0.930
98.930 -0.940
98.930 -0.950
98.930 -0.960
98.940 -0.960
98.940 -0.970
98.940 -0.980
98.940 -0.990
98.940 -1.000
98.930 -1.000
98.930 -0.990
98.920 -0.990
98.920 -1.000
98.920 -1.010
98.930 -1.020
98.930 -1.030
98.940 -1.030
98.940 -1.040
98.940 -1.050
98.940 -1.060
98.940 -1.070
98.950 -1.070
98.950 -1.080
98.960 -1.080
98.960 -1.090
98.970 -1.090
98.970 -1.100
98.980 -1.100
98.990 -1.100
98.990 -1.110
99.000 -1.110
99.000 -1.120
99.000 -1.130
99.000 -1.140
99.000 -1.150
99.010 -1.160
99.010 -1.170
99.020 -1.170
99.020 -1.180
99.030 -1.180
99.030 -1.190
99.030 -1.200
99.040 -1.200
99.040 -1.210
99.030 -1.210
99.030 -1.220
99.030 -1.230
99.040 -1.230
99.050 -1.230
99.060 -1.230
99.060 -1.240
99.060 -1.250
99.070 -1.250
99.070 -1.260
99.070 -1.270
99.060 -1.280
99.060 -1.290
99.060 -1.300
99.070 -1.300
99.070 -1.290
99.080 -1.290
99.080 -1.300
99.080 -1.310
99.090 -1.310
99.090 -1.320
99.090 -1.330
99.090 -1.340
99.100 -1.340
99.100 -1.350
99.100 -1.360
99.100 -1.370
99.110 -1.370
99.110 -1.380
99.110 -1.390
99.120 -1.390
99.120 -1.380
99.130 -1.380
99.130 -1.390
99.130 -1.400
99.140 -1.400
99.150 -1.400
99.150 -1.410
99.150 -1.420
99.160 -1.420
99.160 -1.430
99.170 -1.430
99.170 -1.440
99.160 -1.440
99.160 -1.450
99.160 -1.460
99.170 -1.460
99.170 -1.470
99.160 -1.470
99.150 -1.460
99.140 -1.460
99.140 -1.450
99.130 -1.450
99.130 -1.440
99.120 -1.440
99.120 -1.450
99.120 -1.460
99.130 -1.460
99.130 -1.470
99.140 -1.470
99.140 -1.480
99.150 -1.480
99.150 -1.490
99.160 -1.490
99.160 -1.500
99.170 -1.500
99.180 -1.510
99.180 -1.520
99.190 -1.520
99.190 -1.510
99.200 -1.510
99.200 -1.520
99.210 -1.520
99.210 -1.530
99.200 -1.540
99.200 -1.550
99.200 -1.560
99.190 -1.570
99.200 -1.570
99.200 -1.580
99.210 -1.580
99.210 -1.590
99.220 -1.590
99.220 -1.600
99.220 -1.610
99.230 -1.610
99.240 -1.610
99.250 -1.600
99.260 -1.600
99.270 -1.600
99.270 -1.610
99.270 -1.620
REGION 1
2095
103.480 -0.210
103.490 -0.210
103.500 -0.210
103.500 -0.200
103.510 -0.200
103.520 -0.200
103.520 -0.210
103.520 -0.220
103.510 -0.220
103.510 -0.230
103.500 -0.240
103.500 -0.250
103.510 -0.240
103.520 -0.240
103.520 -0.230
103.530 -0.230
103.530 -0.220
103.540 -0.220
103.550 -0.220
103.560 -0.220
103.570 -0.220
103.580 -0.220
103.590 -0.220
103.600 -0.220
103.610 -0.220
103.610 -0.230
103.620 -0.230
103.630 -0.230
103.630 -0.220
103.640 -0.220
103.640 -0.230
103.640 -0.240
103.650 -0.240
103.650 -0.250
103.660 -0.250
103.670 -0.250
103.680 -0.250
103.680 -0.260
103.690 -0.260
103.700 -0.260
103.700 -0.250
103.710 -0.250
103.710 -0.260
103.720 -0.260
103.720 -0.270
103.730 -0.270
103.730 -0.280
103.740 -0.280
103.740 -0.290
103.750 -0.290
103.760 -0.300
103.760 -0.310
103.770 -0.310
103.770 -0.320
103.780 -0.320
103.780 -0.330
103.780 -0.340
103.790 -0.340
103.780 -0.350
103.770 -0.350
103.760 -0.350
103.750 -0.350
103.740 -0.350
103.730 -0.350
103.720 -0.350
103.710 -0.350
103.700 -0.350
103.700 -0.360
103.690 -0.360
103.680 -0.360
103.670 -0.360
103.670 -0.370
103.660 -0.370
103.650 -0.370
103.650 -0.380
103.640 -0.380
103.630 -0.380
103.630 -0.390
103.620 -0.390
103.610 -0.390
103.610 -0.400
103.600 -0.400
103.600 -0.390
103.590 -0.390
103.580 -0.390
103.580 -0.380
103.570 -0.380
103.560 -0.380
103.560 -0.390
103.550 -0.390
103.550 -0.400
103.560 -0.400
103.570 -0.400
103.580 -0.400
103.590 -0.400
103.590 -0.410
103.600 -0.410
103.600 -0.420
103.600 -0.430
103.600 -0.440
103.600 -0.450
103.590 -0.450
103.590 -0.460
103.580 -0.460
103.580 -0.470
103.570 -0.470
103.570 -0.480
103.560 -0.480
103.560 -0.490
103.550 -0.490
103.550 -0.500
103.540 -0.500
103.540 -0.510
103.530 -0.510
103.520 -0.510
103.510 -0.510
103.510 -0.520
103.500 -0.520
103.500 -0.510
103.490 -0.510
103.480 -0.510
103.470 -0.510
103.460 -0.510
103.450 -0.510
103.440 -0.510
103.440 -0.520
103.430 -0.520
103.420 -0.520
103.410 -0.520
103.400 -0.520
103.400 -0.530
103.410 -0.530
103.420 -0.530
103.430 -0.530
103.430 -0.540
103.440 -0.540
103.440 -0.550
103.440 -0.560
103.440 -0.570
103.430 -0.570
103.430 -0.580
103.430 -0.590
103.420 -0.590
103.420 -0.600
103.430 -0.600
103.430 -0.610
103.430 -0.620
103.430 -0.630
103.420 -0.630
103.420 -0.640
103.410 -0.640
103.400 -0.640
103.390 -0.640
103.380 -0.640
103.380 -0.650
103.390 -0.650
103.400 -0.650
103.410 -0.650
103.410 -0.660
103.420 -0.660
103.420 -0.670
103.420 -0.680
103.410 -0.680
103.410 -0.690
103.400 -0.690
103.390 -0.690
103.380 -0.690
103.370 -0.690
103.360 -0.690
103.360 -0.700
103.370 -0.700
103.380 -0.700
103.390 -0.700
103.400 -0.700
103.400 -0.710
103.410 -0.710
103.420 -0.710
103.430 -0.710
103.440 -0.710
103.440 -0.720
103.430 -0.720
103.430 -0.730
103.440 -0.730
103.440 -0.740
103.450 -0.740
103.450 -0.730
103.460 -0.730
103.460 -0.740
103.470 -0.740
103.470 -0.750
103.480 -0.750
103.480 -0.760
103.480 -0.770
103.470 -0.770
103.460 -0.770
103.450 -0.770
103.440 -0.770
103.430 -0.780
103.420 -0.770
103.410 -0.770
103.400 -0.780
103.390 -0.790
103.380 -0.790
103.370 -0.790
103.360 -0.800
103.350 -0.800
103.350 -0.790
103.340 -0.790
103.330 -0.780
103.320 -0.780
103.300 -0.780
103.290 -0.780
103.280 -0.780
103.260 -0.770
103.250 -0.770
103.240 -0.770
103.230 -0.770
103.220 -0.760
103.200 -0.760
103.190 -0.760
103.180 -0.760
103.170 -0.750
103.150 -0.750
103.140 -0.750
103.130 -0.750
103.120 -0.750
103.110 -0.750
103.100 -0.760
103.090 -0.760
103.080 -0.760
103.070 -0.760
103.060 -0.760
103.050 -0.760
103.040 -0.760
103.030 -0.760
103.020 -0.760
103.020 -0.750
103.010 -0.750
103.010 -0.760
103.000 -0.760
103.000 -0.770
102.990 -0.780
102.990 -0.790
102.980 -0.790
102.980 -0.800
102.970 -0.810
102.960 -0.830
102.950 -0.840
102.950 -0.850
102.940 -0.860
102.930 -0.860
102.930 -0.870
102.920 -0.880
102.910 -0.890
102.900 -0.890
102.900 -0.900
102.890 -0.910
102.880 -0.920
102.840 -0.940
102.830 -0.950
102.810 -0.960
102.810 -0.970
102.800 -0.970
102.790 -0.970
102.790 -0.980
102.790 -0.990
102.780 -1.000
102.770 -1.010
102.780 -1.010
102.780 -1.020
102.780 -1.030
102.770 -1.030
102.760 -1.020
102.750 -1.020
102.750 -1.030
102.750 -1.040
102.740 -1.040
102.740 -1.050
102.730 -1.050
102.730 -1.060
102.730 -1.070
102.730 -1.080
102.720 -1.070
102.710 -1.070
102.710 -1.080
102.700 -1.080
102.690 -1.080
102.680 -1.080
102.680 -1.090
102.670 -1.090
102.670 -1.100
102.670 -1.110
102.660 -1.110
102.650 -1.110
102.650 -1.120
102.640 -1.120
102.630 -1.110
102.630 -1.100
102.620 -1.100
102.620 -1.090
102.610 -1.090
102.610 -1.100
102.600 -1.090
102.590 -1.090
102.580 -1.090
102.580 -1.100
102.570 -1.100
102.560 -1.100
102.550 -1.100
102.550 -1.090
102.550 -1.080
102.540 -1.080
102.540 -1.090
102.530 -1.090
102.520 -1.080
102.510 -1.080
102.500 -1.080
102.490 -1.080
102.480 -1.080
102.470 -1.070
102.470 -1.060
102.460 -1.050
102.460 -1.040
102.450 -1.040
102.450 -1.030
102.440 -1.030
102.430 -1.030
102.420 -1.030
102.410 -1.030
102.400 -1.030
102.390 -1.030
102.380 -1.030
102.370 -1.020
102.380 -1.020
102.380 -1.010
102.380 -1.000
102.390 -1.000
102.390 -0.990
102.380 -0.990
102.370 -0.990
102.370 -0.980
102.360 -0.970
102.350 -0.970
102.350 -0.960
102.340 -0.960
102.330 -0.970
102.330 -0.960
102.320 -0.960
102.320 -0.950
102.320 -0.940
102.310 -0.940
102.310 -0.930
102.310 -0.920
102.300 -0.920
102.290 -0.920
102.280 -0.920
102.270 -0.920
102.260 -0.920
102.250 -0.920
102.250 -0.930
102.240 -0.930
102.230 -0.930
102.230 -0.940
102.220 -0.940
102.220 -0.950
102.210 -0.950
102.200 -0.950
102.190 -0.950
102.190 -0.940
102.190 -0.930
102.190 -0.920
102.180 -0.920
102.170 -0.910
102.170 -0.900
102.160 -0.900
102.150 -0.900
102.140 -0.900
102.140 -0.910
102.130 -0.910
102.130 -0.920
102.120 -0.920
102.110 -0.920
102.110 -0.910
102.100 -0.910
102.090 -0.910
102.090 -0.900
102.080 -0.900
102.070 -0.900
102.070 -0.890
102.060 -0.890
102.050 -0.890
102.050 -0.900
102.040 -0.900
102.030 -0.900
102.030 -0.890
102.020 -0.890
102.020 -0.880
102.010 -0.880
102.000 -0.880
101.990 -0.880
101.980 -0.880
101.970 -0.890
101.970 -0.900
101.970 -0.910
101.960 -0.910
101.950 -0.900
101.940 -0.900
101.940 -0.910
101.930 -0.910
101.920 -0.910
101.920 -0.920
101.910 -0.920
101.910 -0.930
101.910 -0.940
101.910 -0.950
101.900 -0.950
101.890 -0.960
101.880 -0.970
101.870 -0.970
101.860 -0.970
101.850 -0.970
101.850 -0.980
101.840 -0.980
101.830 -0.980
101.820 -0.980
101.820 -0.970
101.810 -0.970
101.800 -0.970
101.790 -0.970
101.780 -0.970
101.770 -0.970
101.760 -0.970
101.750 -0.970
101.750 -0.960
101.740 -0.960
101.740 -0.950
101.730 -0.950
101.730 -0.960
101.720 -0.950
101.710 -0.950
101.700 -0.940
101.700 -0.950
101.690 -0.950
101.690 -0.940
101.680 -0.940
101.670 -0.940
101.670 -0.930
101.660 -0.930
101.650 -0.940
101.650 -0.930
101.650 -0.920
101.650 -0.910
101.640 -0.910
101.640 -0.900
101.630 -0.900
101.620 -0.890
101.610 -0.880
101.610 -0.870
101.610 -0.860
101.600 -0.860
101.600 -0.850
101.590 -0.850
101.580 -0.850
101.580 -0.840
101.570 -0.840
101.560 -0.830
101.550 -0.820
101.540 -0.820
101.540 -0.810
101.530 -0.810
101.520 -0.810
101.510 -0.810
101.500 -0.810
101.500 -0.800
101.490 -0.800
101.490 -0.790
101.480 -0.780
101.470 -0.780
101.460 -0.770
101.450 -0.770
101.440 -0.760
101.430 -0.760
101.430 -0.750
101.420 -0.750
101.420 -0.740
101.410 -0.740
101.400 -0.740
101.400 -0.730
101.410 -0.730
101.410 -0.720
101.400 -0.720
101.400 -0.710
101.400 -0.700
101.390 -0.700
101.380 -0.700
101.370 -0.700
101.360 -0.690
101.350 -0.680
101.350 -0.670
101.360 -0.670
101.360 -0.660
101.350 -0.660
101.340 -0.650
101.330 -0.650
101.320 -0.650
101.320 -0.640
101.310 -0.640
101.310 -0.630
101.300 -0.630
101.290 -0.630
101.280 -0.630
101.270 -0.630
101.260 -0.630
101.250 -0.630
101.250 -0.620
101.250 -0.610
101.240 -0.610
101.240 -0.600
101.230 -0.600
101.230 -0.590
101.220 -0.580
101.210 -0.580
101.200 -0.580
101.190 -0.570
101.190 -0.560
101.180 -0.560
101.180 -0.550
101.170 -0.550
101.170 -0.540
101.160 -0.540
101.160 -0.530
101.150 -0.530
101.140 -0.530
101.130 -0.530
101.130 -0.520
101.120 -0.520
101.120 -0.510
101.110 -0.500
101.100 -0.500
101.090 -0.500
101.090 -0.510
101.080 -0.510
101.080 -0.500
101.070 -0.500
101.070 -0.490
101.070 -0.480
101.060 -0.480
101.050 -0.470
101.050 -0.460
101.040 -0.450
101.040 -0.440
101.040 -0.430
101.040 -0.420
101.030 -0.410
101.030 -0.400
101.030 -0.390
101.040 -0.380
101.040 -0.370
101.040 -0.360
101.040 -0.350
101.030 -0.340
101.020 -0.340
101.010 -0.330
101.010 -0.320
101.000 -0.320
101.000 -0.310
100.990 -0.310
100.980 -0.310
100.970 -0.310
100.970 -0.320
100.960 -0.320
100.950 -0.310
100.940 -0.310
100.940 -0.320
100.930 -0.320
100.920 -0.320
100.920 -0.330
100.920 -0.340
100.930 -0.340
100.920 -0.350
100.920 -0.360
100.910 -0.370
100.900 -0.370
100.900 -0.360
100.890 -0.350
100.880 -0.340
100.870 -0.340
100.860 -0.340
100.860 -0.330
100.850 -0.340
100.840 -0.340
100.840 -0.330
100.840 -0.320
100.830 -0.320
100.840 -0.310
100.840 -0.300
100.840 -0.290
100.830 -0.280
100.820 -0.280
100.810 -0.280
100.810 -0.270
100.800 -0.270
100.800 -0.260
100.800 -0.250
100.800 -0.240
100.790 -0.240
100.780 -0.240
100.780 -0.230
100.780 -0.220
100.780 -0.210
100.780 -0.200
100.780 -0.190
100.780 -0.180
100.770 -0.180
100.770 -0.170
100.770 -0.160
100.770 -0.150
100.760 -0.150
100.760 -0.140
100.760 -0.130
100.750 -0.130
100.750 -0.120
100.760 -0.120
100.760 -0.110
100.760 -0.100
100.750 -0.090
100.750 -0.080
100.750 -0.070
100.750 -0.060
100.750 -0.050
100.740 -0.050
100.740 -0.040
100.750 -0.040
100.760 -0.040
100.760 -0.030
100.770 -0.020
100.780 -0.010
100.790 -0.020
100.790 -0.030
100.800 -0.030
100.810 -0.030
100.810 -0.040
100.820 -0.030
100.830 -0.030
100.830 -0.020
100.820 -0.020
100.820 -0.010
100.830 -0.010
100.830 0.000
100.840 0.000
100.840 0.010
100.850 0.020
100.840 0.020
100.840 0.030
100.850 0.030
100.850 0.040
100.850 0.050
100.850 0.060
100.840 0.060
100.840 0.070
100.840 0.080
100.840 0.090
100.830 0.090
100.830 0.100
100.830 0.110
100.820 0.120
100.820 0.130
100.820 0.140
100.830 0.140
100.830 0.150
100.830 0.160
100.830 0.170
100.840 0.170
100.840 0.180
100.840 0.190
100.840 0.200
100.840 0.210
100.830 0.210
100.830 0.220
100.830 0.230
100.820 0.230
100.820 0.240
100.820 0.250
100.820 0.260
100.810 0.270
100.800 0.270
100.790 0.270
100.780 0.270
100.770 0.260
100.760 0.260
100.750 0.250
100.740 0.250
100.740 0.240
100.730 0.240
100.720 0.230
100.710 0.230
100.710 0.220
100.700 0.220
100.700 0.210
100.690 0.210
100.690 0.200
100.680 0.200
100.680 0.190
100.670 0.180
100.660 0.180
100.650 0.180
100.640 0.180
100.630 0.180
100.620 0.180
100.610 0.180
100.600 0.190
100.590 0.190
100.580 0.190
100.570 0.190
100.560 0.190
100.550 0.200
100.540 0.200
100.530 0.200
100.520 0.210
100.510 0.210
100.500 0.210
100.490 0.210
100.490 0.220
100.480 0.220
100.470 0.220
100.460 0.220
100.460 0.230
100.450 0.230
100.440 0.240
100.440 0.250
100.430 0.260
100.430 0.280
100.420 0.290
100.420 0.300
100.410 0.310
100.410 0.320
100.400 0.330
100.390 0.340
100.390 0.350
100.380 0.350
100.370 0.350
100.360 0.350
100.350 0.350
100.340 0.350
100.330 0.340
100.320 0.340
100.320 0.330
100.310 0.330
100.300 0.320
100.290 0.320
100.290 0.330
100.280 0.330
100.280 0.340
100.280 0.350
100.280 0.360
100.280 0.370
100.280 0.380
100.280 0.390
100.280 0.400
100.280 0.410
100.280 0.420
100.280 0.430
100.270 0.440
100.270 0.450
100.260 0.450
100.260 0.460
100.250 0.470
100.250 0.480
100.240 0.490
100.240 0.500
100.230 0.500
100.230 0.510
100.220 0.520
100.220 0.530
100.210 0.540
100.210 0.550
100.210 0.570
100.210 0.580
100.210 0.590
100.210 0.600
100.210 0.610
100.210 0.620
100.220 0.630
100.220 0.640
100.230 0.650
100.230 0.660
100.240 0.660
100.240 0.670
100.250 0.680
100.260 0.690
100.260 0.700
100.260 0.710
100.250 0.720
100.250 0.730
100.240 0.730
100.230 0.740
100.220 0.750
100.210 0.750
100.210 0.760
100.200 0.760
100.190 0.760
100.180 0.760
100.180 0.770
100.170 0.770
100.160 0.780
100.150 0.790
100.140 0.800
100.130 0.810
100.130 0.820
100.120 0.820
100.120 0.830
100.130 0.840
100.140 0.840
100.140 0.850
100.130 0.850
100.130 0.860
100.130 0.870
100.130 0.880
100.130 0.890
100.130 0.900
100.120 0.900
100.110 0.900
100.100 0.910
100.090 0.920
100.090 0.930
100.080 0.930
100.080 0.940
100.080 0.950
100.090 0.950
100.100 0.950
100.110 0.950
100.120 0.950
100.130 0.950
100.140 0.950
100.140 0.960
100.150 0.960
100.150 0.970
100.150 0.980
100.140 0.980
100.140 0.990
100.150 0.990
100.160 1.000
100.160 1.010
100.150 1.010
100.150 1.020
100.150 1.030
100.140 1.030
100.130 1.040
100.130 1.050
100.140 1.050
100.140 1.060
100.130 1.060
100.120 1.060
100.120 1.070
100.110 1.070
100.110 1.080
100.110 1.090
100.120 1.090
100.120 1.100
100.130 1.100
100.130 1.110
100.140 1.110
100.150 1.110
100.150 1.120
100.160 1.120
100.170 1.120
100.180 1.120
100.180 1.130
100.170 1.130
100.160 1.140
100.160 1.150
100.150 1.160
100.140 1.160
100.140 1.170
100.130 1.170
100.130 1.180
100.130 1.190
100.120 1.200
100.130 1.200
100.130 1.210
100.120 1.210
100.120 1.220
100.120 1.230
100.120 1.240
100.120 1.250
100.120 1.260
100.120 1.270
100.110 1.280
100.110 1.290
100.110 1.300
100.100 1.300
100.100 1.310
100.100 1.320
100.090 1.330
100.090 1.340
100.080 1.340
100.070 1.330
100.070 1.340
100.060 1.340
100.060 1.350
100.050 1.360
100.050 1.370
100.060 1.370
100.060 1.380
100.070 1.380
100.080 1.390
100.090 1.390
100.100 1.390
100.110 1.390
100.120 1.390
100.130 1.390
100.150 1.390
100.160 1.390
100.170 1.390
100.180 1.390
100.190 1.390
100.200 1.390
100.210 1.390
100.220 1.390
100.230 1.390
100.240 1.390
100.250 1.390
100.250 1.400
100.250 1.410
100.260 1.410
100.270 1.420
100.280 1.420
100.290 1.420
100.300 1.420
100.310 1.410
100.310 1.420
100.320 1.420
100.330 1.420
100.330 1.430
100.330 1.440
100.320 1.440
100.310 1.440
100.310 1.450
100.300 1.450
100.290 1.460
100.280 1.460
100.280 1.470
100.290 1.470
100.290 1.480
100.300 1.480
100.310 1.470
100.320 1.480
100.330 1.480
100.330 1.470
100.330 1.460
100.320 1.460
100.320 1.450
100.320 1.440
100.330 1.450
100.340 1.450
100.350 1.450
100.360 1.450
100.370 1.450
100.380 1.450
100.390 1.450
100.390 1.460
100.400 1.460
100.400 1.470
100.410 1.470
100.410 1.480
100.420 1.480
100.420 1.490
100.430 1.490
100.430 1.500
100.430 1.510
100.430 1.520
100.420 1.520
100.420 1.530
100.420 1.540
100.420 1.550
100.430 1.560
100.430 1.570
100.430 1.580
100.440 1.580
100.440 1.590
100.440 1.600
100.440 1.610
100.450 1.610
100.450 1.620
100.450 1.630
100.450 1.640
100.440 1.640
100.440 1.650
100.440 1.660
100.450 1.670
100.440 1.670
100.440 1.680
100.430 1.680
100.420 1.680
100.420 1.690
100.410 1.690
100.410 1.700
100.410 1.710
100.410 1.720
100.420 1.720
100.420 1.730
100.430 1.730
100.430 1.740
100.430 1.750
100.420 1.760
100.420 1.770
100.410 1.770
100.410 1.780
100.400 1.780
100.390 1.780
100.380 1.780
100.370 1.780
100.360 1.780
100.350 1.780
100.340 1.790
100.330 1.790
100.320 1.790
100.310 1.800
100.300 1.800
100.290 1.800
100.290 1.810
100.290 1.820
100.290 1.830
100.290 1.840
100.290 1.850
100.300 1.850
100.300 1.860
100.310 1.870
100.310 1.880
100.320 1.890
100.320 1.900
100.320 1.920
100.320 1.930
100.320 1.940
100.320 1.960
100.320 1.970
100.320 1.980
100.320 1.990
100.320 2.000
100.320 2.010
100.320 2.020
100.320 2.030
100.330 2.040
100.330 2.050
100.330 2.060
100.330 2.070
100.330 2.080
100.330 2.090
100.340 2.090
100.340 2.100
100.340 2.120
100.340 2.130
100.350 2.150
100.350 2.160
100.360 2.170
100.360 2.180
100.360 2.190
100.360 2.200
100.360 2.220
100.360 2.230
100.350 2.240
100.340 2.260
100.330 2.280
100.330 2.290
100.330 2.300
100.320 2.300
100.320 2.310
100.310 2.340
100.310 2.350
100.310 2.360
100.310 2.370
100.310 2.390
100.300 2.390
100.300 2.400
100.300 2.410
100.300 2.420
100.300 2.430
100.310 2.450
100.310 2.460
100.310 2.470
100.310 2.480
100.320 2.480
100.320 2.490
100.320 2.500
100.320 2.510
100.330 2.520
100.330 2.510
100.330 2.500
100.330 2.490
100.340 2.490
100.340 2.480
100.340 2.470
100.340 2.460
100.340 2.450
100.350 2.450
100.350 2.440
100.350 2.430
100.350 2.420
100.360 2.420
100.360 2.410
100.360 2.400
100.360 2.390
100.370 2.390
100.370 2.380
100.380 2.380
100.380 2.370
100.380 2.360
100.380 2.350
100.390 2.350
100.390 2.340
100.390 2.330
100.390 2.320
100.400 2.320
100.400 2.310
100.410 2.310
100.410 2.300
100.420 2.300
100.420 2.290
100.430 2.290
100.430 2.280
100.430 2.270
100.440 2.270
100.440 2.260
100.450 2.260
100.450 2.250
100.460 2.250
100.460 2.240
100.470 2.240
100.470 2.230
100.480 2.230
100.480 2.220
100.490 2.220
100.490 2.210
100.500 2.210
100.510 2.200
100.520 2.200
100.520 2.190
100.530 2.190
100.530 2.180
100.540 2.180
100.540 2.170
100.550 2.170
100.560 2.170
100.560 2.160
100.570 2.160
100.570 2.150
100.580 2.150
100.590 2.150
100.600 2.150
100.600 2.140
100.610 2.140
100.620 2.140
100.630 2.140
100.630 2.130
100.640 2.130
100.650 2.130
100.660 2.130
100.660 2.120
100.670 2.120
100.680 2.120
100.690 2.120
100.690 2.110
100.700 2.110
100.710 2.110
100.710 2.100
100.720 2.100
100.720 2.090
100.730 2.090
100.740 2.090
100.750 2.090
100.760 2.090
100.770 2.090
100.770 2.080
100.780 2.080
100.780 2.090
100.780 2.100
100.790 2.100
100.790 2.110
100.790 2.120
100.790 2.130
100.790 2.140
100.780 2.140
100.780 2.150
100.780 2.160
100.780 2.170
100.780 2.180
100.780 2.190
100.770 2.200
100.770 2.210
100.770 2.220
100.760 2.220
100.760 2.230
100.760 2.240
100.760 2.250
100.760 2.260
100.760 2.270
100.770 2.270
100.770 2.280
100.780 2.280
100.790 2.290
100.800 2.290
100.810 2.290
100.820 2.290
100.830 2.290
100.840 2.290
100.850 2.300
100.860 2.300
100.870 2.300
100.880 2.300
100.890 2.300
100.900 2.300
100.910 2.300
100.920 2.300
100.930 2.300
100.940 2.300
100.950 2.300
100.960 2.300
100.970 2.300
100.970 2.290
100.980 2.290
100.990 2.290
101.000 2.290
101.010 2.290
101.020 2.290
101.030 2.290
101.040 2.290
101.050 2.290
101.050 2.280
101.060 2.280
101.060 2.270
101.050 2.260
101.060 2.260
101.060 2.250
101.060 2.240
101.070 2.240
101.070 2.230
101.070 2.220
101.080 2.210
101.090 2.210
101.090 2.200
101.100 2.200
101.100 2.190
101.110 2.190
101.120 2.190
101.120 2.180
101.130 2.180
101.130 2.170
101.140 2.170
101.140 2.160
101.150 2.160
101.150 2.150
101.160 2.150
101.160 2.140
101.170 2.140
101.170 2.130
101.180 2.130
101.180 2.120
101.190 2.120
101.200 2.120
101.200 2.110
101.210 2.110
101.220 2.110
101.220 2.100
101.230 2.100
101.240 2.090
101.250 2.090
101.260 2.090
101.260 2.080
101.270 2.080
101.270 2.070
101.280 2.070
101.280 2.060
101.290 2.060
101.290 2.050
101.300 2.050
101.300 2.040
101.310 2.040
101.310 2.030
101.310 2.020
101.320 2.010
101.320 2.000
101.320 1.990
101.320 1.980
101.320 1.970
101.320 1.960
101.330 1.960
101.330 1.950
101.330 1.940
101.330 1.930
101.330 1.920
101.330 1.910
101.330 1.900
101.340 1.900
101.340 1.890
101.340 1.880
101.350 1.880
101.350 1.870
101.350 1.860
101.350 1.850
101.350 1.840
101.360 1.840
101.360 1.830
101.360 1.820
101.360 1.810
101.360 1.800
101.360 1.790
101.360 1.780
101.360 1.770
101.360 1.760
101.370 1.760
101.370 1.750
101.370 1.740
101.380 1.740
101.380 1.730
101.390 1.730
101.390 1.720
101.390 1.710
101.400 1.710
101.400 1.700
101.410 1.700
101.420 1.700
101.420 1.690
101.430 1.690
101.440 1.690
101.450 1.690
101.460 1.690
101.470 1.690
101.470 1.680
101.480 1.680
101.490 1.680
101.490 1.670
101.500 1.670
101.500 1.660
101.510 1.660
101.510 1.650
101.520 1.650
101.530 1.650
101.530 1.640
101.540 1.640
101.550 1.640
101.560 1.640
101.570 1.640
101.580 1.640
101.590 1.640
101.600 1.640
101.610 1.640
101.620 1.640
101.620 1.650
101.630 1.650
101.640 1.650
101.640 1.660
101.650 1.660
101.660 1.660
101.660 1.670
101.670 1.670
101.680 1.670
101.690 1.670
101.700 1.670
101.710 1.670
101.720 1.670
101.730 1.670
101.740 1.670
101.750 1.670
101.750 1.660
101.760 1.660
101.770 1.660
101.770 1.650
101.780 1.650
101.780 1.640
101.790 1.640
101.790 1.630
101.800 1.630
101.810 1.620
101.810 1.610
101.820 1.610
101.820 1.600
101.830 1.600
101.830 1.590
101.840 1.590
101.850 1.580
101.860 1.580
101.860 1.570
101.870 1.570
101.870 1.560
101.880 1.560
101.890 1.560
101.890 1.550
101.900 1.550
101.900 1.540
101.910 1.540
101.920 1.540
101.920 1.530
101.930 1.530
101.930 1.520
101.940 1.520
101.940 1.510
101.950 1.510
101.950 1.500
101.960 1.500
101.970 1.490
101.980 1.490
101.980 1.480
101.990 1.480
101.990 1.470
102.000 1.470
102.000 1.460
102.010 1.460
102.010 1.450
102.020 1.450
102.030 1.450
102.030 1.440
102.040 1.440
102.040 1.430
102.050 1.430
102.060 1.430
102.060 1.420
102.070 1.420
102.070 1.410
102.080 1.410
102.090 1.410
102.090 1.400
102.100 1.400
102.110 1.390
102.120 1.390
102.130 1.390
102.130 1.380
102.140 1.380
102.150 1.380
102.150 1.370
102.160 1.370
102.160 1.360
102.160 1.350
102.160 1.340
102.160 1.330
102.150 1.330
102.150 1.320
102.150 1.310
102.150 1.300
102.150 1.290
102.150 1.280
102.150 1.270
102.150 1.260
102.160 1.260
102.160 1.250
102.160 1.240
102.160 1.230
102.160 1.220
102.160 1.210
102.160 1.200
102.160 1.190
102.170 1.190
102.170 1.180
102.160 1.180
102.160 1.170
102.150 1.170
102.150 1.160
102.150 1.150
102.150 1.140
102.150 1.130
102.160 1.130
102.170 1.130
102.170 1.140
102.170 1.150
102.160 1.150
102.160 1.160
102.160 1.170
102.170 1.170
102.170 1.180
102.170 1.190
102.170 1.200
102.170 1.210
102.170 1.220
102.170 1.230
102.180 1.230
102.190 1.230
102.190 1.220
102.200 1.220
102.200 1.210
102.200 1.200
102.210 1.200
102.210 1.190
102.210 1.180
102.210 1.170
102.210 1.160
102.200 1.160
102.200 1.150
102.200 1.140
102.200 1.130
102.200 1.120
102.190 1.120
102.190 1.110
102.190 1.100
102.190 1.090
102.190 1.080
102.200 1.080
102.200 1.070
102.200 1.060
102.210 1.060
102.210 1.050
102.210 1.040
102.220 1.040
102.220 1.030
102.220 1.020
102.220 1.010
102.230 1.010
102.230 1.000
102.230 0.990
102.240 0.990
102.240 0.980
102.250 0.980
102.250 0.970
102.250 0.960
102.260 0.960
102.270 0.960
102.270 0.950
102.280 0.950
102.280 0.940
102.290 0.940
102.300 0.940
102.300 0.930
102.310 0.930
102.310 0.920
102.320 0.920
102.320 0.910
102.330 0.910
102.330 0.900
102.340 0.900
102.340 0.890
102.350 0.890
102.350 0.880
102.360 0.880
102.360 0.870
102.370 0.870
102.370 0.860
102.370 0.850
102.380 0.850
102.380 0.840
102.390 0.840
102.390 0.830
102.400 0.830
102.400 0.820
102.400 0.810
102.410 0.810
102.420 0.810
102.420 0.800
102.430 0.800
102.430 0.790
102.440 0.790
102.450 0.790
102.450 0.780
102.460 0.780
102.470 0.780
102.470 0.770
102.480 0.770
102.480 0.760
102.490 0.760
102.500 0.760
102.500 0.750
102.510 0.750
102.520 0.750
102.530 0.750
102.540 0.750
102.550 0.750
102.550 0.740
102.560 0.740
102.570 0.740
102.580 0.740
102.590 0.740
102.600 0.740
102.610 0.740
102.620 0.740
102.630 0.740
102.630 0.750
102.640 0.750
102.650 0.750
102.660 0.750
102.670 0.750
102.670 0.760
102.680 0.760
102.680 0.750
102.690 0.750
102.700 0.750
102.710 0.750
102.720 0.750
102.730 0.750
102.730 0.740
102.740 0.740
102.750 0.740
102.760 0.740
102.760 0.730
102.770 0.730
102.780 0.730
102.790 0.730
102.800 0.730
102.810 0.730
102.810 0.740
102.820 0.740
102.830 0.740
102.840 0.740
102.850 0.740
102.860 0.740
102.870 0.740
102.880 0.740
102.880 0.730
102.890 0.730
102.900 0.730
102.900 0.720
102.910 0.720
102.910 0.710
102.920 0.710
102.920 0.700
102.930 0.700
102.930 0.690
102.940 0.690
102.940 0.680
102.950 0.680
102.950 0.670
102.950 0.660
102.960 0.660
102.960 0.650
102.970 0.650
102.970 0.640
102.980 0.640
102.980 0.630
102.990 0.630
102.990 0.620
103.000 0.620
103.000 0.610
103.010 0.610
103.010 0.600
103.020 0.600
103.020 0.590
103.020 0.580
103.030 0.580
103.030 0.570
103.030 0.560
103.040 0.560
103.040 0.550
103.050 0.550
103.050 0.540
103.060 0.540
103.060 0.530
103.070 0.530
103.070 0.520
103.080 0.520
103.080 0.510
103.090 0.510
103.090 0.500
103.100 0.500
103.100 0.490
103.100 0.480
103.110 0.480
103.110 0.470
103.110 0.460
103.110 0.450
103.100 0.450
103.090 0.450
103.090 0.440
103.080 0.440
103.070 0.440
103.060 0.440
103.060 0.430
103.050 0.430
103.040 0.430
103.040 0.420
103.030 0.420
103.020 0.410
103.010 0.410
103.010 0.400
103.000 0.400
102.990 0.400
102.990 0.390
102.980 0.390
102.970 0.390
102.970 0.380
102.960 0.380
102.950 0.380
102.950 0.370
102.940 0.370
102.930 0.370
102.930 0.360
102.920 0.360
102.920 0.350
102.910 0.350
102.910 0.340
102.900 0.340
102.900 0.330
102.890 0.330
102.880 0.330
102.870 0.330
102.870 0.320
102.860 0.320
102.850 0.320
102.840 0.320
102.830 0.320
102.830 0.310
102.820 0.310
102.810 0.310
102.810 0.300
102.800 0.300
102.790 0.300
102.790 0.290
102.780 0.290
102.770 0.290
102.770 0.280
102.760 0.280
102.760 0.290
102.750 0.290
102.740 0.290
102.730 0.290
102.730 0.280
102.720 0.280
102.710 0.280
102.710 0.270
102.700 0.270
102.700 0.260
102.690 0.260
102.680 0.260
102.670 0.260
102.670 0.250
102.660 0.250
102.650 0.250
102.650 0.240
102.640 0.240
102.630 0.240
102.630 0.230
102.620 0.230
102.610 0.230
102.610 0.220
102.600 0.220
102.590 0.210
102.590 0.200
102.580 0.190
102.580 0.180
102.580 0.170
102.570 0.170
102.560 0.170
102.560 0.180
102.550 0.180
102.550 0.190
102.540 0.190
102.530 0.200
102.520 0.200
102.520 0.210
102.510 0.210
102.510 0.220
102.510 0.230
102.510 0.240
102.500 0.240
102.500 0.250
102.490 0.250
102.480 0.250
102.480 0.240
102.470 0.240
102.460 0.240
102.460 0.250
102.450 0.250
102.450 0.260
102.440 0.260
102.440 0.250
102.430 0.250
102.420 0.250
102.420 0.240
102.420 0.230
102.410 0.230
102.410 0.220
102.410 0.210
102.420 0.210
102.420 0.220
102.430 0.230
102.430 0.240
102.440 0.240
102.450 0.240
102.450 0.230
102.460 0.230
102.470 0.230
102.480 0.230
102.480 0.240
102.490 0.240
102.490 0.230
102.500 0.230
102.500 0.220
102.510 0.210
102.510 0.200
102.510 0.190
102.520 0.190
102.520 0.180
102.530 0.180
102.540 0.180
102.540 0.170
102.550 0.170
102.560 0.170
102.570 0.170
102.570 0.160
102.580 0.160
102.590 0.160
102.590 0.170
102.600 0.180
102.590 0.190
102.600 0.200
102.600 0.210
102.610 0.210
102.620 0.210
102.630 0.210
102.630 0.220
102.640 0.220
102.650 0.230
102.660 0.230
102.660 0.240
102.670 0.240
102.680 0.240
102.690 0.240
102.690 0.250
102.700 0.250
102.710 0.250
102.720 0.250
102.720 0.260
102.730 0.260
102.740 0.260
102.750 0.260
102.760 0.260
102.770 0.260
102.780 0.260
102.790 0.260
102.800 0.260
102.810 0.260
102.820 0.260
102.820 0.250
102.830 0.250
102.840 0.250
102.850 0.250
102.860 0.250
102.870 0.250
102.870 0.260
102.880 0.260
102.890 0.270
102.900 0.270
102.900 0.280
102.910 0.280
102.920 0.280
102.920 0.290
102.930 0.290
102.940 0.290
102.940 0.300
102.950 0.300
102.960 0.300
102.960 0.310
102.970 0.310
102.980 0.310
102.980 0.320
102.990 0.320
103.000 0.320
103.000 0.330
103.010 0.330
103.010 0.340
103.020 0.340
103.020 0.350
103.030 0.350
103.030 0.360
103.040 0.360
103.050 0.360
103.050 0.370
103.060 0.370
103.070 0.370
103.070 0.380
103.080 0.380
103.090 0.380
103.100 0.380
103.110 0.380
103.110 0.390
103.120 0.390
103.130 0.390
103.140 0.390
103.140 0.400
103.150 0.400
103.160 0.400
103.160 0.410
103.170 0.410
103.170 0.420
103.170 0.430
103.180 0.430
103.180 0.440
103.180 0.450
103.190 0.450
103.190 0.460
103.190 0.470
103.200 0.470
103.200 0.480
103.210 0.480
103.220 0.480
103.220 0.490
103.230 0.490
103.230 0.500
103.240 0.500
103.250 0.500
103.260 0.500
103.270 0.500
103.280 0.500
103.280 0.510
103.290 0.510
103.300 0.510
103.300 0.520
103.310 0.520
103.310 0.530
103.320 0.530
103.320 0.540
103.330 0.540
103.340 0.540
103.350 0.540
103.360 0.540
103.360 0.530
103.370 0.530
103.380 0.530
103.390 0.530
103.400 0.530
103.410 0.530
103.410 0.520
103.420 0.520
103.420 0.510
103.430 0.510
103.440 0.510
103.440 0.500
103.450 0.500
103.450 0.490
103.460 0.490
103.460 0.480
103.470 0.480
103.470 0.470
103.480 0.470
103.480 0.460
103.490 0.460
103.500 0.460
103.500 0.450
103.510 0.450
103.520 0.450
103.520 0.440
103.530 0.440
103.540 0.440
103.540 0.430
103.550 0.430
103.550 0.420
103.560 0.420
103.560 0.410
103.570 0.410
103.570 0.400
103.580 0.400
103.580 0.390
103.590 0.390
103.590 0.380
103.600 0.380
103.600 0.370
103.600 0.360
103.600 0.350
103.600 0.340
103.600 0.330
103.610 0.320
103.610 0.330
103.610 0.340
103.610 0.350
103.620 0.350
103.620 0.340
103.630 0.340
103.640 0.340
103.650 0.340
103.660 0.340
103.660 0.330
103.670 0.330
103.680 0.320
103.690 0.320
103.690 0.310
103.700 0.310
103.710 0.310
103.710 0.300
103.720 0.290
103.720 0.280
103.730 0.280
103.730 0.270
103.730 0.260
103.740 0.260
103.740 0.250
103.750 0.240
103.750 0.230
103.750 0.220
103.760 0.220
103.760 0.210
103.760 0.200
103.760 0.190
103.770 0.190
103.770 0.180
103.770 0.170
103.770 0.160
103.770 0.150
103.770 0.140
103.770 0.130
103.770 0.120
103.770 0.110
103.780 0.110
103.780 0.100
103.780 0.090
103.780 0.080
103.780 0.070
103.790 0.060
103.790 0.050
103.790 0.040
103.800 0.040
103.800 0.030
103.800 0.020
103.810 0.020
103.810 0.010
103.810 0.000
103.810 -0.010
103.800 -0.010
103.790 -0.010
103.780 -0.010
103.770 -0.010
103.760 -0.010
103.750 -0.010
103.740 -0.010
103.740 -0.020
103.730 -0.020
103.720 -0.020
103.710 -0.020
103.700 -0.020
103.690 -0.020
103.680 -0.020
103.670 -0.020
103.660 -0.020
103.650 -0.020
103.640 -0.020
103.630 -0.020
103.630 -0.010
103.620 -0.010
103.610 -0.010
103.600 -0.010
103.600 -0.020
103.590 -0.020
103.580 -0.030
103.590 -0.030
103.590 -0.040
103.600 -0.040
103.590 -0.050
103.590 -0.060
103.580 -0.060
103.570 -0.060
103.570 -0.070
103.560 -0.070
103.550 -0.070
103.540 -0.070
103.540 -0.080
103.530 -0.080
103.520 -0.080
103.510 -0.080
103.500 -0.080
103.500 -0.070
103.500 -0.060
103.490 -0.060
103.480 -0.060
103.480 -0.070
103.480 -0.080
103.490 -0.080
103.490 -0.090
103.490 -0.100
103.480 -0.100
103.470 -0.100
103.470 -0.110
103.460 -0.110
103.460 -0.120
103.470 -0.120
103.480 -0.120
103.480 -0.130
103.490 -0.130
103.500 -0.130
103.500 -0.140
103.500 -0.150
103.500 -0.160
103.490 -0.160
103.480 -0.160
103.480 -0.170
103.470 -0.170
103.460 -0.170
103.460 -0.180
103.460 -0.190
103.450 -0.190
103.440 -0.190
103.440 -0.200
103.430 -0.200
103.430 -0.210
103.420 -0.210
103.430 -0.220
103.440 -0.220
103.450 -0.220
103.450 -0.210
103.460 -0.210
103.470 -0.210
103.480 -0.210
REGION 15
278
108.150 3.660
108.140 3.660
108.130 3.660
108.120 3.670
108.110 3.670
108.100 3.680
108.090 3.680
108.090 3.690
108.100 3.690
108.100 3.700
108.110 3.710
108.110 3.720
108.120 3.720
108.120 3.730
108.120 3.740
108.120 3.750
108.130 3.750
108.140 3.750
108.150 3.750
108.150 3.760
108.150 3.770
108.160 3.770
108.170 3.770
108.180 3.770
108.180 3.780
108.190 3.780
108.200 3.780
108.210 3.780
108.210 3.770
108.220 3.770
108.220 3.760
108.230 3.760
108.230 3.750
108.240 3.750
108.240 3.740
108.250 3.740
108.250 3.730
108.260 3.730
108.260 3.720
108.270 3.720
108.270 3.730
108.270 3.740
108.260 3.740
108.260 3.750
108.250 3.750
108.250 3.760
108.250 3.770
108.240 3.770
108.230 3.770
108.230 3.780
108.220 3.780
108.220 3.790
108.210 3.790
108.210 3.800
108.200 3.800
108.190 3.800
108.190 3.810
108.180 3.800
108.170 3.800
108.160 3.800
108.150 3.800
108.150 3.810
108.140 3.810
108.140 3.820
108.130 3.820
108.120 3.820
108.120 3.830
108.110 3.830
108.110 3.820
108.100 3.820
108.090 3.820
108.090 3.830
108.080 3.830
108.080 3.840
108.070 3.830
108.060 3.830
108.060 3.840
108.060 3.850
108.050 3.850
108.050 3.860
108.040 3.860
108.040 3.870
108.030 3.870
108.030 3.880
108.020 3.880
108.020 3.890
108.030 3.890
108.030 3.900
108.030 3.910
108.020 3.910
108.010 3.910
108.010 3.920
108.000 3.920
108.000 3.930
107.990 3.930
107.990 3.940
107.990 3.950
107.990 3.960
107.990 3.970
107.990 3.980
107.990 3.990
107.980 4.000
107.970 4.000
107.960 4.000
107.960 4.010
107.970 4.010
107.980 4.020
107.990 4.020
108.000 4.020
108.010 4.020
108.010 4.030
108.020 4.030
108.020 4.040
108.020 4.050
108.030 4.050
108.030 4.060
108.040 4.060
108.050 4.060
108.060 4.060
108.070 4.060
108.070 4.070
108.080 4.070
108.080 4.080
108.080 4.090
108.090 4.100
108.090 4.110
108.100 4.110
108.110 4.110
108.110 4.120
108.120 4.120
108.130 4.120
108.130 4.130
108.140 4.140
108.150 4.140
108.150 4.150
108.160 4.150
108.160 4.160
108.170 4.160
108.170 4.170
108.180 4.170
108.180 4.180
108.190 4.180
108.190 4.190
108.200 4.200
108.200 4.210
108.200 4.220
108.210 4.230
108.220 4.230
108.220 4.220
108.230 4.220
108.240 4.220
108.240 4.210
108.230 4.210
108.230 4.200
108.230 4.190
108.230 4.180
108.230 4.170
108.230 4.160
108.230 4.150
108.230 4.140
108.230 4.130
108.240 4.130
108.240 4.120
108.250 4.120
108.250 4.110
108.250 4.100
108.260 4.100
108.260 4.090
108.270 4.090
108.280 4.090
108.280 4.080
108.290 4.080
108.290 4.090
108.300 4.090
108.300 4.080
108.300 4.070
108.290 4.070
108.290 4.060
108.300 4.050
108.310 4.050
108.310 4.040
108.320 4.040
108.320 4.030
108.330 4.030
108.330 4.020
108.340 4.020
108.350 4.020
108.350 4.010
108.340 4.010
108.340 4.000
108.350 4.000
108.360 4.000
108.360 3.990
108.370 3.990
108.380 3.990
108.380 3.980
108.390 3.980
108.390 3.970
108.400 3.970
108.400 3.960
108.400 3.950
108.390 3.950
108.390 3.940
108.380 3.930
108.390 3.920
108.390 3.910
108.390 3.900
108.380 3.900
108.370 3.900
108.370 3.890
108.370 3.880
108.380 3.880
108.380 3.870
108.380 3.860
108.390 3.860
108.390 3.870
108.390 3.880
108.400 3.880
108.400 3.890
108.410 3.890
108.410 3.880
108.410 3.870
108.400 3.870
108.400 3.860
108.400 3.850
108.400 3.840
108.390 3.840
108.390 3.830
108.400 3.830
108.400 3.820
108.390 3.820
108.390 3.810
108.390 3.800
108.390 3.790
108.380 3.790
108.370 3.790
108.370 3.780
108.360 3.780
108.360 3.770
108.350 3.770
108.340 3.770
108.340 3.760
108.330 3.760
108.330 3.750
108.320 3.740
108.310 3.740
108.310 3.730
108.310 3.720
108.300 3.720
108.300 3.710
108.310 3.700
108.310 3.690
108.310 3.680
108.300 3.680
108.310 3.670
108.300 3.670
108.300 3.660
108.290 3.660
108.280 3.660
108.270 3.660
108.260 3.660
108.250 3.660
108.240 3.660
108.230 3.660
108.220 3.660
108.210 3.660
108.200 3.660
108.190 3.660
108.190 3.650
108.190 3.640
108.180 3.640
108.170 3.640
108.160 3.640
108.160 3.630
108.150 3.630
108.150 3.640
108.150 3.650
108.150 3.660
241
104.470 0.980
104.470 0.990
104.460 0.990
104.450 0.990
104.440 0.990
104.440 1.000
104.440 1.010
104.440 1.020
104.450 1.020
104.460 1.020
104.470 1.020
104.480 1.020
104.490 1.020
104.490 1.030
104.480 1.030
104.470 1.030
104.470 1.040
104.460 1.040
104.460 1.050
104.450 1.050
104.440 1.050
104.430 1.050
104.420 1.050
104.420 1.060
104.410 1.060
104.410 1.050
104.400 1.050
104.400 1.040
104.410 1.040
104.410 1.030
104.400 1.030
104.390 1.030
104.390 1.020
104.380 1.020
104.380 1.010
104.370 1.010
104.370 1.020
104.360 1.020
104.350 1.020
104.340 1.020
104.340 1.010
104.340 1.000
104.330 1.000
104.320 1.000
104.310 1.000
104.300 1.000
104.290 1.000
104.280 1.000
104.270 1.000
104.260 1.000
104.250 1.000
104.250 1.010
104.240 1.010
104.240 1.020
104.230 1.020
104.230 1.030
104.230 1.040
104.230 1.050
104.220 1.050
104.220 1.060
104.210 1.060
104.210 1.070
104.210 1.080
104.220 1.080
104.220 1.090
104.220 1.100
104.230 1.100
104.230 1.110
104.240 1.110
104.240 1.120
104.250 1.120
104.260 1.120
104.270 1.120
104.270 1.130
104.280 1.130
104.290 1.130
104.300 1.130
104.300 1.140
104.310 1.140
104.320 1.140
104.330 1.140
104.330 1.150
104.320 1.150
104.320 1.160
104.330 1.160
104.330 1.170
104.320 1.170
104.310 1.170
104.310 1.180
104.320 1.180
104.330 1.180
104.340 1.180
104.340 1.190
104.350 1.190
104.350 1.180
104.360 1.180
104.370 1.180
104.380 1.180
104.380 1.190
104.380 1.200
104.390 1.200
104.400 1.200
104.410 1.200
104.420 1.200
104.420 1.190
104.430 1.190
104.440 1.190
104.450 1.180
104.460 1.180
104.470 1.180
104.470 1.170
104.480 1.170
104.490 1.170
104.500 1.170
104.510 1.170
104.520 1.170
104.520 1.180
104.530 1.180
104.540 1.180
104.540 1.190
104.540 1.200
104.550 1.200
104.550 1.210
104.540 1.210
104.540 1.220
104.550 1.220
104.550 1.230
104.560 1.230
104.570 1.230
104.580 1.230
104.590 1.230
104.590 1.220
104.580 1.220
104.580 1.210
104.590 1.200
104.580 1.200
104.580 1.190
104.580 1.180
104.580 1.170
104.580 1.160
104.580 1.150
104.580 1.140
104.590 1.140
104.590 1.130
104.600 1.130
104.600 1.120
104.610 1.120
104.620 1.120
104.620 1.110
104.630 1.110
104.640 1.100
104.640 1.090
104.640 1.080
104.640 1.070
104.650 1.070
104.650 1.060
104.650 1.050
104.660 1.050
104.660 1.040
104.660 1.030
104.650 1.030
104.650 1.020
104.650 1.010
104.650 1.000
104.640 1.000
104.640 0.990
104.640 0.980
104.640 0.970
104.650 0.970
104.650 0.960
104.650 0.950
104.650 0.940
104.660 0.940
104.660 0.930
104.660 0.920
104.660 0.910
104.650 0.910
104.640 0.910
104.630 0.910
104.630 0.900
104.620 0.900
104.620 0.890
104.610 0.890
104.610 0.880
104.610 0.870
104.610 0.860
104.610 0.850
104.610 0.840
104.610 0.830
104.610 0.820
104.600 0.820
104.600 0.810
104.590 0.810
104.580 0.810
104.570 0.810
104.560 0.810
104.550 0.810
104.550 0.820
104.540 0.820
104.530 0.820
104.520 0.830
104.520 0.840
104.510 0.840
104.500 0.840
104.500 0.850
104.490 0.850
104.480 0.850
104.480 0.860
104.480 0.870
104.490 0.870
104.490 0.880
104.480 0.880
104.480 0.890
104.470 0.890
104.470 0.900
104.460 0.900
104.450 0.900
104.440 0.900
104.440 0.910
104.440 0.920
104.440 0.930
104.450 0.930
104.460 0.930
104.470 0.930
104.470 0.940
104.460 0.940
104.450 0.940
104.440 0.940
104.430 0.940
104.430 0.950
104.420 0.950
104.420 0.960
104.410 0.960
104.410 0.970
104.410 0.980
104.420 0.980
104.430 0.980
104.440 0.980
104.450 0.980
104.460 0.980
104.470 0.980
253
104.530 -0.010
104.540 -0.010
104.540 0.000
104.550 0.000
104.550 0.010
104.550 0.020
104.550 0.030
104.560 0.030
104.560 0.020
104.570 0.020
104.570 0.010
104.580 0.010
104.580 0.000
104.590 0.000
104.600 0.000
104.600 -0.010
104.610 -0.010
104.610 -0.020
104.620 -0.020
104.620 -0.030
104.630 -0.030
104.640 -0.030
104.640 -0.040
104.640 -0.050
104.650 -0.050
104.650 -0.060
104.660 -0.060
104.660 -0.070
104.670 -0.070
104.670 -0.080
104.660 -0.080
104.650 -0.080
104.640 -0.080
104.630 -0.080
104.630 -0.090
104.630 -0.100
104.640 -0.100
104.650 -0.100
104.650 -0.110
104.660 -0.110
104.670 -0.110
104.670 -0.100
104.660 -0.100
104.660 -0.090
104.670 -0.090
104.680 -0.090
104.690 -0.090
104.690 -0.100
104.700 -0.100
104.700 -0.110
104.700 -0.120
104.710 -0.120
104.710 -0.130
104.720 -0.130
104.730 -0.130
104.730 -0.140
104.740 -0.140
104.740 -0.150
104.740 -0.160
104.740 -0.170
104.740 -0.180
104.750 -0.180
104.750 -0.190
104.760 -0.190
104.770 -0.190
104.780 -0.190
104.780 -0.200
104.790 -0.200
104.800 -0.200
104.810 -0.200
104.820 -0.200
104.820 -0.190
104.820 -0.180
104.810 -0.180
104.810 -0.170
104.820 -0.170
104.820 -0.160
104.810 -0.160
104.810 -0.150
104.820 -0.150
104.820 -0.140
104.830 -0.140
104.840 -0.140
104.840 -0.150
104.850 -0.150
104.850 -0.160
104.860 -0.160
104.860 -0.170
104.860 -0.180
104.870 -0.190
104.880 -0.190
104.880 -0.200
104.880 -0.210
104.890 -0.220
104.890 -0.230
104.900 -0.230
104.900 -0.240
104.910 -0.240
104.920 -0.250
104.930 -0.250
104.930 -0.260
104.940 -0.260
104.940 -0.270
104.950 -0.270
104.950 -0.280
104.960 -0.280
104.970 -0.280
104.980 -0.280
104.990 -0.280
105.000 -0.280
105.000 -0.290
105.000 -0.300
105.000 -0.310
104.990 -0.310
104.980 -0.310
104.980 -0.300
104.970 -0.300
104.970 -0.290
104.960 -0.290
104.950 -0.290
104.940 -0.290
104.940 -0.280
104.930 -0.280
104.920 -0.280
104.910 -0.280
104.910 -0.290
104.900 -0.290
104.900 -0.300
104.900 -0.310
104.910 -0.310
104.910 -0.320
104.920 -0.320
104.930 -0.320
104.930 -0.330
104.920 -0.330
104.920 -0.340
104.910 -0.340
104.910 -0.330
104.900 -0.330
104.890 -0.330
104.880 -0.330
104.880 -0.320
104.870 -0.320
104.870 -0.310
104.860 -0.310
104.850 -0.320
104.840 -0.320
104.840 -0.310
104.830 -0.310
104.830 -0.300
104.830 -0.290
104.820 -0.290
104.820 -0.300
104.810 -0.290
104.800 -0.280
104.790 -0.280
104.790 -0.270
104.790 -0.260
104.780 -0.260
104.770 -0.260
104.760 -0.260
104.750 -0.250
104.750 -0.240
104.750 -0.230
104.740 -0.230
104.730 -0.230
104.730 -0.220
104.720 -0.220
104.720 -0.210
104.710 -0.210
104.700 -0.210
104.700 -0.200
104.690 -0.200
104.690 -0.210
104.680 -0.210
104.670 -0.210
104.660 -0.210
104.650 -0.210
104.650 -0.220
104.640 -0.220
104.630 -0.230
104.620 -0.230
104.620 -0.240
104.610 -0.240
104.600 -0.240
104.600 -0.250
104.590 -0.250
104.580 -0.240
104.570 -0.240
104.560 -0.240
104.560 -0.250
104.550 -0.250
104.550 -0.260
104.540 -0.260
104.530 -0.270
104.520 -0.270
104.510 -0.270
104.500 -0.270
104.500 -0.260
104.500 -0.250
104.500 -0.240
104.490 -0.240
104.480 -0.240
104.470 -0.240
104.470 -0.250
104.460 -0.250
104.460 -0.240
104.450 -0.240
104.450 -0.250
104.440 -0.240
104.430 -0.240
104.430 -0.230
104.420 -0.230
104.420 -0.220
104.430 -0.220
104.430 -0.210
104.430 -0.200
104.430 -0.190
104.430 -0.180
104.440 -0.180
104.450 -0.180
104.450 -0.170
104.460 -0.170
104.460 -0.160
104.470 -0.160
104.480 -0.160
104.480 -0.150
104.470 -0.150
104.470 -0.140
104.480 -0.140
104.480 -0.130
104.490 -0.140
104.490 -0.130
104.500 -0.130
104.500 -0.120
104.510 -0.120
104.510 -0.110
104.510 -0.100
104.510 -0.090
104.510 -0.080
104.510 -0.070
104.510 -0.060
104.510 -0.050
104.500 -0.050
104.500 -0.040
104.500 -0.030
104.500 -0.020
104.500 -0.010
104.510 -0.010
104.510 0.000
104.520 0.000
104.520 -0.010
104.530 -0.010
181
104.430 -0.380
104.430 -0.370
104.430 -0.360
104.430 -0.350
104.440 -0.350
104.440 -0.340
104.450 -0.340
104.460 -0.340
104.470 -0.340
104.480 -0.340
104.480 -0.350
104.490 -0.350
104.490 -0.360
104.500 -0.360
104.510 -0.360
104.520 -0.360
104.530 -0.360
104.530 -0.370
104.540 -0.370
104.540 -0.380
104.540 -0.390
104.540 -0.400
104.550 -0.400
104.550 -0.410
104.560 -0.410
104.560 -0.420
104.570 -0.430
104.570 -0.440
104.570 -0.450
104.580 -0.450
104.590 -0.450
104.590 -0.460
104.600 -0.460
104.600 -0.470
104.600 -0.480
104.590 -0.480
104.590 -0.490
104.580 -0.500
104.570 -0.500
104.560 -0.500
104.560 -0.510
104.550 -0.520
104.540 -0.530
104.540 -0.540
104.530 -0.540
104.530 -0.550
104.530 -0.560
104.520 -0.560
104.520 -0.570
104.520 -0.580
104.510 -0.580
104.510 -0.590
104.510 -0.600
104.510 -0.610
104.510 -0.620
104.510 -0.630
104.510 -0.640
104.500 -0.650
104.500 -0.640
104.490 -0.640
104.480 -0.640
104.470 -0.640
104.470 -0.630
104.470 -0.620
104.460 -0.620
104.450 -0.620
104.450 -0.610
104.450 -0.600
104.440 -0.590
104.440 -0.580
104.430 -0.580
104.430 -0.590
104.420 -0.590
104.410 -0.590
104.410 -0.600
104.400 -0.600
104.400 -0.610
104.390 -0.610
104.390 -0.620
104.390 -0.630
104.390 -0.640
104.390 -0.650
104.380 -0.650
104.380 -0.660
104.390 -0.660
104.390 -0.670
104.380 -0.670
104.380 -0.680
104.370 -0.680
104.360 -0.680
104.360 -0.670
104.350 -0.670
104.350 -0.660
104.340 -0.660
104.340 -0.650
104.340 -0.640
104.340 -0.630
104.340 -0.620
104.340 -0.610
104.340 -0.600
104.330 -0.600
104.330 -0.590
104.330 -0.580
104.330 -0.570
104.320 -0.560
104.320 -0.550
104.320 -0.540
104.310 -0.540
104.300 -0.540
104.300 -0.530
104.290 -0.530
104.290 -0.520
104.280 -0.520
104.280 -0.510
104.270 -0.510
104.270 -0.500
104.260 -0.500
104.250 -0.500
104.250 -0.490
104.250 -0.480
104.260 -0.480
104.260 -0.470
104.260 -0.460
104.260 -0.450
104.270 -0.440
104.270 -0.430
104.270 -0.420
104.270 -0.410
104.280 -0.410
104.280 -0.400
104.290 -0.400
104.300 -0.400
104.300 -0.390
104.310 -0.390
104.310 -0.380
104.320 -0.380
104.320 -0.370
104.320 -0.360
104.320 -0.350
104.320 -0.340
104.330 -0.340
104.330 -0.350
104.330 -0.360
104.330 -0.370
104.340 -0.370
104.340 -0.380
104.340 -0.390
104.330 -0.390
104.330 -0.400
104.320 -0.400
104.320 -0.410
104.310 -0.410
104.310 -0.420
104.320 -0.420
104.320 -0.430
104.330 -0.430
104.330 -0.440
104.340 -0.440
104.350 -0.440
104.350 -0.430
104.340 -0.430
104.340 -0.420
104.340 -0.410
104.340 -0.400
104.340 -0.390
104.350 -0.390
104.350 -0.400
104.360 -0.400
104.360 -0.410
104.370 -0.410
104.370 -0.400
104.380 -0.400
104.380 -0.410
104.390 -0.410
104.400 -0.410
104.400 -0.400
104.410 -0.400
104.420 -0.400
104.420 -0.390
104.430 -0.390
104.430 -0.380
137
104.090 1.160
104.080 1.160
104.070 1.160
104.070 1.170
104.070 1.180
104.070 1.190
104.080 1.190
104.080 1.200
104.090 1.200
104.090 1.190
104.100 1.190
104.110 1.190
104.120 1.190
104.120 1.180
104.130 1.180
104.130 1.170
104.140 1.170
104.140 1.160
104.140 1.150
104.150 1.150
104.150 1.140
104.150 1.130
104.150 1.120
104.140 1.120
104.140 1.110
104.140 1.100
104.140 1.090
104.140 1.080
104.130 1.080
104.130 1.070
104.130 1.060
104.140 1.060
104.140 1.050
104.140 1.040
104.130 1.040
104.130 1.030
104.120 1.030
104.120 1.040
104.110 1.040
104.100 1.040
104.100 1.030
104.090 1.030
104.080 1.030
104.080 1.020
104.080 1.010
104.090 1.010
104.090 1.000
104.090 0.990
104.080 0.990
104.080 1.000
104.070 1.000
104.070 0.990
104.070 0.980
104.060 0.990
104.050 0.990
104.050 1.000
104.040 1.000
104.040 0.990
104.040 0.980
104.030 0.980
104.020 0.980
104.020 0.990
104.010 0.990
104.010 1.000
104.000 1.000
104.000 1.010
103.990 1.010
103.980 1.010
103.970 1.010
103.960 1.010
103.950 1.010
103.940 1.010
103.940 1.020
103.930 1.020
103.920 1.030
103.910 1.030
103.910 1.040
103.910 1.050
103.910 1.060
103.900 1.060
103.900 1.070
103.900 1.080
103.890 1.090
103.900 1.090
103.900 1.100
103.910 1.100
103.910 1.090
103.910 1.080
103.920 1.090
103.920 1.080
103.920 1.070
103.930 1.070
103.930 1.080
103.940 1.080
103.940 1.090
103.930 1.090
103.930 1.100
103.930 1.110
103.930 1.120
103.920 1.120
103.920 1.130
103.920 1.140
103.930 1.140
103.940 1.140
103.950 1.140
103.960 1.140
103.970 1.140
103.970 1.130
103.980 1.130
103.990 1.130
103.990 1.140
103.990 1.150
104.000 1.150
104.000 1.160
104.000 1.170
104.000 1.180
104.010 1.180
104.010 1.190
104.020 1.190
104.030 1.190
104.030 1.180
104.030 1.170
104.040 1.170
104.040 1.160
104.050 1.160
104.050 1.150
104.050 1.140
104.060 1.140
104.070 1.140
104.070 1.130
104.070 1.120
104.080 1.120
104.080 1.130
104.080 1.140
104.080 1.150
104.090 1.150
104.090 1.160
83
103.350 0.820
103.350 0.830
103.350 0.840
103.360 0.840
103.360 0.850
103.370 0.850
103.370 0.860
103.370 0.870
103.370 0.880
103.370 0.890
103.370 0.900
103.380 0.900
103.380 0.890
103.390 0.890
103.400 0.890
103.400 0.880
103.410 0.880
103.410 0.870
103.410 0.860
103.410 0.850
103.410 0.840
103.420 0.840
103.420 0.830
103.430 0.830
103.440 0.830
103.440 0.820
103.450 0.820
103.460 0.820
103.460 0.810
103.470 0.810
103.480 0.810
103.480 0.800
103.490 0.800
103.490 0.790
103.490 0.780
103.500 0.780
103.500 0.770
103.510 0.770
103.510 0.760
103.510 0.750
103.510 0.740
103.510 0.730
103.510 0.720
103.500 0.720
103.500 0.710
103.500 0.700
103.490 0.700
103.490 0.690
103.480 0.690
103.480 0.680
103.480 0.670
103.470 0.670
103.470 0.660
103.470 0.650
103.460 0.650
103.450 0.640
103.440 0.640
103.430 0.640
103.420 0.640
103.420 0.650
103.410 0.650
103.400 0.650
103.400 0.660
103.400 0.670
103.400 0.680
103.390 0.680
103.390 0.690
103.380 0.690
103.380 0.700
103.370 0.700
103.370 0.710
103.370 0.720
103.360 0.720
103.360 0.730
103.350 0.740
103.350 0.750
103.350 0.760
103.350 0.770
103.350 0.780
103.350 0.790
103.350 0.800
103.350 0.810
103.350 0.820
121
105.690 3.020
105.690 3.030
105.700 3.030
105.710 3.030
105.700 3.040
105.690 3.040
105.690 3.050
105.690 3.060
105.700 3.060
105.710 3.060
105.710 3.050
105.710 3.040
105.710 3.030
105.720 3.030
105.720 3.040
105.730 3.040
105.740 3.040
105.740 3.030
105.730 3.020
105.740 3.020
105.740 3.010
105.730 3.010
105.730 3.000
105.720 3.000
105.720 2.990
105.730 2.990
105.730 2.980
105.740 2.980
105.740 2.970
105.750 2.970
105.760 2.970
105.760 2.980
105.770 2.980
105.780 2.980
105.780 2.970
105.790 2.970
105.790 2.980
105.790 2.990
105.800 2.990
105.810 2.990
105.820 2.990
105.830 2.990
105.840 2.990
105.850 2.990
105.850 2.980
105.850 2.970
105.850 2.960
105.840 2.960
105.830 2.960
105.830 2.970
105.820 2.970
105.820 2.960
105.820 2.950
105.810 2.940
105.820 2.940
105.820 2.930
105.820 2.920
105.820 2.910
105.810 2.910
105.810 2.900
105.820 2.900
105.820 2.890
105.810 2.890
105.800 2.890
105.790 2.890
105.790 2.900
105.790 2.910
105.780 2.910
105.780 2.900
105.780 2.890
105.770 2.890
105.770 2.880
105.770 2.870
105.760 2.870
105.740 2.870
105.740 2.880
105.730 2.880
105.730 2.870
105.730 2.860
105.740 2.860
105.750 2.860
105.760 2.860
105.760 2.850
105.770 2.850
105.770 2.840
105.770 2.830
105.760 2.830
105.750 2.830
105.750 2.820
105.740 2.820
105.730 2.820
105.720 2.820
105.720 2.830
105.710 2.830
105.710 2.840
105.700 2.840
105.700 2.850
105.690 2.850
105.690 2.860
105.690 2.870
105.690 2.880
105.700 2.880
105.700 2.890
105.700 2.900
105.700 2.910
105.700 2.920
105.710 2.920
105.710 2.930
105.710 2.940
105.710 2.950
105.710 2.960
105.710 2.970
105.710 2.980
105.710 2.990
105.700 2.990
105.700 3.000
105.690 3.000
105.690 3.010
105.700 3.010
105.700 3.020
105.690 3.020
124
104.080 0.950
104.080 0.960
104.090 0.960
104.100 0.960
104.110 0.960
104.120 0.960
104.120 0.950
104.130 0.950
104.130 0.940
104.140 0.940
104.140 0.930
104.150 0.930
104.150 0.920
104.160 0.920
104.160 0.910
104.150 0.910
104.150 0.900
104.160 0.900
104.170 0.900
104.170 0.890
104.170 0.880
104.180 0.880
104.180 0.870
104.190 0.870
104.190 0.880
104.200 0.880
104.210 0.880
104.220 0.880
104.230 0.880
104.230 0.870
104.240 0.870
104.240 0.860
104.250 0.860
104.250 0.870
104.260 0.870
104.260 0.860
104.260 0.850
104.260 0.840
104.250 0.840
104.250 0.830
104.250 0.820
104.240 0.820
104.230 0.820
104.230 0.810
104.220 0.800
104.210 0.800
104.210 0.810
104.200 0.810
104.200 0.800
104.200 0.790
104.220 0.790
104.230 0.790
104.250 0.790
104.250 0.800
104.260 0.800
104.270 0.800
104.280 0.800
104.280 0.790
104.270 0.790
104.270 0.780
104.270 0.770
104.260 0.770
104.260 0.760
104.260 0.750
104.260 0.740
104.270 0.740
104.270 0.730
104.280 0.730
104.290 0.730
104.290 0.720
104.300 0.720
104.300 0.710
104.290 0.710
104.280 0.710
104.280 0.700
104.270 0.700
104.260 0.700
104.250 0.690
104.250 0.700
104.240 0.700
104.230 0.700
104.230 0.710
104.230 0.720
104.220 0.720
104.210 0.720
104.200 0.720
104.200 0.730
104.190 0.730
104.190 0.740
104.190 0.750
104.190 0.760
104.180 0.760
104.180 0.770
104.170 0.770
104.170 0.780
104.170 0.790
104.160 0.790
104.160 0.800
104.160 0.810
104.160 0.820
104.160 0.830
104.150 0.830
104.150 0.840
104.150 0.850
104.150 0.860
104.140 0.860
104.130 0.860
104.130 0.870
104.120 0.860
104.120 0.870
104.120 0.880
104.110 0.880
104.100 0.880
104.100 0.870
104.090 0.870
104.090 0.880
104.090 0.890
104.090 0.900
104.090 0.910
104.090 0.920
104.090 0.930
104.090 0.940
104.080 0.940
104.080 0.950
93
104.680 0.030
104.670 0.030
104.660 0.030
104.660 0.040
104.650 0.040
104.650 0.050
104.640 0.050
104.640 0.060
104.630 0.060
104.630 0.070
104.620 0.070
104.620 0.080
104.610 0.080
104.600 0.090
104.590 0.090
104.590 0.100
104.580 0.100
104.580 0.110
104.570 0.110
104.570 0.120
104.560 0.120
104.550 0.130
104.550 0.140
104.560 0.140
104.560 0.150
104.550 0.150
104.540 0.150
104.530 0.150
104.530 0.160
104.530 0.170
104.520 0.170
104.520 0.180
104.510 0.180
104.510 0.190
104.520 0.190
104.520 0.200
104.510 0.200
104.510 0.210
104.500 0.210
104.500 0.220
104.490 0.220
104.490 0.230
104.480 0.230
104.480 0.240
104.490 0.240
104.500 0.240
104.500 0.230
104.510 0.230
104.520 0.230
104.520 0.240
104.530 0.240
104.530 0.230
104.540 0.220
104.540 0.210
104.550 0.210
104.550 0.200
104.560 0.200
104.560 0.190
104.570 0.190
104.570 0.180
104.580 0.170
104.590 0.170
104.590 0.160
104.600 0.160
104.600 0.150
104.610 0.150
104.610 0.140
104.610 0.130
104.620 0.130
104.620 0.120
104.630 0.120
104.630 0.110
104.640 0.110
104.640 0.100
104.650 0.100
104.650 0.090
104.660 0.090
104.660 0.080
104.660 0.070
104.670 0.070
104.680 0.070
104.680 0.060
104.690 0.060
104.690 0.050
104.700 0.050
104.710 0.050
104.710 0.040
104.710 0.030
104.700 0.030
104.700 0.020
104.690 0.020
104.680 0.020
104.680 0.030
52
108.840 2.960
108.840 2.970
108.840 2.980
108.840 2.990
108.840 3.000
108.850 3.000
108.850 3.010
108.860 3.010
108.870 3.010
108.880 3.010
108.890 3.010
108.890 3.000
108.890 2.990
108.890 2.980
108.890 2.970
108.890 2.960
108.890 2.950
108.890 2.940
108.880 2.930
108.880 2.920
108.880 2.910
108.880 2.900
108.880 2.890
108.880 2.880
108.870 2.880
108.860 2.880
108.860 2.870
108.860 2.860
108.850 2.860
108.850 2.850
108.840 2.850
108.830 2.850
108.830 2.840
108.810 2.850
108.800 2.860
108.790 2.860
108.790 2.870
108.780 2.870
108.780 2.880
108.780 2.890
108.780 2.900
108.790 2.900
108.790 2.910
108.800 2.910
108.800 2.920
108.810 2.920
108.820 2.930
108.830 2.930
108.830 2.940
108.830 2.950
108.840 2.950
108.840 2.960
64
103.330 1.120
103.340 1.120
103.350 1.120
103.350 1.130
103.360 1.130
103.370 1.130
103.370 1.140
103.380 1.140
103.380 1.130
103.390 1.130
103.390 1.120
103.380 1.120
103.380 1.110
103.380 1.100
103.380 1.090
103.380 1.080
103.390 1.080
103.390 1.070
103.390 1.060
103.400 1.060
103.400 1.050
103.410 1.050
103.420 1.050
103.420 1.040
103.420 1.030
103.430 1.030
103.430 1.020
103.430 1.010
103.440 1.010
103.440 1.000
103.450 1.000
103.450 0.990
103.440 0.990
103.430 0.990
103.420 0.990
103.410 0.990
103.400 0.990
103.390 0.990
103.390 1.000
103.380 1.010
103.370 1.010
103.360 1.010
103.360 1.000
103.350 1.000
103.350 1.010
103.350 1.020
103.340 1.020
103.330 1.020
103.330 1.030
103.330 1.040
103.320 1.040
103.310 1.040
103.310 1.050
103.310 1.060
103.320 1.060
103.320 1.070
103.320 1.080
103.310 1.080
103.310 1.090
103.320 1.090
103.320 1.100
103.330 1.100
103.330 1.110
103.330 1.120
60
106.200 3.230
106.210 3.230
106.210 3.220
106.220 3.220
106.220 3.230
106.230 3.230
106.240 3.230
106.240 3.220
106.250 3.220
106.260 3.220
106.260 3.210
106.260 3.200
106.270 3.200
106.280 3.200
106.280 3.190
106.280 3.180
106.270 3.180
106.270 3.170
106.280 3.170
106.280 3.180
106.290 3.180
106.290 3.170
106.290 3.160
106.290 3.150
106.290 3.140
106.280 3.140
106.280 3.130
106.280 3.120
106.280 3.110
106.290 3.110
106.290 3.100
106.280 3.100
106.280 3.090
106.280 3.080
106.270 3.080
106.270 3.090
106.260 3.090
106.260 3.110
106.250 3.110
106.250 3.100
106.240 3.100
106.230 3.100
106.230 3.110
106.220 3.110
106.220 3.120
106.210 3.120
106.210 3.130
106.200 3.130
106.200 3.140
106.200 3.150
106.210 3.150
106.210 3.160
106.210 3.170
106.210 3.180
106.210 3.190
106.210 3.200
106.200 3.200
106.200 3.210
106.200 3.220
106.200 3.230
50
103.840 0.980
103.830 0.980
103.830 0.990
103.830 1.000
103.830 1.010
103.830 1.020
103.840 1.020
103.850 1.020
103.860 1.030
103.870 1.030
103.880 1.030
103.880 1.020
103.880 1.010
103.890 1.010
103.890 1.000
103.900 1.000
103.910 1.000
103.910 1.010
103.920 1.010
103.930 1.010
103.930 1.000
103.940 1.000
103.940 0.990
103.950 0.990
103.950 0.980
103.960 0.980
103.960 0.970
103.970 0.970
103.970 0.960
103.970 0.950
103.970 0.940
103.960 0.940
103.950 0.930
103.940 0.930
103.940 0.920
103.930 0.920
103.920 0.920
103.920 0.930
103.910 0.930
103.910 0.940
103.900 0.940
103.890 0.940
103.880 0.950
103.870 0.950
103.870 0.960
103.860 0.960
103.850 0.960
103.850 0.970
103.840 0.970
103.840 0.980
54
103.730 0.830
103.730 0.840
103.730 0.850
103.720 0.850
103.720 0.860
103.720 0.870
103.720 0.880
103.730 0.880
103.740 0.880
103.740 0.890
103.750 0.890
103.750 0.880
103.760 0.880
103.770 0.880
103.770 0.870
103.780 0.870
103.790 0.870
103.790 0.860
103.800 0.860
103.800 0.850
103.810 0.850
103.810 0.840
103.820 0.840
103.820 0.830
103.820 0.820
103.830 0.820
103.830 0.810
103.840 0.810
103.840 0.800
103.840 0.790
103.840 0.780
103.830 0.780
103.830 0.770
103.840 0.770
103.830 0.760
103.830 0.750
103.820 0.750
103.820 0.760
103.820 0.770
103.810 0.770
103.810 0.780
103.800 0.780
103.790 0.780
103.790 0.790
103.780 0.790
103.770 0.790
103.770 0.800
103.760 0.800
103.760 0.810
103.750 0.810
103.750 0.820
103.740 0.820
103.740 0.830
103.730 0.830
64
106.270 3.360
106.270 3.370
106.270 3.380
106.280 3.380
106.290 3.390
106.290 3.380
106.300 3.380
106.310 3.380
106.310 3.370
106.310 3.360
106.300 3.360
106.300 3.350
106.290 3.350
106.290 3.340
106.300 3.340
106.300 3.330
106.300 3.320
106.300 3.310
106.290 3.310
106.290 3.300
106.290 3.290
106.290 3.280
106.300 3.280
106.300 3.270
106.290 3.270
106.290 3.260
106.290 3.250
106.280 3.250
106.280 3.260
106.280 3.270
106.280 3.280
106.270 3.280
106.270 3.290
106.260 3.290
106.260 3.280
106.260 3.270
106.270 3.270
106.270 3.260
106.270 3.250
106.280 3.240
106.280 3.230
106.270 3.230
106.260 3.230
106.260 3.240
106.250 3.240
106.240 3.240
106.240 3.250
106.230 3.250
106.230 3.260
106.230 3.270
106.240 3.270
106.240 3.280
106.240 3.290
106.240 3.300
106.240 3.310
106.240 3.320
106.240 3.330
106.240 3.340
106.250 3.350
106.260 3.350
106.260 3.340
106.270 3.340
106.270 3.350
106.270 3.360
REGION 1
1221
102.800 -2.520
102.790 -2.520
102.790 -2.530
102.800 -2.530
102.790 -2.540
102.790 -2.550
102.780 -2.550
102.770 -2.560
102.760 -2.560
102.750 -2.560
102.740 -2.570
102.730 -2.580
102.730 -2.570
102.720 -2.560
102.710 -2.570
102.710 -2.580
102.700 -2.590
102.690 -2.590
102.680 -2.600
102.670 -2.600
102.670 -2.610
102.660 -2.610
102.650 -2.610
102.650 -2.620
102.640 -2.620
102.630 -2.620
102.620 -2.620
102.620 -2.630
102.610 -2.640
102.620 -2.660
102.610 -2.670
102.600 -2.670
102.600 -2.680
102.590 -2.680
102.590 -2.690
102.580 -2.680
102.570 -2.680
102.560 -2.680
102.550 -2.680
102.540 -2.680
102.530 -2.680
102.520 -2.680
102.510 -2.690
102.510 -2.700
102.500 -2.700
102.490 -2.700
102.480 -2.700
102.470 -2.700
102.460 -2.700
102.450 -2.700
102.440 -2.700
102.440 -2.690
102.430 -2.690
102.420 -2.690
102.410 -2.690
102.400 -2.690
102.390 -2.680
102.390 -2.670
102.380 -2.670
102.380 -2.660
102.370 -2.660
102.370 -2.650
102.360 -2.650
102.350 -2.650
102.340 -2.650
102.330 -2.650
102.320 -2.650
102.310 -2.650
102.310 -2.640
102.300 -2.640
102.300 -2.630
102.290 -2.630
102.280 -2.620
102.270 -2.620
102.260 -2.620
102.250 -2.620
102.250 -2.630
102.240 -2.630
102.240 -2.640
102.230 -2.650
102.230 -2.660
102.240 -2.660
102.240 -2.670
102.230 -2.670
102.230 -2.680
102.230 -2.690
102.220 -2.690
102.220 -2.700
102.210 -2.700
102.200 -2.700
102.190 -2.710
102.180 -2.710
102.170 -2.710
102.160 -2.710
102.150 -2.720
102.140 -2.720
102.130 -2.730
102.120 -2.730
102.110 -2.740
102.100 -2.740
102.100 -2.750
102.100 -2.760
102.090 -2.760
102.090 -2.770
102.080 -2.770
102.070 -2.770
102.070 -2.760
102.060 -2.770
102.060 -2.760
102.050 -2.760
102.040 -2.760
102.030 -2.760
102.020 -2.750
102.010 -2.740
102.000 -2.740
102.000 -2.730
101.990 -2.730
101.990 -2.720
101.980 -2.720
101.970 -2.720
101.960 -2.730
101.950 -2.730
101.930 -2.730
101.920 -2.740
101.910 -2.740
101.900 -2.740
101.890 -2.730
101.880 -2.730
101.870 -2.730
101.860 -2.730
101.860 -2.720
101.860 -2.710
101.850 -2.710
101.850 -2.700
101.840 -2.700
101.830 -2.690
101.820 -2.690
101.810 -2.680
101.810 -2.670
101.800 -2.670
101.790 -2.660
101.780 -2.660
101.780 -2.650
101.770 -2.650
101.770 -2.640
101.760 -2.630
101.750 -2.620
101.740 -2.620
101.740 -2.610
101.730 -2.610
101.730 -2.600
101.730 -2.590
101.720 -2.590
101.710 -2.580
101.710 -2.570
101.700 -2.570
101.700 -2.560
101.690 -2.560
101.690 -2.550
101.680 -2.540
101.680 -2.530
101.670 -2.530
101.660 -2.530
101.650 -2.530
101.640 -2.540
101.630 -2.550
101.620 -2.550
101.610 -2.550
101.610 -2.540
101.600 -2.540
101.590 -2.540
101.580 -2.540
101.570 -2.540
101.570 -2.550
101.560 -2.550
101.570 -2.560
101.560 -2.560
101.560 -2.570
101.550 -2.570
101.550 -2.560
101.550 -2.550
101.550 -2.540
101.550 -2.530
101.550 -2.520
101.550 -2.510
101.550 -2.500
101.560 -2.490
101.560 -2.480
101.560 -2.470
101.560 -2.450
101.550 -2.450
101.540 -2.440
101.530 -2.440
101.530 -2.430
101.510 -2.420
101.490 -2.410
101.480 -2.400
101.470 -2.400
101.460 -2.390
101.440 -2.380
101.430 -2.370
101.420 -2.360
101.400 -2.350
101.380 -2.340
101.370 -2.340
101.370 -2.330
101.350 -2.320
101.340 -2.320
101.340 -2.310
101.330 -2.310
101.320 -2.300
101.310 -2.300
101.310 -2.290
101.300 -2.290
101.290 -2.280
101.290 -2.270
101.300 -2.270
101.300 -2.260
101.300 -2.250
101.310 -2.240
101.310 -2.230
101.310 -2.220
101.310 -2.210
101.310 -2.200
101.300 -2.190
101.300 -2.170
101.300 -2.160
101.300 -2.150
101.290 -2.150
101.290 -2.140
101.290 -2.130
101.290 -2.120
101.280 -2.110
101.280 -2.100
101.280 -2.090
101.270 -2.090
101.270 -2.080
101.270 -2.070
101.260 -2.060
101.260 -2.050
101.250 -2.040
101.250 -2.030
101.240 -2.020
101.240 -2.010
101.230 -2.010
101.220 -2.010
101.210 -2.010
101.210 -2.000
101.200 -2.000
101.190 -1.990
101.190 -1.980
101.180 -1.970
101.170 -1.960
101.170 -1.950
101.160 -1.940
101.160 -1.930
101.150 -1.930
101.140 -1.920
101.140 -1.910
101.140 -1.890
101.130 -1.880
101.130 -1.870
101.130 -1.860
101.130 -1.850
101.130 -1.840
101.130 -1.830
101.130 -1.820
101.130 -1.810
101.130 -1.800
101.120 -1.790
101.120 -1.780
101.120 -1.770
101.120 -1.760
101.120 -1.750
101.120 -1.740
101.120 -1.730
101.120 -1.720
101.120 -1.710
101.120 -1.700
101.120 -1.690
101.130 -1.690
101.130 -1.680
101.140 -1.680
101.140 -1.690
101.150 -1.690
101.150 -1.700
101.160 -1.700
101.170 -1.700
101.170 -1.690
101.180 -1.680
101.190 -1.680
101.190 -1.690
101.200 -1.690
101.200 -1.700
101.210 -1.700
101.210 -1.710
101.220 -1.710
101.230 -1.710
101.240 -1.710
101.250 -1.700
101.260 -1.700
101.260 -1.690
101.270 -1.690
101.280 -1.690
101.290 -1.690
101.300 -1.690
101.310 -1.690
101.320 -1.690
101.330 -1.690
101.340 -1.690
101.350 -1.680
101.360 -1.680
101.370 -1.680
101.380 -1.680
101.390 -1.680
101.400 -1.670
101.410 -1.670
101.420 -1.670
101.420 -1.680
101.430 -1.680
101.430 -1.690
101.440 -1.690
101.450 -1.690
101.460 -1.690
101.460 -1.680
101.470 -1.680
101.480 -1.680
101.490 -1.680
101.500 -1.670
101.500 -1.660
101.500 -1.650
101.510 -1.650
101.510 -1.640
101.520 -1.630
101.530 -1.620
101.530 -1.610
101.540 -1.600
101.550 -1.590
101.560 -1.580
101.570 -1.570
101.580 -1.570
101.590 -1.560
101.600 -1.560
101.610 -1.550
101.610 -1.540
101.620 -1.540
101.630 -1.530
101.640 -1.530
101.640 -1.520
101.650 -1.520
101.650 -1.510
101.660 -1.510
101.670 -1.500
101.680 -1.500
101.680 -1.490
101.690 -1.490
101.690 -1.480
101.700 -1.470
101.700 -1.460
101.700 -1.450
101.700 -1.440
101.710 -1.440
101.720 -1.430
101.720 -1.420
101.710 -1.420
101.700 -1.420
101.700 -1.410
101.690 -1.400
101.690 -1.390
101.700 -1.390
101.700 -1.380
101.710 -1.380
101.710 -1.370
101.710 -1.360
101.720 -1.350
101.710 -1.350
101.710 -1.340
101.710 -1.330
101.700 -1.330
101.700 -1.320
101.700 -1.310
101.690 -1.310
101.690 -1.300
101.690 -1.290
101.690 -1.280
101.690 -1.270
101.700 -1.260
101.710 -1.260
101.710 -1.250
101.710 -1.240
101.720 -1.240
101.720 -1.230
101.730 -1.230
101.740 -1.230
101.750 -1.230
101.760 -1.230
101.770 -1.230
101.780 -1.220
101.790 -1.220
101.800 -1.220
101.810 -1.220
101.820 -1.210
101.820 -1.200
101.830 -1.200
101.840 -1.190
101.840 -1.180
101.850 -1.180
101.850 -1.170
101.860 -1.160
101.860 -1.150
101.870 -1.140
101.870 -1.130
101.880 -1.130
101.880 -1.120
101.880 -1.110
101.880 -1.100
101.870 -1.100
101.870 -1.110
101.860 -1.110
101.850 -1.110
101.850 -1.100
101.840 -1.100
101.830 -1.100
101.830 -1.090
101.820 -1.090
101.820 -1.080
101.820 -1.070
101.830 -1.070
101.830 -1.060
101.830 -1.050
101.830 -1.040
101.820 -1.040
101.820 -1.030
101.820 -1.020
101.820 -1.010
101.820 -1.000
101.820 -0.990
101.820 -0.980
101.830 -0.980
101.840 -0.980
101.850 -0.980
101.850 -0.970
101.860 -0.970
101.870 -0.970
101.880 -0.970
101.890 -0.960
101.900 -0.950
101.910 -0.950
101.910 -0.940
101.910 -0.930
101.910 -0.920
101.920 -0.920
101.920 -0.910
101.930 -0.910
101.940 -0.910
101.940 -0.900
101.950 -0.900
101.960 -0.910
101.970 -0.910
101.970 -0.900
101.970 -0.890
101.980 -0.880
101.990 -0.880
102.000 -0.880
102.010 -0.880
102.020 -0.880
102.020 -0.890
102.030 -0.890
102.030 -0.900
102.040 -0.900
102.050 -0.900
102.050 -0.890
102.060 -0.890
102.070 -0.890
102.070 -0.900
102.080 -0.900
102.090 -0.900
102.090 -0.910
102.100 -0.910
102.110 -0.910
102.110 -0.920
102.120 -0.920
102.130 -0.920
102.130 -0.910
102.140 -0.910
102.140 -0.900
102.150 -0.900
102.160 -0.900
102.170 -0.900
102.170 -0.910
102.180 -0.920
102.190 -0.920
102.190 -0.930
102.190 -0.940
102.190 -0.950
102.200 -0.950
102.210 -0.950
102.220 -0.950
102.220 -0.940
102.230 -0.940
102.230 -0.930
102.240 -0.930
102.250 -0.930
102.250 -0.920
102.260 -0.920
102.270 -0.920
102.280 -0.920
102.290 -0.920
102.300 -0.920
102.310 -0.920
102.310 -0.930
102.310 -0.940
102.320 -0.940
102.320 -0.950
102.320 -0.960
102.330 -0.960
102.330 -0.970
102.340 -0.960
102.350 -0.960
102.350 -0.970
102.360 -0.970
102.370 -0.980
102.370 -0.990
102.380 -0.990
102.390 -0.990
102.390 -1.000
102.380 -1.000
102.380 -1.010
102.380 -1.020
102.370 -1.020
102.380 -1.030
102.390 -1.030
102.400 -1.030
102.410 -1.030
102.420 -1.030
102.430 -1.030
102.440 -1.030
102.450 -1.030
102.450 -1.040
102.460 -1.040
102.460 -1.050
102.470 -1.060
102.470 -1.070
102.480 -1.080
102.490 -1.080
102.500 -1.080
102.510 -1.080
102.520 -1.080
102.530 -1.090
102.540 -1.090
102.540 -1.080
102.550 -1.080
102.550 -1.090
102.550 -1.100
102.560 -1.100
102.570 -1.100
102.580 -1.100
102.580 -1.090
102.590 -1.090
102.600 -1.090
102.610 -1.100
102.610 -1.090
102.620 -1.090
102.620 -1.100
102.630 -1.100
102.630 -1.110
102.640 -1.120
102.650 -1.120
102.650 -1.110
102.660 -1.110
102.670 -1.110
102.670 -1.100
102.670 -1.090
102.680 -1.090
102.680 -1.080
102.690 -1.080
102.700 -1.080
102.710 -1.080
102.710 -1.070
102.720 -1.070
102.730 -1.080
102.730 -1.070
102.730 -1.060
102.730 -1.050
102.740 -1.050
102.740 -1.040
102.750 -1.040
102.750 -1.030
102.750 -1.020
102.760 -1.020
102.770 -1.030
102.780 -1.030
102.780 -1.020
102.780 -1.010
102.770 -1.010
102.780 -1.000
102.790 -0.990
102.790 -0.980
102.790 -0.970
102.800 -0.970
102.810 -0.970
102.810 -0.960
102.830 -0.950
102.840 -0.940
102.880 -0.920
102.890 -0.910
102.900 -0.900
102.900 -0.890
102.910 -0.890
102.920 -0.880
102.930 -0.870
102.930 -0.860
102.940 -0.860
102.950 -0.850
102.950 -0.840
102.960 -0.830
102.970 -0.810
102.980 -0.800
102.980 -0.790
102.990 -0.790
102.990 -0.780
103.000 -0.770
103.000 -0.760
103.010 -0.760
103.020 -0.750
103.020 -0.760
103.030 -0.760
103.040 -0.760
103.050 -0.760
103.060 -0.760
103.070 -0.760
103.080 -0.760
103.090 -0.760
103.100 -0.760
103.110 -0.750
103.120 -0.750
103.130 -0.750
103.140 -0.750
103.150 -0.750
103.170 -0.750
103.180 -0.760
103.190 -0.760
103.200 -0.760
103.220 -0.760
103.230 -0.770
103.240 -0.770
103.250 -0.770
103.260 -0.770
103.280 -0.780
103.290 -0.780
103.300 -0.780
103.320 -0.780
103.330 -0.780
103.340 -0.790
103.350 -0.790
103.350 -0.800
103.360 -0.800
103.370 -0.790
103.380 -0.790
103.390 -0.790
103.400 -0.780
103.410 -0.770
103.420 -0.770
103.430 -0.780
103.440 -0.770
103.450 -0.770
103.460 -0.770
103.470 -0.770
103.480 -0.770
103.490 -0.770
103.490 -0.780
103.480 -0.780
103.480 -0.790
103.480 -0.800
103.490 -0.800
103.500 -0.800
103.510 -0.800
103.520 -0.800
103.530 -0.800
103.530 -0.810
103.540 -0.810
103.550 -0.810
103.550 -0.820
103.550 -0.830
103.560 -0.830
103.560 -0.840
103.560 -0.850
103.550 -0.850
103.550 -0.860
103.560 -0.860
103.570 -0.860
103.570 -0.870
103.580 -0.870
103.590 -0.870
103.590 -0.880
103.600 -0.880
103.600 -0.890
103.610 -0.890
103.610 -0.900
103.620 -0.900
103.620 -0.910
103.630 -0.910
103.640 -0.910
103.640 -0.920
103.650 -0.920
103.650 -0.930
103.660 -0.930
103.670 -0.930
103.670 -0.940
103.670 -0.950
103.680 -0.950
103.690 -0.950
103.700 -0.950
103.710 -0.950
103.720 -0.950
103.720 -0.960
103.730 -0.960
103.740 -0.970
103.740 -0.980
103.750 -0.980
103.750 -0.990
103.760 -0.990
103.770 -0.990
103.780 -0.990
103.790 -0.990
103.800 -0.990
103.810 -1.000
103.810 -1.010
103.810 -1.020
103.810 -1.030
103.810 -1.040
103.810 -1.050
103.810 -1.060
103.820 -1.060
103.820 -1.050
103.820 -1.040
103.820 -1.030
103.830 -1.030
103.830 -1.020
103.830 -1.010
103.840 -1.010
103.850 -1.010
103.850 -1.000
103.860 -1.000
103.870 -1.000
103.880 -1.000
103.880 -0.990
103.890 -0.990
103.900 -0.990
103.900 -0.980
103.910 -0.980
103.920 -0.980
103.920 -0.990
103.930 -0.990
103.940 -0.990
103.950 -0.990
103.960 -0.990
103.970 -0.990
103.980 -0.990
103.990 -0.990
103.990 -1.000
104.000 -1.000
104.010 -1.000
104.020 -1.000
104.030 -1.000
104.040 -1.000
104.040 -1.010
104.050 -1.010
104.060 -1.010
104.060 -1.020
104.070 -1.020
104.080 -1.020
104.080 -1.030
104.090 -1.030
104.100 -1.030
104.110 -1.030
104.110 -1.040
104.120 -1.040
104.130 -1.040
104.130 -1.050
104.140 -1.050
104.150 -1.050
104.160 -1.050
104.170 -1.050
104.180 -1.050
104.190 -1.050
104.190 -1.060
104.200 -1.060
104.200 -1.070
104.210 -1.070
104.220 -1.070
104.220 -1.060
104.230 -1.060
104.240 -1.060
104.240 -1.050
104.250 -1.050
104.260 -1.050
104.260 -1.040
104.270 -1.040
104.280 -1.040
104.280 -1.050
104.290 -1.050
104.300 -1.050
104.310 -1.050
104.310 -1.040
104.320 -1.040
104.330 -1.040
104.340 -1.040
104.350 -1.040
104.350 -1.030
104.360 -1.030
104.360 -1.020
104.370 -1.020
104.370 -1.030
104.380 -1.030
104.380 -1.040
104.380 -1.050
104.390 -1.050
104.390 -1.060
104.390 -1.070
104.390 -1.080
104.400 -1.080
104.400 -1.090
104.400 -1.100
104.400 -1.110
104.400 -1.120
104.410 -1.120
104.410 -1.130
104.410 -1.140
104.410 -1.150
104.410 -1.160
104.410 -1.170
104.400 -1.170
104.400 -1.180
104.400 -1.190
104.390 -1.190
104.390 -1.200
104.390 -1.210
104.390 -1.220
104.400 -1.220
104.400 -1.230
104.400 -1.240
104.400 -1.250
104.410 -1.250
104.410 -1.260
104.410 -1.270
104.420 -1.270
104.420 -1.280
104.430 -1.280
104.430 -1.290
104.430 -1.300
104.440 -1.300
104.440 -1.310
104.440 -1.320
104.450 -1.320
104.460 -1.330
104.460 -1.340
104.460 -1.350
104.460 -1.360
104.460 -1.370
104.450 -1.370
104.450 -1.380
104.450 -1.390
104.460 -1.400
104.460 -1.410
104.460 -1.420
104.460 -1.430
104.450 -1.430
104.450 -1.440
104.450 -1.450
104.450 -1.460
104.440 -1.460
104.440 -1.470
104.440 -1.480
104.440 -1.490
104.440 -1.500
104.440 -1.510
104.440 -1.520
104.440 -1.530
104.450 -1.530
104.450 -1.540
104.450 -1.550
104.450 -1.560
104.450 -1.570
104.450 -1.580
104.460 -1.580
104.460 -1.590
104.460 -1.600
104.460 -1.610
104.470 -1.610
104.470 -1.620
104.470 -1.630
104.480 -1.640
104.480 -1.650
104.470 -1.650
104.460 -1.640
104.450 -1.640
104.440 -1.640
104.440 -1.630
104.430 -1.630
104.420 -1.630
104.410 -1.630
104.400 -1.640
104.390 -1.640
104.380 -1.640
104.370 -1.640
104.370 -1.650
104.370 -1.660
104.370 -1.670
104.360 -1.670
104.360 -1.680
104.360 -1.690
104.360 -1.700
104.360 -1.710
104.360 -1.720
104.350 -1.730
104.350 -1.740
104.340 -1.740
104.330 -1.730
104.320 -1.740
104.300 -1.740
104.290 -1.740
104.280 -1.740
104.280 -1.750
104.270 -1.750
104.260 -1.740
104.250 -1.740
104.240 -1.740
104.230 -1.740
104.220 -1.740
104.220 -1.750
104.210 -1.750
104.200 -1.750
104.190 -1.760
104.180 -1.760
104.170 -1.760
104.160 -1.770
104.140 -1.770
104.130 -1.780
104.120 -1.780
104.110 -1.780
104.100 -1.790
104.090 -1.790
104.090 -1.780
104.080 -1.780
104.070 -1.780
104.070 -1.770
104.050 -1.770
104.040 -1.770
104.030 -1.770
104.020 -1.770
104.010 -1.770
104.000 -1.770
103.980 -1.770
103.970 -1.770
103.960 -1.770
103.950 -1.770
103.940 -1.770
103.940 -1.760
103.930 -1.760
103.920 -1.760
103.920 -1.750
103.910 -1.740
103.910 -1.750
103.900 -1.750
103.890 -1.750
103.890 -1.740
103.880 -1.740
103.870 -1.750
103.860 -1.750
103.850 -1.760
103.840 -1.760
103.840 -1.770
103.840 -1.780
103.830 -1.790
103.820 -1.800
103.810 -1.800
103.800 -1.800
103.790 -1.800
103.780 -1.800
103.770 -1.800
103.760 -1.800
103.750 -1.800
103.730 -1.800
103.720 -1.800
103.710 -1.810
103.700 -1.810
103.690 -1.810
103.690 -1.820
103.680 -1.820
103.670 -1.820
103.660 -1.820
103.650 -1.830
103.640 -1.830
103.630 -1.830
103.620 -1.830
103.610 -1.840
103.600 -1.850
103.590 -1.860
103.580 -1.860
103.570 -1.870
103.560 -1.880
103.550 -1.880
103.550 -1.890
103.540 -1.890
103.540 -1.900
103.530 -1.920
103.530 -1.930
103.530 -1.940
103.540 -1.940
103.540 -1.950
103.540 -1.960
103.530 -1.970
103.530 -1.980
103.530 -1.990
103.530 -2.000
103.530 -2.010
103.530 -2.020
103.520 -2.030
103.520 -2.040
103.520 -2.050
103.520 -2.060
103.520 -2.070
103.520 -2.080
103.520 -2.090
103.520 -2.100
103.520 -2.110
103.530 -2.110
103.530 -2.120
103.540 -2.130
103.550 -2.130
103.550 -2.140
103.550 -2.150
103.540 -2.150
103.540 -2.160
103.530 -2.160
103.520 -2.160
103.520 -2.170
103.510 -2.170
103.500 -2.170
103.500 -2.180
103.490 -2.180
103.480 -2.180
103.470 -2.180
103.460 -2.180
103.450 -2.180
103.450 -2.190
103.450 -2.200
103.450 -2.210
103.440 -2.210
103.440 -2.220
103.450 -2.220
103.450 -2.230
103.450 -2.240
103.450 -2.250
103.450 -2.260
103.460 -2.260
103.460 -2.270
103.450 -2.270
103.450 -2.280
103.460 -2.290
103.460 -2.300
103.450 -2.300
103.450 -2.310
103.440 -2.310
103.450 -2.320
103.450 -2.330
103.460 -2.340
103.450 -2.340
103.450 -2.350
103.450 -2.360
103.440 -2.360
103.440 -2.350
103.430 -2.340
103.420 -2.340
103.410 -2.340
103.400 -2.330
103.400 -2.320
103.390 -2.320
103.390 -2.310
103.380 -2.300
103.380 -2.290
103.370 -2.290
103.360 -2.290
103.360 -2.280
103.350 -2.280
103.350 -2.270
103.340 -2.270
103.330 -2.270
103.330 -2.260
103.330 -2.250
103.320 -2.250
103.320 -2.240
103.310 -2.240
103.300 -2.240
103.300 -2.230
103.290 -2.220
103.290 -2.210
103.300 -2.210
103.300 -2.200
103.290 -2.200
103.290 -2.190
103.290 -2.180
103.280 -2.170
103.280 -2.160
103.270 -2.150
103.260 -2.150
103.260 -2.140
103.250 -2.140
103.240 -2.140
103.230 -2.140
103.220 -2.140
103.220 -2.150
103.220 -2.160
103.220 -2.170
103.210 -2.170
103.210 -2.180
103.200 -2.180
103.190 -2.180
103.190 -2.190
103.180 -2.190
103.180 -2.200
103.180 -2.210
103.170 -2.210
103.170 -2.220
103.160 -2.220
103.170 -2.230
103.160 -2.230
103.160 -2.240
103.170 -2.240
103.170 -2.250
103.180 -2.250
103.190 -2.250
103.190 -2.260
103.200 -2.270
103.200 -2.280
103.210 -2.290
103.200 -2.300
103.210 -2.310
103.210 -2.320
103.200 -2.320
103.190 -2.320
103.190 -2.330
103.180 -2.330
103.170 -2.330
103.170 -2.340
103.160 -2.340
103.150 -2.340
103.140 -2.340
103.140 -2.350
103.130 -2.350
103.130 -2.360
103.120 -2.360
103.120 -2.350
103.110 -2.350
103.100 -2.350
103.090 -2.350
103.090 -2.340
103.080 -2.340
103.070 -2.340
103.060 -2.340
103.060 -2.330
103.060 -2.320
103.050 -2.320
103.040 -2.320
103.030 -2.320
103.030 -2.330
103.030 -2.340
103.030 -2.350
103.020 -2.350
103.010 -2.350
103.010 -2.340
103.000 -2.340
102.990 -2.340
102.980 -2.340
102.980 -2.330
102.970 -2.330
102.960 -2.330
102.950 -2.340
102.950 -2.330
102.940 -2.330
102.930 -2.330
102.920 -2.330
102.910 -2.320
102.900 -2.320
102.890 -2.320
102.880 -2.320
102.880 -2.310
102.870 -2.310
102.870 -2.320
102.860 -2.330
102.870 -2.340
102.860 -2.340
102.850 -2.340
102.850 -2.350
102.850 -2.360
102.840 -2.360
102.840 -2.370
102.840 -2.380
102.850 -2.390
102.860 -2.390
102.870 -2.390
102.870 -2.400
102.870 -2.410
102.880 -2.410
102.880 -2.420
102.870 -2.420
102.870 -2.430
102.860 -2.430
102.860 -2.440
102.850 -2.440
102.840 -2.450
102.840 -2.460
102.830 -2.470
102.820 -2.480
102.810 -2.480
102.810 -2.490
102.810 -2.500
102.810 -2.510
102.810 -2.520
102.800 -2.520
REGION 1
1960
105.020 -4.170
105.010 -4.170
105.000 -4.180
104.990 -4.170
104.980 -4.170
104.970 -4.170
104.960 -4.170
104.960 -4.180
104.950 -4.180
104.940 -4.190
104.930 -4.190
104.920 -4.200
104.910 -4.200
104.900 -4.200
104.900 -4.210
104.890 -4.210
104.880 -4.220
104.870 -4.220
104.870 -4.230
104.860 -4.230
104.860 -4.240
104.850 -4.240
104.840 -4.240
104.830 -4.240
104.820 -4.240
104.810 -4.240
104.810 -4.250
104.800 -4.250
104.790 -4.250
104.790 -4.260
104.780 -4.260
104.780 -4.250
104.770 -4.250
104.760 -4.250
104.750 -4.250
104.740 -4.250
104.730 -4.250
104.720 -4.250
104.710 -4.250
104.700 -4.250
104.680 -4.250
104.670 -4.250
104.660 -4.250
104.650 -4.250
104.640 -4.250
104.640 -4.240
104.630 -4.230
104.630 -4.220
104.620 -4.220
104.600 -4.230
104.580 -4.240
104.570 -4.250
104.560 -4.250
104.530 -4.270
104.520 -4.270
104.510 -4.270
104.510 -4.280
104.500 -4.280
104.500 -4.290
104.490 -4.290
104.480 -4.290
104.480 -4.300
104.470 -4.310
104.460 -4.310
104.450 -4.300
104.440 -4.300
104.440 -4.310
104.430 -4.310
104.430 -4.320
104.420 -4.320
104.420 -4.330
104.410 -4.330
104.410 -4.340
104.400 -4.340
104.390 -4.340
104.380 -4.350
104.370 -4.350
104.370 -4.360
104.370 -4.370
104.360 -4.370
104.360 -4.380
104.360 -4.390
104.350 -4.390
104.350 -4.400
104.340 -4.400
104.340 -4.410
104.340 -4.420
104.330 -4.420
104.330 -4.430
104.330 -4.440
104.330 -4.450
104.320 -4.460
104.320 -4.470
104.320 -4.480
104.330 -4.490
104.330 -4.500
104.330 -4.520
104.340 -4.560
104.340 -4.590
104.340 -4.600
104.340 -4.610
104.330 -4.610
104.330 -4.620
104.320 -4.630
104.310 -4.630
104.310 -4.640
104.300 -4.640
104.300 -4.650
104.300 -4.660
104.290 -4.670
104.290 -4.680
104.290 -4.690
104.300 -4.690
104.310 -4.690
104.310 -4.700
104.320 -4.700
104.320 -4.710
104.310 -4.710
104.310 -4.720
104.320 -4.730
104.320 -4.740
104.320 -4.750
104.330 -4.760
104.340 -4.760
104.340 -4.770
104.340 -4.780
104.350 -4.780
104.360 -4.780
104.360 -4.790
104.370 -4.800
104.370 -4.810
104.370 -4.820
104.360 -4.830
104.360 -4.840
104.360 -4.850
104.350 -4.850
104.340 -4.860
104.340 -4.870
104.330 -4.870
104.320 -4.870
104.320 -4.880
104.310 -4.880
104.300 -4.880
104.290 -4.870
104.280 -4.870
104.270 -4.870
104.260 -4.880
104.250 -4.880
104.240 -4.880
104.230 -4.880
104.230 -4.870
104.220 -4.870
104.220 -4.860
104.210 -4.860
104.200 -4.860
104.190 -4.860
104.190 -4.870
104.190 -4.880
104.180 -4.880
104.180 -4.890
104.170 -4.900
104.160 -4.910
104.150 -4.920
104.140 -4.920
104.140 -4.910
104.130 -4.920
104.120 -4.920
104.110 -4.920
104.100 -4.920
104.100 -4.910
104.090 -4.910
104.080 -4.910
104.080 -4.900
104.070 -4.900
104.070 -4.890
104.060 -4.890
104.050 -4.890
104.050 -4.900
104.030 -4.900
104.010 -4.900
103.980 -4.910
103.970 -4.910
103.960 -4.910
103.930 -4.880
103.930 -4.890
103.930 -4.900
103.930 -4.910
103.930 -4.920
103.920 -4.930
103.920 -4.940
103.920 -4.950
103.920 -4.960
103.910 -4.960
103.900 -4.950
103.890 -4.940
103.880 -4.940
103.880 -4.930
103.880 -4.920
103.870 -4.920
103.860 -4.920
103.850 -4.920
103.840 -4.920
103.840 -4.910
103.850 -4.900
103.850 -4.890
103.860 -4.890
103.860 -4.880
103.870 -4.880
103.870 -4.870
103.870 -4.860
103.870 -4.850
103.860 -4.840
103.850 -4.830
103.840 -4.820
103.830 -4.820
103.820 -4.820
103.820 -4.810
103.820 -4.800
103.820 -4.790
103.810 -4.790
103.800 -4.790
103.790 -4.790
103.780 -4.790
103.780 -4.780
103.780 -4.770
103.780 -4.760
103.770 -4.750
103.760 -4.740
103.750 -4.740
103.740 -4.740
103.730 -4.740
103.730 -4.730
103.720 -4.730
103.710 -4.730
103.700 -4.720
103.700 -4.710
103.700 -4.700
103.710 -4.700
103.700 -4.690
103.700 -4.680
103.700 -4.670
103.700 -4.660
103.690 -4.650
103.690 -4.640
103.690 -4.630
103.680 -4.630
103.670 -4.630
103.670 -4.620
103.660 -4.610
103.650 -4.600
103.640 -4.600
103.640 -4.590
103.630 -4.590
103.620 -4.590
103.610 -4.600
103.600 -4.600
103.600 -4.590
103.610 -4.580
103.620 -4.570
103.630 -4.570
103.630 -4.560
103.640 -4.550
103.630 -4.550
103.620 -4.540
103.620 -4.530
103.610 -4.530
103.600 -4.530
103.590 -4.530
103.570 -4.530
103.560 -4.540
103.550 -4.560
103.530 -4.580
103.510 -4.580
103.500 -4.580
103.480 -4.570
103.470 -4.560
103.450 -4.540
103.430 -4.530
103.420 -4.520
103.410 -4.520
103.410 -4.500
103.420 -4.490
103.430 -4.470
103.430 -4.450
103.430 -4.430
103.440 -4.410
103.450 -4.380
103.470 -4.360
103.480 -4.350
103.470 -4.350
103.470 -4.340
103.470 -4.330
103.460 -4.320
103.450 -4.320
103.450 -4.330
103.440 -4.330
103.430 -4.330
103.430 -4.320
103.420 -4.320
103.410 -4.320
103.400 -4.310
103.400 -4.320
103.390 -4.320
103.380 -4.320
103.370 -4.320
103.360 -4.310
103.350 -4.300
103.340 -4.290
103.330 -4.290
103.320 -4.290
103.320 -4.280
103.310 -4.280
103.310 -4.270
103.300 -4.260
103.290 -4.260
103.280 -4.260
103.270 -4.250
103.260 -4.250
103.250 -4.250
103.240 -4.250
103.230 -4.250
103.230 -4.240
103.220 -4.240
103.210 -4.240
103.200 -4.240
103.190 -4.240
103.180 -4.240
103.170 -4.240
103.150 -4.250
103.120 -4.250
103.100 -4.250
103.090 -4.250
103.080 -4.260
103.070 -4.250
103.060 -4.240
103.060 -4.220
103.070 -4.210
103.080 -4.200
103.060 -4.190
103.050 -4.180
103.030 -4.170
103.020 -4.160
103.010 -4.160
103.000 -4.150
102.990 -4.140
102.970 -4.120
102.960 -4.110
102.940 -4.110
102.930 -4.090
102.930 -4.080
102.930 -4.060
102.930 -4.050
102.940 -4.050
102.950 -4.050
102.960 -4.060
102.980 -4.050
103.000 -4.030
103.000 -4.020
102.990 -4.020
102.980 -4.020
102.970 -4.020
102.960 -4.010
102.950 -4.010
102.950 -4.000
102.940 -4.000
102.940 -3.990
102.940 -3.980
102.930 -3.980
102.920 -3.980
102.920 -3.970
102.910 -3.970
102.900 -3.970
102.890 -3.970
102.890 -3.980
102.880 -3.980
102.870 -3.980
102.860 -3.980
102.850 -3.980
102.840 -3.970
102.830 -3.970
102.820 -3.970
102.810 -3.960
102.800 -3.960
102.790 -3.950
102.790 -3.940
102.780 -3.940
102.780 -3.930
102.770 -3.930
102.770 -3.920
102.770 -3.910
102.760 -3.910
102.750 -3.910
102.750 -3.900
102.750 -3.890
102.740 -3.890
102.730 -3.890
102.730 -3.880
102.720 -3.870
102.710 -3.870
102.710 -3.860
102.700 -3.860
102.690 -3.860
102.680 -3.860
102.680 -3.850
102.680 -3.840
102.680 -3.830
102.670 -3.830
102.670 -3.820
102.660 -3.820
102.650 -3.810
102.640 -3.810
102.630 -3.810
102.620 -3.810
102.620 -3.800
102.620 -3.790
102.630 -3.790
102.640 -3.790
102.650 -3.790
102.650 -3.780
102.660 -3.770
102.670 -3.760
102.680 -3.760
102.690 -3.760
102.700 -3.760
102.700 -3.750
102.710 -3.750
102.730 -3.750
102.730 -3.740
102.740 -3.730
102.740 -3.720
102.730 -3.710
102.740 -3.700
102.740 -3.690
102.740 -3.680
102.740 -3.670
102.750 -3.670
102.750 -3.660
102.760 -3.650
102.760 -3.640
102.770 -3.640
102.780 -3.630
102.790 -3.630
102.800 -3.620
102.810 -3.620
102.810 -3.610
102.810 -3.600
102.810 -3.590
102.810 -3.580
102.810 -3.570
102.810 -3.560
102.800 -3.560
102.810 -3.550
102.810 -3.540
102.810 -3.530
102.820 -3.520
102.820 -3.530
102.830 -3.530
102.840 -3.530
102.840 -3.540
102.850 -3.540
102.860 -3.550
102.860 -3.560
102.870 -3.560
102.880 -3.570
102.880 -3.580
102.890 -3.590
102.890 -3.600
102.900 -3.610
102.910 -3.620
102.910 -3.610
102.920 -3.600
102.930 -3.590
102.940 -3.580
102.950 -3.580
102.950 -3.570
102.960 -3.570
102.960 -3.560
102.960 -3.550
102.970 -3.540
102.970 -3.530
102.980 -3.530
102.980 -3.520
102.990 -3.520
102.990 -3.510
102.990 -3.500
102.990 -3.490
103.000 -3.490
103.000 -3.480
103.000 -3.470
103.000 -3.460
103.000 -3.450
103.000 -3.440
103.000 -3.430
103.000 -3.420
103.000 -3.410
103.000 -3.400
103.010 -3.400
103.010 -3.390
103.000 -3.380
103.000 -3.370
102.990 -3.370
102.980 -3.370
102.970 -3.370
102.960 -3.360
102.950 -3.360
102.950 -3.370
102.940 -3.370
102.930 -3.370
102.920 -3.370
102.920 -3.380
102.910 -3.380
102.900 -3.380
102.890 -3.370
102.890 -3.360
102.890 -3.350
102.890 -3.340
102.900 -3.340
102.900 -3.330
102.890 -3.330
102.880 -3.330
102.880 -3.340
102.870 -3.340
102.870 -3.350
102.860 -3.340
102.850 -3.340
102.840 -3.340
102.840 -3.330
102.830 -3.330
102.820 -3.340
102.810 -3.340
102.810 -3.330
102.810 -3.320
102.800 -3.320
102.800 -3.310
102.800 -3.300
102.800 -3.290
102.790 -3.290
102.780 -3.280
102.780 -3.290
102.770 -3.290
102.760 -3.300
102.750 -3.300
102.750 -3.310
102.740 -3.310
102.730 -3.320
102.720 -3.320
102.710 -3.320
102.700 -3.320
102.690 -3.320
102.680 -3.320
102.670 -3.330
102.660 -3.330
102.650 -3.340
102.640 -3.350
102.630 -3.350
102.630 -3.340
102.620 -3.340
102.610 -3.340
102.600 -3.330
102.590 -3.330
102.570 -3.320
102.570 -3.310
102.560 -3.310
102.560 -3.300
102.550 -3.290
102.540 -3.290
102.530 -3.290
102.530 -3.280
102.520 -3.280
102.520 -3.270
102.510 -3.270
102.500 -3.260
102.500 -3.250
102.490 -3.250
102.490 -3.240
102.490 -3.230
102.500 -3.230
102.500 -3.220
102.500 -3.210
102.490 -3.210
102.490 -3.200
102.490 -3.190
102.490 -3.180
102.490 -3.170
102.490 -3.160
102.490 -3.150
102.490 -3.140
102.490 -3.130
102.490 -3.120
102.490 -3.110
102.480 -3.100
102.470 -3.090
102.470 -3.080
102.460 -3.070
102.450 -3.070
102.440 -3.060
102.430 -3.050
102.410 -3.050
102.400 -3.050
102.390 -3.040
102.390 -3.050
102.380 -3.050
102.370 -3.050
102.360 -3.060
102.350 -3.060
102.340 -3.060
102.330 -3.070
102.320 -3.070
102.310 -3.070
102.310 -3.060
102.300 -3.050
102.290 -3.040
102.280 -3.040
102.270 -3.040
102.260 -3.040
102.250 -3.030
102.250 -3.020
102.240 -3.020
102.240 -3.010
102.240 -3.000
102.230 -3.000
102.230 -2.990
102.230 -2.980
102.230 -2.970
102.230 -2.960
102.220 -2.960
102.220 -2.950
102.220 -2.940
102.220 -2.930
102.210 -2.920
102.200 -2.920
102.190 -2.920
102.190 -2.910
102.180 -2.910
102.180 -2.900
102.170 -2.900
102.160 -2.900
102.160 -2.890
102.150 -2.890
102.150 -2.880
102.140 -2.880
102.130 -2.880
102.130 -2.870
102.130 -2.860
102.130 -2.850
102.130 -2.840
102.120 -2.830
102.110 -2.830
102.110 -2.820
102.110 -2.810
102.100 -2.810
102.090 -2.810
102.080 -2.810
102.080 -2.800
102.070 -2.790
102.070 -2.780
102.060 -2.770
102.070 -2.760
102.070 -2.770
102.080 -2.770
102.090 -2.770
102.090 -2.760
102.100 -2.760
102.100 -2.750
102.100 -2.740
102.110 -2.740
102.120 -2.730
102.130 -2.730
102.140 -2.720
102.150 -2.720
102.160 -2.710
102.170 -2.710
102.180 -2.710
102.190 -2.710
102.200 -2.700
102.210 -2.700
102.220 -2.700
102.220 -2.690
102.230 -2.690
102.230 -2.680
102.230 -2.670
102.240 -2.670
102.240 -2.660
102.230 -2.660
102.230 -2.650
102.240 -2.640
102.240 -2.630
102.250 -2.630
102.250 -2.620
102.260 -2.620
102.270 -2.620
102.280 -2.620
102.290 -2.630
102.300 -2.630
102.300 -2.640
102.310 -2.640
102.310 -2.650
102.320 -2.650
102.330 -2.650
102.340 -2.650
102.350 -2.650
102.360 -2.650
102.370 -2.650
102.370 -2.660
102.380 -2.660
102.380 -2.670
102.390 -2.670
102.390 -2.680
102.400 -2.690
102.410 -2.690
102.420 -2.690
102.430 -2.690
102.440 -2.690
102.440 -2.700
102.450 -2.700
102.460 -2.700
102.470 -2.700
102.480 -2.700
102.490 -2.700
102.500 -2.700
102.510 -2.700
102.510 -2.690
102.520 -2.680
102.530 -2.680
102.540 -2.680
102.550 -2.680
102.560 -2.680
102.570 -2.680
102.580 -2.680
102.590 -2.690
102.590 -2.680
102.600 -2.680
102.600 -2.670
102.610 -2.670
102.620 -2.660
102.610 -2.640
102.620 -2.630
102.620 -2.620
102.630 -2.620
102.640 -2.620
102.650 -2.620
102.650 -2.610
102.660 -2.610
102.670 -2.610
102.670 -2.600
102.680 -2.600
102.690 -2.590
102.700 -2.590
102.710 -2.580
102.710 -2.570
102.720 -2.560
102.730 -2.560
102.730 -2.570
102.730 -2.580
102.740 -2.570
102.750 -2.560
102.760 -2.560
102.770 -2.560
102.780 -2.550
102.790 -2.550
102.790 -2.540
102.800 -2.530
102.790 -2.530
102.790 -2.520
102.800 -2.520
102.810 -2.520
102.810 -2.510
102.810 -2.500
102.810 -2.490
102.810 -2.480
102.820 -2.480
102.830 -2.470
102.840 -2.460
102.840 -2.450
102.850 -2.440
102.860 -2.440
102.860 -2.430
102.870 -2.430
102.870 -2.420
102.880 -2.420
102.880 -2.410
102.870 -2.410
102.870 -2.400
102.870 -2.390
102.860 -2.390
102.850 -2.390
102.840 -2.380
102.840 -2.370
102.840 -2.360
102.850 -2.360
102.850 -2.350
102.850 -2.340
102.860 -2.340
102.870 -2.340
102.860 -2.330
102.870 -2.320
102.870 -2.310
102.880 -2.310
102.880 -2.320
102.890 -2.320
102.900 -2.320
102.910 -2.320
102.920 -2.330
102.930 -2.330
102.940 -2.330
102.950 -2.330
102.950 -2.340
102.960 -2.330
102.970 -2.330
102.980 -2.330
102.980 -2.340
102.990 -2.340
103.000 -2.340
103.010 -2.340
103.010 -2.350
103.020 -2.350
103.030 -2.350
103.030 -2.340
103.030 -2.330
103.030 -2.320
103.040 -2.320
103.050 -2.320
103.060 -2.320
103.060 -2.330
103.060 -2.340
103.070 -2.340
103.080 -2.340
103.090 -2.340
103.090 -2.350
103.100 -2.350
103.110 -2.350
103.120 -2.350
103.120 -2.360
103.130 -2.360
103.130 -2.350
103.140 -2.350
103.140 -2.340
103.150 -2.340
103.160 -2.340
103.170 -2.340
103.170 -2.330
103.180 -2.330
103.190 -2.330
103.190 -2.320
103.200 -2.320
103.210 -2.320
103.210 -2.310
103.200 -2.300
103.210 -2.290
103.200 -2.280
103.200 -2.270
103.190 -2.260
103.190 -2.250
103.180 -2.250
103.170 -2.250
103.170 -2.240
103.160 -2.240
103.160 -2.230
103.170 -2.230
103.160 -2.220
103.170 -2.220
103.170 -2.210
103.180 -2.210
103.180 -2.200
103.180 -2.190
103.190 -2.190
103.190 -2.180
103.200 -2.180
103.210 -2.180
103.210 -2.170
103.220 -2.170
103.220 -2.160
103.220 -2.150
103.220 -2.140
103.230 -2.140
103.240 -2.140
103.250 -2.140
103.260 -2.140
103.260 -2.150
103.270 -2.150
103.280 -2.160
103.280 -2.170
103.290 -2.180
103.290 -2.190
103.290 -2.200
103.300 -2.200
103.300 -2.210
103.290 -2.210
103.290 -2.220
103.300 -2.230
103.300 -2.240
103.310 -2.240
103.320 -2.240
103.320 -2.250
103.330 -2.250
103.330 -2.260
103.330 -2.270
103.340 -2.270
103.350 -2.270
103.350 -2.280
103.360 -2.280
103.360 -2.290
103.370 -2.290
103.380 -2.290
103.380 -2.300
103.390 -2.310
103.390 -2.320
103.400 -2.320
103.400 -2.330
103.410 -2.340
103.420 -2.340
103.430 -2.340
103.440 -2.350
103.440 -2.360
103.450 -2.360
103.450 -2.350
103.450 -2.340
103.460 -2.340
103.450 -2.330
103.450 -2.320
103.440 -2.310
103.450 -2.310
103.450 -2.300
103.460 -2.300
103.460 -2.290
103.450 -2.280
103.450 -2.270
103.460 -2.270
103.460 -2.260
103.450 -2.260
103.450 -2.250
103.450 -2.240
103.450 -2.230
103.450 -2.220
103.440 -2.220
103.440 -2.210
103.450 -2.210
103.450 -2.200
103.450 -2.190
103.450 -2.180
103.460 -2.180
103.470 -2.180
103.480 -2.180
103.490 -2.180
103.500 -2.180
103.500 -2.170
103.510 -2.170
103.520 -2.170
103.520 -2.160
103.530 -2.160
103.540 -2.160
103.540 -2.150
103.550 -2.150
103.550 -2.140
103.550 -2.130
103.540 -2.130
103.530 -2.120
103.530 -2.110
103.520 -2.110
103.520 -2.100
103.520 -2.090
103.520 -2.080
103.520 -2.070
103.520 -2.060
103.520 -2.050
103.520 -2.040
103.520 -2.030
103.530 -2.020
103.530 -2.010
103.530 -2.000
103.530 -1.990
103.530 -1.980
103.530 -1.970
103.540 -1.960
103.540 -1.950
103.540 -1.940
103.530 -1.940
103.530 -1.930
103.530 -1.920
103.540 -1.900
103.540 -1.890
103.550 -1.890
103.550 -1.880
103.560 -1.880
103.570 -1.870
103.580 -1.860
103.590 -1.860
103.610 -1.840
103.620 -1.830
103.630 -1.830
103.640 -1.830
103.650 -1.830
103.660 -1.820
103.670 -1.820
103.680 -1.820
103.690 -1.820
103.690 -1.810
103.700 -1.810
103.710 -1.810
103.720 -1.800
103.730 -1.800
103.750 -1.800
103.770 -1.800
103.780 -1.800
103.790 -1.800
103.800 -1.800
103.810 -1.800
103.820 -1.800
103.830 -1.790
103.840 -1.780
103.840 -1.770
103.840 -1.760
103.850 -1.760
103.860 -1.750
103.870 -1.750
103.880 -1.740
103.890 -1.740
103.890 -1.750
103.900 -1.750
103.910 -1.750
103.910 -1.740
103.920 -1.750
103.920 -1.760
103.930 -1.760
103.940 -1.760
103.940 -1.770
103.950 -1.770
103.960 -1.770
103.970 -1.770
103.980 -1.770
104.000 -1.770
104.010 -1.770
104.020 -1.770
104.030 -1.770
104.040 -1.770
104.050 -1.770
104.070 -1.770
104.070 -1.780
104.080 -1.780
104.090 -1.780
104.090 -1.790
104.100 -1.790
104.110 -1.780
104.120 -1.780
104.130 -1.780
104.140 -1.770
104.160 -1.770
104.170 -1.760
104.180 -1.760
104.190 -1.760
104.200 -1.750
104.210 -1.750
104.220 -1.750
104.220 -1.740
104.230 -1.740
104.240 -1.740
104.250 -1.740
104.260 -1.740
104.270 -1.750
104.280 -1.750
104.280 -1.740
104.290 -1.740
104.300 -1.740
104.320 -1.740
104.330 -1.730
104.340 -1.740
104.350 -1.740
104.350 -1.730
104.360 -1.720
104.360 -1.710
104.360 -1.700
104.360 -1.690
104.360 -1.680
104.360 -1.670
104.370 -1.670
104.370 -1.660
104.370 -1.650
104.370 -1.640
104.380 -1.640
104.390 -1.640
104.400 -1.640
104.410 -1.630
104.420 -1.630
104.430 -1.630
104.440 -1.630
104.440 -1.640
104.450 -1.640
104.460 -1.640
104.470 -1.650
104.480 -1.650
104.480 -1.660
104.490 -1.660
104.490 -1.670
104.500 -1.670
104.500 -1.680
104.510 -1.680
104.510 -1.690
104.520 -1.690
104.520 -1.700
104.520 -1.710
104.520 -1.720
104.530 -1.720
104.530 -1.730
104.540 -1.740
104.540 -1.750
104.540 -1.760
104.540 -1.770
104.540 -1.780
104.540 -1.790
104.530 -1.800
104.520 -1.800
104.520 -1.810
104.510 -1.810
104.510 -1.800
104.500 -1.800
104.500 -1.810
104.500 -1.820
104.490 -1.820
104.490 -1.830
104.480 -1.830
104.480 -1.840
104.480 -1.850
104.470 -1.850
104.470 -1.860
104.470 -1.870
104.480 -1.870
104.480 -1.880
104.480 -1.890
104.480 -1.900
104.470 -1.900
104.470 -1.910
104.480 -1.910
104.490 -1.910
104.490 -1.920
104.490 -1.930
104.500 -1.930
104.500 -1.940
104.500 -1.950
104.500 -1.960
104.500 -1.970
104.510 -1.970
104.510 -1.980
104.510 -1.990
104.520 -1.990
104.520 -1.980
104.530 -1.980
104.540 -1.980
104.540 -1.990
104.550 -1.990
104.560 -1.990
104.560 -2.000
104.550 -2.000
104.550 -2.010
104.560 -2.010
104.570 -2.010
104.570 -2.000
104.580 -2.000
104.580 -2.010
104.590 -2.010
104.600 -2.010
104.610 -2.010
104.610 -2.000
104.620 -2.000
104.620 -1.990
104.630 -1.990
104.640 -1.990
104.640 -1.980
104.630 -1.980
104.640 -1.970
104.650 -1.970
104.650 -1.960
104.660 -1.960
104.660 -1.970
104.670 -1.970
104.670 -1.980
104.680 -1.980
104.680 -1.990
104.690 -1.990
104.690 -2.000
104.680 -2.000
104.680 -2.010
104.670 -2.010
104.670 -2.020
104.670 -2.030
104.680 -2.030
104.680 -2.040
104.680 -2.050
104.690 -2.050
104.690 -2.040
104.690 -2.030
104.690 -2.020
104.690 -2.010
104.700 -2.010
104.710 -2.010
104.710 -2.000
104.720 -2.000
104.720 -1.990
104.730 -1.990
104.730 -2.000
104.740 -2.000
104.750 -2.000
104.760 -2.000
104.770 -2.000
104.780 -2.000
104.790 -2.000
104.800 -2.000
104.810 -2.000
104.820 -2.000
104.830 -2.000
104.830 -2.010
104.840 -2.010
104.850 -2.010
104.850 -2.020
104.860 -2.020
104.860 -2.030
104.870 -2.030
104.870 -2.040
104.870 -2.050
104.880 -2.050
104.880 -2.060
104.880 -2.070
104.890 -2.070
104.890 -2.080
104.890 -2.090
104.890 -2.100
104.900 -2.100
104.900 -2.110
104.900 -2.120
104.900 -2.130
104.900 -2.140
104.900 -2.150
104.900 -2.160
104.910 -2.160
104.910 -2.170
104.910 -2.180
104.910 -2.190
104.900 -2.190
104.900 -2.200
104.890 -2.200
104.890 -2.210
104.880 -2.210
104.880 -2.220
104.870 -2.220
104.860 -2.220
104.860 -2.230
104.850 -2.240
104.850 -2.250
104.840 -2.250
104.830 -2.250
104.820 -2.250
104.820 -2.260
104.810 -2.260
104.810 -2.270
104.800 -2.270
104.800 -2.280
104.790 -2.280
104.780 -2.280
104.780 -2.290
104.780 -2.300
104.770 -2.300
104.770 -2.310
104.760 -2.310
104.760 -2.320
104.760 -2.330
104.750 -2.330
104.750 -2.340
104.750 -2.350
104.750 -2.360
104.740 -2.360
104.730 -2.360
104.730 -2.350
104.720 -2.350
104.710 -2.350
104.710 -2.340
104.700 -2.340
104.690 -2.340
104.690 -2.350
104.680 -2.350
104.670 -2.350
104.670 -2.360
104.660 -2.360
104.650 -2.360
104.650 -2.370
104.640 -2.370
104.640 -2.380
104.650 -2.380
104.660 -2.380
104.670 -2.380
104.670 -2.370
104.680 -2.370
104.680 -2.360
104.690 -2.360
104.690 -2.350
104.700 -2.350
104.710 -2.350
104.710 -2.360
104.700 -2.360
104.700 -2.370
104.710 -2.370
104.720 -2.370
104.720 -2.380
104.730 -2.380
104.740 -2.380
104.740 -2.390
104.750 -2.390
104.760 -2.390
104.770 -2.390
104.780 -2.390
104.790 -2.390
104.790 -2.380
104.800 -2.380
104.800 -2.370
104.810 -2.370
104.810 -2.360
104.820 -2.360
104.820 -2.350
104.830 -2.350
104.830 -2.340
104.840 -2.340
104.840 -2.330
104.840 -2.320
104.840 -2.310
104.840 -2.300
104.840 -2.290
104.850 -2.290
104.850 -2.280
104.860 -2.280
104.870 -2.280
104.880 -2.280
104.890 -2.280
104.900 -2.280
104.910 -2.280
104.920 -2.280
104.920 -2.290
104.920 -2.300
104.920 -2.310
104.920 -2.320
104.910 -2.320
104.910 -2.330
104.910 -2.340
104.910 -2.350
104.910 -2.360
104.900 -2.360
104.900 -2.370
104.900 -2.380
104.910 -2.380
104.910 -2.390
104.920 -2.390
104.920 -2.400
104.920 -2.410
104.930 -2.410
104.930 -2.400
104.930 -2.390
104.930 -2.380
104.930 -2.370
104.930 -2.360
104.930 -2.350
104.930 -2.340
104.940 -2.340
104.940 -2.330
104.950 -2.330
104.960 -2.330
104.970 -2.330
104.980 -2.330
104.990 -2.330
105.000 -2.330
105.010 -2.330
105.010 -2.340
105.020 -2.340
105.030 -2.340
105.030 -2.350
105.040 -2.350
105.040 -2.360
105.040 -2.370
105.050 -2.370
105.050 -2.380
105.060 -2.380
105.060 -2.370
105.060 -2.360
105.070 -2.360
105.080 -2.360
105.090 -2.360
105.100 -2.360
105.100 -2.370
105.110 -2.370
105.110 -2.380
105.120 -2.380
105.120 -2.370
105.130 -2.370
105.140 -2.370
105.140 -2.360
105.150 -2.360
105.160 -2.360
105.160 -2.350
105.170 -2.350
105.170 -2.340
105.180 -2.340
105.190 -2.340
105.190 -2.330
105.200 -2.330
105.210 -2.330
105.220 -2.330
105.220 -2.340
105.230 -2.340
105.240 -2.340
105.240 -2.350
105.250 -2.350
105.260 -2.350
105.260 -2.360
105.270 -2.360
105.280 -2.360
105.280 -2.370
105.290 -2.370
105.300 -2.370
105.310 -2.370
105.320 -2.370
105.320 -2.380
105.330 -2.380
105.340 -2.380
105.350 -2.380
105.360 -2.380
105.370 -2.380
105.380 -2.380
105.390 -2.380
105.390 -2.390
105.400 -2.390
105.410 -2.390
105.420 -2.390
105.430 -2.390
105.440 -2.390
105.450 -2.390
105.460 -2.390
105.470 -2.390
105.480 -2.390
105.490 -2.390
105.500 -2.390
105.510 -2.390
105.520 -2.390
105.520 -2.400
105.530 -2.400
105.540 -2.400
105.550 -2.400
105.560 -2.400
105.570 -2.410
105.560 -2.410
105.550 -2.420
105.560 -2.420
105.570 -2.420
105.580 -2.420
105.590 -2.420
105.590 -2.410
105.600 -2.410
105.600 -2.400
105.610 -2.400
105.610 -2.390
105.620 -2.390
105.620 -2.400
105.630 -2.400
105.630 -2.410
105.630 -2.420
105.630 -2.430
105.630 -2.440
105.630 -2.450
105.630 -2.460
105.620 -2.460
105.620 -2.470
105.620 -2.480
105.620 -2.490
105.610 -2.490
105.610 -2.500
105.610 -2.510
105.610 -2.520
105.600 -2.520
105.600 -2.530
105.600 -2.540
105.600 -2.550
105.600 -2.560
105.610 -2.560
105.610 -2.570
105.610 -2.580
105.610 -2.590
105.610 -2.600
105.620 -2.600
105.620 -2.610
105.620 -2.620
105.620 -2.630
105.630 -2.630
105.630 -2.640
105.640 -2.640
105.640 -2.650
105.650 -2.650
105.650 -2.660
105.660 -2.660
105.660 -2.670
105.670 -2.670
105.670 -2.680
105.680 -2.680
105.690 -2.680
105.700 -2.680
105.700 -2.690
105.710 -2.690
105.720 -2.690
105.730 -2.690
105.740 -2.690
105.750 -2.690
105.760 -2.690
105.760 -2.680
105.770 -2.680
105.780 -2.680
105.780 -2.690
105.780 -2.700
105.780 -2.710
105.790 -2.710
105.790 -2.720
105.790 -2.730
105.790 -2.740
105.790 -2.750
105.790 -2.760
105.790 -2.770
105.790 -2.780
105.790 -2.790
105.790 -2.800
105.780 -2.800
105.780 -2.810
105.780 -2.820
105.780 -2.830
105.780 -2.840
105.780 -2.850
105.780 -2.860
105.790 -2.860
105.790 -2.870
105.790 -2.880
105.790 -2.890
105.800 -2.890
105.800 -2.900
105.810 -2.900
105.810 -2.910
105.810 -2.920
105.820 -2.920
105.820 -2.930
105.830 -2.930
105.840 -2.930
105.840 -2.940
105.840 -2.950
105.850 -2.950
105.860 -2.950
105.860 -2.960
105.870 -2.960
105.880 -2.960
105.890 -2.970
105.890 -2.960
105.900 -2.960
105.910 -2.960
105.920 -2.960
105.930 -2.960
105.940 -2.960
105.950 -2.960
105.950 -2.950
105.960 -2.950
105.970 -2.950
105.970 -2.960
105.980 -2.960
105.980 -2.970
105.990 -2.970
106.000 -2.970
106.010 -2.970
106.020 -2.970
106.030 -2.970
106.030 -2.980
106.040 -2.980
106.040 -2.990
106.050 -2.990
106.050 -3.000
106.050 -3.010
106.050 -3.020
106.050 -3.030
106.050 -3.040
106.050 -3.050
106.060 -3.050
106.060 -3.060
106.060 -3.070
106.060 -3.080
106.050 -3.080
106.050 -3.090
106.050 -3.100
106.050 -3.110
106.050 -3.120
106.050 -3.130
106.050 -3.140
106.060 -3.140
106.060 -3.150
106.060 -3.160
106.070 -3.160
106.070 -3.170
106.070 -3.180
106.080 -3.180
106.080 -3.190
106.080 -3.200
106.090 -3.200
106.090 -3.210
106.090 -3.220
106.100 -3.220
106.100 -3.230
106.100 -3.240
106.090 -3.240
106.090 -3.250
106.090 -3.260
106.080 -3.260
106.070 -3.260
106.070 -3.270
106.060 -3.270
106.060 -3.280
106.050 -3.280
106.040 -3.280
106.040 -3.290
106.030 -3.290
106.020 -3.290
106.010 -3.290
106.010 -3.300
106.000 -3.300
106.000 -3.310
105.990 -3.310
105.980 -3.310
105.980 -3.320
105.970 -3.320
105.970 -3.330
105.960 -3.330
105.960 -3.340
105.950 -3.340
105.950 -3.350
105.940 -3.350
105.940 -3.360
105.930 -3.360
105.930 -3.370
105.920 -3.370
105.920 -3.380
105.920 -3.390
105.910 -3.390
105.910 -3.400
105.900 -3.400
105.900 -3.410
105.900 -3.420
105.890 -3.420
105.890 -3.430
105.890 -3.440
105.880 -3.440
105.880 -3.450
105.880 -3.460
105.870 -3.460
105.870 -3.470
105.870 -3.480
105.870 -3.490
105.860 -3.490
105.860 -3.500
105.860 -3.510
105.850 -3.510
105.850 -3.520
105.850 -3.530
105.840 -3.530
105.840 -3.540
105.840 -3.550
105.840 -3.560
105.830 -3.570
105.830 -3.580
105.830 -3.590
105.820 -3.590
105.830 -3.600
105.830 -3.610
105.820 -3.610
105.820 -3.620
105.820 -3.630
105.820 -3.640
105.820 -3.650
105.820 -3.660
105.820 -3.670
105.820 -3.680
105.820 -3.690
105.830 -3.690
105.830 -3.700
105.830 -3.710
105.830 -3.720
105.840 -3.720
105.840 -3.730
105.850 -3.730
105.850 -3.740
105.860 -3.740
105.870 -3.740
105.870 -3.750
105.880 -3.750
105.890 -3.750
105.890 -3.760
105.900 -3.760
105.910 -3.760
105.910 -3.770
105.920 -3.770
105.930 -3.770
105.930 -3.780
105.930 -3.790
105.940 -3.790
105.940 -3.800
105.950 -3.800
105.950 -3.810
105.960 -3.810
105.960 -3.820
105.960 -3.830
105.960 -3.840
105.960 -3.850
105.960 -3.860
105.950 -3.860
105.950 -3.870
105.950 -3.880
105.940 -3.880
105.940 -3.890
105.930 -3.890
105.930 -3.900
105.930 -3.910
105.920 -3.910
105.920 -3.920
105.920 -3.930
105.910 -3.930
105.910 -3.940
105.900 -3.940
105.900 -3.950
105.900 -3.960
105.890 -3.960
105.890 -3.970
105.890 -3.980
105.880 -3.980
105.880 -3.990
105.880 -4.000
105.870 -4.000
105.870 -4.010
105.870 -4.020
105.870 -4.030
105.860 -4.030
105.860 -4.040
105.860 -4.050
105.860 -4.060
105.860 -4.070
105.850 -4.080
105.850 -4.090
105.850 -4.100
105.850 -4.110
105.850 -4.120
105.840 -4.130
105.850 -4.140
105.850 -4.150
105.850 -4.160
105.840 -4.160
105.830 -4.160
105.820 -4.160
105.820 -4.150
105.820 -4.140
105.820 -4.130
105.810 -4.130
105.810 -4.120
105.800 -4.120
105.790 -4.120
105.780 -4.110
105.770 -4.110
105.770 -4.120
105.770 -4.130
105.760 -4.140
105.750 -4.140
105.740 -4.140
105.730 -4.140
105.730 -4.130
105.720 -4.130
105.710 -4.130
105.700 -4.140
105.700 -4.130
105.700 -4.120
105.710 -4.110
105.710 -4.100
105.700 -4.100
105.690 -4.100
105.680 -4.100
105.680 -4.090
105.680 -4.080
105.680 -4.070
105.670 -4.070
105.670 -4.080
105.670 -4.090
105.660 -4.090
105.650 -4.090
105.650 -4.080
105.650 -4.070
105.640 -4.060
105.650 -4.060
105.660 -4.060
105.660 -4.050
105.650 -4.050
105.640 -4.050
105.630 -4.050
105.630 -4.040
105.620 -4.040
105.620 -4.050
105.620 -4.060
105.610 -4.060
105.610 -4.050
105.600 -4.050
105.600 -4.040
105.610 -4.040
105.610 -4.030
105.610 -4.020
105.620 -4.020
105.620 -4.010
105.630 -4.010
105.630 -4.000
105.620 -4.000
105.620 -3.990
105.610 -3.990
105.610 -3.980
105.610 -3.970
105.600 -3.970
105.600 -3.960
105.590 -3.960
105.590 -3.950
105.600 -3.950
105.610 -3.950
105.610 -3.940
105.600 -3.940
105.600 -3.930
105.590 -3.930
105.580 -3.930
105.580 -3.940
105.570 -3.940
105.570 -3.930
105.560 -3.930
105.560 -3.920
105.570 -3.910
105.570 -3.900
105.560 -3.900
105.560 -3.890
105.550 -3.890
105.550 -3.880
105.540 -3.880
105.540 -3.890
105.530 -3.890
105.530 -3.900
105.520 -3.890
105.510 -3.880
105.510 -3.870
105.520 -3.860
105.520 -3.850
105.520 -3.840
105.510 -3.840
105.500 -3.840
105.490 -3.840
105.480 -3.830
105.480 -3.820
105.470 -3.820
105.470 -3.830
105.460 -3.830
105.450 -3.830
105.440 -3.830
105.430 -3.820
105.430 -3.810
105.430 -3.800
105.430 -3.790
105.420 -3.780
105.410 -3.780
105.400 -3.780
105.390 -3.780
105.380 -3.780
105.380 -3.790
105.370 -3.790
105.370 -3.800
105.360 -3.800
105.350 -3.800
105.350 -3.790
105.350 -3.780
105.350 -3.770
105.350 -3.760
105.350 -3.750
105.340 -3.740
105.340 -3.730
105.330 -3.730
105.320 -3.730
105.320 -3.740
105.310 -3.750
105.310 -3.760
105.310 -3.770
105.310 -3.780
105.310 -3.790
105.300 -3.790
105.300 -3.800
105.290 -3.800
105.280 -3.800
105.280 -3.810
105.280 -3.820
105.280 -3.830
105.290 -3.830
105.290 -3.840
105.290 -3.850
105.290 -3.860
105.280 -3.860
105.280 -3.870
105.280 -3.880
105.270 -3.880
105.260 -3.890
105.260 -3.900
105.250 -3.900
105.250 -3.910
105.240 -3.910
105.230 -3.900
105.230 -3.890
105.220 -3.890
105.220 -3.900
105.210 -3.900
105.210 -3.890
105.200 -3.890
105.200 -3.900
105.190 -3.900
105.180 -3.910
105.170 -3.910
105.170 -3.920
105.170 -3.930
105.170 -3.940
105.160 -3.940
105.150 -3.940
105.150 -3.930
105.140 -3.930
105.140 -3.940
105.140 -3.950
105.150 -3.960
105.140 -3.960
105.140 -3.970
105.140 -3.980
105.130 -3.980
105.130 -3.990
105.130 -4.000
105.120 -4.000
105.110 -4.000
105.110 -4.010
105.110 -4.020
105.120 -4.030
105.120 -4.040
105.120 -4.050
105.110 -4.050
105.100 -4.050
105.090 -4.050
105.090 -4.060
105.080 -4.070
105.080 -4.080
105.070 -4.090
105.060 -4.100
105.060 -4.110
105.070 -4.110
105.070 -4.120
105.060 -4.120
105.060 -4.130
105.050 -4.130
105.050 -4.140
105.040 -4.140
105.030 -4.140
105.030 -4.150
105.030 -4.160
105.020 -4.160
105.020 -4.170
REGION 2
900
106.020 -1.640
106.020 -1.650
106.020 -1.660
106.030 -1.670
106.030 -1.680
106.040 -1.690
106.040 -1.700
106.050 -1.700
106.050 -1.710
106.060 -1.710
106.060 -1.720
106.060 -1.730
106.070 -1.730
106.070 -1.740
106.070 -1.750
106.080 -1.750
106.080 -1.760
106.090 -1.760
106.090 -1.770
106.090 -1.780
106.100 -1.780
106.100 -1.790
106.110 -1.790
106.110 -1.800
106.120 -1.800
106.130 -1.800
106.130 -1.810
106.120 -1.810
106.120 -1.820
106.120 -1.830
106.120 -1.840
106.130 -1.840
106.130 -1.850
106.140 -1.850
106.140 -1.860
106.150 -1.860
106.150 -1.870
106.160 -1.870
106.170 -1.870
106.170 -1.880
106.180 -1.880
106.180 -1.890
106.190 -1.890
106.190 -1.900
106.180 -1.910
106.170 -1.910
106.170 -1.920
106.160 -1.930
106.160 -1.940
106.160 -1.950
106.160 -1.960
106.160 -1.970
106.150 -1.970
106.150 -1.980
106.150 -1.990
106.150 -2.000
106.150 -2.010
106.150 -2.020
106.160 -2.020
106.160 -2.030
106.160 -2.040
106.160 -2.050
106.160 -2.060
106.160 -2.070
106.160 -2.080
106.160 -2.090
106.160 -2.100
106.170 -2.100
106.170 -2.110
106.170 -2.120
106.180 -2.120
106.180 -2.130
106.180 -2.140
106.180 -2.150
106.180 -2.160
106.190 -2.160
106.190 -2.170
106.190 -2.180
106.200 -2.180
106.200 -2.190
106.200 -2.200
106.210 -2.200
106.210 -2.210
106.210 -2.220
106.210 -2.230
106.210 -2.240
106.220 -2.240
106.220 -2.250
106.230 -2.250
106.230 -2.260
106.220 -2.260
106.220 -2.270
106.220 -2.280
106.230 -2.280
106.230 -2.290
106.230 -2.300
106.230 -2.310
106.230 -2.320
106.240 -2.320
106.240 -2.330
106.240 -2.340
106.250 -2.340
106.250 -2.350
106.260 -2.350
106.260 -2.360
106.270 -2.360
106.270 -2.370
106.270 -2.380
106.280 -2.380
106.280 -2.390
106.280 -2.400
106.290 -2.400
106.290 -2.410
106.300 -2.410
106.300 -2.420
106.310 -2.420
106.310 -2.430
106.320 -2.430
106.320 -2.440
106.330 -2.440
106.330 -2.450
106.340 -2.450
106.340 -2.460
106.350 -2.460
106.360 -2.460
106.360 -2.470
106.370 -2.470
106.380 -2.470
106.380 -2.480
106.390 -2.480
106.400 -2.480
106.410 -2.480
106.420 -2.480
106.430 -2.480
106.440 -2.480
106.440 -2.470
106.450 -2.470
106.450 -2.480
106.460 -2.480
106.470 -2.480
106.470 -2.490
106.480 -2.490
106.480 -2.500
106.490 -2.500
106.500 -2.500
106.500 -2.510
106.510 -2.510
106.520 -2.510
106.530 -2.510
106.540 -2.510
106.550 -2.510
106.550 -2.520
106.560 -2.520
106.570 -2.520
106.580 -2.520
106.590 -2.520
106.590 -2.530
106.600 -2.530
106.610 -2.530
106.620 -2.530
106.630 -2.530
106.640 -2.530
106.640 -2.540
106.650 -2.540
106.660 -2.540
106.670 -2.540
106.680 -2.540
106.690 -2.540
106.700 -2.540
106.710 -2.550
106.720 -2.550
106.730 -2.550
106.740 -2.550
106.750 -2.550
106.750 -2.560
106.760 -2.560
106.770 -2.560
106.780 -2.560
106.790 -2.560
106.800 -2.560
106.810 -2.570
106.820 -2.570
106.830 -2.570
106.840 -2.570
106.840 -2.580
106.840 -2.590
106.830 -2.590
106.820 -2.590
106.820 -2.580
106.810 -2.580
106.800 -2.580
106.790 -2.580
106.790 -2.590
106.780 -2.590
106.780 -2.600
106.770 -2.600
106.760 -2.600
106.750 -2.600
106.750 -2.610
106.740 -2.610
106.740 -2.620
106.730 -2.620
106.730 -2.630
106.720 -2.630
106.720 -2.640
106.710 -2.640
106.710 -2.650
106.700 -2.650
106.700 -2.660
106.690 -2.660
106.690 -2.670
106.690 -2.680
106.680 -2.680
106.680 -2.690
106.670 -2.690
106.670 -2.700
106.670 -2.710
106.660 -2.710
106.660 -2.720
106.660 -2.730
106.650 -2.730
106.650 -2.740
106.650 -2.750
106.650 -2.760
106.640 -2.760
106.640 -2.770
106.640 -2.780
106.640 -2.790
106.630 -2.790
106.630 -2.800
106.630 -2.810
106.620 -2.810
106.620 -2.820
106.620 -2.830
106.620 -2.840
106.610 -2.840
106.610 -2.850
106.610 -2.860
106.600 -2.860
106.600 -2.870
106.600 -2.880
106.600 -2.890
106.590 -2.890
106.590 -2.900
106.590 -2.910
106.590 -2.920
106.590 -2.930
106.590 -2.940
106.590 -2.950
106.600 -2.950
106.600 -2.960
106.610 -2.960
106.620 -2.970
106.620 -2.960
106.630 -2.960
106.630 -2.970
106.640 -2.970
106.650 -2.970
106.650 -2.980
106.660 -2.980
106.670 -2.980
106.680 -2.970
106.680 -2.980
106.680 -2.990
106.690 -2.990
106.690 -3.000
106.700 -3.000
106.710 -3.010
106.710 -3.000
106.720 -3.000
106.720 -3.010
106.730 -3.010
106.740 -3.010
106.740 -3.020
106.730 -3.030
106.730 -3.040
106.730 -3.050
106.740 -3.050
106.740 -3.060
106.740 -3.070
106.730 -3.070
106.740 -3.080
106.740 -3.090
106.730 -3.090
106.730 -3.080
106.720 -3.080
106.710 -3.090
106.710 -3.100
106.700 -3.100
106.700 -3.090
106.690 -3.090
106.680 -3.090
106.670 -3.090
106.670 -3.100
106.660 -3.100
106.660 -3.090
106.650 -3.090
106.650 -3.080
106.640 -3.080
106.630 -3.080
106.620 -3.080
106.620 -3.090
106.610 -3.090
106.610 -3.080
106.600 -3.080
106.590 -3.080
106.580 -3.080
106.570 -3.080
106.560 -3.080
106.560 -3.090
106.550 -3.090
106.550 -3.100
106.540 -3.100
106.530 -3.100
106.530 -3.110
106.520 -3.110
106.510 -3.110
106.500 -3.110
106.500 -3.100
106.500 -3.090
106.490 -3.090
106.500 -3.080
106.500 -3.070
106.500 -3.060
106.490 -3.060
106.490 -3.050
106.490 -3.040
106.480 -3.040
106.480 -3.030
106.470 -3.030
106.470 -3.020
106.460 -3.020
106.450 -3.020
106.450 -3.010
106.440 -3.010
106.440 -3.000
106.440 -2.990
106.440 -2.980
106.430 -2.980
106.430 -2.970
106.420 -2.970
106.410 -2.970
106.400 -2.970
106.390 -2.970
106.380 -2.970
106.370 -2.970
106.360 -2.970
106.350 -2.970
106.340 -2.970
106.330 -2.970
106.330 -2.960
106.330 -2.950
106.330 -2.940
106.320 -2.940
106.320 -2.930
106.310 -2.930
106.310 -2.920
106.300 -2.920
106.290 -2.920
106.290 -2.910
106.280 -2.910
106.280 -2.900
106.270 -2.900
106.260 -2.900
106.250 -2.900
106.240 -2.900
106.230 -2.900
106.230 -2.890
106.220 -2.890
106.210 -2.880
106.200 -2.880
106.190 -2.880
106.190 -2.870
106.180 -2.870
106.170 -2.870
106.160 -2.870
106.150 -2.870
106.150 -2.880
106.140 -2.880
106.140 -2.870
106.140 -2.860
106.130 -2.860
106.130 -2.850
106.120 -2.850
106.110 -2.850
106.110 -2.840
106.100 -2.840
106.090 -2.840
106.080 -2.840
106.080 -2.830
106.070 -2.830
106.060 -2.830
106.050 -2.830
106.040 -2.830
106.030 -2.830
106.020 -2.830
106.010 -2.830
106.010 -2.820
106.000 -2.820
105.990 -2.820
105.980 -2.820
105.970 -2.820
105.960 -2.820
105.950 -2.820
105.950 -2.810
105.950 -2.800
105.960 -2.800
105.960 -2.790
105.950 -2.790
105.950 -2.780
105.950 -2.770
105.940 -2.770
105.940 -2.760
105.930 -2.760
105.930 -2.750
105.920 -2.750
105.920 -2.740
105.920 -2.730
105.920 -2.720
105.920 -2.710
105.910 -2.710
105.910 -2.700
105.910 -2.690
105.900 -2.680
105.900 -2.670
105.900 -2.660
105.900 -2.650
105.890 -2.650
105.890 -2.640
105.890 -2.630
105.890 -2.620
105.900 -2.620
105.900 -2.610
105.900 -2.600
105.890 -2.600
105.890 -2.590
105.900 -2.590
105.900 -2.580
105.910 -2.580
105.910 -2.570
105.910 -2.560
105.910 -2.550
105.920 -2.550
105.920 -2.540
105.930 -2.540
105.930 -2.530
105.930 -2.520
105.930 -2.510
105.930 -2.500
105.940 -2.500
105.940 -2.490
105.930 -2.490
105.930 -2.480
105.930 -2.470
105.930 -2.460
105.920 -2.460
105.920 -2.450
105.910 -2.440
105.900 -2.440
105.890 -2.440
105.890 -2.430
105.880 -2.430
105.870 -2.430
105.860 -2.420
105.850 -2.420
105.840 -2.420
105.840 -2.410
105.830 -2.410
105.830 -2.400
105.830 -2.390
105.820 -2.390
105.810 -2.380
105.810 -2.370
105.800 -2.370
105.800 -2.360
105.810 -2.360
105.810 -2.350
105.810 -2.340
105.820 -2.340
105.820 -2.330
105.830 -2.330
105.830 -2.320
105.830 -2.310
105.820 -2.310
105.820 -2.300
105.810 -2.300
105.810 -2.290
105.810 -2.280
105.810 -2.270
105.800 -2.270
105.800 -2.260
105.790 -2.260
105.790 -2.250
105.790 -2.240
105.790 -2.230
105.790 -2.220
105.790 -2.210
105.790 -2.200
105.790 -2.190
105.790 -2.180
105.790 -2.170
105.780 -2.170
105.780 -2.160
105.770 -2.160
105.760 -2.160
105.760 -2.150
105.760 -2.140
105.750 -2.140
105.740 -2.140
105.740 -2.130
105.730 -2.130
105.720 -2.130
105.720 -2.120
105.710 -2.120
105.700 -2.120
105.700 -2.130
105.690 -2.130
105.680 -2.130
105.680 -2.120
105.670 -2.120
105.670 -2.130
105.660 -2.130
105.660 -2.120
105.650 -2.120
105.640 -2.120
105.630 -2.120
105.620 -2.120
105.610 -2.120
105.600 -2.120
105.590 -2.120
105.590 -2.110
105.580 -2.110
105.580 -2.100
105.570 -2.100
105.570 -2.090
105.560 -2.090
105.560 -2.080
105.570 -2.080
105.570 -2.070
105.560 -2.070
105.550 -2.070
105.550 -2.080
105.540 -2.080
105.530 -2.080
105.530 -2.090
105.520 -2.090
105.510 -2.090
105.500 -2.090
105.490 -2.090
105.490 -2.100
105.480 -2.100
105.470 -2.100
105.470 -2.110
105.460 -2.110
105.460 -2.120
105.450 -2.120
105.450 -2.130
105.440 -2.130
105.430 -2.130
105.430 -2.120
105.420 -2.120
105.410 -2.120
105.400 -2.120
105.400 -2.130
105.390 -2.130
105.380 -2.130
105.370 -2.130
105.370 -2.120
105.360 -2.120
105.350 -2.120
105.350 -2.130
105.340 -2.130
105.330 -2.130
105.320 -2.130
105.320 -2.140
105.310 -2.140
105.310 -2.150
105.300 -2.150
105.290 -2.150
105.290 -2.140
105.290 -2.130
105.280 -2.130
105.280 -2.120
105.270 -2.120
105.270 -2.110
105.270 -2.100
105.260 -2.100
105.260 -2.090
105.260 -2.080
105.250 -2.080
105.250 -2.070
105.240 -2.070
105.230 -2.070
105.220 -2.070
105.210 -2.070
105.200 -2.070
105.190 -2.070
105.180 -2.070
105.180 -2.080
105.170 -2.070
105.160 -2.070
105.150 -2.070
105.150 -2.080
105.140 -2.080
105.130 -2.080
105.120 -2.080
105.130 -2.070
105.130 -2.060
105.120 -2.060
105.120 -2.050
105.120 -2.040
105.120 -2.030
105.110 -2.030
105.110 -2.020
105.110 -2.010
105.120 -2.010
105.120 -2.000
105.130 -2.000
105.130 -1.990
105.130 -1.980
105.130 -1.970
105.120 -1.970
105.120 -1.960
105.130 -1.960
105.140 -1.960
105.140 -1.950
105.150 -1.950
105.150 -1.940
105.160 -1.940
105.160 -1.930
105.170 -1.930
105.180 -1.930
105.180 -1.920
105.190 -1.920
105.200 -1.920
105.210 -1.920
105.220 -1.910
105.230 -1.910
105.240 -1.910
105.240 -1.900
105.250 -1.900
105.260 -1.900
105.270 -1.900
105.270 -1.890
105.280 -1.890
105.280 -1.880
105.290 -1.880
105.290 -1.870
105.300 -1.870
105.310 -1.870
105.320 -1.870
105.320 -1.860
105.330 -1.860
105.330 -1.850
105.340 -1.850
105.350 -1.850
105.350 -1.840
105.360 -1.840
105.360 -1.830
105.370 -1.830
105.370 -1.820
105.380 -1.820
105.380 -1.810
105.380 -1.800
105.390 -1.800
105.390 -1.790
105.390 -1.780
105.400 -1.780
105.400 -1.770
105.400 -1.760
105.390 -1.760
105.390 -1.750
105.390 -1.740
105.390 -1.730
105.380 -1.730
105.380 -1.720
105.370 -1.720
105.360 -1.720
105.360 -1.710
105.350 -1.710
105.350 -1.700
105.340 -1.700
105.340 -1.690
105.350 -1.690
105.360 -1.690
105.360 -1.680
105.360 -1.670
105.350 -1.670
105.340 -1.670
105.340 -1.660
105.350 -1.660
105.350 -1.650
105.360 -1.650
105.370 -1.650
105.380 -1.650
105.380 -1.640
105.390 -1.640
105.390 -1.630
105.390 -1.620
105.390 -1.610
105.400 -1.610
105.410 -1.610
105.420 -1.610
105.430 -1.610
105.430 -1.600
105.440 -1.600
105.440 -1.590
105.450 -1.590
105.450 -1.580
105.460 -1.580
105.460 -1.570
105.460 -1.560
105.470 -1.560
105.480 -1.560
105.490 -1.560
105.500 -1.560
105.510 -1.560
105.520 -1.560
105.520 -1.570
105.530 -1.570
105.540 -1.560
105.550 -1.560
105.560 -1.560
105.560 -1.550
105.560 -1.540
105.560 -1.530
105.570 -1.530
105.580 -1.530
105.590 -1.530
105.600 -1.530
105.600 -1.540
105.600 -1.550
105.600 -1.560
105.610 -1.560
105.610 -1.570
105.620 -1.570
105.620 -1.580
105.620 -1.590
105.620 -1.600
105.620 -1.610
105.630 -1.610
105.630 -1.620
105.630 -1.630
105.640 -1.630
105.640 -1.640
105.650 -1.640
105.650 -1.650
105.660 -1.650
105.670 -1.650
105.680 -1.650
105.690 -1.650
105.700 -1.650
105.710 -1.650
105.720 -1.650
105.720 -1.660
105.710 -1.660
105.710 -1.670
105.700 -1.670
105.700 -1.680
105.690 -1.680
105.690 -1.690
105.680 -1.690
105.680 -1.700
105.670 -1.700
105.670 -1.710
105.660 -1.710
105.650 -1.710
105.650 -1.720
105.650 -1.730
105.650 -1.740
105.660 -1.740
105.660 -1.750
105.670 -1.750
105.670 -1.760
105.680 -1.760
105.680 -1.770
105.690 -1.770
105.690 -1.780
105.700 -1.780
105.710 -1.780
105.720 -1.780
105.730 -1.780
105.740 -1.780
105.750 -1.780
105.760 -1.780
105.760 -1.770
105.770 -1.770
105.780 -1.770
105.780 -1.780
105.780 -1.790
105.780 -1.800
105.780 -1.810
105.790 -1.810
105.800 -1.810
105.810 -1.810
105.820 -1.810
105.830 -1.810
105.830 -1.800
105.820 -1.800
105.820 -1.790
105.810 -1.790
105.800 -1.790
105.800 -1.780
105.790 -1.780
105.790 -1.770
105.790 -1.760
105.790 -1.750
105.780 -1.750
105.780 -1.740
105.770 -1.740
105.760 -1.740
105.760 -1.730
105.750 -1.730
105.750 -1.720
105.750 -1.710
105.750 -1.700
105.740 -1.700
105.740 -1.690
105.750 -1.690
105.750 -1.680
105.760 -1.680
105.760 -1.670
105.760 -1.660
105.760 -1.650
105.760 -1.640
105.750 -1.640
105.740 -1.630
105.740 -1.620
105.740 -1.610
105.740 -1.600
105.730 -1.600
105.730 -1.590
105.720 -1.590
105.720 -1.580
105.720 -1.570
105.720 -1.560
105.720 -1.550
105.720 -1.540
105.710 -1.540
105.710 -1.530
105.720 -1.530
105.730 -1.530
105.740 -1.530
105.750 -1.530
105.760 -1.530
105.770 -1.530
105.780 -1.530
105.790 -1.530
105.800 -1.530
105.810 -1.530
105.820 -1.530
105.830 -1.530
105.840 -1.520
105.850 -1.520
105.860 -1.520
105.870 -1.520
105.880 -1.520
105.890 -1.510
105.880 -1.510
105.880 -1.500
105.890 -1.500
105.900 -1.500
105.900 -1.510
105.910 -1.510
105.910 -1.500
105.920 -1.500
105.920 -1.510
105.920 -1.520
105.910 -1.520
105.910 -1.530
105.910 -1.540
105.920 -1.540
105.920 -1.550
105.930 -1.550
105.940 -1.550
105.940 -1.560
105.950 -1.560
105.960 -1.560
105.970 -1.560
105.970 -1.550
105.980 -1.550
105.980 -1.560
105.990 -1.560
106.000 -1.560
106.000 -1.570
106.010 -1.570
106.010 -1.580
106.020 -1.580
106.020 -1.590
106.030 -1.590
106.040 -1.590
106.040 -1.600
106.050 -1.600
106.050 -1.610
106.050 -1.620
106.040 -1.620
106.030 -1.620
106.030 -1.630
106.020 -1.630
106.020 -1.640
412
107.800 -2.550
107.800 -2.540
107.810 -2.540
107.810 -2.530
107.820 -2.530
107.830 -2.530
107.830 -2.540
107.830 -2.550
107.840 -2.550
107.840 -2.560
107.850 -2.560
107.860 -2.560
107.870 -2.560
107.880 -2.560
107.880 -2.570
107.890 -2.570
107.900 -2.570
107.910 -2.570
107.920 -2.570
107.920 -2.560
107.930 -2.560
107.930 -2.570
107.940 -2.570
107.950 -2.570
107.960 -2.570
107.960 -2.580
107.970 -2.580
107.970 -2.570
107.980 -2.570
107.990 -2.570
108.000 -2.580
108.010 -2.580
108.010 -2.590
108.010 -2.600
108.010 -2.610
108.010 -2.620
108.020 -2.620
108.020 -2.630
108.020 -2.640
108.030 -2.640
108.030 -2.650
108.040 -2.650
108.040 -2.640
108.040 -2.630
108.040 -2.620
108.040 -2.610
108.040 -2.600
108.050 -2.600
108.060 -2.600
108.070 -2.600
108.070 -2.610
108.080 -2.610
108.080 -2.600
108.090 -2.600
108.090 -2.610
108.100 -2.610
108.110 -2.620
108.110 -2.630
108.120 -2.630
108.130 -2.630
108.130 -2.640
108.140 -2.640
108.140 -2.650
108.150 -2.650
108.160 -2.650
108.160 -2.660
108.150 -2.660
108.150 -2.670
108.160 -2.670
108.160 -2.680
108.160 -2.690
108.170 -2.690
108.170 -2.680
108.170 -2.670
108.180 -2.670
108.180 -2.680
108.190 -2.680
108.190 -2.690
108.200 -2.690
108.210 -2.690
108.210 -2.700
108.220 -2.700
108.220 -2.710
108.230 -2.710
108.230 -2.720
108.240 -2.720
108.240 -2.730
108.250 -2.740
108.260 -2.740
108.260 -2.750
108.270 -2.750
108.270 -2.760
108.270 -2.770
108.270 -2.780
108.270 -2.790
108.280 -2.790
108.280 -2.800
108.280 -2.810
108.280 -2.820
108.290 -2.820
108.290 -2.830
108.290 -2.840
108.300 -2.840
108.300 -2.850
108.300 -2.860
108.300 -2.870
108.290 -2.870
108.290 -2.880
108.280 -2.890
108.270 -2.890
108.270 -2.900
108.260 -2.900
108.260 -2.910
108.250 -2.910
108.250 -2.920
108.250 -2.930
108.250 -2.940
108.240 -2.940
108.240 -2.950
108.250 -2.950
108.250 -2.960
108.240 -2.960
108.240 -2.970
108.230 -2.970
108.230 -2.980
108.220 -2.980
108.220 -2.990
108.220 -3.000
108.210 -3.000
108.210 -3.010
108.210 -3.020
108.210 -3.030
108.210 -3.040
108.220 -3.040
108.220 -3.050
108.220 -3.060
108.210 -3.060
108.210 -3.070
108.200 -3.080
108.200 -3.090
108.190 -3.090
108.190 -3.100
108.190 -3.110
108.180 -3.110
108.180 -3.120
108.180 -3.130
108.190 -3.130
108.200 -3.130
108.200 -3.140
108.190 -3.140
108.190 -3.150
108.180 -3.150
108.170 -3.150
108.170 -3.160
108.160 -3.160
108.160 -3.170
108.150 -3.170
108.140 -3.170
108.130 -3.170
108.120 -3.170
108.120 -3.180
108.110 -3.170
108.100 -3.170
108.090 -3.170
108.080 -3.170
108.080 -3.180
108.070 -3.180
108.070 -3.190
108.070 -3.200
108.080 -3.200
108.080 -3.210
108.090 -3.210
108.090 -3.220
108.080 -3.220
108.080 -3.230
108.080 -3.240
108.080 -3.250
108.070 -3.250
108.070 -3.240
108.060 -3.240
108.050 -3.240
108.040 -3.240
108.030 -3.240
108.020 -3.240
108.010 -3.240
108.010 -3.250
108.000 -3.250
108.000 -3.260
107.990 -3.260
107.990 -3.270
107.980 -3.270
107.980 -3.260
107.970 -3.250
107.970 -3.240
107.970 -3.230
107.970 -3.220
107.970 -3.210
107.970 -3.200
107.970 -3.190
107.970 -3.180
107.960 -3.170
107.960 -3.160
107.950 -3.160
107.950 -3.150
107.940 -3.150
107.930 -3.150
107.930 -3.140
107.930 -3.130
107.920 -3.130
107.920 -3.120
107.910 -3.120
107.900 -3.120
107.890 -3.120
107.890 -3.110
107.890 -3.100
107.900 -3.100
107.890 -3.090
107.890 -3.080
107.880 -3.080
107.870 -3.080
107.870 -3.070
107.860 -3.070
107.860 -3.060
107.850 -3.060
107.840 -3.060
107.840 -3.070
107.830 -3.070
107.830 -3.080
107.820 -3.080
107.810 -3.080
107.810 -3.090
107.820 -3.090
107.830 -3.100
107.830 -3.110
107.840 -3.110
107.850 -3.110
107.850 -3.120
107.840 -3.120
107.840 -3.130
107.840 -3.140
107.830 -3.140
107.830 -3.150
107.840 -3.150
107.840 -3.160
107.830 -3.160
107.830 -3.170
107.820 -3.170
107.810 -3.170
107.800 -3.170
107.800 -3.180
107.790 -3.180
107.780 -3.180
107.770 -3.180
107.770 -3.190
107.760 -3.190
107.750 -3.190
107.740 -3.190
107.730 -3.190
107.720 -3.190
107.710 -3.190
107.710 -3.200
107.700 -3.200
107.690 -3.200
107.680 -3.200
107.680 -3.210
107.670 -3.210
107.660 -3.220
107.660 -3.230
107.650 -3.230
107.640 -3.230
107.640 -3.240
107.630 -3.240
107.620 -3.240
107.610 -3.240
107.610 -3.230
107.600 -3.230
107.600 -3.220
107.590 -3.220
107.590 -3.210
107.590 -3.200
107.590 -3.190
107.600 -3.190
107.600 -3.180
107.610 -3.180
107.610 -3.170
107.610 -3.160
107.620 -3.160
107.620 -3.150
107.630 -3.150
107.630 -3.140
107.630 -3.130
107.620 -3.130
107.620 -3.120
107.610 -3.120
107.610 -3.110
107.600 -3.110
107.590 -3.110
107.590 -3.100
107.590 -3.090
107.580 -3.090
107.580 -3.080
107.580 -3.070
107.580 -3.060
107.580 -3.050
107.580 -3.040
107.570 -3.040
107.570 -3.030
107.570 -3.020
107.560 -3.010
107.560 -3.000
107.560 -2.990
107.570 -2.990
107.570 -2.980
107.580 -2.980
107.590 -2.980
107.590 -2.970
107.590 -2.960
107.600 -2.960
107.600 -2.950
107.600 -2.940
107.600 -2.930
107.610 -2.930
107.610 -2.920
107.610 -2.910
107.600 -2.910
107.590 -2.910
107.580 -2.910
107.580 -2.920
107.570 -2.920
107.570 -2.930
107.560 -2.930
107.550 -2.930
107.540 -2.930
107.540 -2.940
107.530 -2.940
107.530 -2.930
107.530 -2.920
107.540 -2.910
107.550 -2.900
107.550 -2.890
107.560 -2.890
107.570 -2.890
107.570 -2.880
107.580 -2.880
107.580 -2.870
107.590 -2.870
107.590 -2.860
107.600 -2.860
107.600 -2.850
107.600 -2.840
107.600 -2.830
107.600 -2.820
107.600 -2.810
107.590 -2.810
107.590 -2.800
107.580 -2.800
107.580 -2.790
107.590 -2.790
107.600 -2.790
107.600 -2.780
107.610 -2.780
107.610 -2.770
107.610 -2.760
107.620 -2.760
107.630 -2.750
107.640 -2.750
107.640 -2.740
107.630 -2.740
107.630 -2.730
107.630 -2.720
107.630 -2.710
107.620 -2.710
107.610 -2.710
107.610 -2.700
107.620 -2.700
107.620 -2.690
107.630 -2.690
107.630 -2.680
107.630 -2.670
107.630 -2.660
107.630 -2.650
107.640 -2.650
107.640 -2.640
107.640 -2.630
107.640 -2.620
107.640 -2.610
107.630 -2.610
107.630 -2.600
107.630 -2.590
107.640 -2.590
107.650 -2.590
107.650 -2.580
107.650 -2.570
107.660 -2.570
107.660 -2.560
107.670 -2.560
107.680 -2.560
107.690 -2.560
107.700 -2.560
107.710 -2.560
107.710 -2.550
107.720 -2.550
107.730 -2.550
107.730 -2.560
107.740 -2.560
107.750 -2.560
107.760 -2.560
107.770 -2.560
107.770 -2.550
107.780 -2.550
107.790 -2.550
107.800 -2.550
REGION 1
1100
103.500 -4.880
103.500 -4.870
103.490 -4.870
103.480 -4.870
103.470 -4.870
103.470 -4.860
103.460 -4.860
103.450 -4.860
103.440 -4.860
103.440 -4.870
103.420 -4.870
103.410 -4.870
103.410 -4.860
103.410 -4.850
103.410 -4.840
103.410 -4.830
103.400 -4.830
103.400 -4.820
103.400 -4.810
103.390 -4.810
103.380 -4.810
103.380 -4.800
103.370 -4.800
103.360 -4.800
103.350 -4.800
103.350 -4.810
103.340 -4.810
103.330 -4.810
103.320 -4.800
103.320 -4.790
103.310 -4.790
103.310 -4.780
103.320 -4.780
103.320 -4.770
103.320 -4.760
103.320 -4.750
103.310 -4.750
103.300 -4.750
103.300 -4.740
103.290 -4.740
103.290 -4.730
103.290 -4.720
103.280 -4.720
103.280 -4.710
103.270 -4.710
103.270 -4.700
103.260 -4.700
103.260 -4.690
103.250 -4.690
103.250 -4.680
103.250 -4.670
103.240 -4.670
103.230 -4.670
103.230 -4.660
103.220 -4.660
103.220 -4.650
103.210 -4.650
103.210 -4.640
103.200 -4.640
103.190 -4.630
103.180 -4.630
103.180 -4.620
103.170 -4.620
103.170 -4.610
103.160 -4.610
103.160 -4.600
103.150 -4.600
103.140 -4.600
103.140 -4.590
103.130 -4.590
103.120 -4.590
103.120 -4.580
103.110 -4.580
103.110 -4.570
103.100 -4.570
103.090 -4.570
103.080 -4.570
103.080 -4.560
103.070 -4.560
103.060 -4.560
103.060 -4.550
103.050 -4.550
103.050 -4.540
103.040 -4.540
103.040 -4.530
103.030 -4.530
103.020 -4.530
103.020 -4.520
103.010 -4.520
103.000 -4.520
102.990 -4.520
102.990 -4.510
102.980 -4.510
102.970 -4.510
102.960 -4.510
102.950 -4.510
102.950 -4.500
102.940 -4.500
102.930 -4.500
102.920 -4.500
102.920 -4.490
102.910 -4.490
102.900 -4.490
102.900 -4.480
102.900 -4.470
102.900 -4.460
102.890 -4.460
102.890 -4.450
102.890 -4.440
102.880 -4.440
102.880 -4.430
102.870 -4.430
102.860 -4.420
102.850 -4.410
102.840 -4.410
102.840 -4.400
102.830 -4.400
102.830 -4.390
102.820 -4.390
102.820 -4.380
102.810 -4.380
102.810 -4.370
102.800 -4.370
102.800 -4.360
102.790 -4.350
102.780 -4.350
102.780 -4.340
102.770 -4.340
102.760 -4.330
102.750 -4.330
102.750 -4.320
102.740 -4.320
102.730 -4.310
102.720 -4.300
102.720 -4.290
102.710 -4.290
102.710 -4.280
102.700 -4.280
102.690 -4.270
102.680 -4.270
102.680 -4.260
102.670 -4.260
102.670 -4.250
102.660 -4.250
102.650 -4.250
102.650 -4.240
102.640 -4.240
102.640 -4.230
102.630 -4.230
102.620 -4.230
102.620 -4.220
102.610 -4.220
102.610 -4.210
102.600 -4.210
102.600 -4.200
102.590 -4.200
102.590 -4.190
102.580 -4.190
102.570 -4.190
102.570 -4.180
102.560 -4.180
102.560 -4.170
102.550 -4.170
102.550 -4.160
102.540 -4.160
102.530 -4.160
102.530 -4.150
102.520 -4.150
102.520 -4.140
102.510 -4.140
102.510 -4.130
102.500 -4.130
102.490 -4.130
102.490 -4.120
102.480 -4.120
102.480 -4.110
102.470 -4.110
102.460 -4.100
102.450 -4.100
102.450 -4.090
102.440 -4.090
102.440 -4.080
102.430 -4.080
102.420 -4.080
102.420 -4.070
102.410 -4.070
102.410 -4.060
102.400 -4.050
102.390 -4.050
102.380 -4.050
102.380 -4.040
102.370 -4.040
102.370 -4.030
102.360 -4.030
102.350 -4.030
102.350 -4.020
102.340 -4.020
102.340 -4.010
102.330 -4.010
102.330 -4.000
102.320 -4.000
102.320 -3.990
102.310 -3.990
102.300 -3.990
102.300 -3.980
102.290 -3.980
102.290 -3.970
102.280 -3.970
102.280 -3.960
102.280 -3.950
102.280 -3.940
102.280 -3.930
102.270 -3.930
102.270 -3.920
102.260 -3.920
102.260 -3.910
102.270 -3.910
102.280 -3.910
102.280 -3.920
102.290 -3.920
102.300 -3.920
102.300 -3.910
102.310 -3.910
102.310 -3.900
102.310 -3.890
102.300 -3.890
102.300 -3.880
102.300 -3.870
102.300 -3.860
102.300 -3.850
102.300 -3.840
102.290 -3.840
102.280 -3.830
102.280 -3.820
102.270 -3.820
102.270 -3.810
102.260 -3.810
102.260 -3.800
102.250 -3.800
102.250 -3.790
102.260 -3.790
102.260 -3.780
102.260 -3.770
102.260 -3.760
102.260 -3.750
102.250 -3.750
102.250 -3.740
102.250 -3.730
102.240 -3.730
102.240 -3.720
102.230 -3.720
102.230 -3.710
102.240 -3.710
102.240 -3.700
102.240 -3.690
102.240 -3.680
102.230 -3.680
102.230 -3.670
102.220 -3.670
102.220 -3.660
102.220 -3.650
102.210 -3.650
102.210 -3.660
102.200 -3.650
102.190 -3.640
102.180 -3.630
102.170 -3.630
102.170 -3.620
102.160 -3.620
102.160 -3.610
102.150 -3.610
102.140 -3.610
102.140 -3.600
102.130 -3.600
102.130 -3.590
102.120 -3.580
102.110 -3.580
102.110 -3.570
102.100 -3.570
102.100 -3.560
102.090 -3.560
102.080 -3.560
102.080 -3.550
102.070 -3.550
102.060 -3.550
102.060 -3.540
102.050 -3.540
102.040 -3.540
102.040 -3.530
102.030 -3.530
102.020 -3.520
102.010 -3.520
102.000 -3.520
102.000 -3.510
101.990 -3.510
101.990 -3.500
101.980 -3.500
101.970 -3.500
101.970 -3.490
101.960 -3.490
101.950 -3.490
101.940 -3.490
101.940 -3.480
101.930 -3.480
101.920 -3.480
101.920 -3.470
101.930 -3.470
101.930 -3.460
101.920 -3.460
101.920 -3.450
101.910 -3.450
101.910 -3.440
101.910 -3.430
101.900 -3.430
101.890 -3.430
101.890 -3.420
101.880 -3.420
101.870 -3.420
101.870 -3.410
101.860 -3.410
101.850 -3.400
101.840 -3.400
101.830 -3.390
101.820 -3.390
101.820 -3.380
101.810 -3.380
101.810 -3.370
101.800 -3.370
101.790 -3.370
101.790 -3.360
101.780 -3.360
101.770 -3.360
101.770 -3.350
101.760 -3.350
101.760 -3.340
101.750 -3.340
101.740 -3.330
101.730 -3.330
101.730 -3.320
101.720 -3.320
101.710 -3.310
101.700 -3.300
101.690 -3.300
101.690 -3.290
101.680 -3.290
101.680 -3.280
101.670 -3.280
101.660 -3.280
101.660 -3.270
101.650 -3.270
101.650 -3.260
101.640 -3.260
101.630 -3.250
101.620 -3.250
101.620 -3.240
101.610 -3.240
101.610 -3.230
101.600 -3.230
101.600 -3.220
101.590 -3.220
101.590 -3.210
101.590 -3.200
101.580 -3.200
101.580 -3.190
101.570 -3.180
101.570 -3.170
101.560 -3.170
101.560 -3.160
101.550 -3.160
101.550 -3.150
101.540 -3.140
101.540 -3.130
101.530 -3.130
101.530 -3.120
101.520 -3.120
101.520 -3.110
101.530 -3.110
101.530 -3.100
101.520 -3.100
101.520 -3.090
101.520 -3.080
101.510 -3.080
101.510 -3.070
101.500 -3.070
101.500 -3.060
101.490 -3.060
101.490 -3.050
101.490 -3.040
101.490 -3.030
101.490 -3.020
101.480 -3.020
101.480 -3.010
101.470 -3.010
101.470 -3.000
101.460 -3.000
101.460 -2.990
101.450 -2.990
101.450 -2.980
101.440 -2.970
101.440 -2.960
101.430 -2.960
101.430 -2.950
101.420 -2.950
101.420 -2.940
101.410 -2.940
101.410 -2.930
101.400 -2.930
101.400 -2.920
101.400 -2.910
101.390 -2.910
101.390 -2.900
101.390 -2.890
101.390 -2.880
101.380 -2.880
101.380 -2.870
101.380 -2.860
101.370 -2.860
101.370 -2.850
101.370 -2.840
101.360 -2.830
101.360 -2.820
101.360 -2.810
101.350 -2.810
101.350 -2.800
101.350 -2.790
101.340 -2.790
101.340 -2.780
101.340 -2.770
101.330 -2.770
101.330 -2.760
101.330 -2.750
101.320 -2.740
101.320 -2.730
101.310 -2.730
101.310 -2.720
101.300 -2.720
101.300 -2.710
101.290 -2.710
101.280 -2.700
101.270 -2.700
101.270 -2.690
101.260 -2.690
101.250 -2.690
101.240 -2.680
101.230 -2.680
101.230 -2.670
101.220 -2.670
101.210 -2.670
101.200 -2.660
101.190 -2.660
101.180 -2.650
101.170 -2.650
101.170 -2.640
101.160 -2.640
101.150 -2.640
101.150 -2.630
101.140 -2.630
101.140 -2.620
101.130 -2.620
101.130 -2.610
101.120 -2.610
101.120 -2.600
101.110 -2.590
101.110 -2.580
101.100 -2.580
101.100 -2.570
101.100 -2.560
101.090 -2.560
101.090 -2.550
101.080 -2.550
101.080 -2.540
101.070 -2.540
101.070 -2.530
101.060 -2.530
101.060 -2.520
101.060 -2.510
101.050 -2.510
101.040 -2.500
101.030 -2.500
101.030 -2.490
101.030 -2.480
101.040 -2.470
101.050 -2.470
101.060 -2.460
101.060 -2.450
101.070 -2.450
101.080 -2.440
101.090 -2.440
101.100 -2.430
101.110 -2.420
101.120 -2.420
101.120 -2.410
101.130 -2.410
101.140 -2.400
101.150 -2.400
101.160 -2.390
101.170 -2.380
101.180 -2.380
101.190 -2.380
101.190 -2.370
101.200 -2.370
101.210 -2.360
101.220 -2.350
101.230 -2.350
101.240 -2.350
101.240 -2.340
101.250 -2.340
101.250 -2.330
101.260 -2.330
101.260 -2.320
101.270 -2.310
101.280 -2.300
101.280 -2.290
101.290 -2.290
101.290 -2.280
101.300 -2.290
101.310 -2.290
101.310 -2.300
101.320 -2.300
101.330 -2.310
101.340 -2.310
101.340 -2.320
101.350 -2.320
101.370 -2.330
101.370 -2.340
101.380 -2.340
101.400 -2.350
101.420 -2.360
101.430 -2.370
101.440 -2.380
101.460 -2.390
101.470 -2.400
101.480 -2.400
101.490 -2.410
101.510 -2.420
101.530 -2.430
101.530 -2.440
101.540 -2.440
101.550 -2.450
101.560 -2.450
101.560 -2.470
101.560 -2.480
101.560 -2.490
101.550 -2.500
101.550 -2.510
101.550 -2.520
101.550 -2.530
101.550 -2.540
101.550 -2.550
101.550 -2.560
101.550 -2.570
101.560 -2.570
101.560 -2.560
101.570 -2.560
101.560 -2.550
101.570 -2.550
101.570 -2.540
101.590 -2.540
101.600 -2.540
101.610 -2.540
101.610 -2.550
101.620 -2.550
101.630 -2.550
101.640 -2.540
101.650 -2.530
101.660 -2.530
101.670 -2.530
101.680 -2.530
101.680 -2.540
101.690 -2.550
101.690 -2.560
101.700 -2.560
101.700 -2.570
101.710 -2.570
101.710 -2.580
101.720 -2.590
101.730 -2.590
101.730 -2.600
101.730 -2.610
101.740 -2.610
101.740 -2.620
101.750 -2.620
101.760 -2.630
101.770 -2.640
101.770 -2.650
101.780 -2.650
101.780 -2.660
101.790 -2.660
101.800 -2.670
101.810 -2.670
101.810 -2.680
101.820 -2.690
101.830 -2.690
101.840 -2.700
101.850 -2.700
101.850 -2.710
101.860 -2.710
101.860 -2.720
101.860 -2.730
101.870 -2.730
101.880 -2.730
101.890 -2.730
101.900 -2.740
101.910 -2.740
101.920 -2.740
101.930 -2.730
101.950 -2.730
101.960 -2.730
101.970 -2.720
101.980 -2.720
101.990 -2.720
101.990 -2.730
102.000 -2.730
102.000 -2.740
102.010 -2.740
102.020 -2.750
102.030 -2.760
102.040 -2.760
102.050 -2.760
102.060 -2.760
102.060 -2.770
102.070 -2.780
102.070 -2.790
102.080 -2.800
102.080 -2.810
102.090 -2.810
102.100 -2.810
102.110 -2.810
102.110 -2.820
102.110 -2.830
102.120 -2.830
102.130 -2.840
102.130 -2.850
102.130 -2.860
102.130 -2.870
102.130 -2.880
102.140 -2.880
102.150 -2.880
102.150 -2.890
102.160 -2.890
102.160 -2.900
102.170 -2.900
102.180 -2.900
102.180 -2.910
102.190 -2.910
102.190 -2.920
102.200 -2.920
102.210 -2.920
102.220 -2.930
102.220 -2.940
102.220 -2.950
102.220 -2.960
102.230 -2.960
102.230 -2.970
102.230 -2.980
102.230 -2.990
102.230 -3.000
102.240 -3.000
102.240 -3.010
102.240 -3.020
102.250 -3.020
102.250 -3.030
102.260 -3.040
102.270 -3.040
102.280 -3.040
102.290 -3.040
102.300 -3.050
102.310 -3.060
102.310 -3.070
102.320 -3.070
102.330 -3.070
102.340 -3.060
102.350 -3.060
102.360 -3.060
102.370 -3.050
102.380 -3.050
102.390 -3.050
102.390 -3.040
102.400 -3.050
102.410 -3.050
102.430 -3.050
102.440 -3.060
102.450 -3.070
102.460 -3.070
102.470 -3.080
102.470 -3.090
102.480 -3.100
102.490 -3.110
102.490 -3.120
102.490 -3.130
102.490 -3.140
102.490 -3.150
102.490 -3.160
102.490 -3.170
102.490 -3.180
102.490 -3.190
102.490 -3.200
102.490 -3.210
102.500 -3.210
102.500 -3.220
102.500 -3.230
102.490 -3.230
102.490 -3.240
102.490 -3.250
102.500 -3.250
102.500 -3.260
102.510 -3.270
102.520 -3.270
102.520 -3.280
102.530 -3.280
102.530 -3.290
102.540 -3.290
102.550 -3.290
102.560 -3.300
102.560 -3.310
102.570 -3.310
102.570 -3.320
102.590 -3.330
102.600 -3.330
102.610 -3.340
102.620 -3.340
102.630 -3.340
102.630 -3.350
102.640 -3.350
102.650 -3.340
102.660 -3.330
102.670 -3.330
102.680 -3.320
102.690 -3.320
102.700 -3.320
102.710 -3.320
102.720 -3.320
102.730 -3.320
102.740 -3.310
102.750 -3.310
102.750 -3.300
102.760 -3.300
102.770 -3.290
102.780 -3.290
102.780 -3.280
102.790 -3.290
102.800 -3.290
102.800 -3.300
102.800 -3.310
102.800 -3.320
102.810 -3.320
102.810 -3.330
102.810 -3.340
102.820 -3.340
102.830 -3.330
102.840 -3.330
102.840 -3.340
102.850 -3.340
102.860 -3.340
102.870 -3.350
102.870 -3.340
102.880 -3.340
102.880 -3.330
102.890 -3.330
102.900 -3.330
102.900 -3.340
102.890 -3.340
102.890 -3.350
102.890 -3.360
102.890 -3.370
102.900 -3.380
102.910 -3.380
102.920 -3.380
102.920 -3.370
102.930 -3.370
102.940 -3.370
102.950 -3.370
102.950 -3.360
102.960 -3.360
102.970 -3.370
102.980 -3.370
102.990 -3.370
103.000 -3.370
103.000 -3.380
103.010 -3.390
103.010 -3.400
103.000 -3.400
103.000 -3.410
103.000 -3.420
103.000 -3.430
103.000 -3.440
103.000 -3.450
103.000 -3.460
103.000 -3.470
103.000 -3.480
103.000 -3.490
102.990 -3.490
102.990 -3.500
102.990 -3.510
102.990 -3.520
102.980 -3.520
102.980 -3.530
102.970 -3.530
102.970 -3.540
102.960 -3.550
102.960 -3.560
102.960 -3.570
102.950 -3.570
102.950 -3.580
102.940 -3.580
102.930 -3.590
102.920 -3.600
102.910 -3.610
102.910 -3.620
102.900 -3.610
102.890 -3.600
102.890 -3.590
102.880 -3.580
102.880 -3.570
102.870 -3.560
102.860 -3.560
102.860 -3.550
102.850 -3.540
102.840 -3.540
102.840 -3.530
102.830 -3.530
102.820 -3.530
102.820 -3.520
102.810 -3.530
102.810 -3.540
102.810 -3.550
102.800 -3.560
102.810 -3.560
102.810 -3.570
102.810 -3.580
102.810 -3.590
102.810 -3.600
102.810 -3.610
102.810 -3.620
102.800 -3.620
102.790 -3.630
102.780 -3.630
102.770 -3.640
102.760 -3.640
102.760 -3.650
102.750 -3.660
102.750 -3.670
102.740 -3.670
102.740 -3.680
102.740 -3.690
102.740 -3.700
102.730 -3.710
102.740 -3.720
102.740 -3.730
102.730 -3.740
102.730 -3.750
102.710 -3.750
102.700 -3.750
102.700 -3.760
102.690 -3.760
102.680 -3.760
102.670 -3.760
102.660 -3.770
102.650 -3.780
102.650 -3.790
102.640 -3.790
102.630 -3.790
102.620 -3.790
102.620 -3.800
102.620 -3.810
102.630 -3.810
102.640 -3.810
102.650 -3.810
102.660 -3.820
102.670 -3.820
102.670 -3.830
102.680 -3.830
102.680 -3.840
102.680 -3.850
102.680 -3.860
102.690 -3.860
102.700 -3.860
102.710 -3.860
102.710 -3.870
102.720 -3.870
102.730 -3.880
102.730 -3.890
102.740 -3.890
102.750 -3.890
102.750 -3.900
102.750 -3.910
102.760 -3.910
102.770 -3.910
102.770 -3.920
102.770 -3.930
102.780 -3.930
102.780 -3.940
102.790 -3.940
102.790 -3.950
102.800 -3.960
102.810 -3.960
102.820 -3.970
102.830 -3.970
102.840 -3.970
102.850 -3.980
102.860 -3.980
102.870 -3.980
102.880 -3.980
102.890 -3.980
102.890 -3.970
102.900 -3.970
102.910 -3.970
102.920 -3.970
102.920 -3.980
102.930 -3.980
102.940 -3.980
102.940 -3.990
102.940 -4.000
102.950 -4.000
102.950 -4.010
102.960 -4.010
102.970 -4.020
102.980 -4.020
102.990 -4.020
103.000 -4.020
103.000 -4.030
102.980 -4.050
102.960 -4.060
102.950 -4.050
102.940 -4.050
102.930 -4.050
102.930 -4.060
102.930 -4.080
102.930 -4.090
102.940 -4.110
102.960 -4.110
102.970 -4.120
102.990 -4.140
103.000 -4.150
103.010 -4.160
103.020 -4.160
103.030 -4.170
103.050 -4.180
103.060 -4.190
103.080 -4.200
103.070 -4.210
103.060 -4.220
103.060 -4.240
103.070 -4.250
103.080 -4.260
103.090 -4.250
103.100 -4.250
103.120 -4.250
103.150 -4.250
103.170 -4.240
103.180 -4.240
103.190 -4.240
103.200 -4.240
103.210 -4.240
103.220 -4.240
103.230 -4.240
103.230 -4.250
103.240 -4.250
103.250 -4.250
103.260 -4.250
103.270 -4.250
103.280 -4.260
103.290 -4.260
103.300 -4.260
103.310 -4.270
103.310 -4.280
103.320 -4.280
103.320 -4.290
103.330 -4.290
103.340 -4.290
103.350 -4.300
103.360 -4.310
103.370 -4.320
103.380 -4.320
103.390 -4.320
103.400 -4.320
103.400 -4.310
103.410 -4.320
103.420 -4.320
103.430 -4.320
103.430 -4.330
103.440 -4.330
103.450 -4.330
103.450 -4.320
103.460 -4.320
103.470 -4.330
103.470 -4.340
103.470 -4.350
103.480 -4.350
103.470 -4.360
103.450 -4.380
103.440 -4.410
103.430 -4.430
103.430 -4.450
103.430 -4.470
103.420 -4.490
103.410 -4.500
103.410 -4.520
103.420 -4.520
103.430 -4.530
103.450 -4.540
103.470 -4.560
103.480 -4.570
103.500 -4.580
103.510 -4.580
103.530 -4.580
103.550 -4.560
103.560 -4.540
103.570 -4.530
103.590 -4.530
103.600 -4.530
103.610 -4.530
103.620 -4.530
103.620 -4.540
103.630 -4.550
103.640 -4.550
103.630 -4.560
103.630 -4.570
103.620 -4.570
103.610 -4.580
103.600 -4.590
103.600 -4.600
103.610 -4.600
103.620 -4.590
103.630 -4.590
103.640 -4.590
103.640 -4.600
103.650 -4.600
103.660 -4.610
103.670 -4.620
103.670 -4.630
103.680 -4.630
103.690 -4.630
103.690 -4.640
103.690 -4.650
103.700 -4.660
103.700 -4.670
103.700 -4.680
103.700 -4.690
103.710 -4.700
103.700 -4.700
103.700 -4.710
103.700 -4.720
103.710 -4.730
103.720 -4.730
103.730 -4.730
103.730 -4.740
103.740 -4.740
103.750 -4.740
103.760 -4.740
103.770 -4.750
103.780 -4.760
103.780 -4.770
103.780 -4.780
103.780 -4.790
103.780 -4.800
103.770 -4.800
103.760 -4.800
103.750 -4.800
103.740 -4.800
103.730 -4.800
103.720 -4.800
103.720 -4.810
103.720 -4.820
103.710 -4.820
103.710 -4.830
103.700 -4.830
103.700 -4.840
103.690 -4.840
103.680 -4.850
103.670 -4.850
103.670 -4.860
103.660 -4.860
103.650 -4.860
103.650 -4.870
103.640 -4.870
103.640 -4.880
103.630 -4.880
103.630 -4.890
103.620 -4.890
103.610 -4.890
103.600 -4.890
103.600 -4.900
103.600 -4.910
103.590 -4.910
103.600 -4.920
103.590 -4.920
103.580 -4.920
103.570 -4.920
103.560 -4.920
103.550 -4.920
103.540 -4.920
103.530 -4.920
103.530 -4.910
103.530 -4.900
103.530 -4.890
103.520 -4.890
103.520 -4.880
103.510 -4.880
103.500 -4.880
REGION 1
1295
105.240 -3.910
105.250 -3.910
105.250 -3.900
105.260 -3.900
105.260 -3.890
105.270 -3.880
105.280 -3.880
105.280 -3.870
105.280 -3.860
105.290 -3.860
105.290 -3.850
105.290 -3.840
105.290 -3.830
105.280 -3.830
105.280 -3.820
105.280 -3.810
105.280 -3.800
105.290 -3.800
105.300 -3.800
105.300 -3.790
105.310 -3.790
105.310 -3.780
105.310 -3.770
105.310 -3.760
105.310 -3.750
105.320 -3.740
105.320 -3.730
105.330 -3.730
105.340 -3.730
105.340 -3.740
105.350 -3.750
105.350 -3.760
105.350 -3.770
105.350 -3.780
105.350 -3.790
105.350 -3.800
105.360 -3.800
105.370 -3.800
105.370 -3.790
105.380 -3.790
105.380 -3.780
105.390 -3.780
105.400 -3.780
105.410 -3.780
105.420 -3.780
105.430 -3.790
105.430 -3.800
105.430 -3.810
105.430 -3.820
105.440 -3.830
105.450 -3.830
105.460 -3.830
105.470 -3.830
105.470 -3.820
105.480 -3.820
105.480 -3.830
105.490 -3.840
105.500 -3.840
105.510 -3.840
105.520 -3.840
105.520 -3.850
105.520 -3.860
105.510 -3.870
105.510 -3.880
105.520 -3.890
105.530 -3.900
105.530 -3.890
105.540 -3.890
105.540 -3.880
105.550 -3.880
105.550 -3.890
105.560 -3.890
105.560 -3.900
105.570 -3.900
105.570 -3.910
105.560 -3.920
105.560 -3.930
105.570 -3.930
105.570 -3.940
105.580 -3.940
105.580 -3.930
105.590 -3.930
105.600 -3.930
105.600 -3.940
105.610 -3.940
105.610 -3.950
105.600 -3.950
105.590 -3.950
105.590 -3.960
105.600 -3.960
105.600 -3.970
105.610 -3.970
105.610 -3.980
105.610 -3.990
105.620 -3.990
105.620 -4.000
105.630 -4.000
105.630 -4.010
105.620 -4.010
105.620 -4.020
105.610 -4.020
105.610 -4.030
105.610 -4.040
105.600 -4.040
105.600 -4.050
105.610 -4.050
105.610 -4.060
105.620 -4.060
105.620 -4.050
105.620 -4.040
105.630 -4.040
105.630 -4.050
105.640 -4.050
105.650 -4.050
105.660 -4.050
105.660 -4.060
105.650 -4.060
105.640 -4.060
105.650 -4.070
105.650 -4.080
105.650 -4.090
105.660 -4.090
105.670 -4.090
105.670 -4.080
105.670 -4.070
105.680 -4.070
105.680 -4.080
105.680 -4.090
105.680 -4.100
105.690 -4.100
105.700 -4.100
105.710 -4.100
105.710 -4.110
105.700 -4.120
105.700 -4.130
105.700 -4.140
105.710 -4.130
105.720 -4.130
105.730 -4.130
105.730 -4.140
105.740 -4.140
105.750 -4.140
105.760 -4.140
105.770 -4.130
105.770 -4.120
105.770 -4.110
105.780 -4.110
105.790 -4.120
105.800 -4.120
105.810 -4.120
105.810 -4.130
105.810 -4.140
105.810 -4.150
105.820 -4.150
105.820 -4.160
105.820 -4.170
105.820 -4.180
105.830 -4.180
105.830 -4.190
105.830 -4.200
105.820 -4.200
105.820 -4.210
105.820 -4.220
105.820 -4.230
105.820 -4.240
105.820 -4.250
105.820 -4.260
105.820 -4.270
105.820 -4.280
105.820 -4.290
105.820 -4.300
105.820 -4.310
105.820 -4.320
105.820 -4.330
105.820 -4.340
105.830 -4.340
105.830 -4.350
105.830 -4.360
105.840 -4.360
105.840 -4.370
105.850 -4.370
105.860 -4.370
105.860 -4.380
105.860 -4.390
105.860 -4.400
105.850 -4.400
105.840 -4.400
105.830 -4.400
105.830 -4.410
105.840 -4.410
105.850 -4.410
105.860 -4.410
105.870 -4.410
105.870 -4.420
105.880 -4.420
105.880 -4.430
105.890 -4.430
105.890 -4.440
105.900 -4.440
105.900 -4.430
105.910 -4.430
105.910 -4.440
105.910 -4.450
105.910 -4.460
105.900 -4.460
105.900 -4.470
105.900 -4.480
105.900 -4.490
105.900 -4.500
105.900 -4.510
105.900 -4.520
105.900 -4.530
105.900 -4.540
105.910 -4.550
105.900 -4.550
105.900 -4.560
105.890 -4.560
105.890 -4.570
105.890 -4.580
105.890 -4.590
105.880 -4.590
105.880 -4.600
105.890 -4.600
105.890 -4.610
105.890 -4.620
105.900 -4.620
105.900 -4.630
105.910 -4.630
105.910 -4.640
105.920 -4.640
105.920 -4.650
105.910 -4.650
105.910 -4.660
105.900 -4.660
105.900 -4.670
105.900 -4.680
105.890 -4.680
105.880 -4.680
105.870 -4.680
105.880 -4.690
105.880 -4.700
105.880 -4.710
105.870 -4.720
105.870 -4.730
105.870 -4.740
105.870 -4.750
105.860 -4.750
105.860 -4.760
105.860 -4.770
105.860 -4.780
105.860 -4.790
105.860 -4.800
105.860 -4.810
105.860 -4.820
105.860 -4.830
105.860 -4.840
105.860 -4.850
105.870 -4.850
105.870 -4.860
105.870 -4.870
105.870 -4.880
105.880 -4.880
105.880 -4.890
105.880 -4.900
105.890 -4.900
105.890 -4.910
105.900 -4.910
105.900 -4.920
105.900 -4.930
105.900 -4.940
105.900 -4.950
105.890 -4.950
105.880 -4.950
105.880 -4.960
105.870 -4.960
105.870 -4.970
105.870 -4.980
105.870 -4.990
105.860 -4.990
105.860 -5.000
105.860 -5.010
105.860 -5.020
105.860 -5.030
105.860 -5.040
105.860 -5.050
105.860 -5.060
105.860 -5.070
105.860 -5.080
105.860 -5.090
105.860 -5.100
105.860 -5.110
105.860 -5.120
105.860 -5.130
105.860 -5.140
105.860 -5.150
105.860 -5.160
105.860 -5.170
105.860 -5.180
105.860 -5.190
105.860 -5.200
105.860 -5.210
105.860 -5.220
105.860 -5.230
105.860 -5.240
105.860 -5.250
105.860 -5.260
105.860 -5.270
105.860 -5.280
105.850 -5.280
105.840 -5.280
105.840 -5.290
105.830 -5.290
105.830 -5.300
105.830 -5.310
105.820 -5.310
105.820 -5.320
105.820 -5.330
105.820 -5.340
105.820 -5.350
105.820 -5.360
105.820 -5.370
105.820 -5.380
105.820 -5.390
105.820 -5.400
105.820 -5.410
105.820 -5.420
105.820 -5.430
105.820 -5.440
105.820 -5.450
105.820 -5.460
105.830 -5.460
105.830 -5.470
105.830 -5.480
105.830 -5.490
105.820 -5.490
105.820 -5.500
105.820 -5.510
105.820 -5.520
105.820 -5.530
105.820 -5.540
105.820 -5.550
105.820 -5.560
105.820 -5.570
105.820 -5.580
105.830 -5.580
105.830 -5.590
105.830 -5.600
105.830 -5.610
105.820 -5.610
105.820 -5.620
105.820 -5.630
105.810 -5.630
105.810 -5.640
105.810 -5.650
105.810 -5.660
105.810 -5.670
105.810 -5.680
105.810 -5.690
105.800 -5.690
105.800 -5.700
105.790 -5.710
105.790 -5.720
105.790 -5.730
105.790 -5.740
105.800 -5.740
105.800 -5.750
105.800 -5.760
105.800 -5.770
105.800 -5.780
105.790 -5.780
105.790 -5.790
105.800 -5.790
105.790 -5.800
105.790 -5.810
105.780 -5.810
105.780 -5.820
105.780 -5.830
105.780 -5.840
105.770 -5.840
105.770 -5.850
105.760 -5.850
105.760 -5.860
105.760 -5.870
105.750 -5.870
105.750 -5.880
105.740 -5.880
105.740 -5.890
105.730 -5.890
105.730 -5.900
105.720 -5.900
105.720 -5.890
105.720 -5.880
105.720 -5.870
105.710 -5.870
105.710 -5.860
105.710 -5.850
105.700 -5.850
105.690 -5.850
105.680 -5.850
105.680 -5.840
105.670 -5.840
105.660 -5.840
105.650 -5.840
105.640 -5.840
105.630 -5.840
105.630 -5.830
105.620 -5.830
105.610 -5.830
105.600 -5.830
105.600 -5.820
105.590 -5.820
105.590 -5.810
105.580 -5.810
105.580 -5.800
105.580 -5.790
105.580 -5.780
105.580 -5.770
105.580 -5.760
105.590 -5.760
105.590 -5.750
105.590 -5.740
105.590 -5.730
105.580 -5.730
105.580 -5.720
105.570 -5.720
105.570 -5.710
105.560 -5.710
105.560 -5.700
105.550 -5.700
105.550 -5.690
105.560 -5.690
105.560 -5.680
105.560 -5.670
105.550 -5.670
105.540 -5.670
105.530 -5.670
105.530 -5.680
105.530 -5.690
105.520 -5.700
105.520 -5.690
105.520 -5.680
105.510 -5.680
105.510 -5.670
105.500 -5.670
105.490 -5.670
105.490 -5.660
105.480 -5.660
105.470 -5.660
105.470 -5.650
105.460 -5.650
105.450 -5.650
105.450 -5.640
105.440 -5.640
105.440 -5.630
105.430 -5.630
105.420 -5.630
105.420 -5.620
105.410 -5.620
105.410 -5.610
105.400 -5.610
105.400 -5.600
105.390 -5.600
105.390 -5.590
105.380 -5.590
105.380 -5.580
105.380 -5.570
105.370 -5.570
105.370 -5.560
105.370 -5.550
105.370 -5.540
105.360 -5.540
105.360 -5.530
105.350 -5.530
105.350 -5.520
105.340 -5.520
105.340 -5.510
105.330 -5.510
105.330 -5.500
105.320 -5.500
105.320 -5.490
105.320 -5.480
105.320 -5.470
105.320 -5.460
105.310 -5.460
105.310 -5.450
105.300 -5.450
105.290 -5.450
105.280 -5.450
105.270 -5.450
105.270 -5.460
105.260 -5.460
105.250 -5.460
105.250 -5.470
105.250 -5.480
105.250 -5.490
105.250 -5.500
105.260 -5.500
105.260 -5.510
105.260 -5.520
105.260 -5.530
105.250 -5.530
105.250 -5.540
105.260 -5.540
105.260 -5.550
105.250 -5.550
105.250 -5.560
105.240 -5.560
105.240 -5.570
105.250 -5.570
105.250 -5.580
105.240 -5.580
105.240 -5.590
105.230 -5.590
105.220 -5.590
105.220 -5.580
105.210 -5.580
105.200 -5.580
105.190 -5.580
105.190 -5.590
105.180 -5.590
105.180 -5.600
105.170 -5.600
105.170 -5.610
105.180 -5.620
105.190 -5.620
105.190 -5.630
105.190 -5.640
105.190 -5.650
105.200 -5.650
105.200 -5.660
105.190 -5.660
105.180 -5.660
105.180 -5.670
105.190 -5.670
105.190 -5.680
105.180 -5.680
105.190 -5.690
105.190 -5.700
105.200 -5.700
105.210 -5.700
105.210 -5.710
105.220 -5.710
105.220 -5.720
105.210 -5.720
105.200 -5.720
105.190 -5.720
105.180 -5.720
105.180 -5.730
105.170 -5.730
105.170 -5.740
105.160 -5.740
105.160 -5.750
105.160 -5.760
105.170 -5.760
105.160 -5.770
105.170 -5.770
105.170 -5.780
105.180 -5.780
105.180 -5.770
105.190 -5.770
105.200 -5.770
105.210 -5.770
105.220 -5.780
105.220 -5.790
105.210 -5.790
105.200 -5.790
105.190 -5.800
105.180 -5.800
105.170 -5.800
105.160 -5.810
105.150 -5.810
105.140 -5.800
105.130 -5.800
105.120 -5.800
105.120 -5.790
105.130 -5.790
105.130 -5.780
105.120 -5.780
105.110 -5.780
105.110 -5.770
105.100 -5.770
105.090 -5.770
105.090 -5.760
105.090 -5.750
105.080 -5.750
105.070 -5.750
105.070 -5.760
105.070 -5.770
105.060 -5.770
105.060 -5.760
105.060 -5.750
105.050 -5.750
105.040 -5.750
105.030 -5.750
105.030 -5.740
105.030 -5.730
105.020 -5.730
105.010 -5.730
105.000 -5.730
105.000 -5.720
104.990 -5.720
104.990 -5.710
104.980 -5.710
104.970 -5.710
104.970 -5.700
104.970 -5.690
104.960 -5.690
104.960 -5.700
104.960 -5.710
104.950 -5.710
104.950 -5.700
104.940 -5.700
104.930 -5.700
104.930 -5.690
104.920 -5.690
104.910 -5.690
104.910 -5.680
104.900 -5.680
104.900 -5.670
104.900 -5.660
104.890 -5.660
104.880 -5.660
104.880 -5.650
104.870 -5.650
104.860 -5.650
104.860 -5.640
104.850 -5.640
104.840 -5.640
104.840 -5.630
104.830 -5.630
104.830 -5.620
104.820 -5.620
104.810 -5.620
104.810 -5.610
104.800 -5.610
104.790 -5.610
104.780 -5.610
104.780 -5.600
104.770 -5.600
104.770 -5.590
104.760 -5.590
104.760 -5.580
104.750 -5.580
104.750 -5.570
104.740 -5.570
104.740 -5.560
104.730 -5.560
104.730 -5.550
104.730 -5.540
104.720 -5.540
104.720 -5.530
104.710 -5.530
104.710 -5.520
104.700 -5.520
104.690 -5.520
104.680 -5.520
104.670 -5.520
104.660 -5.520
104.660 -5.510
104.650 -5.510
104.640 -5.510
104.630 -5.500
104.620 -5.500
104.610 -5.500
104.600 -5.500
104.590 -5.500
104.580 -5.500
104.580 -5.510
104.570 -5.510
104.560 -5.510
104.560 -5.520
104.550 -5.520
104.550 -5.530
104.540 -5.530
104.530 -5.540
104.530 -5.550
104.540 -5.550
104.540 -5.560
104.550 -5.560
104.550 -5.570
104.550 -5.580
104.560 -5.580
104.560 -5.590
104.560 -5.600
104.570 -5.600
104.570 -5.610
104.580 -5.610
104.580 -5.620
104.590 -5.620
104.590 -5.630
104.600 -5.630
104.600 -5.640
104.610 -5.650
104.610 -5.660
104.620 -5.660
104.620 -5.670
104.630 -5.670
104.630 -5.680
104.640 -5.680
104.640 -5.690
104.640 -5.700
104.650 -5.700
104.650 -5.710
104.650 -5.720
104.650 -5.730
104.640 -5.730
104.640 -5.740
104.650 -5.740
104.650 -5.750
104.660 -5.750
104.660 -5.760
104.660 -5.770
104.670 -5.770
104.670 -5.780
104.680 -5.780
104.680 -5.790
104.680 -5.800
104.690 -5.800
104.690 -5.810
104.700 -5.810
104.700 -5.820
104.700 -5.830
104.710 -5.830
104.710 -5.840
104.710 -5.850
104.700 -5.860
104.700 -5.870
104.700 -5.880
104.700 -5.890
104.710 -5.890
104.720 -5.890
104.720 -5.900
104.720 -5.910
104.730 -5.910
104.730 -5.920
104.730 -5.930
104.720 -5.930
104.710 -5.930
104.700 -5.930
104.690 -5.930
104.680 -5.930
104.670 -5.940
104.660 -5.940
104.650 -5.940
104.640 -5.940
104.630 -5.940
104.620 -5.940
104.610 -5.940
104.600 -5.940
104.590 -5.940
104.580 -5.940
104.570 -5.940
104.570 -5.930
104.560 -5.930
104.560 -5.920
104.550 -5.920
104.550 -5.910
104.560 -5.910
104.570 -5.910
104.570 -5.900
104.580 -5.900
104.580 -5.890
104.570 -5.890
104.570 -5.880
104.570 -5.870
104.560 -5.870
104.560 -5.860
104.550 -5.860
104.550 -5.850
104.540 -5.840
104.530 -5.840
104.530 -5.830
104.520 -5.830
104.520 -5.820
104.510 -5.820
104.510 -5.810
104.500 -5.810
104.490 -5.800
104.480 -5.800
104.490 -5.790
104.480 -5.790
104.480 -5.780
104.470 -5.780
104.470 -5.770
104.460 -5.770
104.450 -5.770
104.450 -5.760
104.450 -5.750
104.440 -5.750
104.440 -5.740
104.430 -5.740
104.430 -5.730
104.420 -5.730
104.420 -5.720
104.420 -5.710
104.410 -5.710
104.410 -5.700
104.400 -5.700
104.400 -5.690
104.390 -5.690
104.380 -5.680
104.370 -5.680
104.370 -5.670
104.360 -5.670
104.350 -5.670
104.350 -5.660
104.340 -5.660
104.330 -5.660
104.330 -5.650
104.320 -5.650
104.310 -5.650
104.310 -5.640
104.300 -5.640
104.300 -5.630
104.310 -5.630
104.320 -5.630
104.320 -5.620
104.320 -5.610
104.320 -5.600
104.310 -5.600
104.310 -5.590
104.310 -5.580
104.300 -5.580
104.300 -5.570
104.290 -5.570
104.290 -5.560
104.280 -5.560
104.280 -5.550
104.270 -5.550
104.260 -5.550
104.260 -5.540
104.250 -5.540
104.240 -5.540
104.240 -5.530
104.230 -5.530
104.220 -5.530
104.210 -5.530
104.210 -5.520
104.220 -5.520
104.220 -5.510
104.210 -5.510
104.210 -5.500
104.200 -5.500
104.200 -5.490
104.190 -5.490
104.180 -5.490
104.180 -5.480
104.170 -5.480
104.160 -5.480
104.160 -5.470
104.150 -5.470
104.140 -5.470
104.140 -5.460
104.130 -5.460
104.120 -5.460
104.120 -5.450
104.110 -5.450
104.110 -5.440
104.110 -5.430
104.100 -5.430
104.100 -5.420
104.090 -5.420
104.090 -5.410
104.080 -5.410
104.070 -5.410
104.070 -5.400
104.060 -5.400
104.060 -5.390
104.060 -5.380
104.050 -5.380
104.050 -5.370
104.040 -5.370
104.030 -5.370
104.030 -5.360
104.030 -5.350
104.030 -5.340
104.030 -5.330
104.020 -5.330
104.010 -5.330
104.000 -5.330
104.000 -5.320
103.990 -5.320
103.990 -5.310
104.000 -5.310
104.000 -5.300
104.010 -5.300
104.010 -5.290
104.010 -5.280
104.000 -5.280
104.000 -5.270
103.990 -5.270
103.990 -5.260
103.980 -5.250
103.970 -5.250
103.960 -5.250
103.950 -5.240
103.940 -5.240
103.930 -5.240
103.920 -5.230
103.920 -5.240
103.910 -5.240
103.910 -5.230
103.900 -5.230
103.900 -5.220
103.900 -5.210
103.910 -5.210
103.920 -5.210
103.920 -5.200
103.930 -5.200
103.930 -5.190
103.930 -5.180
103.940 -5.180
103.940 -5.170
103.930 -5.170
103.930 -5.160
103.930 -5.150
103.930 -5.140
103.920 -5.140
103.920 -5.130
103.910 -5.130
103.910 -5.120
103.900 -5.120
103.890 -5.120
103.880 -5.120
103.880 -5.110
103.870 -5.110
103.860 -5.110
103.860 -5.100
103.850 -5.100
103.850 -5.090
103.850 -5.080
103.840 -5.080
103.840 -5.070
103.840 -5.060
103.830 -5.060
103.820 -5.060
103.820 -5.050
103.810 -5.050
103.800 -5.050
103.790 -5.050
103.790 -5.040
103.790 -5.030
103.780 -5.030
103.770 -5.030
103.770 -5.040
103.760 -5.040
103.760 -5.050
103.750 -5.050
103.750 -5.040
103.740 -5.040
103.740 -5.030
103.740 -5.020
103.750 -5.020
103.750 -5.010
103.740 -5.010
103.740 -5.000
103.750 -5.000
103.750 -4.990
103.740 -4.990
103.740 -4.980
103.730 -4.980
103.720 -4.970
103.710 -4.970
103.710 -4.960
103.700 -4.960
103.690 -4.960
103.680 -4.960
103.680 -4.970
103.680 -4.980
103.670 -4.980
103.670 -4.990
103.660 -4.990
103.650 -4.990
103.650 -4.980
103.650 -4.970
103.660 -4.970
103.660 -4.960
103.660 -4.950
103.650 -4.950
103.640 -4.950
103.640 -4.940
103.640 -4.930
103.630 -4.930
103.620 -4.930
103.620 -4.920
103.610 -4.920
103.600 -4.920
103.590 -4.910
103.600 -4.910
103.600 -4.900
103.600 -4.890
103.610 -4.890
103.620 -4.890
103.630 -4.890
103.630 -4.880
103.640 -4.880
103.640 -4.870
103.650 -4.870
103.650 -4.860
103.660 -4.860
103.670 -4.860
103.670 -4.850
103.680 -4.850
103.690 -4.840
103.700 -4.840
103.700 -4.830
103.710 -4.830
103.710 -4.820
103.720 -4.820
103.720 -4.810
103.720 -4.800
103.730 -4.800
103.740 -4.800
103.750 -4.800
103.760 -4.800
103.770 -4.800
103.780 -4.800
103.780 -4.790
103.790 -4.790
103.800 -4.790
103.810 -4.790
103.820 -4.790
103.820 -4.800
103.820 -4.810
103.820 -4.820
103.830 -4.820
103.840 -4.820
103.850 -4.830
103.860 -4.840
103.870 -4.850
103.870 -4.860
103.870 -4.870
103.870 -4.880
103.860 -4.880
103.860 -4.890
103.850 -4.890
103.850 -4.900
103.840 -4.910
103.840 -4.920
103.850 -4.920
103.860 -4.920
103.870 -4.920
103.880 -4.920
103.880 -4.930
103.880 -4.940
103.890 -4.940
103.900 -4.950
103.910 -4.960
103.920 -4.960
103.920 -4.950
103.920 -4.940
103.920 -4.930
103.930 -4.920
103.930 -4.910
103.930 -4.900
103.930 -4.890
103.930 -4.880
103.960 -4.910
103.970 -4.910
103.980 -4.910
104.010 -4.900
104.030 -4.900
104.050 -4.900
104.050 -4.890
104.060 -4.890
104.070 -4.890
104.070 -4.900
104.080 -4.900
104.080 -4.910
104.090 -4.910
104.100 -4.910
104.100 -4.920
104.110 -4.920
104.120 -4.920
104.130 -4.920
104.140 -4.910
104.140 -4.920
104.150 -4.920
104.160 -4.910
104.170 -4.900
104.180 -4.890
104.180 -4.880
104.190 -4.880
104.190 -4.870
104.190 -4.860
104.200 -4.860
104.210 -4.860
104.220 -4.860
104.220 -4.870
104.230 -4.870
104.230 -4.880
104.240 -4.880
104.250 -4.880
104.260 -4.880
104.270 -4.870
104.280 -4.870
104.290 -4.870
104.300 -4.880
104.310 -4.880
104.320 -4.880
104.320 -4.870
104.330 -4.870
104.340 -4.870
104.340 -4.860
104.350 -4.850
104.360 -4.850
104.360 -4.840
104.360 -4.830
104.370 -4.820
104.370 -4.810
104.370 -4.800
104.360 -4.790
104.360 -4.780
104.350 -4.780
104.340 -4.780
104.340 -4.770
104.340 -4.760
104.330 -4.760
104.320 -4.750
104.320 -4.740
104.320 -4.730
104.310 -4.720
104.310 -4.710
104.320 -4.710
104.320 -4.700
104.310 -4.700
104.310 -4.690
104.300 -4.690
104.290 -4.690
104.290 -4.680
104.290 -4.670
104.300 -4.660
104.300 -4.650
104.300 -4.640
104.310 -4.640
104.310 -4.630
104.320 -4.630
104.330 -4.620
104.330 -4.610
104.340 -4.610
104.340 -4.600
104.340 -4.590
104.340 -4.560
104.330 -4.520
104.330 -4.500
104.330 -4.490
104.320 -4.480
104.320 -4.470
104.320 -4.460
104.330 -4.450
104.330 -4.440
104.330 -4.430
104.330 -4.420
104.340 -4.420
104.340 -4.410
104.340 -4.400
104.350 -4.400
104.350 -4.390
104.360 -4.390
104.360 -4.380
104.360 -4.370
104.370 -4.370
104.370 -4.360
104.370 -4.350
104.380 -4.350
104.390 -4.340
104.400 -4.340
104.410 -4.340
104.410 -4.330
104.420 -4.330
104.420 -4.320
104.430 -4.320
104.430 -4.310
104.440 -4.310
104.440 -4.300
104.450 -4.300
104.460 -4.310
104.470 -4.310
104.480 -4.300
104.480 -4.290
104.490 -4.290
104.500 -4.290
104.500 -4.280
104.510 -4.280
104.510 -4.270
104.520 -4.270
104.530 -4.270
104.560 -4.250
104.570 -4.250
104.580 -4.240
104.600 -4.230
104.620 -4.220
104.630 -4.220
104.630 -4.230
104.640 -4.240
104.640 -4.250
104.650 -4.250
104.660 -4.250
104.670 -4.250
104.680 -4.250
104.700 -4.250
104.710 -4.250
104.720 -4.250
104.730 -4.250
104.740 -4.250
104.750 -4.250
104.760 -4.250
104.770 -4.250
104.780 -4.250
104.780 -4.260
104.790 -4.260
104.790 -4.250
104.800 -4.250
104.810 -4.250
104.810 -4.240
104.820 -4.240
104.830 -4.240
104.840 -4.240
104.850 -4.240
104.860 -4.240
104.860 -4.230
104.870 -4.230
104.870 -4.220
104.880 -4.220
104.890 -4.210
104.900 -4.210
104.900 -4.200
104.910 -4.200
104.920 -4.200
104.930 -4.190
104.940 -4.190
104.950 -4.180
104.960 -4.180
104.960 -4.170
104.970 -4.170
104.980 -4.170
104.990 -4.170
105.000 -4.170
105.000 -4.180
105.010 -4.170
105.020 -4.170
105.020 -4.160
105.030 -4.160
105.030 -4.150
105.030 -4.140
105.040 -4.140
105.050 -4.140
105.050 -4.130
105.060 -4.130
105.060 -4.120
105.070 -4.120
105.070 -4.110
105.060 -4.110
105.060 -4.100
105.070 -4.090
105.080 -4.080
105.080 -4.070
105.090 -4.060
105.090 -4.050
105.100 -4.050
105.110 -4.050
105.120 -4.050
105.120 -4.040
105.120 -4.030
105.110 -4.020
105.110 -4.010
105.110 -4.000
105.120 -4.000
105.130 -4.000
105.130 -3.990
105.130 -3.980
105.140 -3.980
105.140 -3.970
105.140 -3.960
105.140 -3.950
105.140 -3.940
105.140 -3.930
105.150 -3.930
105.150 -3.940
105.160 -3.940
105.170 -3.940
105.170 -3.930
105.170 -3.920
105.170 -3.910
105.180 -3.910
105.190 -3.900
105.200 -3.900
105.200 -3.890
105.210 -3.890
105.210 -3.900
105.220 -3.900
105.220 -3.890
105.230 -3.890
105.230 -3.900
105.240 -3.910
REGION 1
125
106.720 -6.220
106.720 -6.210
106.720 -6.200
106.720 -6.190
106.720 -6.180
106.710 -6.180
106.700 -6.180
106.690 -6.180
106.690 -6.170
106.680 -6.160
106.680 -6.150
106.680 -6.140
106.680 -6.130
106.680 -6.120
106.690 -6.110
106.690 -6.100
106.700 -6.100
106.710 -6.100
106.710 -6.090
106.720 -6.090
106.730 -6.090
106.730 -6.100
106.740 -6.100
106.750 -6.100
106.760 -6.100
106.770 -6.100
106.780 -6.100
106.780 -6.110
106.790 -6.110
106.790 -6.100
106.800 -6.100
106.810 -6.100
106.810 -6.110
106.810 -6.120
106.820 -6.120
106.830 -6.120
106.840 -6.120
106.850 -6.120
106.860 -6.120
106.860 -6.110
106.870 -6.110
106.870 -6.100
106.880 -6.100
106.890 -6.100
106.900 -6.100
106.910 -6.100
106.920 -6.100
106.930 -6.100
106.940 -6.100
106.950 -6.100
106.960 -6.100
106.960 -6.090
106.970 -6.090
106.970 -6.110
106.970 -6.130
106.970 -6.150
106.970 -6.170
106.970 -6.180
106.970 -6.190
106.970 -6.200
106.970 -6.210
106.960 -6.210
106.960 -6.220
106.950 -6.230
106.950 -6.240
106.950 -6.250
106.950 -6.260
106.940 -6.260
106.930 -6.260
106.920 -6.260
106.910 -6.260
106.910 -6.270
106.910 -6.280
106.910 -6.290
106.910 -6.300
106.920 -6.300
106.920 -6.320
106.920 -6.330
106.920 -6.340
106.920 -6.350
106.920 -6.360
106.910 -6.360
106.910 -6.370
106.910 -6.380
106.900 -6.380
106.900 -6.370
106.890 -6.370
106.880 -6.370
106.880 -6.360
106.870 -6.360
106.860 -6.360
106.860 -6.350
106.850 -6.350
106.840 -6.350
106.830 -6.350
106.830 -6.360
106.820 -6.360
106.810 -6.360
106.800 -6.360
106.790 -6.360
106.790 -6.350
106.800 -6.350
106.800 -6.340
106.800 -6.330
106.810 -6.330
106.810 -6.320
106.810 -6.310
106.800 -6.310
106.790 -6.320
106.780 -6.320
106.770 -6.320
106.770 -6.310
106.770 -6.300
106.760 -6.290
106.760 -6.280
106.750 -6.280
106.750 -6.270
106.750 -6.260
106.750 -6.250
106.750 -6.240
106.740 -6.240
106.740 -6.230
106.730 -6.230
106.720 -6.230
106.720 -6.220
REGION 1
1147
108.500 -7.780
108.500 -7.790
108.490 -7.790
108.490 -7.800
108.480 -7.800
108.480 -7.810
108.470 -7.810
108.460 -7.810
108.450 -7.810
108.450 -7.820
108.440 -7.820
108.430 -7.820
108.420 -7.820
108.410 -7.820
108.390 -7.820
108.390 -7.810
108.380 -7.810
108.370 -7.810
108.370 -7.820
108.360 -7.820
108.350 -7.820
108.340 -7.820
108.330 -7.820
108.330 -7.810
108.320 -7.820
108.320 -7.810
108.310 -7.810
108.300 -7.810
108.290 -7.810
108.280 -7.810
108.270 -7.810
108.260 -7.800
108.250 -7.800
108.240 -7.800
108.230 -7.800
108.220 -7.800
108.210 -7.800
108.200 -7.790
108.190 -7.790
108.180 -7.790
108.170 -7.790
108.160 -7.790
108.150 -7.790
108.140 -7.790
108.140 -7.780
108.130 -7.780
108.120 -7.780
108.120 -7.770
108.110 -7.780
108.110 -7.770
108.100 -7.770
108.090 -7.770
108.080 -7.770
108.070 -7.770
108.060 -7.770
108.060 -7.760
108.050 -7.760
108.040 -7.760
108.040 -7.750
108.030 -7.750
108.020 -7.750
108.010 -7.750
108.010 -7.740
108.000 -7.740
107.990 -7.740
107.980 -7.740
107.970 -7.740
107.960 -7.740
107.950 -7.740
107.950 -7.730
107.940 -7.730
107.930 -7.730
107.920 -7.730
107.910 -7.730
107.910 -7.740
107.900 -7.740
107.890 -7.740
107.880 -7.740
107.870 -7.740
107.860 -7.740
107.850 -7.740
107.840 -7.740
107.840 -7.730
107.840 -7.720
107.840 -7.710
107.830 -7.710
107.830 -7.700
107.820 -7.700
107.820 -7.690
107.810 -7.690
107.800 -7.690
107.800 -7.680
107.790 -7.680
107.780 -7.680
107.770 -7.680
107.770 -7.670
107.760 -7.670
107.750 -7.670
107.740 -7.670
107.730 -7.670
107.720 -7.670
107.710 -7.670
107.700 -7.670
107.690 -7.670
107.690 -7.660
107.690 -7.650
107.680 -7.650
107.680 -7.640
107.680 -7.630
107.670 -7.630
107.670 -7.620
107.660 -7.620
107.660 -7.610
107.650 -7.610
107.640 -7.610
107.640 -7.600
107.630 -7.600
107.620 -7.600
107.620 -7.590
107.620 -7.580
107.610 -7.580
107.610 -7.570
107.600 -7.570
107.590 -7.570
107.580 -7.570
107.580 -7.560
107.570 -7.560
107.560 -7.560
107.550 -7.560
107.550 -7.550
107.540 -7.550
107.530 -7.550
107.520 -7.550
107.520 -7.540
107.510 -7.540
107.500 -7.540
107.500 -7.530
107.490 -7.530
107.490 -7.540
107.480 -7.540
107.480 -7.530
107.480 -7.520
107.470 -7.520
107.460 -7.520
107.460 -7.510
107.450 -7.510
107.440 -7.510
107.430 -7.510
107.430 -7.500
107.420 -7.500
107.410 -7.500
107.400 -7.500
107.390 -7.500
107.380 -7.500
107.370 -7.500
107.360 -7.500
107.350 -7.500
107.340 -7.500
107.330 -7.500
107.330 -7.490
107.320 -7.490
107.310 -7.490
107.300 -7.490
107.290 -7.490
107.280 -7.490
107.270 -7.490
107.260 -7.490
107.250 -7.490
107.240 -7.490
107.230 -7.490
107.230 -7.480
107.220 -7.480
107.210 -7.480
107.200 -7.480
107.190 -7.480
107.180 -7.470
107.170 -7.470
107.160 -7.470
107.150 -7.470
107.150 -7.460
107.140 -7.460
107.130 -7.460
107.120 -7.460
107.110 -7.460
107.100 -7.450
107.090 -7.450
107.080 -7.450
107.070 -7.450
107.060 -7.450
107.050 -7.450
107.040 -7.450
107.030 -7.450
107.020 -7.450
107.010 -7.450
107.000 -7.450
106.990 -7.450
106.990 -7.440
106.980 -7.440
106.970 -7.440
106.960 -7.440
106.950 -7.440
106.940 -7.440
106.930 -7.440
106.920 -7.440
106.910 -7.440
106.900 -7.440
106.890 -7.440
106.880 -7.440
106.880 -7.430
106.870 -7.430
106.860 -7.430
106.850 -7.430
106.840 -7.430
106.830 -7.430
106.820 -7.430
106.810 -7.430
106.810 -7.440
106.800 -7.440
106.800 -7.430
106.790 -7.430
106.790 -7.440
106.780 -7.440
106.770 -7.440
106.770 -7.430
106.760 -7.430
106.750 -7.430
106.740 -7.430
106.730 -7.430
106.720 -7.430
106.710 -7.430
106.700 -7.430
106.690 -7.430
106.680 -7.430
106.680 -7.420
106.670 -7.420
106.660 -7.420
106.650 -7.420
106.640 -7.420
106.630 -7.420
106.620 -7.420
106.610 -7.420
106.610 -7.410
106.600 -7.410
106.590 -7.410
106.580 -7.410
106.580 -7.420
106.570 -7.420
106.560 -7.420
106.550 -7.420
106.550 -7.410
106.540 -7.410
106.530 -7.410
106.520 -7.410
106.520 -7.400
106.510 -7.400
106.510 -7.390
106.500 -7.390
106.500 -7.380
106.490 -7.380
106.480 -7.370
106.470 -7.370
106.460 -7.370
106.450 -7.370
106.450 -7.360
106.440 -7.360
106.430 -7.360
106.420 -7.360
106.410 -7.360
106.410 -7.370
106.410 -7.380
106.400 -7.380
106.400 -7.370
106.400 -7.360
106.400 -7.350
106.400 -7.340
106.400 -7.330
106.390 -7.330
106.390 -7.320
106.380 -7.320
106.380 -7.310
106.370 -7.310
106.370 -7.300
106.380 -7.300
106.380 -7.290
106.370 -7.290
106.370 -7.280
106.380 -7.280
106.380 -7.270
106.380 -7.260
106.380 -7.250
106.380 -7.240
106.390 -7.240
106.390 -7.230
106.390 -7.220
106.390 -7.210
106.400 -7.210
106.400 -7.200
106.400 -7.190
106.410 -7.190
106.420 -7.190
106.430 -7.190
106.430 -7.180
106.440 -7.180
106.440 -7.190
106.450 -7.190
106.460 -7.190
106.460 -7.180
106.470 -7.180
106.470 -7.170
106.460 -7.170
106.460 -7.160
106.450 -7.160
106.450 -7.150
106.450 -7.140
106.460 -7.140
106.460 -7.130
106.470 -7.130
106.470 -7.120
106.480 -7.120
106.480 -7.110
106.480 -7.100
106.490 -7.100
106.500 -7.100
106.510 -7.100
106.510 -7.090
106.520 -7.090
106.520 -7.080
106.530 -7.070
106.530 -7.060
106.540 -7.060
106.540 -7.050
106.540 -7.040
106.550 -7.040
106.550 -7.030
106.540 -7.030
106.540 -7.020
106.540 -7.010
106.540 -7.000
106.540 -6.990
106.540 -6.980
106.530 -6.980
106.530 -6.970
106.520 -6.970
106.510 -6.970
106.510 -6.960
106.500 -6.960
106.490 -6.960
106.480 -6.960
106.470 -6.960
106.460 -6.960
106.450 -6.960
106.450 -6.950
106.440 -6.950
106.440 -6.960
106.430 -6.960
106.420 -6.960
106.420 -6.970
106.410 -6.980
106.400 -6.980
106.390 -6.980
106.390 -6.970
106.390 -6.960
106.390 -6.950
106.390 -6.940
106.390 -6.930
106.400 -6.930
106.400 -6.920
106.400 -6.910
106.390 -6.910
106.390 -6.900
106.400 -6.900
106.400 -6.890
106.410 -6.890
106.420 -6.880
106.420 -6.870
106.430 -6.870
106.430 -6.860
106.430 -6.850
106.430 -6.840
106.430 -6.830
106.440 -6.830
106.440 -6.820
106.450 -6.820
106.450 -6.810
106.460 -6.810
106.460 -6.800
106.470 -6.800
106.480 -6.800
106.490 -6.790
106.490 -6.780
106.500 -6.780
106.500 -6.770
106.510 -6.770
106.510 -6.760
106.500 -6.760
106.500 -6.750
106.490 -6.750
106.490 -6.740
106.480 -6.740
106.480 -6.730
106.470 -6.730
106.460 -6.730
106.460 -6.720
106.450 -6.710
106.440 -6.700
106.430 -6.700
106.430 -6.690
106.430 -6.680
106.430 -6.670
106.430 -6.660
106.430 -6.650
106.430 -6.640
106.430 -6.630
106.430 -6.620
106.430 -6.610
106.430 -6.600
106.430 -6.590
106.430 -6.580
106.420 -6.570
106.420 -6.560
106.420 -6.550
106.410 -6.540
106.400 -6.530
106.400 -6.520
106.400 -6.510
106.400 -6.500
106.400 -6.490
106.400 -6.480
106.410 -6.480
106.410 -6.470
106.410 -6.460
106.400 -6.460
106.400 -6.450
106.410 -6.450
106.420 -6.450
106.430 -6.450
106.440 -6.450
106.450 -6.450
106.450 -6.440
106.450 -6.430
106.460 -6.430
106.460 -6.420
106.450 -6.410
106.440 -6.410
106.440 -6.400
106.440 -6.390
106.440 -6.380
106.430 -6.380
106.430 -6.370
106.430 -6.360
106.430 -6.350
106.440 -6.350
106.440 -6.340
106.450 -6.330
106.460 -6.320
106.470 -6.310
106.480 -6.310
106.480 -6.320
106.490 -6.320
106.490 -6.330
106.490 -6.340
106.490 -6.350
106.500 -6.350
106.500 -6.360
106.510 -6.360
106.510 -6.350
106.520 -6.350
106.530 -6.350
106.530 -6.340
106.520 -6.340
106.520 -6.330
106.530 -6.330
106.540 -6.330
106.540 -6.340
106.550 -6.340
106.560 -6.340
106.570 -6.340
106.580 -6.340
106.580 -6.350
106.590 -6.350
106.590 -6.360
106.600 -6.360
106.610 -6.360
106.620 -6.360
106.630 -6.360
106.640 -6.360
106.650 -6.360
106.660 -6.360
106.670 -6.360
106.680 -6.360
106.690 -6.360
106.700 -6.360
106.710 -6.360
106.720 -6.360
106.730 -6.360
106.740 -6.360
106.750 -6.360
106.760 -6.360
106.770 -6.360
106.770 -6.350
106.770 -6.340
106.770 -6.330
106.780 -6.320
106.790 -6.320
106.800 -6.310
106.810 -6.310
106.810 -6.320
106.810 -6.330
106.800 -6.330
106.800 -6.340
106.800 -6.350
106.790 -6.350
106.790 -6.360
106.800 -6.360
106.810 -6.360
106.820 -6.360
106.830 -6.360
106.830 -6.350
106.840 -6.350
106.850 -6.350
106.860 -6.350
106.860 -6.360
106.870 -6.360
106.880 -6.360
106.880 -6.370
106.890 -6.370
106.900 -6.370
106.900 -6.380
106.910 -6.380
106.910 -6.370
106.910 -6.360
106.920 -6.360
106.920 -6.350
106.920 -6.340
106.920 -6.330
106.920 -6.320
106.920 -6.310
106.920 -6.300
106.910 -6.300
106.910 -6.290
106.910 -6.280
106.910 -6.270
106.910 -6.260
106.920 -6.260
106.930 -6.260
106.940 -6.260
106.950 -6.260
106.950 -6.250
106.950 -6.240
106.950 -6.230
106.960 -6.220
106.960 -6.210
106.970 -6.210
106.970 -6.200
106.970 -6.190
106.970 -6.180
106.970 -6.170
106.970 -6.150
106.970 -6.130
106.970 -6.110
106.970 -6.090
106.980 -6.090
106.990 -6.090
106.990 -6.080
107.000 -6.080
107.010 -6.080
107.010 -6.070
107.000 -6.070
107.000 -6.060
106.990 -6.060
106.990 -6.050
107.000 -6.050
107.010 -6.050
107.010 -6.040
107.010 -6.030
107.010 -6.020
107.000 -6.020
107.000 -6.030
106.990 -6.030
106.990 -6.020
106.990 -6.010
107.000 -6.010
107.000 -6.000
107.010 -6.000
107.010 -5.990
107.010 -5.980
107.020 -5.970
107.010 -5.960
107.010 -5.950
107.010 -5.940
107.000 -5.940
106.990 -5.940
106.990 -5.930
107.000 -5.930
107.010 -5.930
107.010 -5.920
107.020 -5.920
107.020 -5.910
107.030 -5.910
107.030 -5.920
107.040 -5.920
107.050 -5.920
107.050 -5.930
107.060 -5.930
107.070 -5.930
107.080 -5.930
107.090 -5.930
107.090 -5.940
107.100 -5.940
107.110 -5.940
107.110 -5.950
107.110 -5.960
107.120 -5.960
107.120 -5.970
107.130 -5.970
107.130 -5.980
107.140 -5.980
107.150 -5.980
107.150 -5.990
107.160 -5.990
107.170 -5.990
107.180 -5.990
107.190 -5.990
107.200 -5.990
107.200 -5.980
107.210 -5.980
107.220 -5.980
107.220 -5.970
107.230 -5.970
107.240 -5.970
107.250 -5.970
107.260 -5.970
107.260 -5.960
107.270 -5.960
107.280 -5.960
107.290 -5.960
107.300 -5.960
107.310 -5.960
107.320 -5.960
107.330 -5.960
107.330 -5.970
107.340 -5.970
107.350 -5.970
107.350 -5.980
107.360 -5.980
107.360 -5.990
107.370 -5.990
107.370 -6.000
107.380 -6.000
107.380 -6.010
107.390 -6.010
107.390 -6.020
107.400 -6.030
107.400 -6.040
107.410 -6.040
107.410 -6.050
107.410 -6.060
107.420 -6.060
107.420 -6.070
107.420 -6.080
107.430 -6.080
107.430 -6.090
107.440 -6.090
107.440 -6.100
107.450 -6.100
107.450 -6.110
107.450 -6.120
107.460 -6.120
107.460 -6.130
107.460 -6.140
107.470 -6.140
107.470 -6.150
107.480 -6.150
107.490 -6.150
107.490 -6.160
107.500 -6.160
107.510 -6.160
107.510 -6.170
107.520 -6.170
107.530 -6.170
107.530 -6.180
107.540 -6.180
107.550 -6.180
107.560 -6.180
107.570 -6.180
107.570 -6.190
107.580 -6.190
107.590 -6.190
107.600 -6.190
107.610 -6.190
107.620 -6.190
107.630 -6.200
107.630 -6.210
107.640 -6.210
107.640 -6.220
107.650 -6.220
107.650 -6.230
107.660 -6.230
107.660 -6.240
107.670 -6.240
107.670 -6.250
107.680 -6.250
107.680 -6.240
107.690 -6.240
107.690 -6.230
107.690 -6.220
107.700 -6.220
107.700 -6.230
107.710 -6.230
107.710 -6.240
107.720 -6.240
107.730 -6.240
107.730 -6.230
107.740 -6.230
107.750 -6.230
107.750 -6.220
107.760 -6.220
107.760 -6.210
107.770 -6.210
107.780 -6.210
107.780 -6.200
107.790 -6.200
107.800 -6.200
107.810 -6.200
107.810 -6.190
107.820 -6.190
107.820 -6.180
107.830 -6.180
107.830 -6.190
107.840 -6.190
107.850 -6.190
107.850 -6.200
107.850 -6.210
107.860 -6.210
107.870 -6.210
107.870 -6.200
107.880 -6.200
107.890 -6.200
107.890 -6.210
107.890 -6.220
107.890 -6.230
107.890 -6.240
107.900 -6.240
107.910 -6.240
107.910 -6.250
107.920 -6.250
107.930 -6.250
107.940 -6.250
107.940 -6.260
107.950 -6.260
107.960 -6.260
107.960 -6.270
107.970 -6.270
107.980 -6.270
107.980 -6.280
107.990 -6.280
108.000 -6.280
108.000 -6.290
108.010 -6.290
108.020 -6.290
108.020 -6.300
108.030 -6.300
108.030 -6.310
108.040 -6.310
108.050 -6.310
108.060 -6.310
108.060 -6.320
108.070 -6.320
108.080 -6.320
108.090 -6.320
108.100 -6.330
108.110 -6.330
108.120 -6.330
108.130 -6.330
108.130 -6.320
108.140 -6.320
108.150 -6.320
108.150 -6.310
108.160 -6.310
108.170 -6.310
108.170 -6.300
108.180 -6.300
108.180 -6.290
108.190 -6.290
108.190 -6.280
108.200 -6.280
108.200 -6.270
108.210 -6.270
108.210 -6.260
108.210 -6.250
108.200 -6.250
108.200 -6.240
108.200 -6.230
108.210 -6.240
108.220 -6.240
108.220 -6.250
108.230 -6.250
108.230 -6.240
108.240 -6.240
108.250 -6.240
108.250 -6.250
108.260 -6.250
108.270 -6.250
108.280 -6.250
108.290 -6.250
108.300 -6.250
108.310 -6.250
108.310 -6.260
108.320 -6.260
108.330 -6.260
108.330 -6.270
108.340 -6.270
108.340 -6.260
108.340 -6.250
108.340 -6.240
108.350 -6.240
108.350 -6.250
108.350 -6.260
108.360 -6.260
108.360 -6.270
108.370 -6.270
108.370 -6.280
108.370 -6.290
108.370 -6.300
108.370 -6.310
108.370 -6.320
108.370 -6.330
108.380 -6.330
108.380 -6.340
108.380 -6.350
108.380 -6.360
108.390 -6.360
108.400 -6.370
108.400 -6.380
108.410 -6.380
108.410 -6.390
108.420 -6.390
108.420 -6.400
108.430 -6.410
108.440 -6.420
108.440 -6.430
108.450 -6.430
108.450 -6.440
108.460 -6.440
108.470 -6.440
108.470 -6.450
108.480 -6.450
108.480 -6.460
108.490 -6.460
108.500 -6.460
108.500 -6.470
108.510 -6.470
108.520 -6.470
108.520 -6.480
108.530 -6.480
108.540 -6.480
108.540 -6.490
108.540 -6.500
108.540 -6.510
108.540 -6.520
108.540 -6.530
108.550 -6.530
108.550 -6.540
108.540 -6.540
108.550 -6.550
108.550 -6.560
108.550 -6.570
108.540 -6.570
108.540 -6.580
108.540 -6.590
108.550 -6.600
108.550 -6.610
108.550 -6.620
108.550 -6.630
108.560 -6.630
108.560 -6.640
108.560 -6.650
108.560 -6.660
108.560 -6.670
108.560 -6.680
108.560 -6.690
108.560 -6.700
108.570 -6.700
108.570 -6.710
108.580 -6.720
108.580 -6.730
108.590 -6.730
108.590 -6.740
108.600 -6.740
108.600 -6.750
108.600 -6.760
108.610 -6.760
108.610 -6.770
108.620 -6.770
108.630 -6.770
108.640 -6.770
108.640 -6.760
108.650 -6.760
108.650 -6.750
108.660 -6.750
108.660 -6.760
108.670 -6.760
108.680 -6.760
108.680 -6.770
108.680 -6.780
108.680 -6.790
108.680 -6.800
108.690 -6.800
108.700 -6.800
108.700 -6.810
108.710 -6.810
108.720 -6.810
108.730 -6.810
108.740 -6.810
108.750 -6.810
108.760 -6.810
108.770 -6.810
108.780 -6.810
108.780 -6.800
108.790 -6.800
108.790 -6.790
108.800 -6.790
108.810 -6.790
108.810 -6.780
108.800 -6.780
108.800 -6.770
108.800 -6.760
108.790 -6.760
108.790 -6.750
108.800 -6.750
108.800 -6.740
108.810 -6.740
108.810 -6.750
108.820 -6.750
108.830 -6.750
108.830 -6.760
108.830 -6.770
108.830 -6.780
108.830 -6.790
108.830 -6.800
108.830 -6.810
108.830 -6.820
108.830 -6.830
108.820 -6.830
108.820 -6.840
108.810 -6.840
108.810 -6.850
108.810 -6.860
108.800 -6.860
108.800 -6.870
108.800 -6.880
108.790 -6.880
108.780 -6.880
108.780 -6.890
108.770 -6.890
108.770 -6.900
108.760 -6.910
108.750 -6.910
108.750 -6.920
108.760 -6.920
108.760 -6.930
108.760 -6.940
108.760 -6.950
108.760 -6.960
108.760 -6.970
108.760 -6.980
108.770 -6.990
108.780 -6.990
108.790 -6.990
108.790 -7.000
108.800 -7.000
108.800 -7.010
108.800 -7.020
108.800 -7.030
108.790 -7.030
108.780 -7.040
108.780 -7.050
108.790 -7.050
108.790 -7.060
108.780 -7.060
108.780 -7.070
108.780 -7.080
108.780 -7.090
108.780 -7.100
108.780 -7.110
108.770 -7.110
108.760 -7.110
108.750 -7.110
108.740 -7.110
108.730 -7.110
108.730 -7.120
108.720 -7.130
108.710 -7.130
108.710 -7.140
108.700 -7.150
108.690 -7.150
108.680 -7.150
108.680 -7.160
108.670 -7.160
108.670 -7.150
108.660 -7.150
108.650 -7.150
108.650 -7.140
108.640 -7.140
108.630 -7.140
108.620 -7.140
108.610 -7.140
108.610 -7.150
108.600 -7.150
108.590 -7.150
108.580 -7.160
108.570 -7.160
108.570 -7.170
108.560 -7.170
108.570 -7.180
108.570 -7.190
108.560 -7.190
108.570 -7.200
108.580 -7.200
108.580 -7.210
108.580 -7.220
108.580 -7.230
108.580 -7.240
108.580 -7.250
108.570 -7.250
108.570 -7.260
108.570 -7.270
108.570 -7.280
108.560 -7.280
108.560 -7.290
108.560 -7.300
108.560 -7.310
108.560 -7.320
108.560 -7.330
108.560 -7.340
108.570 -7.340
108.580 -7.340
108.580 -7.350
108.590 -7.350
108.600 -7.350
108.610 -7.350
108.620 -7.350
108.630 -7.350
108.630 -7.340
108.640 -7.340
108.650 -7.340
108.650 -7.350
108.660 -7.350
108.670 -7.360
108.680 -7.370
108.680 -7.380
108.680 -7.390
108.690 -7.390
108.690 -7.400
108.700 -7.400
108.700 -7.410
108.700 -7.420
108.710 -7.420
108.710 -7.430
108.720 -7.430
108.720 -7.440
108.720 -7.450
108.710 -7.450
108.710 -7.460
108.710 -7.470
108.720 -7.470
108.720 -7.480
108.720 -7.490
108.720 -7.500
108.730 -7.500
108.730 -7.510
108.740 -7.510
108.740 -7.520
108.740 -7.530
108.740 -7.540
108.750 -7.550
108.750 -7.560
108.750 -7.570
108.750 -7.580
108.750 -7.590
108.740 -7.590
108.740 -7.600
108.740 -7.610
108.730 -7.620
108.740 -7.620
108.750 -7.620
108.750 -7.630
108.750 -7.640
108.760 -7.640
108.760 -7.650
108.770 -7.650
108.770 -7.660
108.780 -7.660
108.790 -7.660
108.790 -7.670
108.800 -7.670
108.800 -7.680
108.790 -7.680
108.790 -7.690
108.780 -7.690
108.770 -7.690
108.770 -7.700
108.760 -7.700
108.760 -7.690
108.750 -7.690
108.740 -7.690
108.740 -7.680
108.730 -7.680
108.720 -7.680
108.710 -7.680
108.700 -7.680
108.690 -7.680
108.680 -7.680
108.670 -7.680
108.670 -7.690
108.660 -7.690
108.660 -7.700
108.650 -7.700
108.650 -7.690
108.640 -7.690
108.630 -7.690
108.630 -7.680
108.620 -7.680
108.610 -7.680
108.600 -7.680
108.590 -7.680
108.580 -7.680
108.580 -7.690
108.570 -7.690
108.560 -7.690
108.550 -7.690
108.540 -7.690
108.530 -7.690
108.530 -7.700
108.520 -7.700
108.510 -7.700
108.510 -7.710
108.500 -7.710
108.500 -7.720
108.500 -7.730
108.500 -7.740
108.500 -7.750
108.510 -7.750
108.510 -7.760
108.510 -7.770
108.500 -7.770
108.500 -7.780
REGION 1
709
106.000 -5.970
106.000 -5.960
106.000 -5.950
106.000 -5.940
106.000 -5.930
105.990 -5.930
105.990 -5.920
106.000 -5.920
106.000 -5.910
106.010 -5.910
106.010 -5.900
106.020 -5.900
106.020 -5.890
106.030 -5.890
106.040 -5.890
106.040 -5.880
106.050 -5.880
106.060 -5.880
106.070 -5.880
106.070 -5.890
106.080 -5.890
106.090 -5.900
106.090 -5.910
106.100 -5.910
106.100 -5.920
106.110 -5.930
106.110 -5.940
106.110 -5.950
106.110 -5.960
106.100 -5.960
106.100 -5.970
106.100 -5.980
106.100 -5.990
106.110 -5.990
106.110 -6.000
106.120 -6.010
106.130 -6.010
106.140 -6.010
106.140 -6.020
106.150 -6.020
106.160 -6.020
106.160 -6.030
106.170 -6.030
106.180 -6.030
106.190 -6.030
106.190 -6.020
106.200 -6.020
106.210 -6.020
106.220 -6.020
106.220 -6.010
106.220 -6.000
106.230 -6.000
106.240 -6.000
106.240 -5.990
106.240 -5.980
106.240 -5.970
106.250 -5.960
106.260 -5.960
106.260 -5.950
106.270 -5.960
106.280 -5.960
106.280 -5.970
106.290 -5.970
106.300 -5.970
106.310 -5.970
106.310 -5.980
106.320 -5.980
106.330 -5.980
106.330 -5.990
106.340 -5.980
106.340 -5.970
106.350 -5.970
106.350 -5.960
106.360 -5.960
106.360 -5.970
106.360 -5.980
106.370 -5.980
106.380 -5.980
106.380 -5.970
106.390 -5.970
106.390 -5.980
106.390 -5.990
106.390 -6.000
106.400 -6.000
106.400 -6.010
106.400 -6.020
106.410 -6.020
106.420 -6.020
106.420 -6.030
106.430 -6.030
106.440 -6.030
106.450 -6.030
106.450 -6.040
106.460 -6.040
106.470 -6.040
106.480 -6.050
106.490 -6.050
106.490 -6.040
106.500 -6.040
106.510 -6.040
106.510 -6.030
106.520 -6.030
106.530 -6.020
106.530 -6.010
106.540 -6.010
106.540 -6.020
106.550 -6.020
106.550 -6.030
106.560 -6.030
106.570 -6.030
106.580 -6.030
106.590 -6.030
106.600 -6.030
106.610 -6.020
106.620 -6.020
106.620 -6.010
106.630 -6.010
106.630 -6.000
106.640 -6.000
106.640 -6.010
106.650 -6.010
106.650 -6.020
106.650 -6.030
106.660 -6.030
106.660 -6.020
106.670 -6.020
106.680 -6.010
106.680 -6.020
106.690 -6.020
106.700 -6.020
106.700 -6.030
106.710 -6.030
106.710 -6.040
106.720 -6.040
106.720 -6.050
106.710 -6.050
106.710 -6.060
106.710 -6.070
106.720 -6.080
106.720 -6.090
106.710 -6.090
106.710 -6.100
106.700 -6.100
106.690 -6.100
106.690 -6.110
106.680 -6.120
106.680 -6.130
106.680 -6.140
106.680 -6.150
106.680 -6.160
106.690 -6.170
106.690 -6.180
106.700 -6.180
106.710 -6.180
106.720 -6.180
106.720 -6.190
106.720 -6.200
106.720 -6.210
106.720 -6.220
106.720 -6.230
106.730 -6.230
106.740 -6.230
106.740 -6.240
106.750 -6.240
106.750 -6.250
106.750 -6.260
106.750 -6.270
106.750 -6.280
106.760 -6.280
106.760 -6.290
106.770 -6.300
106.770 -6.310
106.770 -6.320
106.780 -6.320
106.770 -6.330
106.770 -6.340
106.770 -6.350
106.770 -6.360
106.760 -6.360
106.750 -6.360
106.740 -6.360
106.730 -6.360
106.720 -6.360
106.710 -6.360
106.700 -6.360
106.690 -6.360
106.680 -6.360
106.670 -6.360
106.660 -6.360
106.650 -6.360
106.640 -6.360
106.630 -6.360
106.620 -6.360
106.610 -6.360
106.600 -6.360
106.590 -6.360
106.590 -6.350
106.580 -6.350
106.580 -6.340
106.570 -6.340
106.560 -6.340
106.550 -6.340
106.540 -6.340
106.540 -6.330
106.530 -6.330
106.520 -6.330
106.520 -6.340
106.530 -6.340
106.530 -6.350
106.520 -6.350
106.510 -6.350
106.510 -6.360
106.500 -6.360
106.500 -6.350
106.490 -6.350
106.490 -6.340
106.490 -6.330
106.490 -6.320
106.480 -6.320
106.480 -6.310
106.470 -6.310
106.460 -6.320
106.450 -6.330
106.440 -6.340
106.440 -6.350
106.430 -6.350
106.430 -6.360
106.430 -6.370
106.430 -6.380
106.440 -6.380
106.440 -6.390
106.440 -6.400
106.440 -6.410
106.450 -6.410
106.460 -6.420
106.460 -6.430
106.450 -6.430
106.450 -6.440
106.450 -6.450
106.440 -6.450
106.430 -6.450
106.420 -6.450
106.410 -6.450
106.400 -6.450
106.400 -6.460
106.410 -6.460
106.410 -6.470
106.410 -6.480
106.400 -6.480
106.400 -6.490
106.400 -6.500
106.400 -6.510
106.400 -6.520
106.400 -6.530
106.410 -6.540
106.420 -6.550
106.420 -6.560
106.420 -6.570
106.430 -6.580
106.430 -6.590
106.430 -6.600
106.430 -6.610
106.430 -6.620
106.430 -6.630
106.430 -6.640
106.430 -6.650
106.430 -6.660
106.430 -6.670
106.430 -6.680
106.430 -6.690
106.430 -6.700
106.440 -6.700
106.450 -6.710
106.460 -6.720
106.460 -6.730
106.470 -6.730
106.480 -6.730
106.480 -6.740
106.490 -6.740
106.490 -6.750
106.500 -6.750
106.500 -6.760
106.510 -6.760
106.510 -6.770
106.500 -6.770
106.500 -6.780
106.490 -6.780
106.490 -6.790
106.480 -6.800
106.470 -6.800
106.460 -6.800
106.460 -6.810
106.450 -6.810
106.450 -6.820
106.440 -6.820
106.440 -6.830
106.430 -6.830
106.430 -6.840
106.430 -6.850
106.430 -6.860
106.430 -6.870
106.420 -6.870
106.420 -6.880
106.410 -6.890
106.400 -6.890
106.400 -6.900
106.390 -6.900
106.390 -6.910
106.400 -6.910
106.400 -6.920
106.400 -6.930
106.390 -6.930
106.390 -6.940
106.390 -6.950
106.390 -6.960
106.390 -6.970
106.390 -6.980
106.390 -6.990
106.380 -6.990
106.370 -6.990
106.360 -6.990
106.360 -7.000
106.350 -6.990
106.350 -7.000
106.340 -7.000
106.340 -6.990
106.330 -6.990
106.320 -6.990
106.310 -6.990
106.310 -6.980
106.300 -6.980
106.290 -6.980
106.280 -6.970
106.280 -6.980
106.270 -6.980
106.270 -6.970
106.260 -6.970
106.260 -6.960
106.250 -6.960
106.240 -6.960
106.240 -6.950
106.250 -6.950
106.250 -6.940
106.240 -6.930
106.230 -6.930
106.220 -6.920
106.210 -6.920
106.200 -6.920
106.200 -6.910
106.190 -6.910
106.180 -6.910
106.170 -6.910
106.160 -6.910
106.160 -6.900
106.150 -6.900
106.140 -6.900
106.140 -6.890
106.130 -6.890
106.120 -6.890
106.110 -6.890
106.110 -6.880
106.100 -6.880
106.090 -6.870
106.090 -6.860
106.080 -6.860
106.080 -6.850
106.070 -6.850
106.070 -6.840
106.060 -6.840
106.060 -6.830
106.050 -6.830
106.040 -6.830
106.040 -6.820
106.030 -6.820
106.020 -6.820
106.010 -6.820
106.000 -6.820
106.000 -6.810
105.990 -6.810
105.980 -6.810
105.970 -6.810
105.960 -6.810
105.950 -6.810
105.940 -6.810
105.930 -6.810
105.920 -6.810
105.920 -6.820
105.910 -6.820
105.900 -6.820
105.900 -6.830
105.900 -6.840
105.890 -6.840
105.890 -6.850
105.880 -6.850
105.880 -6.840
105.870 -6.840
105.870 -6.830
105.860 -6.830
105.850 -6.830
105.840 -6.830
105.840 -6.840
105.830 -6.830
105.830 -6.840
105.820 -6.840
105.810 -6.840
105.800 -6.840
105.790 -6.840
105.790 -6.850
105.780 -6.850
105.770 -6.850
105.760 -6.850
105.760 -6.840
105.750 -6.840
105.740 -6.840
105.730 -6.840
105.720 -6.840
105.710 -6.840
105.700 -6.840
105.690 -6.840
105.680 -6.840
105.670 -6.840
105.660 -6.840
105.650 -6.840
105.640 -6.840
105.630 -6.840
105.620 -6.840
105.610 -6.840
105.610 -6.850
105.600 -6.850
105.590 -6.850
105.580 -6.850
105.580 -6.860
105.570 -6.860
105.560 -6.860
105.550 -6.860
105.550 -6.870
105.540 -6.870
105.530 -6.870
105.520 -6.870
105.520 -6.860
105.510 -6.860
105.500 -6.860
105.490 -6.860
105.490 -6.870
105.480 -6.870
105.470 -6.860
105.460 -6.860
105.460 -6.850
105.450 -6.840
105.440 -6.840
105.430 -6.840
105.420 -6.840
105.420 -6.850
105.410 -6.850
105.410 -6.840
105.410 -6.830
105.400 -6.830
105.400 -6.820
105.390 -6.820
105.380 -6.820
105.380 -6.810
105.370 -6.810
105.360 -6.810
105.350 -6.810
105.340 -6.810
105.340 -6.800
105.330 -6.800
105.320 -6.800
105.310 -6.800
105.300 -6.800
105.300 -6.810
105.290 -6.810
105.290 -6.820
105.290 -6.830
105.280 -6.830
105.280 -6.840
105.270 -6.840
105.270 -6.850
105.260 -6.850
105.260 -6.840
105.250 -6.840
105.240 -6.840
105.240 -6.830
105.240 -6.820
105.240 -6.810
105.240 -6.800
105.240 -6.790
105.230 -6.790
105.230 -6.780
105.230 -6.770
105.220 -6.770
105.220 -6.760
105.210 -6.760
105.210 -6.750
105.220 -6.750
105.230 -6.750
105.230 -6.760
105.240 -6.760
105.250 -6.760
105.260 -6.760
105.270 -6.760
105.270 -6.750
105.270 -6.740
105.280 -6.740
105.280 -6.730
105.290 -6.730
105.290 -6.720
105.300 -6.720
105.310 -6.720
105.310 -6.710
105.320 -6.710
105.320 -6.700
105.330 -6.700
105.330 -6.690
105.330 -6.680
105.320 -6.680
105.320 -6.670
105.330 -6.670
105.330 -6.660
105.340 -6.660
105.350 -6.660
105.360 -6.660
105.360 -6.650
105.370 -6.650
105.380 -6.650
105.380 -6.660
105.380 -6.670
105.380 -6.680
105.390 -6.680
105.390 -6.690
105.390 -6.700
105.390 -6.710
105.400 -6.710
105.400 -6.720
105.400 -6.730
105.390 -6.730
105.390 -6.740
105.400 -6.740
105.400 -6.750
105.410 -6.750
105.410 -6.760
105.420 -6.760
105.420 -6.770
105.430 -6.770
105.430 -6.780
105.430 -6.790
105.440 -6.790
105.440 -6.800
105.440 -6.810
105.440 -6.820
105.450 -6.820
105.450 -6.830
105.460 -6.830
105.470 -6.830
105.470 -6.820
105.480 -6.820
105.480 -6.810
105.490 -6.800
105.500 -6.800
105.500 -6.790
105.500 -6.780
105.500 -6.770
105.500 -6.760
105.510 -6.760
105.510 -6.750
105.510 -6.740
105.510 -6.730
105.520 -6.730
105.520 -6.720
105.530 -6.720
105.530 -6.710
105.540 -6.710
105.540 -6.700
105.550 -6.700
105.550 -6.690
105.560 -6.690
105.560 -6.680
105.570 -6.680
105.570 -6.670
105.580 -6.670
105.580 -6.660
105.580 -6.650
105.590 -6.650
105.600 -6.650
105.600 -6.640
105.610 -6.640
105.610 -6.630
105.610 -6.620
105.620 -6.620
105.620 -6.610
105.620 -6.600
105.620 -6.590
105.630 -6.590
105.630 -6.580
105.620 -6.580
105.620 -6.570
105.620 -6.560
105.620 -6.550
105.620 -6.540
105.620 -6.530
105.630 -6.530
105.630 -6.520
105.630 -6.510
105.640 -6.510
105.640 -6.500
105.650 -6.500
105.650 -6.490
105.650 -6.480
105.660 -6.480
105.670 -6.480
105.680 -6.480
105.680 -6.490
105.680 -6.500
105.670 -6.500
105.670 -6.510
105.680 -6.510
105.680 -6.520
105.690 -6.520
105.700 -6.520
105.700 -6.530
105.710 -6.530
105.720 -6.530
105.730 -6.530
105.730 -6.520
105.740 -6.520
105.750 -6.520
105.760 -6.520
105.770 -6.520
105.780 -6.510
105.780 -6.500
105.790 -6.500
105.790 -6.490
105.800 -6.490
105.800 -6.480
105.810 -6.480
105.810 -6.470
105.810 -6.460
105.820 -6.460
105.820 -6.450
105.820 -6.440
105.820 -6.430
105.830 -6.430
105.830 -6.420
105.830 -6.410
105.830 -6.400
105.820 -6.400
105.830 -6.390
105.820 -6.390
105.820 -6.380
105.820 -6.370
105.820 -6.360
105.820 -6.350
105.820 -6.340
105.830 -6.340
105.830 -6.330
105.830 -6.320
105.840 -6.320
105.840 -6.310
105.840 -6.300
105.840 -6.290
105.830 -6.290
105.830 -6.280
105.830 -6.270
105.830 -6.260
105.830 -6.250
105.830 -6.240
105.830 -6.230
105.830 -6.220
105.830 -6.210
105.830 -6.200
105.840 -6.200
105.840 -6.190
105.840 -6.180
105.850 -6.180
105.850 -6.170
105.850 -6.160
105.850 -6.150
105.860 -6.140
105.860 -6.130
105.860 -6.120
105.870 -6.120
105.870 -6.110
105.880 -6.110
105.880 -6.100
105.880 -6.090
105.880 -6.080
105.880 -6.070
105.890 -6.070
105.890 -6.060
105.900 -6.060
105.910 -6.060
105.910 -6.050
105.920 -6.050
105.920 -6.040
105.930 -6.040
105.930 -6.030
105.940 -6.030
105.940 -6.020
105.950 -6.020
105.960 -6.020
105.960 -6.010
105.970 -6.010
105.970 -6.000
105.980 -6.000
105.980 -5.990
105.990 -5.990
105.990 -5.980
105.990 -5.970
106.000 -5.970
REGION 1
1341
111.120 -6.620
111.120 -6.630
111.130 -6.640
111.130 -6.650
111.140 -6.650
111.150 -6.650
111.150 -6.660
111.160 -6.660
111.170 -6.660
111.180 -6.660
111.200 -6.670
111.210 -6.670
111.210 -6.680
111.220 -6.680
111.230 -6.690
111.240 -6.690
111.250 -6.690
111.260 -6.690
111.270 -6.690
111.280 -6.690
111.290 -6.690
111.300 -6.690
111.300 -6.700
111.310 -6.700
111.320 -6.700
111.330 -6.700
111.340 -6.700
111.350 -6.700
111.360 -6.700
111.370 -6.700
111.380 -6.700
111.390 -6.700
111.390 -6.690
111.400 -6.690
111.410 -6.690
111.420 -6.680
111.430 -6.680
111.430 -6.670
111.440 -6.670
111.450 -6.670
111.460 -6.670
111.460 -6.660
111.470 -6.660
111.470 -6.650
111.460 -6.650
111.460 -6.640
111.470 -6.640
111.470 -6.630
111.480 -6.630
111.490 -6.630
111.490 -6.620
111.500 -6.620
111.500 -6.630
111.510 -6.630
111.520 -6.630
111.530 -6.630
111.540 -6.630
111.540 -6.640
111.550 -6.640
111.560 -6.640
111.570 -6.640
111.570 -6.650
111.580 -6.650
111.580 -6.660
111.590 -6.660
111.590 -6.670
111.600 -6.670
111.600 -6.680
111.610 -6.680
111.610 -6.690
111.620 -6.690
111.620 -6.700
111.630 -6.700
111.640 -6.710
111.650 -6.720
111.660 -6.720
111.660 -6.730
111.670 -6.730
111.670 -6.740
111.680 -6.740
111.680 -6.750
111.690 -6.750
111.690 -6.760
111.690 -6.770
111.680 -6.770
111.670 -6.760
111.670 -6.770
111.660 -6.780
111.660 -6.790
111.670 -6.800
111.670 -6.810
111.660 -6.820
111.660 -6.830
111.650 -6.830
111.640 -6.830
111.630 -6.830
111.630 -6.820
111.620 -6.820
111.620 -6.830
111.620 -6.840
111.610 -6.840
111.610 -6.850
111.610 -6.860
111.610 -6.870
111.610 -6.880
111.610 -6.890
111.600 -6.890
111.600 -6.900
111.610 -6.900
111.610 -6.910
111.600 -6.910
111.590 -6.910
111.580 -6.920
111.580 -6.930
111.570 -6.930
111.570 -6.940
111.570 -6.950
111.580 -6.960
111.600 -6.970
111.610 -6.970
111.620 -6.980
111.620 -6.990
111.620 -7.000
111.610 -7.000
111.610 -7.010
111.610 -7.020
111.610 -7.030
111.610 -7.040
111.620 -7.040
111.620 -7.050
111.620 -7.060
111.620 -7.070
111.610 -7.080
111.610 -7.090
111.610 -7.100
111.620 -7.100
111.620 -7.110
111.610 -7.110
111.610 -7.120
111.600 -7.130
111.610 -7.130
111.610 -7.140
111.600 -7.140
111.600 -7.150
111.590 -7.150
111.590 -7.160
111.580 -7.160
111.580 -7.170
111.580 -7.180
111.570 -7.190
111.570 -7.180
111.560 -7.180
111.560 -7.190
111.570 -7.200
111.560 -7.200
111.550 -7.200
111.550 -7.210
111.540 -7.210
111.540 -7.220
111.540 -7.230
111.530 -7.230
111.520 -7.230
111.520 -7.240
111.510 -7.240
111.500 -7.250
111.490 -7.250
111.490 -7.260
111.480 -7.260
111.480 -7.250
111.470 -7.250
111.470 -7.260
111.460 -7.260
111.460 -7.250
111.450 -7.250
111.450 -7.260
111.450 -7.270
111.440 -7.270
111.440 -7.280
111.440 -7.290
111.430 -7.290
111.430 -7.300
111.420 -7.300
111.420 -7.310
111.430 -7.320
111.440 -7.320
111.450 -7.320
111.450 -7.330
111.440 -7.330
111.440 -7.340
111.440 -7.350
111.450 -7.350
111.460 -7.350
111.460 -7.360
111.450 -7.360
111.450 -7.370
111.440 -7.370
111.430 -7.370
111.430 -7.360
111.420 -7.350
111.410 -7.340
111.400 -7.340
111.390 -7.340
111.380 -7.340
111.370 -7.340
111.370 -7.330
111.360 -7.330
111.350 -7.330
111.340 -7.330
111.340 -7.320
111.330 -7.320
111.320 -7.310
111.310 -7.310
111.310 -7.300
111.300 -7.300
111.290 -7.300
111.290 -7.290
111.280 -7.290
111.270 -7.290
111.260 -7.290
111.260 -7.280
111.250 -7.280
111.240 -7.280
111.230 -7.270
111.220 -7.270
111.220 -7.260
111.220 -7.250
111.210 -7.250
111.200 -7.250
111.190 -7.260
111.180 -7.260
111.170 -7.260
111.160 -7.260
111.150 -7.260
111.150 -7.270
111.140 -7.280
111.140 -7.290
111.140 -7.300
111.140 -7.310
111.150 -7.310
111.150 -7.320
111.140 -7.330
111.140 -7.340
111.140 -7.350
111.140 -7.360
111.140 -7.370
111.140 -7.380
111.130 -7.390
111.130 -7.400
111.120 -7.400
111.120 -7.410
111.120 -7.420
111.120 -7.430
111.120 -7.440
111.120 -7.450
111.130 -7.450
111.130 -7.460
111.140 -7.460
111.130 -7.470
111.130 -7.480
111.140 -7.480
111.140 -7.490
111.150 -7.490
111.150 -7.500
111.150 -7.510
111.150 -7.520
111.150 -7.530
111.150 -7.540
111.150 -7.550
111.150 -7.560
111.150 -7.570
111.160 -7.580
111.170 -7.590
111.180 -7.590
111.190 -7.600
111.190 -7.610
111.190 -7.620
111.190 -7.630
111.190 -7.640
111.180 -7.640
111.180 -7.650
111.180 -7.660
111.190 -7.660
111.190 -7.670
111.190 -7.680
111.190 -7.690
111.190 -7.700
111.180 -7.700
111.180 -7.710
111.190 -7.710
111.200 -7.710
111.200 -7.720
111.210 -7.730
111.220 -7.730
111.220 -7.740
111.230 -7.750
111.240 -7.750
111.240 -7.740
111.250 -7.740
111.250 -7.750
111.260 -7.750
111.270 -7.750
111.280 -7.750
111.290 -7.750
111.290 -7.760
111.280 -7.760
111.280 -7.770
111.280 -7.780
111.280 -7.790
111.290 -7.790
111.290 -7.800
111.300 -7.800
111.300 -7.810
111.300 -7.820
111.300 -7.830
111.300 -7.840
111.310 -7.840
111.310 -7.850
111.300 -7.860
111.290 -7.860
111.290 -7.870
111.300 -7.870
111.300 -7.880
111.290 -7.890
111.290 -7.900
111.280 -7.900
111.280 -7.910
111.280 -7.920
111.270 -7.920
111.270 -7.930
111.260 -7.940
111.250 -7.940
111.240 -7.950
111.230 -7.950
111.230 -7.940
111.220 -7.930
111.210 -7.930
111.210 -7.940
111.200 -7.940
111.190 -7.940
111.190 -7.930
111.190 -7.920
111.180 -7.920
111.170 -7.920
111.160 -7.920
111.160 -7.930
111.150 -7.930
111.140 -7.930
111.140 -7.940
111.140 -7.950
111.140 -7.960
111.130 -7.960
111.130 -7.970
111.130 -7.980
111.130 -7.990
111.130 -8.000
111.130 -8.010
111.130 -8.020
111.130 -8.030
111.130 -8.040
111.120 -8.040
111.120 -8.050
111.120 -8.060
111.110 -8.060
111.110 -8.070
111.100 -8.070
111.090 -8.070
111.090 -8.060
111.090 -8.050
111.080 -8.050
111.070 -8.050
111.060 -8.060
111.060 -8.070
111.050 -8.070
111.040 -8.080
111.030 -8.080
111.020 -8.080
111.010 -8.080
111.000 -8.080
110.990 -8.080
110.980 -8.080
110.980 -8.070
110.970 -8.070
110.960 -8.070
110.950 -8.070
110.950 -8.080
110.940 -8.090
110.930 -8.090
110.930 -8.100
110.920 -8.110
110.920 -8.120
110.910 -8.120
110.910 -8.130
110.910 -8.140
110.900 -8.150
110.900 -8.160
110.900 -8.170
110.900 -8.180
110.900 -8.190
110.900 -8.200
110.900 -8.210
110.890 -8.210
110.880 -8.210
110.870 -8.210
110.860 -8.210
110.850 -8.210
110.840 -8.210
110.840 -8.200
110.840 -8.190
110.840 -8.180
110.840 -8.170
110.830 -8.170
110.820 -8.180
110.820 -8.170
110.820 -8.160
110.820 -8.150
110.830 -8.150
110.830 -8.140
110.820 -8.140
110.810 -8.140
110.810 -8.150
110.810 -8.160
110.800 -8.160
110.790 -8.160
110.790 -8.150
110.790 -8.140
110.790 -8.130
110.790 -8.120
110.790 -8.110
110.790 -8.100
110.780 -8.090
110.780 -8.080
110.780 -8.070
110.780 -8.060
110.770 -8.060
110.770 -8.050
110.770 -8.040
110.760 -8.040
110.760 -8.030
110.760 -8.020
110.760 -8.010
110.760 -8.000
110.770 -7.990
110.770 -7.980
110.770 -7.970
110.770 -7.960
110.770 -7.950
110.770 -7.940
110.770 -7.930
110.770 -7.920
110.770 -7.910
110.770 -7.900
110.780 -7.890
110.780 -7.880
110.780 -7.870
110.780 -7.860
110.780 -7.850
110.780 -7.840
110.780 -7.830
110.790 -7.820
110.780 -7.820
110.780 -7.810
110.770 -7.810
110.760 -7.820
110.760 -7.830
110.750 -7.820
110.740 -7.810
110.740 -7.800
110.730 -7.800
110.720 -7.790
110.710 -7.790
110.710 -7.800
110.710 -7.810
110.700 -7.810
110.690 -7.810
110.680 -7.810
110.680 -7.800
110.670 -7.800
110.680 -7.790
110.670 -7.790
110.660 -7.800
110.650 -7.800
110.650 -7.790
110.640 -7.800
110.630 -7.800
110.620 -7.800
110.610 -7.800
110.600 -7.800
110.600 -7.810
110.590 -7.810
110.590 -7.800
110.580 -7.800
110.580 -7.790
110.570 -7.790
110.560 -7.780
110.550 -7.780
110.550 -7.790
110.540 -7.790
110.540 -7.800
110.530 -7.790
110.520 -7.780
110.510 -7.780
110.510 -7.770
110.500 -7.770
110.490 -7.770
110.490 -7.760
110.490 -7.750
110.490 -7.740
110.490 -7.730
110.490 -7.720
110.490 -7.710
110.490 -7.700
110.480 -7.700
110.480 -7.690
110.480 -7.680
110.480 -7.670
110.480 -7.660
110.470 -7.660
110.470 -7.650
110.470 -7.640
110.470 -7.630
110.470 -7.620
110.470 -7.610
110.470 -7.600
110.460 -7.600
110.460 -7.590
110.460 -7.580
110.460 -7.570
110.460 -7.560
110.460 -7.550
110.450 -7.540
110.440 -7.550
110.430 -7.550
110.430 -7.560
110.420 -7.560
110.420 -7.570
110.410 -7.570
110.410 -7.580
110.400 -7.580
110.390 -7.590
110.380 -7.600
110.370 -7.600
110.370 -7.610
110.360 -7.620
110.350 -7.620
110.350 -7.630
110.340 -7.630
110.340 -7.640
110.330 -7.640
110.330 -7.650
110.320 -7.650
110.310 -7.650
110.310 -7.660
110.300 -7.660
110.300 -7.670
110.290 -7.680
110.290 -7.690
110.280 -7.700
110.270 -7.700
110.270 -7.690
110.260 -7.690
110.260 -7.680
110.270 -7.680
110.270 -7.670
110.270 -7.660
110.270 -7.650
110.260 -7.650
110.250 -7.650
110.240 -7.650
110.230 -7.650
110.220 -7.650
110.210 -7.650
110.200 -7.650
110.190 -7.650
110.190 -7.640
110.180 -7.650
110.170 -7.650
110.160 -7.650
110.160 -7.640
110.150 -7.650
110.140 -7.650
110.130 -7.650
110.130 -7.660
110.120 -7.660
110.120 -7.670
110.120 -7.680
110.130 -7.680
110.130 -7.690
110.140 -7.690
110.130 -7.700
110.130 -7.710
110.130 -7.720
110.130 -7.730
110.130 -7.740
110.130 -7.750
110.120 -7.750
110.120 -7.760
110.110 -7.760
110.110 -7.770
110.110 -7.780
110.100 -7.780
110.090 -7.790
110.090 -7.800
110.080 -7.800
110.080 -7.810
110.070 -7.810
110.060 -7.810
110.060 -7.820
110.060 -7.830
110.060 -7.840
110.050 -7.840
110.050 -7.850
110.050 -7.860
110.050 -7.870
110.050 -7.880
110.040 -7.890
110.030 -7.890
110.020 -7.890
110.010 -7.890
110.000 -7.890
110.000 -7.880
109.990 -7.880
109.980 -7.880
109.970 -7.880
109.970 -7.870
109.960 -7.870
109.950 -7.870
109.940 -7.870
109.940 -7.860
109.930 -7.860
109.920 -7.860
109.910 -7.860
109.910 -7.850
109.900 -7.850
109.890 -7.850
109.880 -7.850
109.880 -7.840
109.870 -7.840
109.860 -7.840
109.850 -7.840
109.840 -7.840
109.840 -7.830
109.830 -7.830
109.820 -7.830
109.810 -7.830
109.800 -7.830
109.800 -7.820
109.790 -7.820
109.780 -7.820
109.770 -7.820
109.760 -7.820
109.760 -7.810
109.750 -7.810
109.740 -7.810
109.730 -7.810
109.720 -7.810
109.720 -7.800
109.710 -7.800
109.700 -7.800
109.690 -7.800
109.680 -7.800
109.680 -7.790
109.670 -7.790
109.660 -7.790
109.650 -7.790
109.640 -7.790
109.630 -7.790
109.630 -7.780
109.620 -7.780
109.610 -7.780
109.600 -7.780
109.590 -7.780
109.580 -7.780
109.580 -7.770
109.570 -7.770
109.560 -7.770
109.550 -7.770
109.540 -7.770
109.530 -7.770
109.520 -7.770
109.510 -7.770
109.510 -7.760
109.500 -7.760
109.490 -7.760
109.480 -7.760
109.460 -7.760
109.450 -7.760
109.450 -7.770
109.440 -7.770
109.430 -7.780
109.430 -7.770
109.420 -7.770
109.410 -7.770
109.400 -7.760
109.390 -7.760
109.390 -7.750
109.390 -7.740
109.390 -7.730
109.390 -7.720
109.380 -7.720
109.370 -7.720
109.370 -7.710
109.360 -7.710
109.350 -7.710
109.340 -7.710
109.330 -7.710
109.320 -7.710
109.320 -7.700
109.310 -7.700
109.300 -7.700
109.290 -7.700
109.280 -7.700
109.270 -7.700
109.260 -7.700
109.250 -7.700
109.240 -7.700
109.230 -7.700
109.220 -7.700
109.220 -7.690
109.210 -7.690
109.200 -7.690
109.190 -7.690
109.180 -7.690
109.170 -7.690
109.160 -7.690
109.150 -7.690
109.140 -7.690
109.130 -7.690
109.120 -7.690
109.110 -7.690
109.100 -7.690
109.090 -7.690
109.080 -7.690
109.070 -7.690
109.060 -7.690
109.060 -7.700
109.050 -7.700
109.050 -7.710
109.040 -7.710
109.030 -7.710
109.030 -7.720
109.030 -7.730
109.020 -7.730
109.020 -7.740
109.020 -7.750
109.010 -7.750
109.010 -7.740
109.000 -7.740
108.990 -7.740
108.990 -7.730
108.980 -7.730
108.980 -7.720
108.970 -7.720
108.970 -7.710
108.970 -7.700
108.960 -7.700
108.960 -7.710
108.960 -7.720
108.950 -7.720
108.940 -7.720
108.940 -7.710
108.930 -7.710
108.920 -7.710
108.910 -7.710
108.900 -7.710
108.890 -7.710
108.890 -7.700
108.890 -7.690
108.880 -7.690
108.870 -7.690
108.870 -7.680
108.870 -7.670
108.860 -7.670
108.860 -7.660
108.850 -7.660
108.840 -7.660
108.830 -7.660
108.830 -7.670
108.820 -7.670
108.810 -7.670
108.810 -7.660
108.800 -7.660
108.800 -7.670
108.790 -7.670
108.790 -7.660
108.780 -7.660
108.770 -7.660
108.770 -7.650
108.760 -7.650
108.760 -7.640
108.750 -7.640
108.750 -7.630
108.750 -7.620
108.740 -7.620
108.730 -7.620
108.740 -7.610
108.740 -7.600
108.740 -7.590
108.750 -7.590
108.750 -7.580
108.750 -7.570
108.750 -7.560
108.750 -7.550
108.740 -7.540
108.740 -7.530
108.740 -7.520
108.740 -7.510
108.730 -7.510
108.730 -7.500
108.720 -7.500
108.720 -7.490
108.720 -7.480
108.720 -7.470
108.710 -7.470
108.710 -7.460
108.710 -7.450
108.720 -7.450
108.720 -7.440
108.720 -7.430
108.710 -7.430
108.710 -7.420
108.700 -7.420
108.700 -7.410
108.700 -7.400
108.690 -7.400
108.690 -7.390
108.680 -7.390
108.680 -7.380
108.680 -7.370
108.670 -7.360
108.660 -7.350
108.650 -7.350
108.650 -7.340
108.640 -7.340
108.630 -7.340
108.630 -7.350
108.620 -7.350
108.610 -7.350
108.600 -7.350
108.590 -7.350
108.580 -7.350
108.580 -7.340
108.570 -7.340
108.560 -7.340
108.560 -7.330
108.560 -7.320
108.560 -7.310
108.560 -7.300
108.560 -7.290
108.560 -7.280
108.570 -7.280
108.570 -7.270
108.570 -7.260
108.570 -7.250
108.580 -7.250
108.580 -7.240
108.580 -7.230
108.580 -7.220
108.580 -7.210
108.580 -7.200
108.570 -7.200
108.560 -7.190
108.570 -7.190
108.570 -7.180
108.560 -7.170
108.570 -7.170
108.570 -7.160
108.580 -7.160
108.590 -7.150
108.600 -7.150
108.610 -7.150
108.610 -7.140
108.620 -7.140
108.630 -7.140
108.640 -7.140
108.650 -7.140
108.650 -7.150
108.660 -7.150
108.670 -7.150
108.670 -7.160
108.680 -7.160
108.680 -7.150
108.690 -7.150
108.700 -7.150
108.710 -7.140
108.710 -7.130
108.720 -7.130
108.730 -7.120
108.730 -7.110
108.740 -7.110
108.750 -7.110
108.760 -7.110
108.770 -7.110
108.780 -7.110
108.780 -7.100
108.780 -7.090
108.780 -7.080
108.780 -7.070
108.780 -7.060
108.790 -7.060
108.790 -7.050
108.780 -7.050
108.780 -7.040
108.790 -7.030
108.800 -7.030
108.800 -7.020
108.800 -7.010
108.800 -7.000
108.790 -7.000
108.790 -6.990
108.780 -6.990
108.770 -6.990
108.760 -6.980
108.760 -6.970
108.760 -6.960
108.760 -6.950
108.760 -6.940
108.760 -6.930
108.760 -6.920
108.750 -6.920
108.750 -6.910
108.760 -6.910
108.770 -6.900
108.770 -6.890
108.780 -6.890
108.780 -6.880
108.790 -6.880
108.800 -6.880
108.800 -6.870
108.800 -6.860
108.810 -6.860
108.810 -6.850
108.810 -6.840
108.820 -6.840
108.820 -6.830
108.830 -6.830
108.830 -6.820
108.830 -6.810
108.830 -6.800
108.830 -6.790
108.830 -6.780
108.830 -6.770
108.840 -6.770
108.850 -6.770
108.850 -6.780
108.860 -6.780
108.860 -6.790
108.850 -6.790
108.850 -6.800
108.860 -6.800
108.870 -6.800
108.870 -6.810
108.880 -6.810
108.890 -6.810
108.900 -6.810
108.910 -6.810
108.920 -6.820
108.930 -6.820
108.940 -6.820
108.940 -6.830
108.950 -6.830
108.960 -6.830
108.960 -6.820
108.970 -6.820
108.970 -6.810
108.980 -6.810
108.990 -6.810
108.990 -6.800
109.000 -6.800
109.010 -6.800
109.010 -6.790
109.020 -6.790
109.020 -6.780
109.030 -6.780
109.040 -6.780
109.050 -6.780
109.060 -6.780
109.060 -6.790
109.070 -6.790
109.070 -6.800
109.070 -6.810
109.080 -6.810
109.080 -6.820
109.090 -6.820
109.090 -6.830
109.100 -6.830
109.100 -6.840
109.110 -6.840
109.120 -6.840
109.120 -6.850
109.130 -6.850
109.140 -6.850
109.150 -6.850
109.160 -6.850
109.160 -6.840
109.170 -6.840
109.170 -6.850
109.180 -6.850
109.180 -6.860
109.190 -6.860
109.200 -6.860
109.210 -6.860
109.220 -6.860
109.230 -6.860
109.230 -6.870
109.240 -6.870
109.250 -6.870
109.260 -6.870
109.270 -6.870
109.280 -6.870
109.290 -6.870
109.300 -6.870
109.310 -6.870
109.320 -6.870
109.330 -6.870
109.330 -6.860
109.340 -6.860
109.350 -6.860
109.360 -6.860
109.370 -6.860
109.380 -6.860
109.390 -6.860
109.400 -6.860
109.400 -6.850
109.410 -6.850
109.420 -6.850
109.430 -6.850
109.430 -6.840
109.440 -6.840
109.450 -6.840
109.450 -6.830
109.460 -6.830
109.470 -6.820
109.480 -6.820
109.480 -6.810
109.490 -6.810
109.490 -6.800
109.500 -6.800
109.500 -6.790
109.510 -6.790
109.520 -6.790
109.520 -6.780
109.530 -6.780
109.530 -6.790
109.530 -6.800
109.540 -6.800
109.540 -6.810
109.550 -6.810
109.550 -6.820
109.560 -6.820
109.560 -6.830
109.570 -6.830
109.570 -6.840
109.580 -6.840
109.590 -6.840
109.600 -6.840
109.610 -6.840
109.620 -6.840
109.630 -6.840
109.630 -6.850
109.640 -6.850
109.650 -6.850
109.660 -6.850
109.670 -6.850
109.670 -6.860
109.680 -6.860
109.690 -6.860
109.700 -6.860
109.710 -6.860
109.710 -6.870
109.720 -6.870
109.730 -6.870
109.730 -6.880
109.740 -6.880
109.750 -6.880
109.760 -6.880
109.760 -6.890
109.770 -6.890
109.780 -6.890
109.790 -6.890
109.800 -6.890
109.800 -6.900
109.810 -6.900
109.820 -6.900
109.830 -6.900
109.830 -6.910
109.840 -6.910
109.850 -6.910
109.860 -6.910
109.870 -6.910
109.870 -6.920
109.880 -6.920
109.890 -6.920
109.900 -6.920
109.910 -6.920
109.920 -6.920
109.920 -6.910
109.930 -6.910
109.940 -6.910
109.940 -6.920
109.950 -6.920
109.960 -6.920
109.970 -6.920
109.980 -6.920
109.990 -6.920
110.000 -6.920
110.010 -6.920
110.020 -6.920
110.020 -6.910
110.030 -6.910
110.040 -6.910
110.040 -6.900
110.050 -6.900
110.060 -6.900
110.070 -6.900
110.080 -6.900
110.090 -6.900
110.090 -6.890
110.100 -6.890
110.110 -6.890
110.120 -6.890
110.120 -6.880
110.130 -6.880
110.140 -6.880
110.140 -6.870
110.150 -6.870
110.160 -6.870
110.160 -6.860
110.170 -6.860
110.170 -6.850
110.170 -6.840
110.180 -6.850
110.190 -6.850
110.200 -6.850
110.200 -6.860
110.210 -6.860
110.220 -6.860
110.220 -6.870
110.220 -6.880
110.230 -6.880
110.230 -6.890
110.240 -6.890
110.240 -6.900
110.250 -6.900
110.250 -6.910
110.260 -6.910
110.270 -6.910
110.280 -6.910
110.280 -6.920
110.290 -6.920
110.300 -6.920
110.300 -6.930
110.310 -6.930
110.310 -6.940
110.320 -6.940
110.330 -6.940
110.330 -6.950
110.340 -6.950
110.350 -6.950
110.360 -6.950
110.370 -6.950
110.380 -6.950
110.390 -6.950
110.400 -6.950
110.410 -6.950
110.420 -6.950
110.420 -6.940
110.430 -6.940
110.430 -6.950
110.440 -6.950
110.440 -6.960
110.450 -6.960
110.450 -6.950
110.460 -6.950
110.470 -6.950
110.480 -6.950
110.490 -6.950
110.490 -6.940
110.480 -6.940
110.480 -6.930
110.480 -6.920
110.480 -6.910
110.490 -6.910
110.490 -6.900
110.500 -6.900
110.500 -6.890
110.510 -6.890
110.510 -6.880
110.510 -6.870
110.520 -6.860
110.520 -6.850
110.530 -6.850
110.530 -6.840
110.520 -6.840
110.520 -6.830
110.530 -6.830
110.530 -6.820
110.540 -6.820
110.550 -6.820
110.550 -6.810
110.560 -6.810
110.560 -6.800
110.560 -6.790
110.560 -6.780
110.570 -6.780
110.570 -6.770
110.570 -6.760
110.560 -6.760
110.550 -6.760
110.540 -6.760
110.540 -6.750
110.550 -6.750
110.560 -6.750
110.560 -6.740
110.550 -6.740
110.550 -6.730
110.550 -6.720
110.560 -6.720
110.570 -6.720
110.570 -6.730
110.570 -6.740
110.580 -6.740
110.580 -6.730
110.590 -6.730
110.590 -6.720
110.600 -6.720
110.600 -6.710
110.610 -6.710
110.620 -6.710
110.610 -6.700
110.620 -6.700
110.620 -6.690
110.630 -6.690
110.630 -6.680
110.630 -6.670
110.640 -6.670
110.640 -6.660
110.640 -6.650
110.650 -6.650
110.650 -6.640
110.640 -6.640
110.640 -6.630
110.640 -6.620
110.650 -6.620
110.650 -6.610
110.650 -6.600
110.660 -6.600
110.660 -6.590
110.650 -6.590
110.650 -6.580
110.660 -6.580
110.660 -6.570
110.650 -6.560
110.640 -6.560
110.640 -6.550
110.650 -6.550
110.660 -6.550
110.660 -6.540
110.670 -6.540
110.680 -6.530
110.680 -6.520
110.680 -6.510
110.670 -6.510
110.670 -6.500
110.680 -6.500
110.690 -6.500
110.690 -6.490
110.700 -6.490
110.700 -6.480
110.700 -6.470
110.710 -6.470
110.710 -6.460
110.720 -6.460
110.720 -6.450
110.730 -6.450
110.730 -6.440
110.740 -6.440
110.750 -6.440
110.760 -6.440
110.770 -6.440
110.770 -6.430
110.780 -6.430
110.790 -6.430
110.800 -6.430
110.810 -6.430
110.820 -6.430
110.820 -6.420
110.830 -6.420
110.830 -6.410
110.840 -6.410
110.850 -6.410
110.860 -6.410
110.870 -6.410
110.880 -6.410
110.890 -6.410
110.900 -6.410
110.910 -6.410
110.910 -6.400
110.920 -6.400
110.920 -6.410
110.930 -6.410
110.940 -6.410
110.950 -6.410
110.960 -6.410
110.970 -6.410
110.980 -6.410
110.980 -6.400
110.990 -6.400
110.990 -6.410
111.000 -6.410
111.010 -6.410
111.010 -6.420
111.020 -6.420
111.030 -6.420
111.040 -6.420
111.040 -6.430
111.040 -6.440
111.050 -6.440
111.050 -6.450
111.050 -6.460
111.050 -6.470
111.050 -6.480
111.050 -6.490
111.060 -6.490
111.060 -6.500
111.060 -6.510
111.060 -6.520
111.070 -6.520
111.070 -6.530
111.070 -6.540
111.080 -6.540
111.080 -6.550
111.080 -6.560
111.090 -6.560
111.090 -6.570
111.090 -6.580
111.090 -6.590
111.100 -6.590
111.100 -6.600
111.110 -6.610
111.110 -6.620
111.120 -6.620
REGION 1
325
110.440 -7.550
110.450 -7.540
110.460 -7.550
110.460 -7.560
110.460 -7.570
110.460 -7.580
110.460 -7.590
110.460 -7.600
110.470 -7.600
110.470 -7.610
110.470 -7.620
110.470 -7.630
110.470 -7.640
110.470 -7.650
110.470 -7.660
110.480 -7.660
110.480 -7.670
110.480 -7.680
110.480 -7.690
110.480 -7.700
110.490 -7.700
110.490 -7.710
110.490 -7.720
110.490 -7.730
110.490 -7.740
110.490 -7.750
110.490 -7.760
110.490 -7.770
110.500 -7.770
110.510 -7.770
110.510 -7.780
110.520 -7.780
110.530 -7.790
110.540 -7.800
110.540 -7.790
110.550 -7.790
110.550 -7.780
110.560 -7.780
110.570 -7.790
110.580 -7.790
110.580 -7.800
110.590 -7.800
110.590 -7.810
110.600 -7.810
110.600 -7.800
110.610 -7.800
110.620 -7.800
110.630 -7.800
110.640 -7.800
110.650 -7.790
110.650 -7.800
110.660 -7.800
110.670 -7.790
110.680 -7.790
110.670 -7.800
110.680 -7.800
110.680 -7.810
110.690 -7.810
110.700 -7.810
110.710 -7.810
110.710 -7.800
110.710 -7.790
110.720 -7.790
110.730 -7.800
110.740 -7.800
110.740 -7.810
110.750 -7.820
110.760 -7.830
110.760 -7.820
110.770 -7.810
110.780 -7.810
110.780 -7.820
110.790 -7.820
110.780 -7.830
110.780 -7.840
110.780 -7.850
110.780 -7.860
110.780 -7.870
110.780 -7.880
110.780 -7.890
110.770 -7.900
110.770 -7.910
110.770 -7.920
110.770 -7.930
110.770 -7.940
110.770 -7.950
110.770 -7.960
110.770 -7.970
110.770 -7.980
110.770 -7.990
110.760 -8.000
110.760 -8.010
110.760 -8.020
110.760 -8.030
110.760 -8.040
110.770 -8.040
110.770 -8.050
110.770 -8.060
110.780 -8.060
110.780 -8.070
110.780 -8.080
110.780 -8.090
110.790 -8.100
110.790 -8.110
110.790 -8.120
110.790 -8.130
110.790 -8.140
110.790 -8.150
110.790 -8.160
110.800 -8.160
110.810 -8.160
110.810 -8.150
110.810 -8.140
110.820 -8.140
110.830 -8.140
110.830 -8.150
110.820 -8.150
110.820 -8.160
110.820 -8.170
110.820 -8.180
110.830 -8.170
110.840 -8.170
110.840 -8.180
110.840 -8.190
110.840 -8.200
110.830 -8.200
110.820 -8.200
110.810 -8.200
110.800 -8.200
110.800 -8.190
110.790 -8.190
110.780 -8.190
110.780 -8.200
110.770 -8.200
110.760 -8.200
110.750 -8.190
110.750 -8.200
110.740 -8.190
110.730 -8.190
110.730 -8.200
110.720 -8.200
110.710 -8.200
110.710 -8.190
110.700 -8.190
110.690 -8.190
110.680 -8.180
110.670 -8.180
110.660 -8.180
110.660 -8.170
110.650 -8.170
110.640 -8.170
110.640 -8.160
110.630 -8.160
110.620 -8.160
110.620 -8.150
110.610 -8.150
110.600 -8.150
110.590 -8.150
110.580 -8.150
110.580 -8.140
110.570 -8.140
110.560 -8.140
110.560 -8.130
110.550 -8.130
110.550 -8.140
110.540 -8.140
110.540 -8.130
110.530 -8.130
110.520 -8.130
110.520 -8.120
110.510 -8.120
110.500 -8.120
110.490 -8.120
110.490 -8.110
110.480 -8.110
110.470 -8.110
110.450 -8.100
110.440 -8.100
110.430 -8.100
110.430 -8.090
110.420 -8.090
110.420 -8.080
110.410 -8.080
110.400 -8.080
110.390 -8.080
110.390 -8.070
110.380 -8.070
110.370 -8.070
110.370 -8.060
110.360 -8.060
110.360 -8.050
110.350 -8.050
110.350 -8.040
110.350 -8.030
110.340 -8.030
110.330 -8.030
110.330 -8.020
110.320 -8.020
110.310 -8.020
110.300 -8.020
110.300 -8.010
110.290 -8.010
110.280 -8.010
110.270 -8.010
110.260 -8.010
110.260 -8.000
110.250 -8.000
110.240 -8.000
110.240 -7.990
110.230 -7.990
110.220 -7.990
110.210 -7.990
110.210 -7.980
110.200 -7.980
110.200 -7.970
110.190 -7.970
110.180 -7.970
110.180 -7.960
110.170 -7.960
110.160 -7.960
110.160 -7.950
110.150 -7.950
110.140 -7.950
110.140 -7.940
110.130 -7.940
110.120 -7.940
110.120 -7.930
110.110 -7.930
110.100 -7.930
110.100 -7.920
110.090 -7.920
110.080 -7.920
110.080 -7.910
110.070 -7.910
110.060 -7.910
110.050 -7.910
110.050 -7.900
110.040 -7.900
110.030 -7.900
110.030 -7.890
110.040 -7.890
110.050 -7.880
110.050 -7.870
110.050 -7.860
110.050 -7.850
110.050 -7.840
110.060 -7.840
110.060 -7.830
110.060 -7.820
110.060 -7.810
110.070 -7.810
110.080 -7.810
110.080 -7.800
110.090 -7.800
110.090 -7.790
110.100 -7.780
110.110 -7.780
110.110 -7.770
110.110 -7.760
110.120 -7.760
110.120 -7.750
110.130 -7.750
110.130 -7.740
110.130 -7.730
110.130 -7.720
110.130 -7.710
110.130 -7.700
110.140 -7.690
110.130 -7.690
110.130 -7.680
110.120 -7.680
110.120 -7.670
110.120 -7.660
110.130 -7.660
110.130 -7.650
110.140 -7.650
110.150 -7.650
110.160 -7.640
110.160 -7.650
110.170 -7.650
110.180 -7.650
110.190 -7.640
110.190 -7.650
110.200 -7.650
110.210 -7.650
110.220 -7.650
110.230 -7.650
110.240 -7.650
110.250 -7.650
110.260 -7.650
110.270 -7.650
110.270 -7.660
110.270 -7.670
110.270 -7.680
110.260 -7.680
110.260 -7.690
110.270 -7.690
110.270 -7.700
110.280 -7.700
110.290 -7.690
110.290 -7.680
110.300 -7.670
110.300 -7.660
110.310 -7.660
110.310 -7.650
110.320 -7.650
110.330 -7.650
110.330 -7.640
110.340 -7.640
110.340 -7.630
110.350 -7.630
110.350 -7.620
110.360 -7.620
110.370 -7.610
110.370 -7.600
110.380 -7.600
110.390 -7.590
110.400 -7.580
110.410 -7.580
110.410 -7.570
110.420 -7.570
110.420 -7.560
110.430 -7.560
110.430 -7.550
110.440 -7.550
REGION 2
1659
113.810 -8.520
113.810 -8.510
113.810 -8.500
113.810 -8.490
113.800 -8.490
113.790 -8.490
113.790 -8.500
113.780 -8.500
113.770 -8.500
113.760 -8.500
113.760 -8.510
113.760 -8.520
113.750 -8.520
113.740 -8.520
113.740 -8.530
113.730 -8.530
113.730 -8.520
113.720 -8.520
113.720 -8.530
113.710 -8.530
113.710 -8.520
113.710 -8.510
113.720 -8.510
113.720 -8.500
113.720 -8.490
113.720 -8.480
113.710 -8.480
113.700 -8.480
113.700 -8.490
113.700 -8.500
113.690 -8.500
113.690 -8.490
113.680 -8.490
113.670 -8.490
113.670 -8.500
113.660 -8.500
113.660 -8.490
113.650 -8.490
113.650 -8.480
113.640 -8.480
113.640 -8.470
113.640 -8.460
113.630 -8.460
113.630 -8.450
113.620 -8.450
113.620 -8.440
113.610 -8.440
113.600 -8.440
113.590 -8.440
113.580 -8.440
113.580 -8.430
113.570 -8.430
113.570 -8.420
113.560 -8.420
113.560 -8.430
113.550 -8.430
113.540 -8.430
113.530 -8.430
113.520 -8.430
113.520 -8.420
113.510 -8.420
113.500 -8.420
113.500 -8.410
113.490 -8.410
113.480 -8.410
113.480 -8.400
113.480 -8.390
113.480 -8.380
113.470 -8.380
113.460 -8.380
113.450 -8.380
113.440 -8.380
113.430 -8.380
113.420 -8.380
113.410 -8.380
113.410 -8.390
113.400 -8.390
113.400 -8.400
113.390 -8.400
113.380 -8.400
113.380 -8.390
113.380 -8.380
113.380 -8.370
113.370 -8.370
113.370 -8.360
113.360 -8.350
113.350 -8.340
113.340 -8.330
113.330 -8.330
113.330 -8.320
113.320 -8.320
113.320 -8.310
113.310 -8.310
113.310 -8.300
113.300 -8.300
113.290 -8.300
113.290 -8.290
113.280 -8.290
113.270 -8.290
113.260 -8.290
113.250 -8.290
113.240 -8.280
113.230 -8.280
113.220 -8.280
113.210 -8.280
113.200 -8.280
113.190 -8.280
113.180 -8.280
113.170 -8.280
113.160 -8.280
113.150 -8.280
113.150 -8.290
113.140 -8.290
113.130 -8.290
113.120 -8.290
113.110 -8.290
113.100 -8.290
113.090 -8.290
113.080 -8.290
113.070 -8.290
113.070 -8.300
113.060 -8.300
113.050 -8.300
113.040 -8.300
113.030 -8.300
113.030 -8.310
113.020 -8.310
113.010 -8.310
113.000 -8.310
113.000 -8.320
112.990 -8.320
112.980 -8.320
112.980 -8.330
112.970 -8.330
112.970 -8.340
112.960 -8.340
112.960 -8.350
112.960 -8.360
112.950 -8.360
112.950 -8.370
112.940 -8.370
112.940 -8.380
112.930 -8.380
112.930 -8.390
112.920 -8.390
112.910 -8.390
112.910 -8.380
112.900 -8.380
112.900 -8.390
112.900 -8.400
112.890 -8.400
112.880 -8.400
112.880 -8.410
112.870 -8.410
112.870 -8.400
112.860 -8.400
112.850 -8.400
112.850 -8.390
112.850 -8.380
112.840 -8.380
112.840 -8.370
112.830 -8.370
112.820 -8.370
112.820 -8.380
112.820 -8.390
112.820 -8.400
112.810 -8.400
112.800 -8.400
112.790 -8.400
112.780 -8.400
112.780 -8.390
112.770 -8.390
112.770 -8.400
112.770 -8.410
112.760 -8.410
112.750 -8.410
112.760 -8.420
112.750 -8.430
112.750 -8.420
112.740 -8.420
112.730 -8.420
112.720 -8.420
112.710 -8.420
112.700 -8.420
112.700 -8.430
112.690 -8.430
112.680 -8.430
112.680 -8.440
112.670 -8.440
112.670 -8.450
112.660 -8.450
112.650 -8.450
112.650 -8.440
112.640 -8.440
112.640 -8.430
112.630 -8.430
112.620 -8.430
112.610 -8.430
112.610 -8.420
112.600 -8.420
112.590 -8.420
112.580 -8.420
112.580 -8.410
112.570 -8.410
112.570 -8.400
112.560 -8.400
112.550 -8.400
112.540 -8.400
112.530 -8.400
112.520 -8.400
112.510 -8.400
112.500 -8.400
112.490 -8.400
112.480 -8.400
112.480 -8.390
112.470 -8.390
112.470 -8.400
112.460 -8.400
112.450 -8.400
112.440 -8.400
112.440 -8.390
112.430 -8.390
112.420 -8.390
112.420 -8.380
112.410 -8.380
112.400 -8.380
112.390 -8.380
112.380 -8.380
112.370 -8.380
112.370 -8.370
112.370 -8.360
112.360 -8.360
112.360 -8.350
112.350 -8.350
112.350 -8.340
112.340 -8.340
112.330 -8.340
112.330 -8.330
112.320 -8.330
112.320 -8.340
112.310 -8.340
112.300 -8.340
112.300 -8.330
112.290 -8.330
112.280 -8.330
112.280 -8.340
112.270 -8.340
112.270 -8.350
112.260 -8.350
112.260 -8.340
112.250 -8.340
112.240 -8.340
112.230 -8.350
112.230 -8.340
112.220 -8.340
112.220 -8.330
112.210 -8.330
112.200 -8.330
112.190 -8.330
112.190 -8.320
112.180 -8.320
112.170 -8.320
112.170 -8.330
112.160 -8.330
112.150 -8.330
112.150 -8.320
112.140 -8.320
112.130 -8.320
112.120 -8.320
112.110 -8.320
112.100 -8.320
112.090 -8.320
112.080 -8.320
112.070 -8.320
112.060 -8.320
112.050 -8.320
112.040 -8.320
112.030 -8.320
112.030 -8.310
112.020 -8.310
112.020 -8.300
112.010 -8.300
112.000 -8.300
111.990 -8.300
111.990 -8.290
111.980 -8.290
111.980 -8.280
111.970 -8.280
111.960 -8.280
111.950 -8.280
111.940 -8.280
111.940 -8.290
111.940 -8.300
111.940 -8.310
111.930 -8.310
111.920 -8.310
111.920 -8.300
111.910 -8.300
111.900 -8.300
111.890 -8.300
111.890 -8.290
111.880 -8.290
111.870 -8.290
111.870 -8.280
111.870 -8.270
111.860 -8.270
111.850 -8.270
111.850 -8.260
111.840 -8.260
111.840 -8.270
111.840 -8.280
111.830 -8.280
111.830 -8.270
111.820 -8.270
111.810 -8.270
111.800 -8.270
111.800 -8.260
111.790 -8.260
111.780 -8.260
111.770 -8.260
111.770 -8.270
111.780 -8.270
111.780 -8.280
111.770 -8.280
111.770 -8.290
111.770 -8.300
111.780 -8.310
111.770 -8.310
111.770 -8.320
111.780 -8.320
111.780 -8.330
111.770 -8.330
111.760 -8.330
111.760 -8.340
111.750 -8.340
111.750 -8.330
111.740 -8.330
111.740 -8.320
111.750 -8.310
111.750 -8.300
111.740 -8.300
111.730 -8.300
111.740 -8.290
111.730 -8.290
111.720 -8.290
111.710 -8.290
111.710 -8.300
111.710 -8.310
111.720 -8.310
111.720 -8.320
111.710 -8.330
111.710 -8.320
111.700 -8.320
111.690 -8.320
111.690 -8.330
111.690 -8.340
111.700 -8.340
111.700 -8.350
111.710 -8.350
111.720 -8.350
111.720 -8.360
111.720 -8.370
111.710 -8.370
111.700 -8.370
111.700 -8.380
111.690 -8.380
111.690 -8.370
111.680 -8.370
111.670 -8.370
111.670 -8.360
111.660 -8.360
111.660 -8.370
111.650 -8.370
111.650 -8.360
111.650 -8.350
111.640 -8.350
111.630 -8.350
111.630 -8.340
111.630 -8.330
111.630 -8.320
111.620 -8.320
111.610 -8.320
111.610 -8.330
111.610 -8.340
111.600 -8.340
111.600 -8.330
111.600 -8.320
111.590 -8.320
111.590 -8.330
111.580 -8.330
111.570 -8.330
111.570 -8.320
111.570 -8.310
111.560 -8.310
111.550 -8.310
111.540 -8.310
111.540 -8.320
111.540 -8.330
111.530 -8.330
111.520 -8.330
111.510 -8.330
111.510 -8.320
111.500 -8.320
111.490 -8.320
111.480 -8.320
111.480 -8.310
111.470 -8.310
111.470 -8.320
111.460 -8.320
111.460 -8.310
111.450 -8.310
111.450 -8.300
111.440 -8.290
111.450 -8.290
111.450 -8.280
111.450 -8.270
111.440 -8.270
111.440 -8.260
111.430 -8.260
111.420 -8.260
111.420 -8.270
111.420 -8.280
111.410 -8.280
111.410 -8.270
111.400 -8.270
111.400 -8.280
111.390 -8.280
111.380 -8.280
111.380 -8.270
111.370 -8.260
111.360 -8.260
111.360 -8.270
111.350 -8.270
111.350 -8.260
111.340 -8.260
111.330 -8.260
111.330 -8.270
111.320 -8.270
111.310 -8.270
111.310 -8.260
111.300 -8.260
111.290 -8.260
111.290 -8.270
111.280 -8.270
111.280 -8.260
111.280 -8.250
111.270 -8.250
111.260 -8.250
111.250 -8.250
111.240 -8.250
111.240 -8.260
111.230 -8.260
111.230 -8.270
111.220 -8.270
111.210 -8.270
111.200 -8.270
111.200 -8.280
111.190 -8.280
111.190 -8.270
111.180 -8.270
111.170 -8.280
111.160 -8.280
111.150 -8.280
111.140 -8.280
111.130 -8.270
111.140 -8.270
111.140 -8.260
111.130 -8.260
111.120 -8.260
111.120 -8.250
111.110 -8.250
111.100 -8.250
111.090 -8.250
111.090 -8.240
111.100 -8.240
111.100 -8.230
111.100 -8.220
111.090 -8.220
111.080 -8.220
111.070 -8.230
111.080 -8.230
111.080 -8.240
111.080 -8.250
111.070 -8.250
111.060 -8.250
111.050 -8.250
111.040 -8.250
111.030 -8.250
111.020 -8.250
111.010 -8.250
111.000 -8.250
110.990 -8.250
110.990 -8.240
110.980 -8.240
110.970 -8.240
110.970 -8.230
110.960 -8.240
110.960 -8.230
110.950 -8.230
110.940 -8.230
110.940 -8.220
110.930 -8.220
110.920 -8.220
110.910 -8.220
110.910 -8.210
110.900 -8.210
110.900 -8.200
110.900 -8.190
110.900 -8.180
110.900 -8.170
110.900 -8.160
110.900 -8.150
110.910 -8.140
110.910 -8.130
110.910 -8.120
110.920 -8.120
110.920 -8.110
110.930 -8.100
110.930 -8.090
110.940 -8.090
110.950 -8.080
110.950 -8.070
110.960 -8.070
110.970 -8.070
110.980 -8.070
110.980 -8.080
110.990 -8.080
111.000 -8.080
111.010 -8.080
111.020 -8.080
111.030 -8.080
111.040 -8.080
111.050 -8.070
111.060 -8.070
111.060 -8.060
111.070 -8.050
111.080 -8.050
111.090 -8.050
111.090 -8.060
111.090 -8.070
111.100 -8.070
111.110 -8.070
111.110 -8.060
111.120 -8.060
111.120 -8.050
111.120 -8.040
111.130 -8.040
111.130 -8.030
111.130 -8.020
111.130 -8.010
111.130 -8.000
111.130 -7.990
111.130 -7.980
111.130 -7.970
111.130 -7.960
111.140 -7.960
111.140 -7.950
111.140 -7.940
111.140 -7.930
111.150 -7.930
111.160 -7.930
111.160 -7.920
111.170 -7.920
111.180 -7.920
111.190 -7.920
111.190 -7.930
111.190 -7.940
111.200 -7.940
111.210 -7.940
111.210 -7.930
111.220 -7.930
111.230 -7.940
111.230 -7.950
111.240 -7.950
111.250 -7.940
111.260 -7.940
111.270 -7.930
111.270 -7.920
111.280 -7.920
111.280 -7.910
111.280 -7.900
111.290 -7.900
111.290 -7.890
111.300 -7.880
111.300 -7.870
111.290 -7.870
111.290 -7.860
111.300 -7.860
111.310 -7.850
111.310 -7.840
111.300 -7.840
111.300 -7.830
111.300 -7.820
111.300 -7.810
111.300 -7.800
111.290 -7.800
111.290 -7.790
111.280 -7.790
111.280 -7.780
111.280 -7.770
111.280 -7.760
111.290 -7.760
111.290 -7.750
111.280 -7.750
111.270 -7.750
111.260 -7.750
111.250 -7.750
111.250 -7.740
111.240 -7.740
111.240 -7.750
111.230 -7.750
111.220 -7.740
111.220 -7.730
111.210 -7.730
111.200 -7.720
111.200 -7.710
111.190 -7.710
111.180 -7.710
111.180 -7.700
111.190 -7.700
111.190 -7.690
111.190 -7.680
111.190 -7.670
111.190 -7.660
111.180 -7.660
111.180 -7.650
111.180 -7.640
111.190 -7.640
111.190 -7.630
111.190 -7.620
111.190 -7.610
111.190 -7.600
111.180 -7.590
111.170 -7.590
111.160 -7.580
111.150 -7.570
111.150 -7.560
111.150 -7.550
111.150 -7.540
111.150 -7.530
111.150 -7.520
111.150 -7.510
111.150 -7.500
111.150 -7.490
111.140 -7.490
111.140 -7.480
111.130 -7.480
111.130 -7.470
111.140 -7.460
111.130 -7.460
111.130 -7.450
111.120 -7.450
111.120 -7.440
111.120 -7.430
111.120 -7.420
111.120 -7.410
111.120 -7.400
111.130 -7.400
111.130 -7.390
111.140 -7.380
111.140 -7.370
111.140 -7.360
111.140 -7.350
111.140 -7.340
111.140 -7.330
111.150 -7.320
111.150 -7.310
111.140 -7.310
111.140 -7.300
111.140 -7.290
111.140 -7.280
111.150 -7.270
111.150 -7.260
111.160 -7.260
111.170 -7.260
111.180 -7.260
111.190 -7.260
111.200 -7.250
111.210 -7.250
111.220 -7.250
111.220 -7.260
111.220 -7.270
111.230 -7.270
111.240 -7.280
111.250 -7.280
111.260 -7.280
111.260 -7.290
111.270 -7.290
111.280 -7.290
111.290 -7.290
111.290 -7.300
111.300 -7.300
111.310 -7.300
111.310 -7.310
111.320 -7.310
111.330 -7.320
111.340 -7.320
111.340 -7.330
111.350 -7.330
111.360 -7.330
111.370 -7.330
111.370 -7.340
111.380 -7.340
111.390 -7.340
111.400 -7.340
111.410 -7.340
111.420 -7.350
111.430 -7.360
111.430 -7.370
111.440 -7.370
111.450 -7.370
111.450 -7.360
111.460 -7.360
111.460 -7.350
111.450 -7.350
111.440 -7.350
111.440 -7.340
111.440 -7.330
111.450 -7.330
111.450 -7.320
111.440 -7.320
111.430 -7.320
111.420 -7.310
111.420 -7.300
111.430 -7.300
111.430 -7.290
111.440 -7.290
111.440 -7.280
111.440 -7.270
111.450 -7.270
111.450 -7.260
111.450 -7.250
111.460 -7.250
111.460 -7.260
111.470 -7.260
111.470 -7.250
111.480 -7.250
111.480 -7.260
111.490 -7.260
111.490 -7.250
111.500 -7.250
111.510 -7.240
111.520 -7.240
111.520 -7.230
111.530 -7.230
111.540 -7.230
111.540 -7.220
111.540 -7.210
111.550 -7.210
111.550 -7.200
111.560 -7.200
111.570 -7.200
111.560 -7.190
111.560 -7.180
111.570 -7.180
111.570 -7.190
111.580 -7.180
111.580 -7.170
111.580 -7.160
111.590 -7.160
111.590 -7.150
111.600 -7.150
111.600 -7.140
111.610 -7.140
111.610 -7.130
111.600 -7.130
111.610 -7.120
111.610 -7.110
111.620 -7.110
111.620 -7.100
111.610 -7.100
111.610 -7.090
111.610 -7.080
111.620 -7.070
111.620 -7.060
111.620 -7.050
111.620 -7.040
111.610 -7.040
111.610 -7.030
111.610 -7.020
111.610 -7.010
111.610 -7.000
111.620 -7.000
111.620 -6.990
111.620 -6.980
111.610 -6.970
111.600 -6.970
111.580 -6.960
111.570 -6.950
111.570 -6.940
111.570 -6.930
111.580 -6.930
111.580 -6.920
111.590 -6.910
111.600 -6.910
111.610 -6.910
111.610 -6.900
111.600 -6.900
111.600 -6.890
111.610 -6.890
111.610 -6.880
111.610 -6.870
111.610 -6.860
111.610 -6.850
111.610 -6.840
111.620 -6.840
111.620 -6.830
111.620 -6.820
111.630 -6.820
111.630 -6.830
111.640 -6.830
111.650 -6.830
111.660 -6.830
111.660 -6.820
111.670 -6.810
111.670 -6.800
111.660 -6.790
111.660 -6.780
111.670 -6.770
111.670 -6.760
111.680 -6.770
111.690 -6.770
111.690 -6.760
111.700 -6.760
111.710 -6.760
111.710 -6.770
111.720 -6.770
111.730 -6.770
111.740 -6.770
111.750 -6.770
111.760 -6.770
111.770 -6.770
111.770 -6.780
111.780 -6.780
111.790 -6.780
111.790 -6.790
111.800 -6.790
111.810 -6.790
111.810 -6.800
111.820 -6.800
111.830 -6.800
111.840 -6.800
111.850 -6.800
111.870 -6.800
111.880 -6.800
111.880 -6.790
111.890 -6.790
111.900 -6.790
111.910 -6.790
111.910 -6.780
111.920 -6.780
111.930 -6.780
111.930 -6.770
111.940 -6.770
111.940 -6.760
111.950 -6.760
111.960 -6.760
111.970 -6.760
111.970 -6.770
111.980 -6.770
111.980 -6.780
111.990 -6.780
111.990 -6.790
111.990 -6.800
112.000 -6.800
112.000 -6.810
112.000 -6.820
112.010 -6.820
112.010 -6.830
112.010 -6.840
112.020 -6.840
112.020 -6.850
112.020 -6.860
112.030 -6.860
112.030 -6.870
112.040 -6.870
112.040 -6.880
112.050 -6.880
112.050 -6.890
112.060 -6.890
112.070 -6.890
112.080 -6.890
112.080 -6.900
112.090 -6.900
112.090 -6.890
112.100 -6.890
112.110 -6.890
112.110 -6.900
112.120 -6.900
112.130 -6.900
112.140 -6.900
112.150 -6.900
112.160 -6.900
112.170 -6.900
112.170 -6.890
112.180 -6.890
112.190 -6.890
112.200 -6.890
112.200 -6.880
112.210 -6.880
112.220 -6.880
112.220 -6.870
112.230 -6.870
112.240 -6.870
112.250 -6.870
112.250 -6.880
112.260 -6.880
112.270 -6.880
112.280 -6.880
112.280 -6.870
112.290 -6.870
112.300 -6.870
112.310 -6.870
112.320 -6.870
112.320 -6.860
112.330 -6.860
112.340 -6.860
112.340 -6.870
112.350 -6.870
112.360 -6.870
112.370 -6.870
112.380 -6.870
112.380 -6.880
112.390 -6.880
112.390 -6.870
112.400 -6.870
112.410 -6.870
112.410 -6.860
112.420 -6.860
112.420 -6.870
112.430 -6.870
112.440 -6.870
112.450 -6.870
112.450 -6.880
112.460 -6.880
112.460 -6.890
112.470 -6.890
112.470 -6.900
112.480 -6.900
112.490 -6.900
112.500 -6.900
112.500 -6.910
112.510 -6.910
112.520 -6.910
112.520 -6.900
112.530 -6.900
112.530 -6.890
112.540 -6.890
112.540 -6.880
112.540 -6.870
112.530 -6.870
112.530 -6.860
112.540 -6.860
112.540 -6.850
112.540 -6.840
112.540 -6.830
112.550 -6.830
112.550 -6.840
112.550 -6.850
112.560 -6.850
112.560 -6.860
112.570 -6.860
112.570 -6.870
112.580 -6.870
112.580 -6.880
112.580 -6.890
112.590 -6.890
112.600 -6.890
112.610 -6.890
112.610 -6.900
112.620 -6.900
112.620 -6.910
112.610 -6.910
112.610 -6.920
112.600 -6.920
112.590 -6.930
112.590 -6.940
112.600 -6.940
112.600 -6.950
112.600 -6.960
112.600 -6.970
112.610 -6.970
112.610 -6.980
112.610 -6.990
112.620 -6.990
112.620 -7.000
112.630 -7.000
112.640 -7.000
112.640 -7.010
112.650 -7.010
112.650 -7.020
112.650 -7.030
112.650 -7.040
112.650 -7.050
112.650 -7.060
112.640 -7.060
112.630 -7.070
112.630 -7.080
112.630 -7.090
112.630 -7.100
112.620 -7.100
112.620 -7.110
112.620 -7.120
112.620 -7.130
112.630 -7.130
112.630 -7.140
112.640 -7.140
112.650 -7.140
112.650 -7.150
112.660 -7.150
112.660 -7.160
112.670 -7.160
112.670 -7.170
112.670 -7.180
112.670 -7.190
112.670 -7.200
112.660 -7.200
112.660 -7.190
112.650 -7.190
112.650 -7.200
112.650 -7.210
112.660 -7.210
112.670 -7.210
112.670 -7.220
112.680 -7.220
112.680 -7.230
112.690 -7.230
112.690 -7.220
112.700 -7.220
112.710 -7.220
112.710 -7.210
112.720 -7.210
112.720 -7.200
112.730 -7.200
112.740 -7.200
112.740 -7.190
112.750 -7.190
112.750 -7.200
112.760 -7.200
112.770 -7.200
112.770 -7.210
112.780 -7.210
112.780 -7.220
112.790 -7.220
112.790 -7.230
112.800 -7.230
112.800 -7.240
112.800 -7.250
112.810 -7.250
112.810 -7.260
112.820 -7.260
112.830 -7.260
112.830 -7.270
112.840 -7.270
112.840 -7.280
112.850 -7.280
112.850 -7.290
112.850 -7.300
112.850 -7.310
112.840 -7.310
112.840 -7.320
112.830 -7.320
112.830 -7.330
112.840 -7.330
112.840 -7.340
112.840 -7.350
112.840 -7.360
112.840 -7.370
112.840 -7.380
112.830 -7.380
112.840 -7.390
112.840 -7.400
112.830 -7.400
112.830 -7.410
112.840 -7.410
112.840 -7.420
112.830 -7.420
112.840 -7.430
112.840 -7.440
112.840 -7.450
112.840 -7.460
112.840 -7.470
112.840 -7.480
112.830 -7.480
112.830 -7.470
112.820 -7.470
112.820 -7.480
112.820 -7.490
112.830 -7.490
112.830 -7.500
112.830 -7.510
112.840 -7.510
112.850 -7.510
112.850 -7.520
112.860 -7.520
112.870 -7.520
112.870 -7.530
112.870 -7.540
112.870 -7.550
112.870 -7.560
112.870 -7.570
112.870 -7.580
112.880 -7.590
112.880 -7.600
112.880 -7.610
112.890 -7.610
112.890 -7.620
112.900 -7.620
112.900 -7.630
112.910 -7.630
112.920 -7.630
112.930 -7.630
112.940 -7.630
112.940 -7.620
112.950 -7.620
112.950 -7.630
112.960 -7.630
112.960 -7.640
112.970 -7.640
112.970 -7.650
112.980 -7.650
112.980 -7.660
112.990 -7.660
113.000 -7.660
113.000 -7.650
113.010 -7.650
113.020 -7.650
113.020 -7.640
113.030 -7.640
113.030 -7.650
113.040 -7.650
113.050 -7.660
113.060 -7.660
113.060 -7.670
113.070 -7.670
113.070 -7.680
113.070 -7.690
113.080 -7.690
113.080 -7.700
113.090 -7.700
113.100 -7.700
113.100 -7.710
113.100 -7.720
113.110 -7.720
113.120 -7.730
113.120 -7.720
113.130 -7.720
113.130 -7.730
113.140 -7.730
113.150 -7.730
113.150 -7.740
113.160 -7.740
113.170 -7.740
113.180 -7.740
113.180 -7.750
113.190 -7.750
113.190 -7.740
113.200 -7.740
113.210 -7.740
113.210 -7.730
113.220 -7.730
113.220 -7.740
113.230 -7.740
113.240 -7.740
113.250 -7.740
113.260 -7.750
113.260 -7.760
113.260 -7.770
113.270 -7.770
113.270 -7.780
113.280 -7.780
113.290 -7.780
113.290 -7.770
113.300 -7.770
113.310 -7.770
113.320 -7.770
113.320 -7.780
113.330 -7.780
113.330 -7.770
113.340 -7.770
113.350 -7.770
113.350 -7.760
113.360 -7.760
113.370 -7.760
113.370 -7.750
113.370 -7.740
113.380 -7.740
113.390 -7.740
113.400 -7.740
113.410 -7.740
113.410 -7.730
113.420 -7.730
113.430 -7.730
113.440 -7.730
113.450 -7.730
113.450 -7.720
113.460 -7.720
113.470 -7.720
113.470 -7.710
113.480 -7.710
113.480 -7.700
113.490 -7.700
113.500 -7.700
113.510 -7.700
113.520 -7.700
113.520 -7.710
113.530 -7.710
113.540 -7.710
113.550 -7.710
113.560 -7.710
113.570 -7.710
113.580 -7.710
113.590 -7.710
113.600 -7.710
113.600 -7.720
113.610 -7.720
113.620 -7.720
113.630 -7.720
113.640 -7.720
113.640 -7.730
113.650 -7.730
113.660 -7.730
113.660 -7.740
113.670 -7.740
113.670 -7.730
113.680 -7.730
113.690 -7.730
113.690 -7.720
113.700 -7.720
113.700 -7.710
113.710 -7.710
113.720 -7.710
113.720 -7.720
113.730 -7.720
113.730 -7.730
113.740 -7.730
113.750 -7.730
113.750 -7.740
113.760 -7.740
113.770 -7.740
113.770 -7.730
113.780 -7.730
113.790 -7.730
113.800 -7.730
113.800 -7.720
113.810 -7.720
113.810 -7.710
113.810 -7.700
113.820 -7.700
113.830 -7.700
113.830 -7.690
113.840 -7.690
113.840 -7.680
113.850 -7.680
113.860 -7.680
113.870 -7.680
113.870 -7.690
113.880 -7.690
113.890 -7.690
113.900 -7.700
113.910 -7.700
113.920 -7.700
113.930 -7.700
113.940 -7.690
113.940 -7.680
113.950 -7.680
113.960 -7.680
113.960 -7.670
113.960 -7.660
113.970 -7.660
113.970 -7.650
113.980 -7.650
113.990 -7.640
114.000 -7.640
114.010 -7.630
114.010 -7.620
114.020 -7.620
114.030 -7.620
114.040 -7.620
114.050 -7.620
114.060 -7.620
114.060 -7.630
114.070 -7.630
114.070 -7.640
114.070 -7.650
114.080 -7.650
114.080 -7.660
114.080 -7.670
114.090 -7.670
114.090 -7.680
114.090 -7.690
114.100 -7.690
114.100 -7.700
114.110 -7.700
114.110 -7.710
114.120 -7.710
114.130 -7.710
114.140 -7.710
114.150 -7.710
114.160 -7.710
114.170 -7.710
114.180 -7.710
114.190 -7.710
114.200 -7.710
114.200 -7.720
114.210 -7.720
114.210 -7.710
114.220 -7.710
114.230 -7.710
114.230 -7.700
114.240 -7.700
114.250 -7.700
114.250 -7.710
114.260 -7.720
114.270 -7.720
114.270 -7.730
114.280 -7.730
114.280 -7.740
114.290 -7.740
114.290 -7.750
114.300 -7.750
114.310 -7.750
114.320 -7.750
114.320 -7.760
114.330 -7.760
114.340 -7.760
114.350 -7.760
114.350 -7.750
114.360 -7.750
114.370 -7.750
114.370 -7.760
114.380 -7.760
114.390 -7.760
114.390 -7.770
114.400 -7.770
114.410 -7.770
114.410 -7.780
114.420 -7.780
114.420 -7.790
114.430 -7.790
114.440 -7.790
114.440 -7.800
114.450 -7.800
114.450 -7.810
114.460 -7.810
114.460 -7.820
114.470 -7.830
114.470 -7.840
114.460 -7.840
114.460 -7.850
114.470 -7.850
114.470 -7.860
114.460 -7.860
114.460 -7.870
114.460 -7.880
114.470 -7.880
114.470 -7.890
114.460 -7.890
114.450 -7.900
114.440 -7.900
114.440 -7.910
114.430 -7.910
114.420 -7.920
114.420 -7.930
114.420 -7.940
114.420 -7.950
114.420 -7.960
114.420 -7.970
114.430 -7.970
114.430 -7.980
114.430 -7.990
114.430 -8.000
114.430 -8.010
114.430 -8.020
114.430 -8.030
114.430 -8.040
114.430 -8.050
114.430 -8.060
114.430 -8.070
114.420 -8.070
114.420 -8.080
114.420 -8.090
114.410 -8.090
114.410 -8.100
114.410 -8.110
114.400 -8.110
114.400 -8.120
114.400 -8.130
114.400 -8.140
114.400 -8.150
114.400 -8.160
114.390 -8.170
114.390 -8.180
114.390 -8.190
114.380 -8.190
114.380 -8.200
114.390 -8.210
114.390 -8.220
114.390 -8.230
114.390 -8.240
114.380 -8.240
114.380 -8.250
114.380 -8.260
114.370 -8.260
114.370 -8.270
114.370 -8.280
114.370 -8.290
114.360 -8.290
114.360 -8.300
114.360 -8.310
114.360 -8.320
114.360 -8.330
114.360 -8.340
114.360 -8.350
114.350 -8.350
114.350 -8.360
114.350 -8.370
114.350 -8.380
114.350 -8.390
114.350 -8.400
114.350 -8.410
114.340 -8.410
114.340 -8.420
114.340 -8.430
114.340 -8.440
114.350 -8.440
114.350 -8.450
114.350 -8.460
114.360 -8.460
114.360 -8.470
114.360 -8.480
114.370 -8.480
114.370 -8.490
114.360 -8.490
114.360 -8.500
114.360 -8.510
114.360 -8.520
114.350 -8.520
114.350 -8.530
114.360 -8.530
114.360 -8.540
114.370 -8.540
114.370 -8.530
114.380 -8.530
114.380 -8.520
114.380 -8.510
114.390 -8.510
114.390 -8.500
114.380 -8.500
114.380 -8.490
114.390 -8.490
114.390 -8.480
114.390 -8.470
114.390 -8.460
114.380 -8.460
114.380 -8.450
114.390 -8.450
114.400 -8.450
114.400 -8.460
114.400 -8.470
114.400 -8.480
114.400 -8.490
114.400 -8.500
114.410 -8.500
114.410 -8.510
114.410 -8.520
114.400 -8.520
114.400 -8.530
114.400 -8.540
114.400 -8.550
114.410 -8.550
114.410 -8.560
114.410 -8.570
114.410 -8.580
114.420 -8.580
114.420 -8.590
114.420 -8.600
114.420 -8.610
114.430 -8.610
114.430 -8.620
114.440 -8.620
114.440 -8.630
114.440 -8.640
114.450 -8.640
114.460 -8.640
114.460 -8.630
114.470 -8.630
114.470 -8.620
114.480 -8.620
114.490 -8.620
114.490 -8.630
114.500 -8.630
114.510 -8.640
114.510 -8.650
114.520 -8.650
114.530 -8.650
114.530 -8.660
114.540 -8.660
114.550 -8.660
114.560 -8.660
114.570 -8.660
114.570 -8.670
114.580 -8.670
114.580 -8.680
114.590 -8.680
114.590 -8.690
114.590 -8.700
114.600 -8.700
114.600 -8.710
114.610 -8.710
114.610 -8.720
114.600 -8.720
114.600 -8.730
114.600 -8.740
114.600 -8.750
114.590 -8.750
114.590 -8.760
114.590 -8.770
114.580 -8.770
114.570 -8.770
114.560 -8.770
114.560 -8.780
114.550 -8.780
114.540 -8.780
114.530 -8.780
114.520 -8.780
114.510 -8.780
114.500 -8.780
114.500 -8.770
114.490 -8.770
114.480 -8.770
114.480 -8.760
114.470 -8.760
114.460 -8.760
114.450 -8.760
114.450 -8.750
114.440 -8.750
114.430 -8.750
114.420 -8.750
114.410 -8.750
114.400 -8.750
114.390 -8.750
114.380 -8.750
114.370 -8.750
114.360 -8.750
114.350 -8.750
114.350 -8.740
114.340 -8.740
114.340 -8.730
114.350 -8.730
114.360 -8.730
114.360 -8.720
114.370 -8.720
114.370 -8.710
114.380 -8.710
114.380 -8.700
114.380 -8.690
114.370 -8.690
114.370 -8.680
114.370 -8.670
114.370 -8.660
114.360 -8.660
114.360 -8.650
114.350 -8.650
114.350 -8.640
114.340 -8.640
114.340 -8.630
114.330 -8.630
114.320 -8.630
114.320 -8.620
114.310 -8.620
114.300 -8.620
114.290 -8.610
114.280 -8.610
114.270 -8.610
114.270 -8.600
114.270 -8.590
114.260 -8.590
114.250 -8.590
114.240 -8.590
114.230 -8.590
114.220 -8.600
114.230 -8.600
114.230 -8.610
114.230 -8.620
114.230 -8.630
114.230 -8.640
114.220 -8.640
114.210 -8.640
114.200 -8.640
114.190 -8.640
114.180 -8.640
114.180 -8.630
114.170 -8.630
114.160 -8.630
114.150 -8.630
114.150 -8.620
114.140 -8.620
114.130 -8.620
114.120 -8.620
114.110 -8.620
114.100 -8.620
114.090 -8.620
114.090 -8.630
114.080 -8.630
114.080 -8.620
114.070 -8.620
114.070 -8.630
114.060 -8.630
114.060 -8.640
114.050 -8.640
114.040 -8.640
114.040 -8.630
114.030 -8.630
114.030 -8.620
114.030 -8.610
114.030 -8.600
114.030 -8.590
114.020 -8.590
114.010 -8.590
114.000 -8.590
114.000 -8.600
114.000 -8.610
113.990 -8.610
113.980 -8.610
113.970 -8.610
113.960 -8.620
113.960 -8.610
113.950 -8.610
113.950 -8.600
113.960 -8.600
113.970 -8.600
113.970 -8.590
113.970 -8.580
113.960 -8.570
113.960 -8.560
113.950 -8.560
113.940 -8.560
113.940 -8.570
113.930 -8.570
113.920 -8.570
113.920 -8.580
113.910 -8.580
113.900 -8.580
113.900 -8.570
113.890 -8.570
113.900 -8.560
113.890 -8.560
113.880 -8.560
113.870 -8.560
113.860 -8.560
113.850 -8.550
113.840 -8.550
113.830 -8.550
113.830 -8.540
113.820 -8.540
113.820 -8.530
113.810 -8.530
113.810 -8.520
446
113.130 -7.150
113.130 -7.160
113.120 -7.160
113.120 -7.170
113.110 -7.170
113.110 -7.180
113.120 -7.180
113.120 -7.190
113.110 -7.190
113.110 -7.200
113.120 -7.200
113.120 -7.210
113.130 -7.210
113.130 -7.220
113.120 -7.220
113.120 -7.230
113.110 -7.230
113.100 -7.230
113.090 -7.230
113.080 -7.230
113.070 -7.230
113.070 -7.220
113.060 -7.220
113.050 -7.220
113.040 -7.220
113.040 -7.210
113.030 -7.210
113.020 -7.210
113.010 -7.210
113.000 -7.210
113.000 -7.200
112.990 -7.200
112.980 -7.200
112.970 -7.200
112.960 -7.200
112.950 -7.200
112.950 -7.190
112.940 -7.190
112.930 -7.190
112.920 -7.190
112.910 -7.190
112.910 -7.180
112.900 -7.180
112.890 -7.180
112.890 -7.170
112.880 -7.170
112.870 -7.170
112.870 -7.160
112.860 -7.160
112.850 -7.160
112.850 -7.170
112.840 -7.170
112.840 -7.160
112.830 -7.160
112.820 -7.160
112.810 -7.160
112.800 -7.160
112.790 -7.160
112.780 -7.160
112.770 -7.160
112.760 -7.170
112.750 -7.170
112.740 -7.170
112.730 -7.170
112.720 -7.180
112.720 -7.170
112.710 -7.170
112.700 -7.170
112.700 -7.160
112.690 -7.160
112.690 -7.150
112.690 -7.140
112.700 -7.140
112.700 -7.130
112.700 -7.120
112.700 -7.110
112.710 -7.110
112.710 -7.100
112.700 -7.100
112.700 -7.090
112.690 -7.090
112.680 -7.090
112.680 -7.080
112.670 -7.070
112.670 -7.060
112.680 -7.060
112.680 -7.050
112.680 -7.040
112.680 -7.030
112.690 -7.030
112.700 -7.030
112.700 -7.040
112.710 -7.040
112.720 -7.040
112.730 -7.040
112.730 -7.030
112.740 -7.030
112.740 -7.020
112.750 -7.020
112.750 -7.010
112.760 -7.010
112.760 -7.000
112.770 -7.000
112.780 -7.000
112.780 -6.990
112.790 -6.990
112.790 -6.980
112.790 -6.970
112.800 -6.970
112.800 -6.960
112.810 -6.960
112.810 -6.950
112.820 -6.950
112.820 -6.940
112.820 -6.930
112.830 -6.930
112.830 -6.920
112.820 -6.920
112.820 -6.910
112.830 -6.910
112.840 -6.910
112.850 -6.910
112.850 -6.900
112.850 -6.890
112.860 -6.890
112.870 -6.890
112.870 -6.900
112.880 -6.900
112.880 -6.890
112.890 -6.890
112.900 -6.890
112.910 -6.890
112.920 -6.890
112.930 -6.890
112.940 -6.890
112.950 -6.890
112.960 -6.890
112.970 -6.890
112.980 -6.890
112.990 -6.890
113.000 -6.890
113.000 -6.880
113.010 -6.880
113.020 -6.880
113.030 -6.880
113.040 -6.880
113.050 -6.880
113.060 -6.890
113.060 -6.880
113.070 -6.880
113.080 -6.880
113.080 -6.890
113.090 -6.890
113.100 -6.890
113.110 -6.890
113.120 -6.890
113.130 -6.890
113.140 -6.890
113.150 -6.890
113.160 -6.890
113.170 -6.890
113.180 -6.890
113.190 -6.890
113.190 -6.900
113.200 -6.900
113.210 -6.900
113.210 -6.890
113.220 -6.890
113.230 -6.890
113.240 -6.890
113.250 -6.890
113.260 -6.890
113.270 -6.890
113.280 -6.890
113.290 -6.890
113.300 -6.890
113.310 -6.890
113.320 -6.890
113.330 -6.890
113.340 -6.890
113.350 -6.890
113.360 -6.890
113.370 -6.890
113.380 -6.890
113.390 -6.890
113.400 -6.890
113.410 -6.890
113.420 -6.890
113.430 -6.890
113.440 -6.890
113.450 -6.890
113.460 -6.890
113.470 -6.890
113.480 -6.890
113.480 -6.900
113.490 -6.900
113.500 -6.900
113.510 -6.900
113.510 -6.890
113.520 -6.890
113.520 -6.900
113.530 -6.890
113.540 -6.890
113.550 -6.890
113.560 -6.890
113.570 -6.890
113.580 -6.890
113.590 -6.890
113.600 -6.890
113.610 -6.890
113.620 -6.890
113.630 -6.890
113.640 -6.890
113.650 -6.890
113.660 -6.890
113.660 -6.880
113.670 -6.880
113.680 -6.880
113.690 -6.880
113.700 -6.880
113.710 -6.880
113.710 -6.890
113.720 -6.890
113.730 -6.890
113.740 -6.890
113.740 -6.880
113.750 -6.880
113.760 -6.880
113.760 -6.890
113.770 -6.890
113.780 -6.880
113.790 -6.890
113.800 -6.890
113.800 -6.880
113.810 -6.880
113.820 -6.880
113.830 -6.880
113.840 -6.880
113.840 -6.870
113.850 -6.870
113.860 -6.870
113.870 -6.870
113.880 -6.870
113.890 -6.870
113.900 -6.860
113.910 -6.860
113.920 -6.860
113.930 -6.870
113.940 -6.870
113.950 -6.870
113.960 -6.870
113.970 -6.870
113.970 -6.880
113.980 -6.880
113.990 -6.880
113.990 -6.890
114.000 -6.890
114.010 -6.890
114.020 -6.890
114.020 -6.900
114.030 -6.900
114.040 -6.900
114.040 -6.910
114.050 -6.910
114.060 -6.910
114.060 -6.920
114.070 -6.920
114.080 -6.920
114.080 -6.930
114.090 -6.930
114.100 -6.930
114.100 -6.940
114.110 -6.940
114.110 -6.950
114.110 -6.960
114.120 -6.960
114.120 -6.970
114.120 -6.980
114.110 -6.980
114.100 -6.980
114.090 -6.980
114.090 -6.990
114.080 -6.990
114.070 -6.990
114.070 -7.000
114.060 -7.000
114.050 -7.010
114.040 -7.010
114.030 -7.010
114.020 -7.010
114.010 -7.010
114.000 -7.010
113.990 -7.010
113.980 -7.010
113.980 -7.020
113.970 -7.020
113.970 -7.010
113.960 -7.020
113.950 -7.030
113.940 -7.030
113.940 -7.020
113.930 -7.020
113.920 -7.020
113.910 -7.020
113.910 -7.030
113.920 -7.030
113.930 -7.030
113.930 -7.040
113.940 -7.040
113.950 -7.040
113.950 -7.050
113.950 -7.060
113.940 -7.060
113.940 -7.050
113.930 -7.050
113.920 -7.050
113.920 -7.040
113.910 -7.040
113.910 -7.050
113.900 -7.050
113.900 -7.060
113.890 -7.060
113.890 -7.070
113.880 -7.070
113.880 -7.080
113.880 -7.090
113.870 -7.090
113.870 -7.100
113.880 -7.100
113.890 -7.100
113.890 -7.110
113.890 -7.120
113.890 -7.130
113.880 -7.130
113.870 -7.130
113.860 -7.130
113.850 -7.130
113.840 -7.130
113.830 -7.130
113.820 -7.130
113.810 -7.130
113.800 -7.130
113.800 -7.120
113.790 -7.120
113.790 -7.130
113.780 -7.130
113.780 -7.120
113.770 -7.120
113.760 -7.120
113.750 -7.120
113.740 -7.120
113.730 -7.120
113.720 -7.120
113.720 -7.110
113.710 -7.110
113.700 -7.110
113.690 -7.110
113.680 -7.110
113.670 -7.110
113.670 -7.120
113.660 -7.120
113.660 -7.130
113.650 -7.130
113.640 -7.130
113.640 -7.120
113.630 -7.120
113.630 -7.130
113.620 -7.130
113.610 -7.130
113.600 -7.130
113.590 -7.130
113.590 -7.140
113.590 -7.150
113.580 -7.150
113.580 -7.160
113.570 -7.160
113.570 -7.170
113.570 -7.180
113.570 -7.190
113.570 -7.200
113.560 -7.200
113.560 -7.210
113.560 -7.220
113.550 -7.220
113.550 -7.230
113.540 -7.230
113.540 -7.240
113.530 -7.240
113.530 -7.250
113.520 -7.250
113.510 -7.250
113.500 -7.250
113.500 -7.240
113.510 -7.240
113.510 -7.230
113.500 -7.230
113.490 -7.230
113.480 -7.230
113.480 -7.220
113.470 -7.220
113.460 -7.220
113.450 -7.220
113.440 -7.220
113.430 -7.220
113.420 -7.220
113.410 -7.220
113.400 -7.220
113.390 -7.220
113.380 -7.220
113.370 -7.220
113.360 -7.220
113.350 -7.220
113.340 -7.220
113.340 -7.210
113.330 -7.210
113.320 -7.220
113.310 -7.220
113.300 -7.220
113.290 -7.220
113.280 -7.220
113.270 -7.220
113.260 -7.220
113.250 -7.220
113.240 -7.220
113.230 -7.220
113.220 -7.220
113.210 -7.220
113.200 -7.220
113.190 -7.220
113.180 -7.220
113.180 -7.210
113.180 -7.200
113.170 -7.200
113.160 -7.200
113.150 -7.200
113.150 -7.190
113.160 -7.190
113.170 -7.190
113.170 -7.180
113.160 -7.180
113.160 -7.170
113.160 -7.160
113.160 -7.150
113.150 -7.150
113.140 -7.150
113.130 -7.150
REGION 1
2951
110.140 1.200
110.150 1.200
110.160 1.200
110.160 1.190
110.170 1.190
110.170 1.180
110.190 1.180
110.190 1.170
110.200 1.160
110.210 1.150
110.200 1.140
110.200 1.130
110.210 1.130
110.210 1.120
110.220 1.120
110.230 1.120
110.240 1.120
110.240 1.110
110.240 1.100
110.240 1.090
110.240 1.080
110.250 1.080
110.250 1.070
110.260 1.070
110.260 1.060
110.260 1.050
110.270 1.050
110.280 1.050
110.280 1.040
110.270 1.040
110.270 1.030
110.280 1.030
110.280 1.020
110.280 1.010
110.270 1.010
110.270 1.000
110.280 1.000
110.290 1.000
110.300 1.000
110.310 1.000
110.320 1.000
110.320 0.990
110.330 1.000
110.340 1.000
110.340 0.990
110.350 0.990
110.360 0.990
110.370 0.990
110.380 0.990
110.390 0.990
110.400 0.990
110.400 0.980
110.410 0.980
110.410 0.970
110.410 0.960
110.410 0.950
110.420 0.950
110.430 0.950
110.440 0.950
110.440 0.940
110.440 0.930
110.430 0.930
110.430 0.920
110.440 0.920
110.440 0.910
110.450 0.910
110.460 0.910
110.460 0.900
110.470 0.890
110.480 0.890
110.480 0.880
110.490 0.880
110.500 0.870
110.510 0.870
110.520 0.870
110.530 0.870
110.540 0.870
110.540 0.860
110.550 0.860
110.560 0.860
110.570 0.860
110.580 0.860
110.590 0.860
110.590 0.870
110.600 0.870
110.610 0.870
110.620 0.870
110.630 0.880
110.630 0.890
110.630 0.900
110.630 0.910
110.640 0.910
110.650 0.900
110.650 0.890
110.650 0.880
110.660 0.880
110.670 0.880
110.680 0.880
110.690 0.880
110.690 0.890
110.700 0.890
110.700 0.900
110.710 0.900
110.720 0.910
110.730 0.910
110.740 0.900
110.750 0.900
110.760 0.900
110.760 0.910
110.760 0.920
110.760 0.930
110.770 0.930
110.780 0.930
110.780 0.920
110.780 0.910
110.790 0.910
110.790 0.900
110.800 0.900
110.810 0.910
110.810 0.920
110.810 0.930
110.800 0.930
110.800 0.940
110.800 0.950
110.810 0.950
110.820 0.950
110.830 0.950
110.840 0.950
110.850 0.950
110.860 0.950
110.860 0.960
110.860 0.970
110.870 0.970
110.880 0.970
110.880 0.980
110.890 0.980
110.890 0.990
110.890 1.000
110.890 1.010
110.900 1.020
110.900 1.030
110.910 1.030
110.920 1.030
110.930 1.020
110.940 1.020
110.950 1.030
110.960 1.030
110.970 1.030
110.980 1.030
110.990 1.030
111.000 1.030
111.010 1.030
111.020 1.030
111.030 1.030
111.040 1.040
111.050 1.040
111.060 1.040
111.060 1.050
111.070 1.050
111.080 1.050
111.090 1.050
111.100 1.050
111.110 1.050
111.120 1.050
111.130 1.050
111.140 1.050
111.150 1.050
111.150 1.060
111.160 1.060
111.170 1.060
111.180 1.060
111.190 1.060
111.190 1.070
111.200 1.070
111.210 1.070
111.210 1.080
111.220 1.080
111.230 1.080
111.240 1.080
111.250 1.070
111.260 1.070
111.270 1.070
111.270 1.060
111.280 1.060
111.290 1.060
111.300 1.050
111.310 1.050
111.320 1.050
111.330 1.040
111.340 1.040
111.350 1.040
111.360 1.040
111.360 1.030
111.370 1.030
111.380 1.020
111.390 1.020
111.390 1.010
111.400 1.010
111.410 1.010
111.420 1.010
111.430 1.010
111.430 1.020
111.440 1.020
111.450 1.020
111.450 1.030
111.460 1.040
111.470 1.040
111.480 1.040
111.490 1.030
111.500 1.030
111.500 1.020
111.510 1.020
111.510 1.010
111.520 1.000
111.520 0.990
111.520 0.980
111.530 0.980
111.530 0.970
111.530 0.960
111.540 0.960
111.550 0.950
111.560 0.950
111.560 0.960
111.560 0.970
111.560 0.980
111.560 0.990
111.570 0.990
111.570 1.000
111.580 0.990
111.590 0.990
111.590 1.000
111.600 1.000
111.610 1.000
111.610 1.010
111.620 1.010
111.620 1.020
111.630 1.020
111.630 1.030
111.640 1.030
111.640 1.040
111.650 1.040
111.660 1.040
111.660 1.050
111.670 1.050
111.670 1.040
111.680 1.040
111.690 1.040
111.700 1.030
111.710 1.030
111.720 1.030
111.720 1.020
111.720 1.010
111.730 1.010
111.740 1.010
111.750 1.020
111.760 1.020
111.770 1.020
111.780 1.010
111.780 1.000
111.790 1.000
111.790 1.010
111.800 1.020
111.810 1.020
111.810 1.010
111.820 1.010
111.830 1.000
111.840 1.000
111.850 1.000
111.860 1.000
111.870 1.000
111.870 1.010
111.870 1.020
111.880 1.030
111.880 1.040
111.880 1.050
111.880 1.060
111.890 1.060
111.890 1.070
111.900 1.070
111.910 1.070
111.910 1.080
111.920 1.090
111.930 1.090
111.930 1.100
111.930 1.110
111.940 1.110
111.940 1.120
111.950 1.120
111.960 1.130
111.970 1.130
111.980 1.130
111.990 1.130
112.000 1.130
112.010 1.130
112.020 1.130
112.030 1.130
112.040 1.130
112.050 1.140
112.060 1.140
112.070 1.140
112.080 1.140
112.090 1.140
112.100 1.140
112.110 1.140
112.120 1.140
112.130 1.140
112.140 1.140
112.140 1.150
112.150 1.150
112.150 1.160
112.150 1.170
112.140 1.170
112.140 1.180
112.140 1.190
112.150 1.190
112.150 1.200
112.160 1.200
112.160 1.210
112.160 1.220
112.160 1.230
112.160 1.240
112.160 1.250
112.170 1.260
112.170 1.270
112.170 1.280
112.170 1.290
112.170 1.300
112.170 1.310
112.180 1.310
112.180 1.320
112.190 1.320
112.190 1.330
112.200 1.330
112.200 1.340
112.210 1.340
112.210 1.350
112.210 1.360
112.210 1.370
112.220 1.370
112.220 1.380
112.220 1.390
112.220 1.400
112.210 1.400
112.200 1.400
112.200 1.410
112.190 1.410
112.200 1.420
112.200 1.430
112.200 1.440
112.200 1.450
112.210 1.450
112.220 1.450
112.220 1.460
112.230 1.460
112.240 1.460
112.250 1.460
112.260 1.470
112.270 1.470
112.280 1.470
112.280 1.480
112.290 1.480
112.300 1.490
112.310 1.490
112.310 1.500
112.320 1.500
112.330 1.500
112.340 1.500
112.350 1.500
112.360 1.510
112.370 1.510
112.380 1.510
112.390 1.520
112.400 1.520
112.410 1.520
112.420 1.520
112.430 1.520
112.430 1.530
112.440 1.530
112.440 1.540
112.440 1.550
112.450 1.550
112.450 1.560
112.460 1.560
112.460 1.570
112.470 1.570
112.480 1.570
112.480 1.580
112.490 1.580
112.500 1.580
112.510 1.580
112.510 1.570
112.520 1.580
112.530 1.580
112.530 1.570
112.540 1.570
112.550 1.570
112.560 1.570
112.570 1.570
112.580 1.570
112.590 1.570
112.600 1.570
112.610 1.570
112.620 1.570
112.620 1.560
112.630 1.560
112.640 1.560
112.640 1.570
112.650 1.570
112.660 1.570
112.660 1.560
112.670 1.560
112.670 1.550
112.680 1.550
112.690 1.550
112.700 1.560
112.710 1.560
112.720 1.560
112.730 1.560
112.740 1.560
112.750 1.560
112.760 1.560
112.770 1.560
112.780 1.560
112.790 1.560
112.790 1.550
112.800 1.550
112.800 1.540
112.810 1.540
112.820 1.540
112.830 1.540
112.840 1.540
112.850 1.550
112.850 1.560
112.860 1.560
112.860 1.570
112.870 1.570
112.870 1.580
112.880 1.580
112.880 1.590
112.890 1.590
112.900 1.580
112.910 1.580
112.920 1.570
112.930 1.570
112.940 1.570
112.950 1.570
112.960 1.570
112.970 1.560
112.980 1.560
112.980 1.570
112.990 1.580
113.000 1.580
113.000 1.570
113.010 1.570
113.020 1.570
113.030 1.570
113.030 1.560
113.040 1.560
113.050 1.560
113.060 1.560
113.060 1.550
113.060 1.540
113.060 1.530
113.050 1.520
113.040 1.510
113.040 1.500
113.030 1.500
113.030 1.490
113.030 1.480
113.030 1.470
113.020 1.470
113.010 1.470
113.010 1.460
113.000 1.460
112.990 1.450
112.980 1.450
112.970 1.440
112.970 1.430
112.970 1.420
112.970 1.410
112.980 1.410
112.990 1.410
113.000 1.410
113.010 1.410
113.020 1.410
113.030 1.410
113.030 1.420
113.040 1.420
113.050 1.420
113.060 1.420
113.060 1.430
113.070 1.430
113.080 1.430
113.090 1.440
113.100 1.440
113.110 1.440
113.110 1.430
113.120 1.420
113.120 1.410
113.130 1.410
113.130 1.400
113.130 1.390
113.140 1.390
113.150 1.390
113.160 1.390
113.160 1.380
113.170 1.380
113.180 1.380
113.190 1.380
113.200 1.380
113.210 1.380
113.210 1.390
113.220 1.390
113.230 1.390
113.240 1.390
113.240 1.380
113.250 1.380
113.250 1.390
113.260 1.390
113.270 1.390
113.280 1.390
113.280 1.380
113.290 1.380
113.300 1.380
113.310 1.380
113.320 1.380
113.330 1.370
113.340 1.370
113.340 1.360
113.350 1.360
113.360 1.360
113.360 1.350
113.360 1.340
113.360 1.330
113.370 1.330
113.370 1.320
113.380 1.320
113.390 1.320
113.400 1.310
113.400 1.300
113.410 1.300
113.410 1.290
113.420 1.290
113.420 1.280
113.430 1.280
113.440 1.280
113.440 1.290
113.450 1.290
113.450 1.300
113.460 1.300
113.470 1.300
113.480 1.310
113.490 1.310
113.500 1.320
113.510 1.310
113.520 1.320
113.530 1.320
113.540 1.320
113.550 1.320
113.550 1.310
113.560 1.310
113.570 1.310
113.580 1.300
113.580 1.290
113.590 1.290
113.590 1.280
113.590 1.270
113.600 1.260
113.610 1.250
113.620 1.250
113.620 1.240
113.620 1.230
113.620 1.220
113.630 1.220
113.640 1.220
113.650 1.220
113.660 1.220
113.670 1.230
113.680 1.230
113.680 1.240
113.690 1.240
113.690 1.250
113.700 1.250
113.700 1.260
113.710 1.260
113.720 1.270
113.730 1.270
113.740 1.270
113.750 1.270
113.750 1.280
113.760 1.280
113.770 1.280
113.770 1.290
113.780 1.290
113.790 1.290
113.800 1.300
113.810 1.300
113.810 1.310
113.820 1.310
113.820 1.320
113.820 1.330
113.830 1.330
113.830 1.340
113.830 1.350
113.820 1.360
113.820 1.370
113.830 1.380
113.840 1.380
113.850 1.390
113.860 1.390
113.870 1.390
113.880 1.390
113.880 1.400
113.890 1.400
113.890 1.410
113.900 1.410
113.910 1.410
113.920 1.410
113.930 1.420
113.940 1.420
113.940 1.430
113.940 1.440
113.950 1.440
113.960 1.440
113.970 1.450
113.980 1.450
113.990 1.450
114.000 1.450
114.010 1.450
114.010 1.440
114.020 1.440
114.020 1.450
114.030 1.450
114.040 1.450
114.050 1.450
114.050 1.460
114.060 1.460
114.070 1.460
114.080 1.460
114.090 1.460
114.100 1.460
114.110 1.460
114.120 1.460
114.130 1.460
114.140 1.460
114.150 1.460
114.150 1.450
114.160 1.450
114.160 1.440
114.170 1.440
114.170 1.430
114.180 1.430
114.190 1.430
114.190 1.420
114.200 1.420
114.200 1.410
114.190 1.410
114.190 1.400
114.180 1.400
114.170 1.400
114.160 1.390
114.150 1.390
114.150 1.380
114.150 1.370
114.150 1.360
114.150 1.350
114.150 1.340
114.150 1.330
114.150 1.320
114.160 1.310
114.150 1.310
114.150 1.300
114.140 1.300
114.140 1.290
114.150 1.290
114.160 1.280
114.160 1.270
114.160 1.260
114.150 1.260
114.140 1.250
114.140 1.240
114.130 1.230
114.130 1.220
114.140 1.220
114.140 1.210
114.140 1.200
114.140 1.190
114.140 1.180
114.130 1.180
114.130 1.170
114.120 1.170
114.120 1.160
114.120 1.150
114.110 1.150
114.100 1.150
114.090 1.150
114.090 1.160
114.080 1.160
114.070 1.150
114.060 1.140
114.050 1.140
114.050 1.130
114.040 1.130
114.040 1.140
114.040 1.150
114.030 1.150
114.020 1.150
114.020 1.140
114.010 1.140
114.010 1.150
114.000 1.150
113.990 1.150
113.990 1.140
113.980 1.140
113.980 1.130
113.970 1.130
113.970 1.120
113.960 1.120
113.960 1.110
113.960 1.100
113.960 1.090
113.950 1.090
113.950 1.080
113.950 1.070
113.940 1.060
113.930 1.060
113.920 1.060
113.910 1.060
113.900 1.060
113.900 1.050
113.890 1.050
113.890 1.040
113.890 1.030
113.890 1.020
113.900 1.020
113.910 1.020
113.910 1.010
113.920 1.010
113.920 1.000
113.920 0.990
113.920 0.980
113.920 0.970
113.910 0.970
113.910 0.960
113.910 0.950
113.900 0.950
113.890 0.950
113.890 0.940
113.880 0.930
113.880 0.920
113.880 0.910
113.880 0.900
113.870 0.900
113.870 0.890
113.880 0.890
113.880 0.880
113.890 0.880
113.890 0.870
113.900 0.870
113.910 0.860
113.910 0.850
113.920 0.850
113.930 0.840
113.930 0.830
113.920 0.830
113.920 0.820
113.910 0.810
113.900 0.810
113.900 0.800
113.890 0.800
113.890 0.790
113.890 0.780
113.890 0.770
113.890 0.760
113.890 0.750
113.900 0.750
113.900 0.740
113.890 0.740
113.890 0.730
113.880 0.720
113.880 0.710
113.870 0.710
113.860 0.710
113.850 0.710
113.840 0.700
113.840 0.690
113.840 0.680
113.840 0.670
113.840 0.660
113.830 0.660
113.830 0.650
113.820 0.650
113.810 0.650
113.810 0.640
113.810 0.630
113.810 0.620
113.810 0.610
113.800 0.610
113.790 0.600
113.780 0.600
113.780 0.590
113.780 0.580
113.780 0.570
113.770 0.570
113.760 0.570
113.760 0.560
113.750 0.560
113.750 0.550
113.740 0.550
113.740 0.540
113.740 0.530
113.730 0.530
113.720 0.530
113.710 0.530
113.700 0.530
113.700 0.520
113.700 0.510
113.690 0.510
113.680 0.510
113.670 0.510
113.670 0.500
113.670 0.490
113.670 0.480
113.660 0.480
113.660 0.470
113.660 0.460
113.660 0.450
113.660 0.440
113.650 0.440
113.650 0.430
113.640 0.430
113.630 0.430
113.630 0.420
113.620 0.420
113.610 0.420
113.610 0.410
113.600 0.410
113.590 0.410
113.590 0.400
113.580 0.400
113.580 0.390
113.580 0.380
113.570 0.380
113.560 0.380
113.560 0.370
113.550 0.360
113.540 0.350
113.530 0.350
113.530 0.340
113.520 0.340
113.520 0.330
113.520 0.320
113.510 0.320
113.500 0.310
113.490 0.310
113.490 0.300
113.480 0.300
113.480 0.290
113.470 0.290
113.470 0.280
113.460 0.280
113.450 0.270
113.440 0.270
113.430 0.270
113.430 0.260
113.420 0.260
113.410 0.260
113.400 0.270
113.390 0.270
113.380 0.270
113.370 0.270
113.370 0.280
113.360 0.280
113.350 0.280
113.340 0.280
113.330 0.280
113.320 0.270
113.310 0.270
113.300 0.270
113.300 0.260
113.290 0.260
113.290 0.250
113.280 0.250
113.270 0.240
113.270 0.230
113.280 0.230
113.290 0.220
113.310 0.200
113.310 0.190
113.320 0.190
113.320 0.180
113.330 0.180
113.330 0.170
113.340 0.170
113.350 0.170
113.350 0.160
113.360 0.160
113.370 0.160
113.380 0.160
113.380 0.150
113.390 0.150
113.400 0.140
113.410 0.140
113.410 0.130
113.420 0.130
113.420 0.120
113.420 0.110
113.410 0.110
113.410 0.100
113.410 0.090
113.420 0.090
113.420 0.080
113.410 0.080
113.410 0.070
113.410 0.060
113.410 0.050
113.410 0.040
113.420 0.040
113.420 0.030
113.430 0.030
113.430 0.020
113.440 0.020
113.440 0.010
113.440 0.000
113.430 0.000
113.430 -0.010
113.430 -0.020
113.430 -0.030
113.420 -0.030
113.420 -0.040
113.420 -0.050
113.430 -0.050
113.440 -0.060
113.440 -0.070
113.440 -0.080
113.430 -0.080
113.430 -0.090
113.420 -0.090
113.420 -0.100
113.420 -0.110
113.420 -0.120
113.410 -0.120
113.400 -0.120
113.400 -0.130
113.410 -0.140
113.420 -0.140
113.420 -0.150
113.410 -0.150
113.410 -0.160
113.400 -0.160
113.390 -0.160
113.390 -0.170
113.390 -0.180
113.380 -0.190
113.370 -0.190
113.370 -0.200
113.370 -0.210
113.360 -0.210
113.360 -0.220
113.350 -0.220
113.340 -0.220
113.340 -0.230
113.330 -0.230
113.320 -0.240
113.310 -0.240
113.300 -0.240
113.290 -0.240
113.280 -0.250
113.280 -0.260
113.280 -0.270
113.270 -0.270
113.260 -0.270
113.250 -0.280
113.250 -0.290
113.240 -0.290
113.240 -0.300
113.230 -0.300
113.230 -0.310
113.230 -0.320
113.230 -0.330
113.220 -0.330
113.210 -0.340
113.210 -0.350
113.220 -0.350
113.230 -0.350
113.230 -0.360
113.230 -0.370
113.240 -0.370
113.240 -0.380
113.250 -0.380
113.260 -0.380
113.260 -0.390
113.260 -0.400
113.260 -0.410
113.270 -0.420
113.270 -0.430
113.260 -0.440
113.250 -0.440
113.250 -0.450
113.240 -0.460
113.240 -0.470
113.230 -0.470
113.230 -0.480
113.230 -0.490
113.220 -0.500
113.210 -0.510
113.210 -0.500
113.200 -0.500
113.200 -0.490
113.200 -0.480
113.190 -0.480
113.190 -0.470
113.180 -0.470
113.170 -0.470
113.160 -0.470
113.160 -0.460
113.150 -0.450
113.140 -0.450
113.130 -0.450
113.130 -0.460
113.120 -0.460
113.120 -0.470
113.110 -0.470
113.110 -0.480
113.110 -0.490
113.100 -0.490
113.100 -0.480
113.090 -0.480
113.090 -0.490
113.080 -0.490
113.070 -0.500
113.060 -0.500
113.050 -0.500
113.050 -0.490
113.040 -0.490
113.030 -0.490
113.020 -0.490
113.010 -0.490
113.000 -0.490
112.990 -0.490
112.980 -0.500
112.980 -0.510
112.970 -0.510
112.960 -0.510
112.950 -0.510
112.950 -0.520
112.940 -0.520
112.930 -0.520
112.920 -0.520
112.920 -0.530
112.910 -0.530
112.900 -0.530
112.890 -0.530
112.880 -0.540
112.870 -0.540
112.870 -0.550
112.860 -0.550
112.860 -0.560
112.850 -0.570
112.840 -0.570
112.830 -0.570
112.830 -0.580
112.820 -0.580
112.810 -0.580
112.810 -0.570
112.800 -0.570
112.790 -0.570
112.780 -0.570
112.770 -0.570
112.760 -0.570
112.750 -0.570
112.750 -0.580
112.740 -0.580
112.740 -0.590
112.740 -0.600
112.740 -0.610
112.740 -0.620
112.730 -0.620
112.720 -0.620
112.720 -0.630
112.710 -0.630
112.710 -0.620
112.700 -0.620
112.700 -0.630
112.690 -0.640
112.690 -0.650
112.680 -0.650
112.670 -0.650
112.660 -0.660
112.650 -0.660
112.650 -0.650
112.640 -0.660
112.630 -0.650
112.630 -0.660
112.620 -0.660
112.610 -0.660
112.610 -0.670
112.600 -0.670
112.600 -0.680
112.600 -0.690
112.590 -0.690
112.580 -0.690
112.570 -0.690
112.560 -0.690
112.550 -0.690
112.540 -0.690
112.540 -0.700
112.530 -0.700
112.520 -0.700
112.510 -0.700
112.510 -0.690
112.500 -0.690
112.490 -0.690
112.490 -0.700
112.480 -0.700
112.490 -0.710
112.480 -0.710
112.480 -0.720
112.480 -0.730
112.470 -0.730
112.460 -0.730
112.460 -0.720
112.450 -0.720
112.450 -0.710
112.450 -0.700
112.450 -0.690
112.450 -0.680
112.440 -0.680
112.440 -0.670
112.430 -0.670
112.420 -0.670
112.420 -0.680
112.420 -0.690
112.410 -0.690
112.410 -0.700
112.400 -0.700
112.390 -0.700
112.380 -0.710
112.370 -0.710
112.360 -0.710
112.360 -0.720
112.350 -0.720
112.340 -0.720
112.340 -0.710
112.330 -0.700
112.330 -0.710
112.320 -0.710
112.320 -0.720
112.310 -0.720
112.310 -0.730
112.300 -0.730
112.300 -0.720
112.290 -0.720
112.290 -0.710
112.280 -0.710
112.280 -0.700
112.280 -0.690
112.270 -0.690
112.270 -0.680
112.270 -0.670
112.260 -0.660
112.260 -0.650
112.250 -0.650
112.250 -0.640
112.240 -0.640
112.240 -0.630
112.230 -0.630
112.230 -0.620
112.220 -0.620
112.210 -0.610
112.200 -0.610
112.200 -0.620
112.190 -0.620
112.190 -0.630
112.190 -0.640
112.180 -0.640
112.170 -0.640
112.170 -0.650
112.160 -0.650
112.160 -0.660
112.160 -0.670
112.160 -0.680
112.150 -0.680
112.150 -0.690
112.150 -0.700
112.150 -0.710
112.160 -0.710
112.160 -0.720
112.160 -0.730
112.150 -0.730
112.140 -0.730
112.130 -0.730
112.120 -0.730
112.120 -0.720
112.110 -0.720
112.100 -0.720
112.100 -0.710
112.090 -0.710
112.080 -0.710
112.070 -0.710
112.070 -0.700
112.060 -0.700
112.050 -0.700
112.040 -0.700
112.030 -0.700
112.020 -0.700
112.020 -0.710
112.010 -0.720
112.020 -0.730
112.020 -0.740
112.020 -0.750
112.030 -0.760
112.030 -0.770
112.030 -0.780
112.040 -0.780
112.040 -0.790
112.030 -0.790
112.030 -0.800
112.020 -0.800
112.010 -0.800
112.000 -0.800
111.990 -0.800
111.980 -0.810
111.970 -0.810
111.960 -0.820
111.950 -0.820
111.950 -0.810
111.940 -0.810
111.930 -0.800
111.930 -0.790
111.920 -0.790
111.920 -0.780
111.910 -0.770
111.910 -0.780
111.910 -0.790
111.910 -0.800
111.910 -0.810
111.900 -0.820
111.900 -0.830
111.900 -0.840
111.910 -0.840
111.910 -0.850
111.910 -0.860
111.920 -0.860
111.920 -0.870
111.910 -0.870
111.900 -0.870
111.890 -0.860
111.880 -0.860
111.870 -0.860
111.870 -0.870
111.870 -0.880
111.870 -0.890
111.860 -0.900
111.850 -0.900
111.850 -0.910
111.840 -0.910
111.830 -0.910
111.820 -0.910
111.810 -0.910
111.800 -0.910
111.790 -0.910
111.780 -0.910
111.770 -0.910
111.770 -0.920
111.760 -0.920
111.750 -0.920
111.740 -0.920
111.730 -0.920
111.730 -0.930
111.730 -0.940
111.720 -0.940
111.720 -0.950
111.710 -0.950
111.700 -0.950
111.690 -0.960
111.680 -0.970
111.670 -0.970
111.660 -0.970
111.660 -0.980
111.650 -0.980
111.640 -0.980
111.630 -0.980
111.620 -0.980
111.620 -0.990
111.620 -1.000
111.610 -1.000
111.610 -1.010
111.620 -1.010
111.620 -1.020
111.620 -1.030
111.620 -1.040
111.620 -1.050
111.610 -1.050
111.600 -1.060
111.600 -1.070
111.590 -1.070
111.580 -1.070
111.570 -1.070
111.570 -1.080
111.560 -1.090
111.560 -1.100
111.560 -1.110
111.550 -1.110
111.550 -1.120
111.560 -1.120
111.560 -1.130
111.570 -1.130
111.570 -1.140
111.570 -1.150
111.560 -1.160
111.560 -1.170
111.560 -1.180
111.570 -1.180
111.570 -1.190
111.580 -1.190
111.570 -1.200
111.570 -1.210
111.560 -1.210
111.550 -1.210
111.540 -1.210
111.530 -1.220
111.520 -1.220
111.510 -1.220
111.500 -1.220
111.490 -1.220
111.490 -1.230
111.480 -1.230
111.470 -1.230
111.460 -1.230
111.450 -1.230
111.440 -1.240
111.430 -1.240
111.420 -1.240
111.410 -1.240
111.410 -1.250
111.400 -1.250
111.400 -1.260
111.400 -1.270
111.400 -1.280
111.390 -1.280
111.390 -1.270
111.380 -1.270
111.380 -1.280
111.370 -1.280
111.370 -1.290
111.370 -1.300
111.370 -1.310
111.360 -1.320
111.350 -1.320
111.350 -1.330
111.340 -1.330
111.330 -1.330
111.330 -1.340
111.320 -1.340
111.320 -1.350
111.320 -1.360
111.320 -1.370
111.310 -1.370
111.310 -1.380
111.300 -1.390
111.300 -1.400
111.290 -1.400
111.280 -1.400
111.280 -1.410
111.280 -1.420
111.280 -1.430
111.270 -1.430
111.270 -1.420
111.260 -1.420
111.250 -1.420
111.240 -1.420
111.230 -1.410
111.220 -1.410
111.210 -1.410
111.210 -1.420
111.210 -1.430
111.210 -1.440
111.200 -1.440
111.200 -1.430
111.190 -1.430
111.180 -1.430
111.180 -1.440
111.190 -1.450
111.190 -1.460
111.190 -1.470
111.190 -1.480
111.190 -1.490
111.190 -1.500
111.190 -1.510
111.190 -1.520
111.180 -1.520
111.180 -1.510
111.170 -1.510
111.170 -1.500
111.170 -1.490
111.170 -1.480
111.170 -1.470
111.160 -1.470
111.150 -1.470
111.140 -1.470
111.140 -1.480
111.130 -1.480
111.130 -1.490
111.120 -1.490
111.110 -1.490
111.110 -1.500
111.110 -1.510
111.120 -1.510
111.120 -1.520
111.120 -1.530
111.120 -1.540
111.120 -1.550
111.110 -1.550
111.100 -1.550
111.090 -1.550
111.090 -1.560
111.080 -1.560
111.070 -1.560
111.070 -1.550
111.070 -1.540
111.060 -1.540
111.050 -1.540
111.040 -1.540
111.030 -1.540
111.030 -1.550
111.020 -1.550
111.020 -1.560
111.010 -1.560
111.000 -1.560
111.000 -1.550
111.000 -1.540
110.990 -1.540
110.980 -1.540
110.970 -1.550
110.970 -1.560
110.960 -1.560
110.960 -1.570
110.950 -1.580
110.940 -1.580
110.930 -1.580
110.920 -1.580
110.910 -1.580
110.910 -1.590
110.900 -1.590
110.890 -1.600
110.890 -1.610
110.880 -1.620
110.870 -1.620
110.860 -1.620
110.860 -1.630
110.850 -1.630
110.860 -1.640
110.860 -1.650
110.860 -1.660
110.860 -1.670
110.860 -1.680
110.870 -1.680
110.880 -1.680
110.890 -1.680
110.890 -1.690
110.890 -1.700
110.900 -1.700
110.900 -1.710
110.910 -1.710
110.910 -1.720
110.920 -1.720
110.930 -1.720
110.930 -1.710
110.940 -1.710
110.950 -1.700
110.950 -1.690
110.950 -1.680
110.960 -1.680
110.960 -1.670
110.970 -1.670
110.980 -1.670
110.990 -1.670
110.990 -1.680
111.000 -1.680
111.000 -1.690
111.000 -1.700
111.010 -1.700
111.010 -1.710
111.000 -1.720
111.010 -1.730
111.010 -1.740
111.020 -1.740
111.020 -1.750
111.010 -1.760
111.010 -1.770
111.010 -1.780
111.010 -1.790
111.010 -1.800
111.000 -1.810
110.990 -1.810
110.990 -1.820
110.980 -1.820
110.980 -1.830
110.980 -1.840
110.980 -1.850
110.970 -1.870
110.970 -1.880
110.980 -1.880
110.980 -1.890
110.990 -1.890
110.990 -1.900
111.000 -1.900
110.990 -1.920
110.990 -1.930
110.980 -1.930
110.980 -1.940
110.970 -1.940
110.970 -1.950
110.970 -1.960
110.980 -1.960
110.980 -1.970
110.980 -1.980
110.990 -1.980
111.000 -1.990
111.010 -1.990
111.020 -1.980
111.030 -1.980
111.040 -1.980
111.040 -1.990
111.050 -1.990
111.060 -1.990
111.070 -1.990
111.080 -1.990
111.080 -2.000
111.080 -2.010
111.080 -2.020
111.080 -2.030
111.080 -2.040
111.080 -2.050
111.070 -2.050
111.060 -2.050
111.060 -2.060
111.060 -2.070
111.050 -2.070
111.040 -2.070
111.040 -2.080
111.040 -2.090
111.050 -2.090
111.050 -2.100
111.050 -2.110
111.060 -2.110
111.060 -2.120
111.070 -2.130
111.070 -2.140
111.070 -2.150
111.080 -2.150
111.080 -2.160
111.080 -2.170
111.070 -2.170
111.070 -2.180
111.060 -2.180
111.060 -2.190
111.070 -2.190
111.070 -2.200
111.060 -2.200
111.060 -2.210
111.050 -2.210
111.050 -2.220
111.040 -2.220
111.040 -2.230
111.030 -2.230
111.030 -2.240
111.030 -2.250
111.040 -2.250
111.040 -2.260
111.040 -2.270
111.050 -2.270
111.050 -2.280
111.060 -2.280
111.060 -2.290
111.070 -2.290
111.070 -2.300
111.070 -2.310
111.080 -2.320
111.080 -2.340
111.080 -2.350
111.090 -2.350
111.090 -2.360
111.090 -2.370
111.090 -2.380
111.090 -2.390
111.100 -2.390
111.100 -2.400
111.100 -2.410
111.100 -2.420
111.100 -2.430
111.110 -2.440
111.110 -2.450
111.110 -2.460
111.110 -2.470
111.110 -2.480
111.110 -2.490
111.110 -2.500
111.110 -2.510
111.110 -2.520
111.120 -2.520
111.120 -2.530
111.120 -2.540
111.120 -2.550
111.120 -2.560
111.130 -2.570
111.130 -2.580
111.130 -2.590
111.130 -2.600
111.140 -2.600
111.140 -2.610
111.140 -2.620
111.130 -2.620
111.130 -2.630
111.130 -2.640
111.120 -2.640
111.120 -2.650
111.120 -2.660
111.130 -2.660
111.130 -2.670
111.140 -2.670
111.150 -2.670
111.160 -2.670
111.170 -2.670
111.170 -2.680
111.170 -2.690
111.170 -2.700
111.170 -2.710
111.160 -2.720
111.150 -2.730
111.150 -2.740
111.140 -2.750
111.130 -2.750
111.120 -2.760
111.110 -2.760
111.110 -2.770
111.100 -2.770
111.090 -2.770
111.090 -2.780
111.080 -2.780
111.070 -2.780
111.060 -2.790
111.050 -2.790
111.040 -2.790
111.030 -2.790
111.020 -2.790
111.010 -2.790
111.010 -2.800
111.010 -2.810
111.000 -2.810
111.000 -2.820
111.000 -2.830
110.990 -2.830
110.990 -2.840
110.980 -2.840
110.970 -2.850
110.970 -2.860
110.960 -2.860
110.950 -2.860
110.950 -2.870
110.940 -2.870
110.930 -2.870
110.920 -2.870
110.910 -2.870
110.900 -2.870
110.890 -2.870
110.890 -2.880
110.880 -2.880
110.880 -2.890
110.870 -2.890
110.860 -2.890
110.860 -2.900
110.850 -2.900
110.840 -2.900
110.830 -2.900
110.830 -2.910
110.820 -2.910
110.810 -2.910
110.800 -2.910
110.790 -2.910
110.790 -2.920
110.780 -2.920
110.770 -2.920
110.770 -2.930
110.760 -2.930
110.760 -2.940
110.750 -2.940
110.750 -2.950
110.750 -2.960
110.740 -2.960
110.740 -2.970
110.740 -2.980
110.730 -2.980
110.730 -2.990
110.730 -3.000
110.720 -3.000
110.720 -3.010
110.710 -3.010
110.700 -3.010
110.700 -3.020
110.690 -3.020
110.680 -3.020
110.680 -3.030
110.670 -3.030
110.670 -3.040
110.660 -3.040
110.650 -3.040
110.640 -3.040
110.640 -3.030
110.640 -3.020
110.630 -3.020
110.630 -3.010
110.620 -3.010
110.620 -3.000
110.610 -3.000
110.610 -2.990
110.620 -2.990
110.630 -2.990
110.640 -2.990
110.640 -2.980
110.640 -2.970
110.640 -2.960
110.640 -2.950
110.630 -2.950
110.630 -2.940
110.630 -2.930
110.630 -2.920
110.630 -2.910
110.630 -2.900
110.620 -2.900
110.620 -2.890
110.620 -2.880
110.620 -2.870
110.610 -2.870
110.610 -2.860
110.600 -2.860
110.600 -2.850
110.590 -2.850
110.580 -2.850
110.580 -2.840
110.570 -2.840
110.560 -2.840
110.550 -2.840
110.540 -2.840
110.530 -2.840
110.530 -2.850
110.520 -2.850
110.510 -2.850
110.500 -2.850
110.500 -2.860
110.490 -2.860
110.480 -2.860
110.480 -2.870
110.470 -2.870
110.460 -2.870
110.460 -2.880
110.450 -2.880
110.440 -2.880
110.440 -2.890
110.430 -2.890
110.420 -2.890
110.420 -2.900
110.410 -2.900
110.410 -2.910
110.400 -2.910
110.390 -2.910
110.390 -2.920
110.380 -2.920
110.380 -2.930
110.370 -2.930
110.370 -2.940
110.360 -2.940
110.350 -2.940
110.350 -2.950
110.340 -2.950
110.340 -2.960
110.330 -2.960
110.330 -2.970
110.320 -2.970
110.320 -2.980
110.310 -2.980
110.310 -2.990
110.310 -3.000
110.300 -3.000
110.300 -2.990
110.300 -2.980
110.290 -2.980
110.290 -2.970
110.280 -2.970
110.270 -2.970
110.260 -2.960
110.260 -2.950
110.250 -2.950
110.250 -2.940
110.250 -2.930
110.250 -2.920
110.250 -2.910
110.240 -2.910
110.240 -2.900
110.230 -2.900
110.230 -2.890
110.230 -2.880
110.230 -2.870
110.240 -2.870
110.240 -2.860
110.250 -2.860
110.250 -2.850
110.250 -2.840
110.260 -2.840
110.260 -2.830
110.260 -2.820
110.260 -2.810
110.260 -2.800
110.260 -2.790
110.260 -2.780
110.260 -2.770
110.260 -2.760
110.250 -2.760
110.250 -2.750
110.240 -2.750
110.230 -2.750
110.230 -2.740
110.220 -2.740
110.220 -2.730
110.230 -2.730
110.230 -2.720
110.230 -2.710
110.230 -2.700
110.230 -2.690
110.220 -2.690
110.220 -2.680
110.220 -2.670
110.220 -2.660
110.220 -2.650
110.210 -2.650
110.210 -2.640
110.200 -2.640
110.190 -2.640
110.190 -2.630
110.180 -2.630
110.170 -2.630
110.160 -2.630
110.150 -2.630
110.150 -2.620
110.150 -2.610
110.160 -2.610
110.160 -2.600
110.170 -2.600
110.180 -2.600
110.180 -2.590
110.180 -2.580
110.190 -2.580
110.190 -2.570
110.190 -2.560
110.190 -2.550
110.190 -2.540
110.190 -2.530
110.200 -2.530
110.210 -2.530
110.210 -2.540
110.220 -2.540
110.220 -2.550
110.230 -2.550
110.230 -2.560
110.240 -2.560
110.250 -2.560
110.260 -2.560
110.260 -2.550
110.250 -2.550
110.240 -2.550
110.240 -2.540
110.230 -2.540
110.220 -2.540
110.220 -2.530
110.210 -2.530
110.210 -2.520
110.200 -2.520
110.190 -2.520
110.190 -2.510
110.190 -2.500
110.190 -2.490
110.180 -2.490
110.180 -2.480
110.180 -2.470
110.180 -2.460
110.180 -2.450
110.170 -2.450
110.170 -2.440
110.160 -2.440
110.160 -2.430
110.150 -2.430
110.150 -2.420
110.150 -2.410
110.150 -2.400
110.150 -2.390
110.150 -2.380
110.150 -2.370
110.150 -2.360
110.150 -2.350
110.140 -2.350
110.150 -2.340
110.150 -2.330
110.140 -2.320
110.140 -2.310
110.140 -2.300
110.130 -2.300
110.130 -2.290
110.130 -2.280
110.120 -2.280
110.120 -2.270
110.120 -2.260
110.110 -2.260
110.110 -2.250
110.100 -2.250
110.090 -2.240
110.090 -2.230
110.090 -2.220
110.090 -2.210
110.090 -2.200
110.090 -2.190
110.090 -2.180
110.090 -2.170
110.100 -2.170
110.100 -2.160
110.110 -2.160
110.110 -2.150
110.110 -2.140
110.110 -2.130
110.120 -2.130
110.120 -2.120
110.110 -2.120
110.110 -2.110
110.120 -2.110
110.120 -2.100
110.120 -2.090
110.120 -2.080
110.120 -2.070
110.120 -2.060
110.120 -2.050
110.110 -2.050
110.110 -2.040
110.120 -2.040
110.130 -2.040
110.120 -2.030
110.110 -2.030
110.110 -2.020
110.110 -2.010
110.110 -2.000
110.100 -2.000
110.100 -1.990
110.100 -1.980
110.100 -1.970
110.090 -1.970
110.090 -1.960
110.090 -1.950
110.080 -1.950
110.080 -1.940
110.070 -1.940
110.070 -1.930
110.060 -1.930
110.060 -1.920
110.050 -1.920
110.040 -1.920
110.040 -1.910
110.030 -1.910
110.020 -1.910
110.010 -1.910
110.000 -1.900
109.990 -1.900
109.990 -1.890
109.980 -1.890
109.970 -1.880
109.960 -1.870
109.950 -1.870
109.940 -1.860
109.930 -1.860
109.920 -1.860
109.920 -1.850
109.910 -1.850
109.910 -1.840
109.900 -1.830
109.900 -1.820
109.910 -1.830
109.920 -1.830
109.920 -1.820
109.920 -1.810
109.910 -1.810
109.910 -1.800
109.910 -1.790
109.910 -1.780
109.910 -1.770
109.920 -1.770
109.930 -1.770
109.930 -1.780
109.940 -1.780
109.950 -1.780
109.950 -1.770
109.940 -1.770
109.940 -1.760
109.950 -1.760
109.960 -1.760
109.970 -1.760
109.970 -1.750
109.980 -1.750
109.980 -1.740
109.990 -1.740
109.990 -1.730
109.990 -1.720
110.000 -1.720
110.000 -1.710
110.010 -1.710
110.010 -1.700
110.020 -1.700
110.020 -1.690
110.030 -1.680
110.030 -1.670
110.030 -1.660
110.030 -1.650
110.040 -1.650
110.040 -1.640
110.040 -1.630
110.040 -1.620
110.040 -1.610
110.040 -1.600
110.040 -1.590
110.040 -1.580
110.040 -1.570
110.040 -1.560
110.040 -1.550
110.040 -1.540
110.040 -1.530
110.040 -1.520
110.040 -1.510
110.040 -1.500
110.040 -1.490
110.050 -1.490
110.050 -1.480
110.060 -1.480
110.060 -1.470
110.060 -1.460
110.060 -1.450
110.060 -1.440
110.060 -1.430
110.070 -1.430
110.070 -1.420
110.070 -1.410
110.070 -1.400
110.070 -1.390
110.070 -1.380
110.070 -1.370
110.070 -1.360
110.060 -1.360
110.060 -1.350
110.060 -1.340
110.050 -1.330
110.050 -1.320
110.040 -1.320
110.040 -1.310
110.030 -1.310
110.030 -1.300
110.020 -1.290
110.010 -1.290
110.010 -1.280
110.000 -1.280
110.000 -1.270
109.990 -1.270
109.990 -1.280
109.980 -1.280
109.970 -1.280
109.960 -1.280
109.960 -1.270
109.960 -1.260
109.950 -1.260
109.940 -1.260
109.940 -1.250
109.950 -1.250
109.950 -1.240
109.950 -1.230
109.940 -1.230
109.930 -1.230
109.930 -1.220
109.930 -1.210
109.920 -1.210
109.920 -1.220
109.910 -1.220
109.910 -1.210
109.900 -1.210
109.900 -1.200
109.910 -1.200
109.910 -1.190
109.920 -1.190
109.920 -1.180
109.920 -1.170
109.930 -1.170
109.930 -1.160
109.930 -1.150
109.940 -1.150
109.940 -1.140
109.940 -1.130
109.950 -1.130
109.950 -1.120
109.940 -1.120
109.930 -1.120
109.920 -1.120
109.920 -1.110
109.910 -1.110
109.900 -1.110
109.890 -1.110
109.890 -1.100
109.880 -1.100
109.870 -1.100
109.870 -1.090
109.860 -1.090
109.850 -1.090
109.840 -1.090
109.830 -1.090
109.820 -1.090
109.820 -1.080
109.820 -1.070
109.810 -1.070
109.810 -1.060
109.800 -1.050
109.800 -1.040
109.790 -1.040
109.780 -1.040
109.770 -1.040
109.770 -1.030
109.770 -1.020
109.770 -1.010
109.770 -1.000
109.760 -1.000
109.760 -0.990
109.750 -0.990
109.740 -0.990
109.730 -0.990
109.730 -0.980
109.730 -0.970
109.730 -0.960
109.730 -0.950
109.730 -0.940
109.730 -0.930
109.730 -0.920
109.730 -0.910
109.740 -0.910
109.750 -0.910
109.760 -0.910
109.760 -0.900
109.760 -0.890
109.750 -0.890
109.740 -0.890
109.740 -0.880
109.750 -0.880
109.750 -0.870
109.750 -0.860
109.740 -0.860
109.730 -0.860
109.730 -0.870
109.720 -0.870
109.720 -0.860
109.720 -0.850
109.720 -0.840
109.720 -0.830
109.710 -0.830
109.700 -0.830
109.700 -0.820
109.690 -0.820
109.690 -0.830
109.680 -0.830
109.670 -0.830
109.670 -0.820
109.670 -0.810
109.660 -0.810
109.660 -0.800
109.650 -0.800
109.640 -0.800
109.640 -0.790
109.640 -0.780
109.630 -0.780
109.630 -0.770
109.630 -0.760
109.630 -0.750
109.620 -0.750
109.610 -0.750
109.610 -0.740
109.610 -0.730
109.600 -0.720
109.590 -0.720
109.580 -0.720
109.580 -0.710
109.570 -0.710
109.560 -0.710
109.550 -0.710
109.560 -0.700
109.570 -0.700
109.570 -0.690
109.580 -0.690
109.590 -0.690
109.590 -0.680
109.580 -0.680
109.580 -0.670
109.590 -0.670
109.590 -0.660
109.600 -0.660
109.600 -0.650
109.590 -0.650
109.580 -0.650
109.570 -0.650
109.560 -0.650
109.550 -0.650
109.540 -0.650
109.540 -0.640
109.530 -0.640
109.520 -0.640
109.510 -0.640
109.500 -0.640
109.500 -0.630
109.500 -0.620
109.490 -0.620
109.490 -0.630
109.480 -0.630
109.480 -0.620
109.470 -0.620
109.460 -0.620
109.450 -0.620
109.450 -0.630
109.440 -0.630
109.430 -0.630
109.420 -0.630
109.410 -0.630
109.400 -0.620
109.400 -0.610
109.390 -0.610
109.390 -0.600
109.380 -0.600
109.380 -0.590
109.390 -0.590
109.390 -0.580
109.390 -0.570
109.380 -0.570
109.380 -0.580
109.370 -0.580
109.360 -0.580
109.350 -0.580
109.350 -0.590
109.340 -0.590
109.330 -0.590
109.320 -0.590
109.310 -0.590
109.300 -0.590
109.290 -0.590
109.290 -0.600
109.280 -0.600
109.270 -0.600
109.260 -0.600
109.250 -0.600
109.240 -0.600
109.240 -0.590
109.230 -0.590
109.220 -0.590
109.220 -0.580
109.230 -0.580
109.230 -0.570
109.220 -0.570
109.220 -0.560
109.210 -0.560
109.200 -0.560
109.200 -0.550
109.190 -0.550
109.190 -0.560
109.190 -0.570
109.180 -0.570
109.170 -0.570
109.160 -0.570
109.150 -0.570
109.150 -0.560
109.140 -0.560
109.140 -0.550
109.130 -0.550
109.130 -0.540
109.120 -0.530
109.120 -0.520
109.120 -0.510
109.110 -0.510
109.110 -0.500
109.110 -0.490
109.110 -0.480
109.110 -0.470
109.110 -0.460
109.110 -0.450
109.110 -0.440
109.120 -0.440
109.120 -0.430
109.110 -0.430
109.110 -0.420
109.110 -0.410
109.110 -0.400
109.110 -0.390
109.100 -0.390
109.100 -0.380
109.100 -0.370
109.100 -0.360
109.100 -0.350
109.110 -0.350
109.110 -0.360
109.120 -0.360
109.130 -0.360
109.140 -0.360
109.140 -0.350
109.130 -0.350
109.120 -0.350
109.120 -0.340
109.110 -0.340
109.110 -0.330
109.110 -0.320
109.110 -0.310
109.100 -0.310
109.100 -0.300
109.090 -0.290
109.090 -0.280
109.090 -0.270
109.100 -0.270
109.110 -0.270
109.110 -0.260
109.120 -0.260
109.120 -0.250
109.130 -0.250
109.130 -0.240
109.140 -0.240
109.150 -0.230
109.160 -0.230
109.170 -0.230
109.180 -0.230
109.190 -0.220
109.200 -0.220
109.210 -0.220
109.200 -0.210
109.190 -0.210
109.190 -0.200
109.180 -0.200
109.180 -0.190
109.180 -0.180
109.180 -0.170
109.180 -0.160
109.190 -0.150
109.190 -0.140
109.190 -0.130
109.190 -0.120
109.180 -0.120
109.180 -0.110
109.180 -0.100
109.190 -0.100
109.190 -0.090
109.180 -0.090
109.180 -0.080
109.180 -0.070
109.180 -0.060
109.170 -0.060
109.170 -0.050
109.160 -0.050
109.160 -0.040
109.160 -0.030
109.160 -0.020
109.160 -0.010
109.160 0.000
109.170 0.000
109.170 0.010
109.170 0.020
109.170 0.030
109.180 0.030
109.190 0.030
109.200 0.030
109.200 0.020
109.210 0.020
109.220 0.020
109.230 0.020
109.240 0.020
109.250 0.010
109.260 0.010
109.270 0.010
109.270 0.020
109.260 0.020
109.250 0.020
109.250 0.030
109.240 0.030
109.230 0.030
109.230 0.040
109.220 0.040
109.220 0.050
109.210 0.050
109.200 0.050
109.200 0.060
109.190 0.060
109.190 0.070
109.180 0.070
109.180 0.080
109.170 0.080
109.170 0.090
109.160 0.090
109.160 0.100
109.160 0.110
109.150 0.110
109.150 0.120
109.140 0.120
109.140 0.130
109.140 0.140
109.130 0.140
109.130 0.150
109.130 0.160
109.130 0.170
109.130 0.180
109.130 0.190
109.130 0.200
109.120 0.200
109.120 0.210
109.120 0.220
109.110 0.220
109.110 0.230
109.100 0.230
109.100 0.240
109.090 0.240
109.090 0.250
109.080 0.250
109.080 0.260
109.070 0.260
109.070 0.270
109.060 0.270
109.050 0.270
109.050 0.280
109.040 0.280
109.040 0.290
109.030 0.290
109.020 0.290
109.020 0.300
109.010 0.300
109.000 0.300
108.990 0.310
108.980 0.310
108.970 0.310
108.970 0.320
108.960 0.320
108.960 0.310
108.950 0.310
108.940 0.310
108.940 0.320
108.930 0.320
108.920 0.320
108.920 0.330
108.910 0.330
108.910 0.340
108.920 0.340
108.930 0.350
108.930 0.360
108.940 0.360
108.940 0.370
108.940 0.380
108.950 0.380
108.950 0.390
108.950 0.400
108.950 0.410
108.950 0.420
108.950 0.430
108.940 0.430
108.940 0.440
108.940 0.450
108.930 0.450
108.930 0.460
108.920 0.470
108.910 0.470
108.910 0.480
108.910 0.490
108.910 0.500
108.910 0.510
108.910 0.520
108.910 0.530
108.920 0.530
108.920 0.540
108.920 0.550
108.920 0.560
108.930 0.560
108.930 0.570
108.930 0.580
108.930 0.590
108.930 0.600
108.930 0.610
108.930 0.620
108.930 0.630
108.920 0.630
108.920 0.640
108.920 0.650
108.920 0.660
108.910 0.660
108.910 0.670
108.910 0.680
108.900 0.680
108.900 0.690
108.890 0.700
108.880 0.700
108.880 0.710
108.870 0.710
108.870 0.720
108.880 0.720
108.880 0.730
108.880 0.740
108.880 0.750
108.880 0.760
108.880 0.770
108.880 0.780
108.870 0.780
108.870 0.790
108.860 0.790
108.850 0.790
108.850 0.800
108.840 0.810
108.840 0.820
108.850 0.820
108.850 0.830
108.860 0.830
108.860 0.840
108.870 0.840
108.880 0.840
108.880 0.850
108.890 0.850
108.890 0.860
108.890 0.870
108.900 0.870
108.910 0.870
108.910 0.860
108.920 0.870
108.930 0.870
108.930 0.880
108.940 0.880
108.940 0.890
108.950 0.890
108.950 0.900
108.950 0.910
108.960 0.910
108.960 0.920
108.960 0.930
108.970 0.930
108.970 0.940
108.970 0.950
108.970 0.960
108.980 0.960
108.980 0.970
108.980 0.980
108.980 0.990
108.980 1.000
108.980 1.010
108.980 1.020
108.970 1.020
108.970 1.030
108.970 1.040
108.970 1.050
108.960 1.050
108.960 1.060
108.960 1.070
108.950 1.070
108.950 1.080
108.940 1.080
108.940 1.090
108.940 1.100
108.930 1.100
108.930 1.110
108.930 1.120
108.920 1.120
108.920 1.130
108.920 1.140
108.910 1.140
108.910 1.150
108.910 1.160
108.900 1.160
108.900 1.170
108.910 1.170
108.910 1.180
108.920 1.180
108.930 1.180
108.930 1.170
108.940 1.170
108.950 1.170
108.960 1.170
108.970 1.170
108.970 1.180
108.970 1.190
108.970 1.200
108.960 1.200
108.960 1.210
108.960 1.220
108.970 1.220
108.970 1.230
108.970 1.240
108.980 1.240
108.980 1.250
108.990 1.250
108.990 1.260
108.990 1.270
108.990 1.280
109.000 1.280
109.000 1.290
109.010 1.290
109.010 1.300
109.020 1.300
109.020 1.310
109.030 1.320
109.030 1.330
109.040 1.330
109.040 1.340
109.040 1.350
109.040 1.360
109.050 1.370
109.040 1.380
109.040 1.390
109.040 1.400
109.040 1.410
109.040 1.420
109.040 1.430
109.040 1.440
109.040 1.450
109.040 1.460
109.040 1.470
109.040 1.480
109.040 1.490
109.050 1.500
109.050 1.510
109.050 1.520
109.060 1.520
109.060 1.530
109.070 1.530
109.070 1.540
109.080 1.540
109.080 1.550
109.090 1.550
109.090 1.560
109.100 1.560
109.100 1.570
109.110 1.570
109.110 1.580
109.120 1.580
109.130 1.580
109.130 1.590
109.140 1.590
109.140 1.600
109.150 1.600
109.160 1.600
109.160 1.610
109.170 1.610
109.180 1.610
109.190 1.610
109.190 1.620
109.200 1.620
109.210 1.620
109.210 1.630
109.220 1.630
109.220 1.640
109.230 1.640
109.240 1.640
109.240 1.650
109.250 1.650
109.250 1.660
109.260 1.660
109.260 1.670
109.260 1.680
109.260 1.690
109.270 1.690
109.270 1.700
109.270 1.710
109.270 1.720
109.280 1.720
109.290 1.720
109.290 1.730
109.280 1.730
109.280 1.740
109.290 1.740
109.290 1.750
109.290 1.760
109.300 1.760
109.300 1.770
109.300 1.780
109.310 1.780
109.310 1.790
109.320 1.790
109.330 1.790
109.340 1.790
109.340 1.800
109.350 1.800
109.350 1.810
109.350 1.820
109.360 1.820
109.360 1.830
109.370 1.830
109.380 1.830
109.380 1.820
109.380 1.810
109.390 1.810
109.390 1.800
109.400 1.800
109.410 1.800
109.410 1.810
109.400 1.810
109.410 1.820
109.400 1.820
109.390 1.820
109.390 1.830
109.380 1.830
109.370 1.830
109.370 1.840
109.360 1.840
109.360 1.830
109.350 1.830
109.350 1.820
109.340 1.820
109.340 1.810
109.340 1.800
109.330 1.800
109.320 1.800
109.320 1.790
109.310 1.790
109.300 1.790
109.300 1.800
109.310 1.800
109.310 1.810
109.320 1.810
109.320 1.820
109.330 1.820
109.330 1.830
109.340 1.830
109.340 1.840
109.340 1.850
109.340 1.860
109.340 1.870
109.340 1.880
109.340 1.890
109.330 1.890
109.330 1.900
109.330 1.910
109.330 1.920
109.320 1.920
109.320 1.930
109.330 1.930
109.330 1.940
109.340 1.940
109.350 1.940
109.350 1.950
109.360 1.950
109.370 1.950
109.370 1.940
109.380 1.940
109.380 1.950
109.390 1.950
109.400 1.950
109.410 1.950
109.420 1.950
109.430 1.950
109.440 1.950
109.440 1.960
109.450 1.960
109.450 1.970
109.450 1.980
109.460 1.980
109.470 1.980
109.480 1.980
109.490 1.980
109.500 1.980
109.500 1.990
109.510 1.990
109.520 1.990
109.530 1.990
109.540 1.990
109.550 1.990
109.560 1.990
109.570 1.990
109.580 1.990
109.590 1.990
109.590 2.000
109.600 2.000
109.600 2.010
109.600 2.020
109.600 2.030
109.610 2.030
109.610 2.040
109.620 2.040
109.620 2.050
109.620 2.060
109.630 2.060
109.630 2.070
109.630 2.080
109.640 2.080
109.650 2.080
109.650 2.070
109.650 2.060
109.650 2.050
109.640 2.040
109.640 2.030
109.640 2.020
109.630 2.010
109.630 2.000
109.620 2.000
109.620 1.990
109.620 1.980
109.610 1.980
109.600 1.980
109.590 1.970
109.580 1.960
109.580 1.950
109.580 1.940
109.570 1.930
109.560 1.930
109.550 1.930
109.540 1.930
109.540 1.920
109.540 1.910
109.540 1.900
109.540 1.890
109.550 1.890
109.550 1.880
109.550 1.870
109.550 1.860
109.560 1.860
109.560 1.850
109.570 1.850
109.580 1.850
109.580 1.840
109.590 1.840
109.590 1.830
109.590 1.820
109.600 1.810
109.610 1.810
109.610 1.800
109.620 1.800
109.630 1.800
109.640 1.800
109.650 1.800
109.660 1.800
109.660 1.790
109.670 1.790
109.680 1.790
109.680 1.780
109.680 1.770
109.680 1.760
109.670 1.750
109.670 1.740
109.660 1.730
109.660 1.720
109.670 1.710
109.670 1.700
109.660 1.700
109.660 1.690
109.660 1.680
109.660 1.670
109.660 1.660
109.650 1.650
109.650 1.640
109.660 1.630
109.660 1.620
109.670 1.620
109.670 1.610
109.680 1.610
109.690 1.610
109.690 1.600
109.690 1.590
109.700 1.590
109.700 1.580
109.710 1.580
109.710 1.570
109.720 1.570
109.720 1.560
109.730 1.560
109.730 1.550
109.740 1.550
109.740 1.540
109.750 1.540
109.750 1.530
109.760 1.530
109.760 1.520
109.770 1.520
109.770 1.510
109.780 1.510
109.780 1.500
109.790 1.500
109.800 1.500
109.800 1.490
109.790 1.480
109.800 1.470
109.810 1.470
109.820 1.470
109.820 1.480
109.830 1.480
109.840 1.480
109.830 1.470
109.830 1.460
109.830 1.450
109.830 1.440
109.830 1.430
109.830 1.420
109.840 1.420
109.850 1.420
109.860 1.420
109.870 1.420
109.880 1.420
109.890 1.420
109.900 1.420
109.910 1.420
109.920 1.420
109.930 1.420
109.940 1.420
109.940 1.410
109.950 1.410
109.950 1.400
109.960 1.400
109.960 1.390
109.960 1.380
109.960 1.370
109.960 1.360
109.960 1.350
109.960 1.340
109.970 1.340
109.970 1.330
109.970 1.320
109.970 1.310
109.980 1.300
109.980 1.290
109.990 1.290
110.000 1.300
110.000 1.290
110.010 1.290
110.020 1.290
110.030 1.280
110.040 1.270
110.050 1.260
110.050 1.270
110.060 1.270
110.060 1.260
110.060 1.250
110.070 1.240
110.060 1.240
110.060 1.230
110.050 1.220
110.040 1.220
110.040 1.210
110.040 1.200
110.050 1.200
110.050 1.210
110.060 1.210
110.070 1.210
110.080 1.210
110.090 1.210
110.090 1.200
110.100 1.200
110.110 1.200
110.120 1.200
110.140 1.200
REGION 1
2543
111.760 -2.930
111.760 -2.920
111.760 -2.910
111.760 -2.900
111.750 -2.900
111.750 -2.890
111.750 -2.880
111.740 -2.880
111.740 -2.870
111.730 -2.870
111.730 -2.860
111.740 -2.850
111.740 -2.840
111.740 -2.830
111.740 -2.820
111.730 -2.820
111.730 -2.810
111.720 -2.810
111.710 -2.810
111.710 -2.800
111.700 -2.800
111.700 -2.810
111.700 -2.820
111.710 -2.820
111.710 -2.830
111.710 -2.840
111.720 -2.840
111.720 -2.850
111.710 -2.850
111.700 -2.860
111.690 -2.860
111.690 -2.870
111.680 -2.870
111.680 -2.880
111.670 -2.880
111.670 -2.890
111.670 -2.900
111.670 -2.910
111.680 -2.910
111.680 -2.920
111.690 -2.920
111.700 -2.920
111.700 -2.930
111.690 -2.930
111.690 -2.940
111.680 -2.940
111.670 -2.940
111.670 -2.950
111.660 -2.950
111.650 -2.950
111.640 -2.950
111.640 -2.960
111.630 -2.960
111.630 -2.970
111.620 -2.970
111.610 -2.970
111.610 -2.980
111.600 -2.980
111.600 -2.990
111.590 -2.990
111.580 -2.990
111.580 -3.000
111.570 -3.000
111.560 -3.000
111.560 -3.010
111.550 -3.010
111.540 -3.010
111.540 -3.000
111.540 -2.990
111.530 -2.990
111.530 -2.980
111.520 -2.980
111.520 -2.970
111.510 -2.970
111.510 -2.960
111.500 -2.960
111.500 -2.950
111.490 -2.950
111.490 -2.940
111.480 -2.940
111.470 -2.940
111.470 -2.930
111.460 -2.930
111.460 -2.920
111.450 -2.920
111.440 -2.920
111.430 -2.920
111.430 -2.910
111.420 -2.910
111.420 -2.900
111.410 -2.900
111.410 -2.910
111.400 -2.910
111.400 -2.920
111.390 -2.920
111.380 -2.920
111.380 -2.910
111.370 -2.910
111.360 -2.910
111.350 -2.910
111.340 -2.910
111.330 -2.910
111.330 -2.920
111.320 -2.920
111.310 -2.920
111.300 -2.930
111.290 -2.930
111.280 -2.930
111.280 -2.940
111.270 -2.940
111.260 -2.940
111.260 -2.950
111.250 -2.950
111.250 -2.960
111.240 -2.960
111.230 -2.960
111.230 -2.970
111.220 -2.970
111.210 -2.970
111.210 -2.980
111.200 -2.980
111.200 -2.990
111.190 -2.990
111.180 -2.990
111.180 -3.000
111.170 -3.000
111.160 -3.000
111.160 -3.010
111.150 -3.010
111.140 -3.010
111.140 -3.020
111.130 -3.020
111.120 -3.020
111.120 -3.030
111.110 -3.030
111.100 -3.030
111.090 -3.030
111.090 -3.040
111.080 -3.040
111.070 -3.040
111.070 -3.050
111.060 -3.050
111.050 -3.050
111.040 -3.050
111.040 -3.060
111.030 -3.060
111.020 -3.060
111.010 -3.060
111.000 -3.060
110.990 -3.060
110.990 -3.070
110.980 -3.070
110.970 -3.070
110.960 -3.070
110.960 -3.060
110.950 -3.060
110.940 -3.050
110.930 -3.050
110.920 -3.050
110.920 -3.040
110.910 -3.040
110.900 -3.040
110.900 -3.030
110.890 -3.030
110.890 -3.020
110.880 -3.020
110.880 -3.010
110.870 -3.010
110.860 -3.010
110.860 -3.000
110.850 -3.000
110.850 -2.990
110.840 -2.990
110.830 -2.990
110.830 -2.980
110.820 -2.980
110.810 -2.980
110.800 -2.980
110.790 -2.980
110.780 -2.980
110.770 -2.980
110.760 -2.980
110.750 -2.980
110.750 -2.990
110.740 -2.990
110.740 -2.980
110.740 -2.970
110.740 -2.960
110.750 -2.960
110.750 -2.950
110.750 -2.940
110.760 -2.940
110.770 -2.930
110.780 -2.930
110.780 -2.920
110.790 -2.920
110.790 -2.910
110.800 -2.910
110.810 -2.910
110.820 -2.910
110.830 -2.910
110.830 -2.900
110.840 -2.900
110.850 -2.900
110.860 -2.900
110.860 -2.890
110.870 -2.890
110.880 -2.890
110.880 -2.880
110.890 -2.880
110.890 -2.870
110.900 -2.870
110.910 -2.870
110.920 -2.870
110.930 -2.870
110.940 -2.870
110.950 -2.870
110.950 -2.860
110.960 -2.860
110.970 -2.860
110.970 -2.850
110.980 -2.840
110.990 -2.840
110.990 -2.830
111.000 -2.830
111.000 -2.820
111.000 -2.810
111.010 -2.810
111.010 -2.800
111.010 -2.790
111.020 -2.790
111.030 -2.790
111.040 -2.790
111.050 -2.790
111.060 -2.790
111.070 -2.780
111.080 -2.780
111.090 -2.780
111.090 -2.770
111.100 -2.770
111.110 -2.770
111.110 -2.760
111.120 -2.760
111.130 -2.750
111.140 -2.750
111.150 -2.740
111.150 -2.730
111.160 -2.720
111.170 -2.710
111.170 -2.700
111.170 -2.690
111.170 -2.680
111.170 -2.670
111.160 -2.670
111.150 -2.670
111.140 -2.670
111.130 -2.670
111.130 -2.660
111.120 -2.660
111.120 -2.650
111.120 -2.640
111.130 -2.640
111.130 -2.630
111.130 -2.620
111.140 -2.620
111.140 -2.610
111.140 -2.600
111.130 -2.600
111.130 -2.590
111.130 -2.580
111.130 -2.570
111.120 -2.560
111.120 -2.550
111.120 -2.540
111.120 -2.530
111.120 -2.520
111.110 -2.520
111.110 -2.510
111.110 -2.500
111.110 -2.490
111.110 -2.480
111.110 -2.470
111.110 -2.460
111.110 -2.450
111.110 -2.440
111.100 -2.430
111.100 -2.420
111.100 -2.410
111.100 -2.400
111.100 -2.390
111.090 -2.390
111.090 -2.380
111.090 -2.370
111.090 -2.360
111.090 -2.350
111.080 -2.350
111.080 -2.340
111.080 -2.330
111.080 -2.320
111.070 -2.310
111.070 -2.300
111.070 -2.290
111.060 -2.290
111.060 -2.280
111.050 -2.280
111.050 -2.270
111.040 -2.270
111.040 -2.260
111.040 -2.250
111.030 -2.250
111.030 -2.240
111.030 -2.230
111.040 -2.230
111.040 -2.220
111.050 -2.220
111.050 -2.210
111.060 -2.210
111.060 -2.200
111.070 -2.200
111.070 -2.190
111.060 -2.190
111.060 -2.180
111.070 -2.180
111.070 -2.170
111.080 -2.170
111.080 -2.160
111.080 -2.150
111.070 -2.150
111.070 -2.140
111.070 -2.130
111.060 -2.120
111.060 -2.110
111.050 -2.110
111.050 -2.100
111.050 -2.090
111.040 -2.090
111.040 -2.080
111.040 -2.070
111.050 -2.070
111.060 -2.070
111.060 -2.060
111.060 -2.050
111.070 -2.050
111.080 -2.050
111.080 -2.040
111.080 -2.030
111.080 -2.020
111.080 -2.010
111.080 -2.000
111.080 -1.990
111.070 -1.990
111.060 -1.990
111.050 -1.990
111.040 -1.990
111.040 -1.980
111.030 -1.980
111.020 -1.980
111.020 -1.990
111.010 -1.990
111.000 -1.990
110.990 -1.980
110.980 -1.980
110.980 -1.970
110.980 -1.960
110.970 -1.960
110.970 -1.950
110.970 -1.940
110.980 -1.940
110.980 -1.930
110.990 -1.930
110.990 -1.920
111.000 -1.910
111.000 -1.900
110.990 -1.900
110.990 -1.890
110.980 -1.890
110.980 -1.880
110.970 -1.880
110.970 -1.870
110.970 -1.860
110.980 -1.850
110.980 -1.840
110.980 -1.830
110.980 -1.820
110.990 -1.820
110.990 -1.810
111.000 -1.810
111.000 -1.800
111.010 -1.800
111.010 -1.790
111.010 -1.780
111.010 -1.770
111.010 -1.760
111.010 -1.750
111.020 -1.750
111.020 -1.740
111.010 -1.740
111.010 -1.730
111.000 -1.720
111.010 -1.710
111.010 -1.700
111.000 -1.700
111.000 -1.690
111.000 -1.680
110.990 -1.680
110.990 -1.670
110.980 -1.670
110.970 -1.670
110.960 -1.670
110.960 -1.680
110.950 -1.680
110.950 -1.690
110.950 -1.700
110.940 -1.710
110.930 -1.710
110.930 -1.720
110.920 -1.720
110.910 -1.720
110.910 -1.710
110.900 -1.710
110.900 -1.700
110.890 -1.700
110.890 -1.690
110.890 -1.680
110.880 -1.680
110.870 -1.680
110.860 -1.680
110.860 -1.670
110.860 -1.660
110.860 -1.650
110.860 -1.640
110.850 -1.630
110.860 -1.630
110.860 -1.620
110.870 -1.620
110.880 -1.620
110.890 -1.610
110.890 -1.600
110.900 -1.590
110.910 -1.590
110.910 -1.580
110.920 -1.580
110.930 -1.580
110.940 -1.580
110.950 -1.580
110.960 -1.570
110.960 -1.560
110.970 -1.560
110.970 -1.550
110.980 -1.540
110.990 -1.540
111.000 -1.540
111.000 -1.550
111.000 -1.560
111.010 -1.560
111.020 -1.560
111.020 -1.550
111.030 -1.550
111.030 -1.540
111.040 -1.540
111.050 -1.540
111.060 -1.540
111.070 -1.540
111.070 -1.550
111.070 -1.560
111.080 -1.560
111.090 -1.560
111.090 -1.550
111.100 -1.550
111.110 -1.550
111.120 -1.550
111.120 -1.540
111.120 -1.530
111.120 -1.520
111.120 -1.510
111.110 -1.510
111.110 -1.500
111.110 -1.490
111.120 -1.490
111.130 -1.490
111.130 -1.480
111.140 -1.480
111.140 -1.470
111.150 -1.470
111.160 -1.470
111.170 -1.470
111.170 -1.480
111.170 -1.490
111.170 -1.500
111.170 -1.510
111.180 -1.510
111.180 -1.520
111.190 -1.520
111.190 -1.510
111.190 -1.500
111.190 -1.490
111.190 -1.480
111.190 -1.470
111.190 -1.460
111.190 -1.450
111.180 -1.440
111.180 -1.430
111.190 -1.430
111.200 -1.430
111.200 -1.440
111.210 -1.440
111.210 -1.430
111.210 -1.420
111.210 -1.410
111.220 -1.410
111.230 -1.410
111.240 -1.420
111.250 -1.420
111.260 -1.420
111.270 -1.420
111.270 -1.430
111.280 -1.430
111.280 -1.420
111.280 -1.410
111.280 -1.400
111.290 -1.400
111.300 -1.400
111.300 -1.390
111.310 -1.380
111.310 -1.370
111.320 -1.370
111.320 -1.360
111.320 -1.350
111.320 -1.340
111.330 -1.340
111.330 -1.330
111.340 -1.330
111.350 -1.330
111.350 -1.320
111.360 -1.320
111.370 -1.310
111.370 -1.300
111.370 -1.290
111.370 -1.280
111.380 -1.280
111.380 -1.270
111.390 -1.270
111.390 -1.280
111.400 -1.280
111.400 -1.270
111.400 -1.260
111.400 -1.250
111.410 -1.250
111.410 -1.240
111.420 -1.240
111.430 -1.240
111.440 -1.240
111.450 -1.230
111.460 -1.230
111.470 -1.230
111.480 -1.230
111.490 -1.230
111.490 -1.220
111.500 -1.220
111.510 -1.220
111.520 -1.220
111.530 -1.220
111.540 -1.210
111.550 -1.210
111.560 -1.210
111.570 -1.210
111.570 -1.200
111.580 -1.190
111.570 -1.190
111.570 -1.180
111.560 -1.180
111.560 -1.170
111.560 -1.160
111.570 -1.150
111.570 -1.140
111.570 -1.130
111.560 -1.130
111.560 -1.120
111.550 -1.120
111.550 -1.110
111.560 -1.110
111.560 -1.100
111.560 -1.090
111.570 -1.080
111.570 -1.070
111.580 -1.070
111.590 -1.070
111.600 -1.070
111.600 -1.060
111.610 -1.050
111.620 -1.050
111.620 -1.040
111.620 -1.030
111.620 -1.020
111.620 -1.010
111.610 -1.010
111.610 -1.000
111.620 -1.000
111.620 -0.990
111.620 -0.980
111.630 -0.980
111.640 -0.980
111.650 -0.980
111.660 -0.980
111.660 -0.970
111.670 -0.970
111.680 -0.970
111.690 -0.960
111.700 -0.950
111.710 -0.950
111.720 -0.950
111.720 -0.940
111.730 -0.940
111.730 -0.930
111.730 -0.920
111.740 -0.920
111.750 -0.920
111.760 -0.920
111.770 -0.920
111.770 -0.910
111.780 -0.910
111.790 -0.910
111.800 -0.910
111.810 -0.910
111.820 -0.910
111.830 -0.910
111.840 -0.910
111.850 -0.910
111.850 -0.900
111.860 -0.900
111.870 -0.890
111.870 -0.880
111.870 -0.870
111.870 -0.860
111.880 -0.860
111.890 -0.860
111.900 -0.870
111.910 -0.870
111.920 -0.870
111.920 -0.860
111.910 -0.860
111.910 -0.850
111.910 -0.840
111.900 -0.840
111.900 -0.830
111.900 -0.820
111.910 -0.810
111.910 -0.800
111.910 -0.790
111.910 -0.780
111.910 -0.770
111.920 -0.780
111.920 -0.790
111.930 -0.790
111.930 -0.800
111.940 -0.810
111.950 -0.810
111.950 -0.820
111.960 -0.820
111.970 -0.810
111.980 -0.810
111.990 -0.800
112.000 -0.800
112.010 -0.800
112.020 -0.800
112.030 -0.800
112.030 -0.790
112.040 -0.790
112.040 -0.780
112.030 -0.780
112.030 -0.770
112.030 -0.760
112.020 -0.750
112.020 -0.740
112.020 -0.730
112.010 -0.720
112.020 -0.710
112.020 -0.700
112.030 -0.700
112.040 -0.700
112.050 -0.700
112.060 -0.700
112.070 -0.700
112.070 -0.710
112.080 -0.710
112.090 -0.710
112.100 -0.710
112.100 -0.720
112.110 -0.720
112.120 -0.720
112.120 -0.730
112.130 -0.730
112.140 -0.730
112.150 -0.730
112.160 -0.730
112.160 -0.720
112.160 -0.710
112.150 -0.710
112.150 -0.700
112.150 -0.690
112.150 -0.680
112.160 -0.680
112.160 -0.670
112.160 -0.660
112.160 -0.650
112.170 -0.650
112.170 -0.640
112.180 -0.640
112.190 -0.640
112.190 -0.630
112.190 -0.620
112.200 -0.620
112.200 -0.610
112.210 -0.610
112.220 -0.620
112.230 -0.620
112.230 -0.630
112.240 -0.630
112.240 -0.640
112.250 -0.640
112.250 -0.650
112.260 -0.650
112.260 -0.660
112.270 -0.670
112.270 -0.680
112.270 -0.690
112.280 -0.690
112.280 -0.700
112.280 -0.710
112.290 -0.710
112.290 -0.720
112.300 -0.720
112.300 -0.730
112.310 -0.730
112.310 -0.720
112.320 -0.720
112.320 -0.710
112.330 -0.710
112.330 -0.700
112.340 -0.710
112.340 -0.720
112.350 -0.720
112.360 -0.720
112.360 -0.710
112.370 -0.710
112.380 -0.710
112.390 -0.700
112.400 -0.700
112.410 -0.700
112.410 -0.690
112.420 -0.690
112.420 -0.680
112.420 -0.670
112.430 -0.670
112.440 -0.670
112.440 -0.680
112.450 -0.680
112.450 -0.690
112.450 -0.700
112.450 -0.710
112.450 -0.720
112.460 -0.720
112.460 -0.730
112.470 -0.730
112.480 -0.730
112.480 -0.720
112.480 -0.710
112.490 -0.710
112.480 -0.700
112.490 -0.700
112.490 -0.690
112.500 -0.690
112.510 -0.690
112.510 -0.700
112.520 -0.700
112.530 -0.700
112.540 -0.700
112.540 -0.690
112.550 -0.690
112.560 -0.690
112.570 -0.690
112.580 -0.690
112.590 -0.690
112.600 -0.690
112.600 -0.680
112.600 -0.670
112.610 -0.670
112.610 -0.660
112.620 -0.660
112.630 -0.660
112.630 -0.650
112.640 -0.660
112.650 -0.650
112.650 -0.660
112.660 -0.660
112.670 -0.650
112.680 -0.650
112.690 -0.650
112.690 -0.640
112.700 -0.630
112.700 -0.620
112.710 -0.620
112.710 -0.630
112.720 -0.630
112.720 -0.620
112.730 -0.620
112.740 -0.620
112.740 -0.610
112.740 -0.600
112.740 -0.590
112.740 -0.580
112.750 -0.580
112.750 -0.570
112.760 -0.570
112.770 -0.570
112.780 -0.570
112.790 -0.570
112.800 -0.570
112.810 -0.570
112.810 -0.580
112.820 -0.580
112.830 -0.580
112.830 -0.570
112.840 -0.570
112.850 -0.570
112.860 -0.560
112.860 -0.550
112.870 -0.550
112.870 -0.540
112.880 -0.540
112.890 -0.530
112.900 -0.530
112.910 -0.530
112.920 -0.530
112.920 -0.520
112.930 -0.520
112.940 -0.520
112.950 -0.520
112.950 -0.510
112.960 -0.510
112.970 -0.510
112.980 -0.510
112.980 -0.500
112.990 -0.490
113.000 -0.490
113.010 -0.490
113.020 -0.490
113.030 -0.490
113.040 -0.490
113.050 -0.490
113.050 -0.500
113.060 -0.500
113.070 -0.500
113.080 -0.490
113.090 -0.490
113.090 -0.480
113.100 -0.480
113.100 -0.490
113.110 -0.490
113.110 -0.480
113.110 -0.470
113.120 -0.470
113.120 -0.460
113.130 -0.460
113.130 -0.450
113.140 -0.450
113.150 -0.450
113.160 -0.460
113.160 -0.470
113.170 -0.470
113.180 -0.470
113.190 -0.470
113.190 -0.480
113.200 -0.480
113.200 -0.490
113.200 -0.500
113.210 -0.500
113.210 -0.510
113.220 -0.500
113.230 -0.490
113.230 -0.480
113.230 -0.470
113.240 -0.470
113.240 -0.460
113.250 -0.450
113.250 -0.440
113.260 -0.440
113.270 -0.430
113.270 -0.420
113.260 -0.410
113.260 -0.400
113.260 -0.390
113.260 -0.380
113.250 -0.380
113.240 -0.380
113.240 -0.370
113.230 -0.370
113.230 -0.360
113.230 -0.350
113.220 -0.350
113.210 -0.350
113.210 -0.340
113.220 -0.330
113.230 -0.330
113.230 -0.320
113.230 -0.310
113.230 -0.300
113.240 -0.300
113.240 -0.290
113.250 -0.290
113.250 -0.280
113.260 -0.270
113.270 -0.270
113.280 -0.270
113.280 -0.260
113.280 -0.250
113.290 -0.240
113.300 -0.240
113.310 -0.240
113.320 -0.240
113.330 -0.230
113.340 -0.230
113.340 -0.220
113.350 -0.220
113.360 -0.220
113.360 -0.210
113.370 -0.210
113.370 -0.200
113.370 -0.190
113.380 -0.190
113.390 -0.180
113.390 -0.170
113.390 -0.160
113.400 -0.160
113.410 -0.160
113.410 -0.150
113.420 -0.150
113.420 -0.140
113.410 -0.140
113.400 -0.130
113.400 -0.120
113.410 -0.120
113.420 -0.120
113.420 -0.110
113.420 -0.100
113.420 -0.090
113.430 -0.090
113.430 -0.080
113.440 -0.080
113.440 -0.070
113.440 -0.060
113.430 -0.050
113.420 -0.050
113.420 -0.040
113.420 -0.030
113.430 -0.030
113.430 -0.020
113.430 -0.010
113.430 0.000
113.440 0.000
113.440 0.010
113.440 0.020
113.430 0.020
113.430 0.030
113.420 0.030
113.420 0.040
113.410 0.040
113.410 0.050
113.410 0.060
113.410 0.070
113.410 0.080
113.420 0.080
113.420 0.090
113.410 0.090
113.410 0.100
113.410 0.110
113.420 0.110
113.420 0.120
113.420 0.130
113.410 0.130
113.410 0.140
113.400 0.140
113.390 0.150
113.380 0.150
113.380 0.160
113.370 0.160
113.360 0.160
113.350 0.160
113.350 0.170
113.340 0.170
113.330 0.170
113.330 0.180
113.320 0.180
113.320 0.190
113.310 0.190
113.310 0.200
113.290 0.220
113.280 0.230
113.270 0.230
113.270 0.240
113.280 0.250
113.290 0.250
113.290 0.260
113.300 0.260
113.300 0.270
113.310 0.270
113.320 0.270
113.330 0.280
113.340 0.280
113.350 0.280
113.360 0.280
113.370 0.280
113.370 0.270
113.380 0.270
113.390 0.270
113.400 0.270
113.410 0.260
113.420 0.260
113.430 0.260
113.430 0.270
113.440 0.270
113.450 0.270
113.460 0.280
113.470 0.280
113.470 0.290
113.480 0.290
113.480 0.300
113.490 0.300
113.490 0.310
113.500 0.310
113.510 0.320
113.520 0.320
113.520 0.330
113.520 0.340
113.530 0.340
113.530 0.350
113.540 0.350
113.550 0.360
113.560 0.370
113.560 0.380
113.570 0.380
113.580 0.380
113.580 0.390
113.580 0.400
113.590 0.400
113.590 0.410
113.600 0.410
113.610 0.410
113.610 0.420
113.620 0.420
113.630 0.420
113.630 0.430
113.640 0.430
113.650 0.430
113.650 0.440
113.660 0.440
113.660 0.450
113.660 0.460
113.660 0.470
113.660 0.480
113.670 0.480
113.670 0.490
113.670 0.500
113.670 0.510
113.680 0.510
113.690 0.510
113.700 0.510
113.700 0.520
113.700 0.530
113.710 0.530
113.720 0.530
113.730 0.530
113.740 0.530
113.740 0.540
113.740 0.550
113.750 0.550
113.750 0.560
113.760 0.560
113.760 0.570
113.770 0.570
113.780 0.570
113.780 0.580
113.780 0.590
113.780 0.600
113.790 0.600
113.800 0.610
113.810 0.610
113.810 0.620
113.810 0.630
113.810 0.640
113.810 0.650
113.820 0.650
113.830 0.650
113.830 0.660
113.840 0.660
113.840 0.670
113.850 0.660
113.860 0.660
113.870 0.660
113.880 0.660
113.880 0.650
113.880 0.640
113.890 0.640
113.900 0.640
113.900 0.650
113.910 0.660
113.920 0.660
113.920 0.650
113.930 0.650
113.930 0.660
113.940 0.660
113.950 0.660
113.960 0.660
113.970 0.660
113.970 0.670
113.980 0.670
113.990 0.670
113.990 0.660
114.000 0.660
114.000 0.650
114.010 0.650
114.010 0.660
114.010 0.670
114.020 0.670
114.030 0.670
114.040 0.670
114.040 0.680
114.050 0.680
114.060 0.690
114.070 0.690
114.070 0.700
114.080 0.700
114.090 0.700
114.100 0.700
114.110 0.700
114.120 0.700
114.120 0.690
114.130 0.690
114.130 0.680
114.140 0.680
114.150 0.680
114.150 0.670
114.160 0.670
114.160 0.660
114.160 0.650
114.170 0.650
114.170 0.640
114.170 0.630
114.170 0.620
114.170 0.610
114.160 0.610
114.150 0.600
114.150 0.590
114.150 0.580
114.160 0.580
114.170 0.580
114.180 0.580
114.180 0.570
114.190 0.570
114.190 0.560
114.190 0.550
114.190 0.540
114.200 0.540
114.210 0.540
114.210 0.530
114.220 0.530
114.230 0.530
114.240 0.530
114.240 0.540
114.250 0.540
114.250 0.530
114.260 0.530
114.270 0.540
114.280 0.540
114.290 0.540
114.300 0.540
114.310 0.540
114.320 0.540
114.330 0.540
114.340 0.540
114.350 0.530
114.360 0.530
114.360 0.520
114.370 0.520
114.370 0.510
114.380 0.510
114.390 0.510
114.400 0.510
114.400 0.500
114.410 0.500
114.420 0.500
114.430 0.500
114.430 0.510
114.430 0.520
114.430 0.530
114.430 0.540
114.430 0.550
114.440 0.550
114.450 0.550
114.450 0.560
114.460 0.570
114.470 0.570
114.480 0.570
114.490 0.570
114.500 0.570
114.510 0.570
114.510 0.560
114.520 0.570
114.530 0.580
114.530 0.590
114.540 0.590
114.540 0.600
114.540 0.610
114.530 0.610
114.530 0.620
114.540 0.630
114.550 0.630
114.560 0.630
114.570 0.630
114.580 0.630
114.590 0.630
114.590 0.640
114.600 0.640
114.600 0.650
114.610 0.650
114.610 0.640
114.620 0.640
114.620 0.650
114.620 0.660
114.630 0.660
114.630 0.670
114.640 0.670
114.640 0.680
114.650 0.680
114.650 0.690
114.650 0.700
114.660 0.700
114.660 0.710
114.670 0.710
114.680 0.710
114.680 0.720
114.690 0.720
114.700 0.730
114.710 0.730
114.710 0.720
114.700 0.720
114.700 0.710
114.710 0.710
114.720 0.710
114.730 0.710
114.730 0.720
114.740 0.720
114.740 0.730
114.750 0.730
114.750 0.740
114.760 0.740
114.770 0.740
114.770 0.730
114.780 0.730
114.790 0.730
114.790 0.740
114.800 0.740
114.810 0.740
114.810 0.750
114.820 0.750
114.830 0.750
114.830 0.740
114.840 0.740
114.840 0.730
114.840 0.720
114.850 0.720
114.850 0.710
114.860 0.710
114.860 0.700
114.870 0.700
114.880 0.700
114.880 0.710
114.870 0.720
114.860 0.720
114.860 0.730
114.870 0.730
114.870 0.740
114.870 0.750
114.880 0.750
114.880 0.760
114.890 0.770
114.900 0.770
114.910 0.770
114.910 0.780
114.910 0.790
114.920 0.790
114.920 0.780
114.930 0.780
114.940 0.780
114.940 0.770
114.950 0.770
114.950 0.760
114.960 0.760
114.970 0.750
114.980 0.740
114.980 0.730
114.990 0.720
114.990 0.710
114.990 0.690
115.000 0.680
115.000 0.670
115.000 0.660
115.000 0.640
115.010 0.630
115.010 0.620
115.010 0.610
115.020 0.600
115.020 0.590
115.020 0.580
115.030 0.580
115.030 0.570
115.040 0.560
115.040 0.550
115.050 0.550
115.050 0.540
115.060 0.540
115.060 0.530
115.070 0.520
115.080 0.510
115.080 0.500
115.080 0.490
115.090 0.490
115.090 0.480
115.090 0.470
115.100 0.470
115.100 0.460
115.110 0.460
115.110 0.450
115.120 0.440
115.130 0.440
115.130 0.430
115.140 0.430
115.140 0.420
115.140 0.410
115.140 0.400
115.130 0.390
115.130 0.380
115.130 0.370
115.120 0.370
115.120 0.360
115.110 0.360
115.100 0.350
115.090 0.350
115.090 0.340
115.090 0.330
115.080 0.330
115.070 0.330
115.070 0.320
115.060 0.320
115.050 0.320
115.050 0.310
115.050 0.300
115.040 0.300
115.040 0.310
115.030 0.320
115.030 0.330
115.020 0.330
115.010 0.330
115.000 0.320
114.990 0.320
114.980 0.330
114.970 0.320
114.960 0.320
114.950 0.320
114.950 0.330
114.940 0.330
114.930 0.330
114.920 0.330
114.920 0.320
114.910 0.320
114.900 0.310
114.890 0.310
114.890 0.300
114.890 0.290
114.890 0.280
114.880 0.270
114.870 0.270
114.870 0.260
114.870 0.250
114.860 0.250
114.860 0.240
114.860 0.230
114.850 0.230
114.840 0.230
114.830 0.230
114.830 0.220
114.830 0.210
114.830 0.200
114.820 0.190
114.810 0.190
114.810 0.180
114.800 0.180
114.800 0.170
114.810 0.170
114.810 0.160
114.810 0.150
114.810 0.140
114.800 0.140
114.800 0.130
114.790 0.120
114.790 0.110
114.790 0.100
114.790 0.090
114.800 0.090
114.800 0.080
114.810 0.080
114.810 0.070
114.820 0.070
114.820 0.080
114.830 0.080
114.840 0.080
114.840 0.070
114.850 0.070
114.850 0.060
114.860 0.060
114.870 0.060
114.880 0.060
114.880 0.050
114.890 0.050
114.900 0.040
114.890 0.040
114.890 0.030
114.890 0.020
114.890 0.010
114.900 0.000
114.900 -0.010
114.900 -0.020
114.900 -0.030
114.900 -0.040
114.900 -0.050
114.910 -0.050
114.910 -0.060
114.910 -0.070
114.920 -0.070
114.920 -0.080
114.920 -0.090
114.930 -0.090
114.930 -0.100
114.930 -0.110
114.920 -0.120
114.920 -0.130
114.920 -0.140
114.930 -0.140
114.930 -0.150
114.930 -0.160
114.930 -0.170
114.930 -0.180
114.930 -0.190
114.940 -0.190
114.950 -0.190
114.960 -0.180
114.970 -0.180
114.980 -0.180
114.980 -0.170
114.990 -0.170
114.990 -0.180
115.000 -0.180
115.010 -0.180
115.020 -0.180
115.030 -0.180
115.030 -0.190
115.040 -0.190
115.050 -0.190
115.050 -0.180
115.060 -0.180
115.060 -0.170
115.070 -0.160
115.080 -0.160
115.080 -0.150
115.090 -0.150
115.100 -0.150
115.100 -0.140
115.110 -0.140
115.120 -0.140
115.130 -0.140
115.140 -0.140
115.150 -0.130
115.150 -0.120
115.150 -0.110
115.150 -0.100
115.160 -0.100
115.170 -0.100
115.170 -0.090
115.180 -0.090
115.190 -0.080
115.190 -0.070
115.200 -0.070
115.210 -0.070
115.220 -0.070
115.230 -0.070
115.230 -0.060
115.240 -0.060
115.240 -0.050
115.250 -0.050
115.260 -0.050
115.270 -0.050
115.280 -0.050
115.280 -0.040
115.290 -0.040
115.290 -0.030
115.300 -0.030
115.300 -0.040
115.300 -0.050
115.300 -0.060
115.310 -0.060
115.310 -0.070
115.320 -0.070
115.320 -0.080
115.320 -0.090
115.320 -0.100
115.310 -0.110
115.310 -0.120
115.300 -0.120
115.300 -0.130
115.290 -0.130
115.290 -0.140
115.280 -0.140
115.270 -0.140
115.270 -0.150
115.270 -0.160
115.270 -0.170
115.270 -0.180
115.270 -0.190
115.260 -0.200
115.260 -0.210
115.250 -0.210
115.250 -0.220
115.250 -0.230
115.240 -0.230
115.240 -0.240
115.250 -0.250
115.250 -0.260
115.250 -0.270
115.250 -0.280
115.250 -0.290
115.240 -0.290
115.230 -0.290
115.230 -0.300
115.230 -0.310
115.230 -0.320
115.230 -0.330
115.230 -0.340
115.230 -0.350
115.240 -0.350
115.240 -0.360
115.240 -0.370
115.240 -0.380
115.250 -0.380
115.260 -0.380
115.260 -0.390
115.260 -0.400
115.260 -0.410
115.260 -0.420
115.260 -0.430
115.250 -0.440
115.240 -0.450
115.250 -0.450
115.260 -0.460
115.270 -0.470
115.290 -0.490
115.300 -0.500
115.300 -0.510
115.310 -0.510
115.310 -0.520
115.320 -0.520
115.320 -0.530
115.320 -0.540
115.320 -0.550
115.320 -0.560
115.330 -0.560
115.330 -0.570
115.340 -0.570
115.350 -0.580
115.350 -0.590
115.360 -0.590
115.360 -0.600
115.360 -0.610
115.360 -0.620
115.360 -0.630
115.360 -0.640
115.360 -0.650
115.360 -0.660
115.360 -0.670
115.370 -0.680
115.370 -0.690
115.370 -0.700
115.370 -0.710
115.370 -0.720
115.370 -0.730
115.370 -0.740
115.370 -0.750
115.370 -0.760
115.370 -0.770
115.370 -0.780
115.370 -0.790
115.380 -0.790
115.380 -0.800
115.380 -0.810
115.390 -0.810
115.390 -0.820
115.400 -0.820
115.410 -0.830
115.420 -0.830
115.430 -0.830
115.440 -0.830
115.450 -0.830
115.460 -0.830
115.470 -0.830
115.470 -0.840
115.480 -0.840
115.490 -0.840
115.500 -0.840
115.500 -0.850
115.510 -0.850
115.510 -0.860
115.520 -0.860
115.520 -0.870
115.530 -0.870
115.530 -0.880
115.540 -0.890
115.540 -0.900
115.550 -0.900
115.550 -0.910
115.550 -0.920
115.560 -0.920
115.560 -0.930
115.570 -0.930
115.570 -0.940
115.580 -0.940
115.580 -0.950
115.590 -0.950
115.600 -0.960
115.610 -0.960
115.620 -0.970
115.630 -0.970
115.630 -0.980
115.640 -0.980
115.640 -0.990
115.650 -0.990
115.660 -1.000
115.660 -1.010
115.660 -1.020
115.660 -1.030
115.660 -1.040
115.670 -1.040
115.670 -1.050
115.670 -1.060
115.680 -1.060
115.690 -1.060
115.690 -1.050
115.700 -1.060
115.710 -1.060
115.710 -1.070
115.720 -1.080
115.730 -1.090
115.740 -1.090
115.750 -1.100
115.750 -1.110
115.750 -1.120
115.750 -1.130
115.760 -1.130
115.760 -1.140
115.770 -1.140
115.770 -1.130
115.780 -1.130
115.780 -1.120
115.790 -1.120
115.790 -1.110
115.800 -1.110
115.800 -1.120
115.810 -1.120
115.810 -1.130
115.820 -1.130
115.820 -1.140
115.830 -1.140
115.840 -1.140
115.840 -1.150
115.850 -1.150
115.850 -1.160
115.840 -1.170
115.830 -1.170
115.830 -1.180
115.820 -1.180
115.810 -1.180
115.810 -1.190
115.800 -1.190
115.800 -1.200
115.790 -1.200
115.790 -1.210
115.780 -1.210
115.780 -1.220
115.770 -1.220
115.770 -1.230
115.770 -1.240
115.760 -1.240
115.760 -1.250
115.760 -1.260
115.760 -1.270
115.760 -1.280
115.750 -1.280
115.750 -1.290
115.750 -1.300
115.760 -1.300
115.760 -1.310
115.750 -1.310
115.750 -1.320
115.740 -1.320
115.730 -1.320
115.730 -1.330
115.720 -1.330
115.720 -1.340
115.710 -1.340
115.710 -1.350
115.700 -1.350
115.700 -1.360
115.690 -1.360
115.690 -1.370
115.680 -1.370
115.670 -1.370
115.660 -1.370
115.650 -1.370
115.640 -1.370
115.630 -1.370
115.630 -1.380
115.620 -1.380
115.610 -1.390
115.600 -1.390
115.590 -1.400
115.580 -1.400
115.570 -1.400
115.570 -1.410
115.560 -1.410
115.550 -1.410
115.550 -1.420
115.540 -1.420
115.530 -1.420
115.530 -1.430
115.520 -1.430
115.510 -1.430
115.500 -1.430
115.490 -1.430
115.490 -1.420
115.480 -1.420
115.480 -1.430
115.470 -1.430
115.460 -1.430
115.450 -1.430
115.450 -1.440
115.440 -1.440
115.430 -1.440
115.430 -1.430
115.420 -1.430
115.410 -1.430
115.400 -1.430
115.400 -1.440
115.400 -1.450
115.400 -1.460
115.390 -1.470
115.390 -1.480
115.390 -1.490
115.390 -1.500
115.390 -1.510
115.380 -1.520
115.380 -1.530
115.380 -1.540
115.380 -1.550
115.370 -1.560
115.370 -1.570
115.370 -1.580
115.370 -1.590
115.370 -1.600
115.370 -1.610
115.360 -1.610
115.360 -1.620
115.360 -1.630
115.360 -1.640
115.360 -1.650
115.350 -1.660
115.350 -1.670
115.350 -1.680
115.350 -1.690
115.340 -1.700
115.340 -1.710
115.340 -1.720
115.340 -1.730
115.330 -1.730
115.330 -1.740
115.330 -1.750
115.330 -1.760
115.320 -1.760
115.320 -1.770
115.320 -1.780
115.320 -1.790
115.310 -1.790
115.310 -1.800
115.310 -1.810
115.310 -1.820
115.310 -1.830
115.320 -1.830
115.320 -1.840
115.330 -1.850
115.330 -1.860
115.330 -1.870
115.340 -1.870
115.340 -1.880
115.340 -1.890
115.350 -1.890
115.350 -1.900
115.350 -1.910
115.350 -1.920
115.350 -1.930
115.350 -1.940
115.340 -1.950
115.330 -1.950
115.320 -1.960
115.310 -1.970
115.300 -1.970
115.300 -1.980
115.290 -1.980
115.290 -1.990
115.280 -1.990
115.280 -2.000
115.280 -2.010
115.290 -2.010
115.290 -2.020
115.290 -2.030
115.300 -2.030
115.300 -2.040
115.310 -2.050
115.310 -2.060
115.320 -2.060
115.320 -2.070
115.320 -2.080
115.320 -2.090
115.320 -2.100
115.330 -2.100
115.330 -2.110
115.320 -2.110
115.320 -2.120
115.310 -2.120
115.310 -2.130
115.300 -2.140
115.300 -2.150
115.300 -2.160
115.300 -2.170
115.300 -2.180
115.300 -2.190
115.300 -2.200
115.290 -2.200
115.290 -2.210
115.290 -2.220
115.290 -2.230
115.270 -2.220
115.260 -2.220
115.260 -2.210
115.250 -2.210
115.230 -2.220
115.210 -2.240
115.190 -2.250
115.190 -2.260
115.170 -2.270
115.150 -2.280
115.140 -2.290
115.120 -2.300
115.120 -2.310
115.110 -2.310
115.100 -2.320
115.070 -2.340
115.040 -2.360
115.030 -2.370
115.020 -2.370
115.000 -2.390
114.990 -2.400
114.980 -2.400
114.970 -2.410
114.950 -2.430
114.930 -2.440
114.920 -2.450
114.910 -2.450
114.910 -2.460
114.900 -2.460
114.890 -2.460
114.880 -2.460
114.870 -2.470
114.860 -2.480
114.860 -2.490
114.870 -2.500
114.870 -2.510
114.870 -2.520
114.860 -2.520
114.860 -2.530
114.850 -2.540
114.850 -2.550
114.840 -2.550
114.840 -2.560
114.830 -2.570
114.820 -2.570
114.820 -2.580
114.810 -2.580
114.800 -2.580
114.800 -2.590
114.800 -2.600
114.790 -2.600
114.790 -2.610
114.790 -2.620
114.790 -2.630
114.790 -2.640
114.790 -2.650
114.790 -2.660
114.790 -2.670
114.790 -2.680
114.790 -2.690
114.780 -2.690
114.770 -2.690
114.770 -2.700
114.770 -2.710
114.760 -2.720
114.760 -2.730
114.750 -2.730
114.740 -2.730
114.730 -2.740
114.720 -2.740
114.710 -2.740
114.700 -2.740
114.690 -2.740
114.680 -2.740
114.670 -2.750
114.670 -2.760
114.670 -2.770
114.680 -2.770
114.680 -2.780
114.680 -2.790
114.670 -2.800
114.660 -2.800
114.660 -2.810
114.650 -2.810
114.640 -2.810
114.630 -2.810
114.620 -2.810
114.610 -2.810
114.610 -2.820
114.600 -2.820
114.590 -2.820
114.580 -2.830
114.580 -2.840
114.570 -2.860
114.570 -2.870
114.560 -2.880
114.560 -2.890
114.550 -2.890
114.550 -2.910
114.540 -2.910
114.540 -2.930
114.530 -2.950
114.520 -2.970
114.500 -2.990
114.500 -3.000
114.500 -3.010
114.500 -3.020
114.490 -3.020
114.490 -3.030
114.490 -3.040
114.490 -3.050
114.490 -3.060
114.490 -3.070
114.490 -3.080
114.490 -3.090
114.480 -3.090
114.480 -3.100
114.480 -3.110
114.480 -3.120
114.480 -3.130
114.470 -3.130
114.470 -3.140
114.470 -3.150
114.460 -3.150
114.460 -3.160
114.450 -3.160
114.450 -3.170
114.440 -3.180
114.440 -3.190
114.440 -3.200
114.430 -3.200
114.430 -3.210
114.420 -3.210
114.420 -3.220
114.410 -3.230
114.410 -3.240
114.400 -3.240
114.400 -3.250
114.400 -3.260
114.390 -3.270
114.390 -3.280
114.390 -3.290
114.390 -3.300
114.380 -3.300
114.380 -3.310
114.380 -3.320
114.380 -3.330
114.370 -3.330
114.370 -3.340
114.370 -3.350
114.370 -3.360
114.360 -3.370
114.360 -3.380
114.360 -3.390
114.360 -3.400
114.350 -3.400
114.350 -3.410
114.350 -3.420
114.350 -3.430
114.350 -3.440
114.350 -3.450
114.350 -3.460
114.340 -3.460
114.330 -3.460
114.320 -3.460
114.320 -3.450
114.310 -3.450
114.300 -3.450
114.300 -3.440
114.290 -3.440
114.290 -3.430
114.290 -3.420
114.280 -3.420
114.280 -3.410
114.270 -3.410
114.260 -3.410
114.260 -3.400
114.250 -3.400
114.250 -3.390
114.240 -3.390
114.240 -3.380
114.230 -3.380
114.220 -3.380
114.210 -3.380
114.200 -3.380
114.200 -3.390
114.190 -3.390
114.180 -3.390
114.170 -3.390
114.160 -3.390
114.150 -3.390
114.150 -3.380
114.140 -3.380
114.130 -3.380
114.120 -3.380
114.120 -3.370
114.110 -3.370
114.100 -3.370
114.100 -3.360
114.090 -3.360
114.090 -3.350
114.080 -3.350
114.080 -3.340
114.070 -3.340
114.060 -3.340
114.050 -3.340
114.050 -3.350
114.040 -3.350
114.030 -3.350
114.020 -3.350
114.010 -3.350
114.000 -3.350
114.000 -3.360
113.990 -3.360
113.980 -3.360
113.970 -3.360
113.970 -3.370
113.960 -3.370
113.950 -3.370
113.950 -3.380
113.940 -3.380
113.930 -3.380
113.930 -3.390
113.920 -3.390
113.910 -3.390
113.910 -3.400
113.900 -3.400
113.900 -3.410
113.890 -3.410
113.880 -3.410
113.880 -3.420
113.870 -3.420
113.870 -3.430
113.860 -3.430
113.850 -3.440
113.840 -3.440
113.830 -3.440
113.830 -3.450
113.820 -3.450
113.810 -3.450
113.810 -3.460
113.800 -3.460
113.790 -3.460
113.780 -3.460
113.770 -3.460
113.760 -3.460
113.750 -3.460
113.750 -3.470
113.740 -3.470
113.730 -3.470
113.720 -3.470
113.710 -3.470
113.700 -3.470
113.690 -3.470
113.680 -3.470
113.670 -3.470
113.660 -3.470
113.650 -3.470
113.640 -3.470
113.630 -3.470
113.630 -3.460
113.620 -3.460
113.610 -3.460
113.610 -3.450
113.600 -3.450
113.590 -3.450
113.580 -3.450
113.580 -3.440
113.590 -3.440
113.590 -3.430
113.590 -3.420
113.600 -3.420
113.600 -3.410
113.610 -3.410
113.610 -3.400
113.610 -3.390
113.610 -3.380
113.620 -3.380
113.620 -3.370
113.620 -3.360
113.620 -3.350
113.630 -3.350
113.630 -3.340
113.630 -3.330
113.630 -3.320
113.630 -3.310
113.630 -3.300
113.630 -3.290
113.630 -3.280
113.630 -3.270
113.630 -3.260
113.630 -3.250
113.630 -3.240
113.620 -3.240
113.620 -3.230
113.620 -3.220
113.620 -3.210
113.610 -3.210
113.610 -3.200
113.610 -3.190
113.610 -3.180
113.600 -3.180
113.600 -3.170
113.590 -3.170
113.580 -3.170
113.580 -3.160
113.570 -3.160
113.560 -3.160
113.550 -3.160
113.540 -3.160
113.530 -3.160
113.530 -3.170
113.520 -3.170
113.510 -3.170
113.500 -3.170
113.490 -3.170
113.490 -3.180
113.480 -3.180
113.470 -3.180
113.460 -3.180
113.460 -3.190
113.450 -3.190
113.450 -3.200
113.440 -3.200
113.440 -3.210
113.440 -3.220
113.440 -3.230
113.430 -3.230
113.430 -3.240
113.420 -3.240
113.410 -3.240
113.400 -3.240
113.400 -3.250
113.390 -3.250
113.380 -3.250
113.380 -3.260
113.370 -3.260
113.370 -3.270
113.360 -3.270
113.350 -3.270
113.350 -3.280
113.340 -3.280
113.340 -3.270
113.330 -3.270
113.330 -3.260
113.320 -3.260
113.320 -3.250
113.310 -3.250
113.310 -3.240
113.310 -3.230
113.300 -3.230
113.300 -3.220
113.290 -3.220
113.290 -3.210
113.280 -3.200
113.280 -3.190
113.270 -3.190
113.260 -3.180
113.260 -3.170
113.250 -3.170
113.250 -3.160
113.240 -3.160
113.240 -3.150
113.230 -3.150
113.230 -3.140
113.220 -3.140
113.210 -3.140
113.210 -3.130
113.200 -3.120
113.200 -3.110
113.190 -3.110
113.190 -3.100
113.190 -3.090
113.180 -3.080
113.170 -3.080
113.170 -3.070
113.160 -3.070
113.160 -3.060
113.150 -3.060
113.140 -3.060
113.130 -3.060
113.130 -3.050
113.120 -3.050
113.110 -3.050
113.110 -3.040
113.100 -3.040
113.090 -3.040
113.090 -3.030
113.080 -3.030
113.080 -3.020
113.070 -3.020
113.070 -3.010
113.060 -3.010
113.060 -3.000
113.060 -2.990
113.050 -2.990
113.050 -2.980
113.050 -2.970
113.040 -2.970
113.030 -2.970
113.030 -2.980
113.030 -2.990
113.030 -3.000
113.020 -3.000
113.020 -3.010
113.020 -3.020
113.020 -3.030
113.010 -3.030
113.010 -3.040
113.000 -3.040
113.000 -3.050
112.990 -3.050
112.980 -3.050
112.980 -3.060
112.970 -3.060
112.970 -3.070
112.970 -3.080
112.960 -3.080
112.960 -3.090
112.950 -3.090
112.950 -3.100
112.940 -3.100
112.940 -3.110
112.940 -3.120
112.940 -3.130
112.950 -3.130
112.950 -3.140
112.960 -3.140
112.960 -3.150
112.970 -3.150
112.980 -3.150
112.990 -3.150
112.990 -3.160
113.000 -3.160
113.000 -3.170
112.990 -3.180
112.980 -3.190
112.970 -3.190
112.970 -3.200
112.960 -3.200
112.960 -3.210
112.950 -3.210
112.950 -3.220
112.940 -3.220
112.940 -3.230
112.930 -3.230
112.930 -3.240
112.920 -3.240
112.910 -3.240
112.910 -3.250
112.900 -3.250
112.890 -3.250
112.890 -3.260
112.880 -3.260
112.870 -3.260
112.870 -3.270
112.860 -3.270
112.860 -3.280
112.850 -3.280
112.840 -3.280
112.840 -3.290
112.830 -3.290
112.820 -3.290
112.820 -3.300
112.810 -3.300
112.800 -3.300
112.800 -3.310
112.790 -3.310
112.780 -3.310
112.780 -3.320
112.770 -3.320
112.760 -3.320
112.760 -3.330
112.750 -3.330
112.750 -3.340
112.740 -3.340
112.730 -3.340
112.720 -3.340
112.720 -3.350
112.710 -3.350
112.700 -3.350
112.700 -3.360
112.690 -3.360
112.680 -3.360
112.680 -3.370
112.670 -3.370
112.660 -3.380
112.660 -3.390
112.650 -3.390
112.640 -3.400
112.640 -3.410
112.630 -3.410
112.620 -3.410
112.610 -3.410
112.610 -3.420
112.600 -3.420
112.590 -3.420
112.590 -3.430
112.580 -3.430
112.570 -3.430
112.570 -3.440
112.560 -3.440
112.560 -3.450
112.550 -3.450
112.550 -3.440
112.540 -3.440
112.530 -3.440
112.520 -3.440
112.520 -3.430
112.510 -3.430
112.500 -3.420
112.490 -3.420
112.480 -3.410
112.470 -3.410
112.470 -3.400
112.460 -3.400
112.450 -3.400
112.450 -3.390
112.450 -3.380
112.440 -3.380
112.440 -3.370
112.440 -3.360
112.430 -3.360
112.420 -3.360
112.420 -3.350
112.410 -3.350
112.400 -3.340
112.390 -3.340
112.380 -3.340
112.380 -3.330
112.370 -3.330
112.360 -3.330
112.360 -3.320
112.350 -3.320
112.340 -3.320
112.330 -3.320
112.330 -3.310
112.320 -3.310
112.310 -3.310
112.300 -3.310
112.290 -3.310
112.280 -3.310
112.270 -3.310
112.260 -3.310
112.250 -3.310
112.250 -3.320
112.240 -3.320
112.230 -3.320
112.220 -3.320
112.220 -3.330
112.210 -3.330
112.200 -3.330
112.200 -3.340
112.190 -3.340
112.180 -3.340
112.180 -3.350
112.170 -3.350
112.160 -3.350
112.160 -3.360
112.150 -3.360
112.150 -3.370
112.140 -3.370
112.130 -3.370
112.130 -3.380
112.120 -3.380
112.110 -3.380
112.110 -3.390
112.100 -3.390
112.100 -3.400
112.090 -3.400
112.080 -3.400
112.080 -3.410
112.070 -3.410
112.070 -3.420
112.060 -3.420
112.050 -3.420
112.050 -3.430
112.040 -3.430
112.030 -3.440
112.020 -3.440
112.020 -3.450
112.010 -3.450
112.000 -3.460
111.990 -3.460
111.990 -3.470
111.980 -3.470
111.980 -3.480
111.970 -3.480
111.970 -3.490
111.960 -3.490
111.950 -3.500
111.940 -3.510
111.930 -3.520
111.920 -3.520
111.920 -3.530
111.910 -3.530
111.910 -3.540
111.900 -3.540
111.890 -3.540
111.880 -3.540
111.870 -3.540
111.860 -3.540
111.850 -3.540
111.840 -3.540
111.830 -3.540
111.820 -3.540
111.820 -3.530
111.810 -3.530
111.800 -3.530
111.790 -3.530
111.790 -3.520
111.780 -3.520
111.770 -3.510
111.780 -3.510
111.780 -3.500
111.780 -3.490
111.790 -3.490
111.790 -3.480
111.790 -3.470
111.800 -3.470
111.800 -3.460
111.800 -3.450
111.810 -3.450
111.810 -3.440
111.810 -3.430
111.810 -3.420
111.810 -3.410
111.820 -3.410
111.820 -3.400
111.820 -3.390
111.820 -3.380
111.820 -3.370
111.820 -3.360
111.820 -3.350
111.820 -3.340
111.820 -3.330
111.820 -3.320
111.820 -3.310
111.820 -3.300
111.820 -3.290
111.820 -3.280
111.810 -3.280
111.810 -3.270
111.810 -3.260
111.810 -3.250
111.810 -3.240
111.800 -3.240
111.800 -3.230
111.800 -3.220
111.800 -3.210
111.800 -3.200
111.800 -3.190
111.800 -3.180
111.800 -3.170
111.800 -3.160
111.810 -3.160
111.810 -3.150
111.810 -3.140
111.810 -3.130
111.810 -3.120
111.810 -3.110
111.820 -3.110
111.820 -3.100
111.820 -3.090
111.820 -3.080
111.820 -3.070
111.820 -3.060
111.820 -3.050
111.820 -3.040
111.820 -3.030
111.820 -3.020
111.820 -3.010
111.820 -3.000
111.810 -3.000
111.810 -2.990
111.810 -2.980
111.800 -2.980
111.800 -2.970
111.790 -2.970
111.790 -2.960
111.780 -2.960
111.780 -2.950
111.780 -2.940
111.770 -2.940
111.770 -2.930
111.760 -2.930
REGION 2
1210
115.350 -1.680
115.350 -1.670
115.350 -1.660
115.360 -1.650
115.360 -1.640
115.360 -1.630
115.360 -1.620
115.370 -1.610
115.370 -1.600
115.370 -1.580
115.370 -1.570
115.370 -1.560
115.380 -1.550
115.380 -1.530
115.380 -1.520
115.390 -1.510
115.390 -1.500
115.390 -1.490
115.390 -1.480
115.390 -1.470
115.400 -1.460
115.400 -1.440
115.400 -1.430
115.410 -1.430
115.420 -1.430
115.430 -1.430
115.430 -1.440
115.440 -1.440
115.450 -1.440
115.450 -1.430
115.460 -1.430
115.470 -1.430
115.480 -1.430
115.480 -1.420
115.490 -1.420
115.490 -1.430
115.500 -1.430
115.510 -1.430
115.520 -1.430
115.530 -1.430
115.530 -1.420
115.540 -1.420
115.550 -1.420
115.550 -1.410
115.560 -1.410
115.570 -1.410
115.570 -1.400
115.580 -1.400
115.590 -1.400
115.600 -1.390
115.610 -1.390
115.620 -1.380
115.630 -1.380
115.630 -1.370
115.640 -1.370
115.650 -1.370
115.660 -1.370
115.670 -1.370
115.680 -1.370
115.690 -1.370
115.690 -1.360
115.700 -1.360
115.700 -1.350
115.710 -1.350
115.710 -1.340
115.720 -1.340
115.720 -1.330
115.730 -1.330
115.730 -1.320
115.740 -1.320
115.750 -1.320
115.750 -1.330
115.740 -1.330
115.740 -1.340
115.750 -1.340
115.750 -1.350
115.750 -1.360
115.740 -1.360
115.740 -1.370
115.730 -1.370
115.720 -1.380
115.720 -1.390
115.720 -1.400
115.710 -1.400
115.710 -1.410
115.700 -1.420
115.690 -1.420
115.690 -1.430
115.680 -1.430
115.680 -1.440
115.670 -1.440
115.660 -1.440
115.660 -1.430
115.650 -1.430
115.650 -1.420
115.660 -1.420
115.660 -1.410
115.670 -1.410
115.670 -1.400
115.670 -1.390
115.660 -1.390
115.660 -1.380
115.650 -1.390
115.640 -1.400
115.640 -1.410
115.630 -1.410
115.630 -1.420
115.620 -1.420
115.620 -1.430
115.610 -1.430
115.600 -1.440
115.590 -1.440
115.590 -1.450
115.580 -1.460
115.580 -1.470
115.570 -1.470
115.570 -1.480
115.560 -1.480
115.560 -1.490
115.550 -1.490
115.540 -1.490
115.540 -1.500
115.540 -1.510
115.540 -1.520
115.540 -1.530
115.540 -1.540
115.550 -1.540
115.560 -1.540
115.570 -1.540
115.570 -1.530
115.580 -1.530
115.580 -1.520
115.590 -1.530
115.590 -1.540
115.600 -1.540
115.600 -1.550
115.610 -1.550
115.610 -1.540
115.620 -1.540
115.630 -1.540
115.630 -1.550
115.640 -1.550
115.640 -1.560
115.630 -1.570
115.630 -1.580
115.630 -1.590
115.630 -1.600
115.630 -1.610
115.630 -1.620
115.640 -1.620
115.650 -1.620
115.650 -1.630
115.650 -1.640
115.660 -1.640
115.670 -1.640
115.670 -1.650
115.680 -1.650
115.680 -1.660
115.670 -1.670
115.670 -1.680
115.670 -1.690
115.670 -1.700
115.670 -1.710
115.670 -1.720
115.680 -1.720
115.680 -1.730
115.690 -1.730
115.700 -1.730
115.700 -1.740
115.700 -1.750
115.710 -1.760
115.710 -1.770
115.720 -1.770
115.720 -1.780
115.730 -1.780
115.730 -1.790
115.730 -1.800
115.730 -1.810
115.730 -1.820
115.730 -1.830
115.730 -1.840
115.720 -1.840
115.720 -1.850
115.730 -1.860
115.730 -1.870
115.730 -1.880
115.730 -1.890
115.730 -1.900
115.730 -1.910
115.720 -1.920
115.720 -1.930
115.730 -1.930
115.720 -1.940
115.720 -1.950
115.710 -1.960
115.710 -1.970
115.700 -1.980
115.700 -1.990
115.710 -1.990
115.720 -1.990
115.730 -2.000
115.730 -2.010
115.720 -2.020
115.710 -2.020
115.710 -2.030
115.710 -2.040
115.720 -2.040
115.730 -2.040
115.730 -2.050
115.730 -2.060
115.740 -2.060
115.750 -2.060
115.760 -2.060
115.760 -2.050
115.770 -2.050
115.780 -2.050
115.790 -2.050
115.800 -2.050
115.800 -2.060
115.810 -2.060
115.820 -2.060
115.820 -2.070
115.820 -2.080
115.810 -2.080
115.810 -2.090
115.810 -2.100
115.800 -2.100
115.790 -2.100
115.790 -2.110
115.790 -2.120
115.790 -2.130
115.790 -2.140
115.790 -2.150
115.790 -2.160
115.790 -2.170
115.790 -2.180
115.790 -2.190
115.780 -2.190
115.780 -2.200
115.780 -2.210
115.790 -2.210
115.790 -2.220
115.790 -2.230
115.800 -2.230
115.800 -2.240
115.810 -2.240
115.810 -2.250
115.810 -2.260
115.800 -2.260
115.800 -2.270
115.810 -2.270
115.810 -2.280
115.820 -2.290
115.820 -2.300
115.830 -2.300
115.840 -2.300
115.840 -2.310
115.830 -2.310
115.820 -2.310
115.820 -2.320
115.820 -2.330
115.830 -2.340
115.830 -2.350
115.820 -2.360
115.830 -2.360
115.830 -2.370
115.830 -2.380
115.840 -2.390
115.850 -2.390
115.850 -2.400
115.860 -2.390
115.870 -2.380
115.880 -2.380
115.890 -2.380
115.890 -2.370
115.890 -2.360
115.890 -2.350
115.890 -2.340
115.900 -2.340
115.910 -2.340
115.920 -2.340
115.930 -2.330
115.930 -2.320
115.940 -2.320
115.950 -2.320
115.960 -2.320
115.960 -2.310
115.960 -2.300
115.960 -2.290
115.970 -2.290
115.980 -2.300
115.990 -2.310
116.000 -2.320
116.000 -2.330
116.010 -2.330
116.020 -2.330
116.030 -2.330
116.040 -2.330
116.050 -2.330
116.060 -2.330
116.070 -2.330
116.080 -2.330
116.090 -2.330
116.100 -2.330
116.110 -2.330
116.120 -2.330
116.130 -2.330
116.130 -2.340
116.140 -2.340
116.150 -2.340
116.160 -2.340
116.170 -2.340
116.180 -2.340
116.190 -2.340
116.200 -2.330
116.200 -2.340
116.210 -2.340
116.220 -2.350
116.230 -2.350
116.230 -2.360
116.240 -2.360
116.250 -2.360
116.260 -2.360
116.270 -2.360
116.280 -2.360
116.290 -2.360
116.300 -2.360
116.310 -2.360
116.320 -2.360
116.330 -2.360
116.340 -2.360
116.350 -2.360
116.360 -2.360
116.370 -2.360
116.380 -2.360
116.390 -2.360
116.400 -2.360
116.410 -2.360
116.410 -2.370
116.420 -2.370
116.430 -2.370
116.440 -2.370
116.450 -2.370
116.460 -2.380
116.470 -2.380
116.480 -2.380
116.490 -2.390
116.500 -2.390
116.510 -2.400
116.520 -2.400
116.530 -2.400
116.540 -2.410
116.550 -2.410
116.550 -2.420
116.550 -2.430
116.550 -2.440
116.550 -2.450
116.540 -2.450
116.540 -2.460
116.540 -2.470
116.540 -2.480
116.530 -2.480
116.530 -2.490
116.530 -2.500
116.530 -2.510
116.520 -2.510
116.520 -2.520
116.530 -2.520
116.530 -2.530
116.530 -2.540
116.520 -2.540
116.520 -2.550
116.520 -2.560
116.510 -2.560
116.500 -2.560
116.500 -2.570
116.490 -2.570
116.480 -2.570
116.480 -2.560
116.480 -2.550
116.480 -2.540
116.480 -2.530
116.480 -2.520
116.480 -2.510
116.470 -2.510
116.460 -2.510
116.460 -2.500
116.450 -2.500
116.440 -2.500
116.430 -2.500
116.420 -2.500
116.420 -2.510
116.410 -2.510
116.410 -2.520
116.400 -2.520
116.400 -2.530
116.390 -2.530
116.390 -2.520
116.380 -2.520
116.370 -2.520
116.360 -2.520
116.350 -2.520
116.340 -2.530
116.330 -2.530
116.320 -2.530
116.310 -2.530
116.300 -2.530
116.300 -2.540
116.300 -2.550
116.300 -2.560
116.310 -2.560
116.310 -2.550
116.310 -2.540
116.320 -2.540
116.320 -2.550
116.320 -2.560
116.320 -2.570
116.320 -2.580
116.320 -2.590
116.310 -2.590
116.310 -2.600
116.300 -2.610
116.310 -2.610
116.320 -2.610
116.320 -2.600
116.330 -2.600
116.330 -2.590
116.330 -2.580
116.330 -2.570
116.340 -2.570
116.340 -2.560
116.350 -2.560
116.350 -2.550
116.360 -2.550
116.360 -2.560
116.370 -2.560
116.370 -2.570
116.380 -2.570
116.390 -2.570
116.390 -2.580
116.390 -2.590
116.400 -2.580
116.410 -2.580
116.410 -2.590
116.410 -2.600
116.400 -2.600
116.400 -2.610
116.390 -2.610
116.390 -2.620
116.380 -2.620
116.380 -2.630
116.380 -2.640
116.370 -2.640
116.370 -2.650
116.370 -2.660
116.370 -2.670
116.370 -2.680
116.370 -2.690
116.360 -2.690
116.360 -2.700
116.360 -2.710
116.360 -2.720
116.360 -2.730
116.360 -2.740
116.360 -2.750
116.360 -2.760
116.360 -2.770
116.360 -2.780
116.360 -2.790
116.370 -2.790
116.370 -2.800
116.370 -2.810
116.370 -2.820
116.370 -2.830
116.360 -2.830
116.360 -2.840
116.360 -2.850
116.360 -2.860
116.360 -2.870
116.360 -2.880
116.360 -2.890
116.350 -2.890
116.340 -2.900
116.340 -2.910
116.330 -2.910
116.330 -2.920
116.330 -2.930
116.320 -2.930
116.320 -2.940
116.320 -2.950
116.310 -2.950
116.310 -2.960
116.300 -2.960
116.300 -2.970
116.290 -2.970
116.290 -2.980
116.280 -2.980
116.280 -2.990
116.270 -3.000
116.260 -3.010
116.260 -3.000
116.250 -3.000
116.250 -3.010
116.240 -3.010
116.230 -3.010
116.220 -3.010
116.220 -3.000
116.210 -3.000
116.210 -2.990
116.210 -2.980
116.210 -2.970
116.210 -2.960
116.210 -2.950
116.210 -2.940
116.200 -2.940
116.200 -2.930
116.190 -2.930
116.190 -2.920
116.180 -2.920
116.170 -2.920
116.170 -2.910
116.160 -2.910
116.160 -2.900
116.150 -2.900
116.150 -2.890
116.150 -2.880
116.150 -2.870
116.150 -2.860
116.150 -2.850
116.140 -2.840
116.140 -2.830
116.130 -2.830
116.130 -2.840
116.130 -2.850
116.130 -2.860
116.130 -2.870
116.130 -2.880
116.130 -2.890
116.120 -2.890
116.120 -2.900
116.110 -2.910
116.110 -2.920
116.110 -2.930
116.100 -2.930
116.100 -2.940
116.100 -2.950
116.110 -2.950
116.120 -2.950
116.120 -2.960
116.110 -2.960
116.110 -2.970
116.110 -2.980
116.100 -2.980
116.090 -2.980
116.090 -2.990
116.080 -2.980
116.080 -2.990
116.070 -2.990
116.060 -3.000
116.070 -3.000
116.080 -3.000
116.080 -3.010
116.090 -3.010
116.090 -3.000
116.100 -3.000
116.100 -2.990
116.110 -2.990
116.110 -3.000
116.120 -3.000
116.120 -2.990
116.130 -2.990
116.130 -3.000
116.140 -3.000
116.140 -3.010
116.150 -3.010
116.160 -3.010
116.160 -3.020
116.150 -3.030
116.160 -3.030
116.160 -3.040
116.170 -3.040
116.170 -3.050
116.170 -3.060
116.180 -3.060
116.190 -3.060
116.190 -3.070
116.200 -3.070
116.200 -3.080
116.210 -3.080
116.220 -3.080
116.220 -3.090
116.230 -3.090
116.240 -3.090
116.240 -3.100
116.250 -3.100
116.250 -3.110
116.260 -3.110
116.270 -3.110
116.270 -3.120
116.270 -3.130
116.260 -3.130
116.250 -3.130
116.240 -3.130
116.230 -3.130
116.220 -3.130
116.210 -3.130
116.200 -3.130
116.200 -3.140
116.190 -3.140
116.190 -3.150
116.190 -3.160
116.180 -3.160
116.170 -3.160
116.170 -3.170
116.170 -3.180
116.170 -3.190
116.170 -3.200
116.180 -3.200
116.180 -3.210
116.180 -3.220
116.180 -3.230
116.180 -3.240
116.180 -3.250
116.170 -3.250
116.160 -3.250
116.160 -3.260
116.150 -3.260
116.150 -3.270
116.140 -3.270
116.130 -3.270
116.120 -3.270
116.120 -3.280
116.110 -3.280
116.100 -3.280
116.090 -3.280
116.080 -3.280
116.080 -3.290
116.080 -3.300
116.070 -3.300
116.070 -3.310
116.070 -3.320
116.060 -3.320
116.060 -3.330
116.060 -3.340
116.050 -3.340
116.050 -3.350
116.050 -3.360
116.040 -3.360
116.030 -3.360
116.030 -3.370
116.030 -3.380
116.030 -3.390
116.020 -3.390
116.020 -3.400
116.020 -3.410
116.020 -3.420
116.010 -3.420
116.010 -3.430
116.010 -3.440
116.010 -3.450
116.010 -3.460
116.010 -3.470
116.010 -3.480
116.010 -3.490
116.010 -3.500
116.000 -3.500
116.000 -3.510
115.990 -3.510
115.990 -3.520
115.990 -3.530
115.990 -3.540
115.990 -3.550
115.990 -3.560
116.000 -3.560
116.000 -3.570
115.990 -3.570
115.990 -3.580
115.980 -3.580
115.980 -3.590
115.980 -3.600
115.970 -3.600
115.970 -3.610
115.960 -3.610
115.950 -3.610
115.940 -3.610
115.930 -3.610
115.920 -3.610
115.910 -3.610
115.910 -3.620
115.900 -3.620
115.890 -3.620
115.880 -3.620
115.870 -3.620
115.860 -3.620
115.850 -3.620
115.850 -3.630
115.840 -3.630
115.830 -3.630
115.830 -3.640
115.820 -3.640
115.810 -3.640
115.810 -3.650
115.800 -3.650
115.800 -3.660
115.790 -3.660
115.790 -3.670
115.790 -3.680
115.780 -3.680
115.780 -3.690
115.770 -3.690
115.760 -3.690
115.760 -3.700
115.750 -3.700
115.740 -3.700
115.740 -3.710
115.730 -3.710
115.730 -3.720
115.720 -3.720
115.720 -3.730
115.710 -3.730
115.710 -3.740
115.700 -3.740
115.690 -3.740
115.680 -3.740
115.670 -3.740
115.660 -3.740
115.650 -3.740
115.650 -3.750
115.640 -3.750
115.630 -3.750
115.630 -3.760
115.620 -3.760
115.610 -3.770
115.600 -3.770
115.590 -3.770
115.580 -3.770
115.580 -3.780
115.570 -3.780
115.560 -3.780
115.560 -3.790
115.550 -3.790
115.540 -3.790
115.530 -3.790
115.530 -3.800
115.520 -3.800
115.510 -3.800
115.510 -3.810
115.500 -3.810
115.490 -3.810
115.490 -3.820
115.480 -3.820
115.470 -3.820
115.460 -3.820
115.450 -3.820
115.450 -3.830
115.440 -3.830
115.430 -3.830
115.430 -3.840
115.420 -3.840
115.410 -3.840
115.410 -3.850
115.400 -3.850
115.390 -3.850
115.390 -3.860
115.380 -3.860
115.370 -3.860
115.370 -3.870
115.360 -3.870
115.350 -3.870
115.340 -3.870
115.340 -3.880
115.330 -3.880
115.320 -3.880
115.310 -3.880
115.310 -3.890
115.300 -3.890
115.290 -3.890
115.290 -3.900
115.280 -3.900
115.270 -3.900
115.260 -3.910
115.250 -3.910
115.240 -3.910
115.240 -3.920
115.230 -3.920
115.220 -3.920
115.210 -3.930
115.200 -3.930
115.190 -3.930
115.190 -3.940
115.180 -3.940
115.170 -3.940
115.170 -3.950
115.160 -3.950
115.150 -3.950
115.150 -3.960
115.140 -3.960
115.130 -3.960
115.130 -3.970
115.120 -3.970
115.110 -3.970
115.100 -3.970
115.100 -3.980
115.090 -3.980
115.080 -3.980
115.070 -3.980
115.070 -3.990
115.060 -3.990
115.050 -3.990
115.050 -4.000
115.040 -4.000
115.030 -4.000
115.020 -4.010
115.010 -4.010
115.000 -4.010
115.000 -4.020
114.990 -4.020
114.990 -4.030
114.980 -4.030
114.970 -4.030
114.970 -4.040
114.960 -4.040
114.950 -4.040
114.950 -4.050
114.940 -4.050
114.930 -4.050
114.930 -4.060
114.920 -4.060
114.910 -4.060
114.910 -4.070
114.900 -4.070
114.890 -4.070
114.890 -4.080
114.880 -4.080
114.870 -4.080
114.870 -4.090
114.860 -4.090
114.850 -4.090
114.850 -4.100
114.840 -4.100
114.830 -4.100
114.830 -4.110
114.820 -4.110
114.810 -4.110
114.810 -4.120
114.800 -4.120
114.790 -4.120
114.790 -4.130
114.780 -4.130
114.770 -4.140
114.760 -4.140
114.760 -4.150
114.750 -4.150
114.740 -4.150
114.740 -4.160
114.730 -4.160
114.720 -4.160
114.720 -4.170
114.710 -4.170
114.700 -4.170
114.690 -4.170
114.690 -4.180
114.680 -4.180
114.670 -4.180
114.660 -4.180
114.650 -4.180
114.640 -4.180
114.640 -4.170
114.630 -4.170
114.620 -4.170
114.620 -4.160
114.630 -4.160
114.630 -4.150
114.630 -4.140
114.630 -4.130
114.630 -4.120
114.630 -4.110
114.630 -4.100
114.630 -4.090
114.630 -4.080
114.630 -4.070
114.620 -4.070
114.630 -4.060
114.640 -4.060
114.640 -4.050
114.640 -4.040
114.640 -4.030
114.640 -4.020
114.640 -4.010
114.630 -4.010
114.630 -4.000
114.630 -3.990
114.630 -3.980
114.630 -3.970
114.630 -3.960
114.630 -3.950
114.620 -3.950
114.620 -3.940
114.620 -3.930
114.620 -3.920
114.620 -3.910
114.610 -3.910
114.610 -3.900
114.610 -3.890
114.610 -3.880
114.610 -3.870
114.610 -3.860
114.610 -3.850
114.610 -3.840
114.610 -3.830
114.600 -3.830
114.600 -3.820
114.600 -3.810
114.600 -3.800
114.610 -3.800
114.610 -3.790
114.610 -3.780
114.610 -3.770
114.610 -3.760
114.610 -3.750
114.610 -3.740
114.610 -3.730
114.620 -3.730
114.620 -3.720
114.620 -3.710
114.620 -3.700
114.620 -3.690
114.620 -3.680
114.620 -3.670
114.620 -3.660
114.620 -3.650
114.610 -3.650
114.610 -3.640
114.610 -3.630
114.600 -3.620
114.600 -3.610
114.590 -3.610
114.590 -3.600
114.590 -3.590
114.580 -3.590
114.580 -3.580
114.570 -3.580
114.570 -3.570
114.560 -3.570
114.560 -3.560
114.550 -3.560
114.550 -3.550
114.540 -3.550
114.530 -3.550
114.520 -3.550
114.520 -3.540
114.510 -3.540
114.510 -3.530
114.510 -3.520
114.520 -3.520
114.520 -3.510
114.520 -3.500
114.510 -3.500
114.490 -3.500
114.480 -3.500
114.470 -3.500
114.460 -3.500
114.450 -3.500
114.440 -3.500
114.430 -3.500
114.420 -3.500
114.420 -3.490
114.410 -3.490
114.400 -3.480
114.390 -3.480
114.390 -3.470
114.380 -3.470
114.370 -3.470
114.370 -3.460
114.360 -3.460
114.350 -3.460
114.350 -3.450
114.350 -3.440
114.350 -3.430
114.350 -3.420
114.350 -3.410
114.350 -3.400
114.360 -3.400
114.360 -3.390
114.360 -3.380
114.360 -3.370
114.370 -3.360
114.370 -3.350
114.370 -3.340
114.370 -3.330
114.380 -3.330
114.380 -3.320
114.380 -3.310
114.380 -3.300
114.390 -3.300
114.390 -3.290
114.390 -3.280
114.390 -3.270
114.400 -3.260
114.400 -3.250
114.400 -3.240
114.410 -3.240
114.410 -3.230
114.420 -3.220
114.420 -3.210
114.430 -3.210
114.430 -3.200
114.440 -3.200
114.440 -3.190
114.440 -3.180
114.450 -3.170
114.450 -3.160
114.460 -3.160
114.460 -3.150
114.470 -3.150
114.470 -3.140
114.470 -3.130
114.480 -3.130
114.480 -3.120
114.480 -3.110
114.480 -3.100
114.480 -3.090
114.490 -3.090
114.490 -3.080
114.490 -3.070
114.490 -3.060
114.490 -3.050
114.490 -3.040
114.490 -3.030
114.490 -3.020
114.500 -3.020
114.500 -3.010
114.500 -3.000
114.500 -2.990
114.520 -2.970
114.530 -2.950
114.540 -2.930
114.540 -2.910
114.550 -2.910
114.550 -2.890
114.560 -2.890
114.560 -2.880
114.570 -2.870
114.570 -2.860
114.580 -2.840
114.580 -2.830
114.590 -2.820
114.600 -2.820
114.610 -2.820
114.610 -2.810
114.620 -2.810
114.630 -2.810
114.640 -2.810
114.650 -2.810
114.660 -2.810
114.660 -2.800
114.670 -2.800
114.680 -2.790
114.680 -2.780
114.680 -2.770
114.670 -2.770
114.670 -2.760
114.670 -2.750
114.680 -2.740
114.690 -2.740
114.700 -2.740
114.710 -2.740
114.720 -2.740
114.730 -2.740
114.740 -2.730
114.750 -2.730
114.760 -2.730
114.760 -2.720
114.770 -2.710
114.770 -2.700
114.770 -2.690
114.780 -2.690
114.790 -2.690
114.790 -2.680
114.790 -2.670
114.790 -2.660
114.790 -2.650
114.790 -2.640
114.790 -2.630
114.790 -2.620
114.790 -2.610
114.790 -2.600
114.800 -2.600
114.800 -2.590
114.800 -2.580
114.810 -2.580
114.820 -2.580
114.820 -2.570
114.830 -2.570
114.840 -2.560
114.840 -2.550
114.850 -2.550
114.850 -2.540
114.860 -2.530
114.860 -2.520
114.870 -2.520
114.870 -2.510
114.870 -2.500
114.860 -2.490
114.860 -2.480
114.870 -2.470
114.880 -2.460
114.890 -2.460
114.900 -2.460
114.910 -2.460
114.910 -2.450
114.920 -2.450
114.930 -2.440
114.950 -2.430
114.970 -2.410
114.980 -2.400
114.990 -2.400
115.000 -2.390
115.020 -2.370
115.030 -2.370
115.040 -2.360
115.070 -2.340
115.100 -2.320
115.110 -2.310
115.120 -2.310
115.120 -2.300
115.140 -2.290
115.150 -2.280
115.170 -2.270
115.190 -2.260
115.190 -2.250
115.210 -2.240
115.230 -2.220
115.250 -2.210
115.260 -2.210
115.260 -2.220
115.270 -2.220
115.290 -2.230
115.290 -2.220
115.290 -2.210
115.290 -2.200
115.300 -2.200
115.300 -2.190
115.300 -2.180
115.300 -2.170
115.300 -2.160
115.300 -2.150
115.300 -2.140
115.310 -2.130
115.310 -2.120
115.320 -2.120
115.320 -2.110
115.330 -2.110
115.330 -2.100
115.320 -2.100
115.320 -2.090
115.320 -2.080
115.320 -2.070
115.320 -2.060
115.310 -2.060
115.310 -2.050
115.300 -2.040
115.300 -2.030
115.290 -2.030
115.290 -2.020
115.290 -2.010
115.280 -2.010
115.280 -2.000
115.280 -1.990
115.290 -1.990
115.290 -1.980
115.300 -1.980
115.300 -1.970
115.310 -1.970
115.320 -1.960
115.330 -1.950
115.340 -1.950
115.350 -1.940
115.350 -1.930
115.350 -1.920
115.350 -1.910
115.350 -1.900
115.350 -1.890
115.340 -1.890
115.340 -1.880
115.340 -1.870
115.330 -1.870
115.330 -1.860
115.330 -1.850
115.320 -1.840
115.320 -1.830
115.310 -1.830
115.310 -1.820
115.310 -1.810
115.310 -1.800
115.310 -1.790
115.320 -1.790
115.320 -1.780
115.320 -1.770
115.320 -1.760
115.330 -1.760
115.330 -1.750
115.330 -1.740
115.330 -1.730
115.340 -1.730
115.340 -1.720
115.340 -1.710
115.340 -1.700
115.350 -1.690
115.350 -1.680
283
116.220 -3.230
116.230 -3.230
116.240 -3.220
116.250 -3.220
116.250 -3.210
116.260 -3.210
116.260 -3.220
116.270 -3.220
116.280 -3.220
116.280 -3.230
116.270 -3.230
116.270 -3.240
116.270 -3.250
116.270 -3.260
116.280 -3.260
116.280 -3.270
116.270 -3.270
116.270 -3.280
116.270 -3.290
116.270 -3.300
116.270 -3.310
116.270 -3.320
116.260 -3.320
116.260 -3.330
116.260 -3.340
116.260 -3.350
116.250 -3.350
116.250 -3.360
116.250 -3.370
116.250 -3.380
116.250 -3.390
116.260 -3.390
116.260 -3.400
116.270 -3.400
116.270 -3.410
116.280 -3.410
116.280 -3.420
116.290 -3.420
116.290 -3.430
116.300 -3.430
116.300 -3.440
116.310 -3.450
116.310 -3.460
116.310 -3.470
116.310 -3.480
116.310 -3.490
116.310 -3.500
116.310 -3.510
116.300 -3.510
116.290 -3.510
116.290 -3.520
116.280 -3.520
116.270 -3.520
116.270 -3.530
116.270 -3.540
116.270 -3.550
116.280 -3.560
116.290 -3.560
116.290 -3.570
116.300 -3.570
116.300 -3.580
116.300 -3.590
116.300 -3.600
116.290 -3.600
116.290 -3.610
116.290 -3.620
116.290 -3.630
116.300 -3.630
116.300 -3.640
116.300 -3.650
116.300 -3.660
116.300 -3.670
116.300 -3.680
116.300 -3.690
116.300 -3.700
116.300 -3.710
116.300 -3.720
116.310 -3.720
116.310 -3.730
116.320 -3.730
116.330 -3.730
116.330 -3.740
116.330 -3.750
116.320 -3.750
116.320 -3.760
116.320 -3.770
116.310 -3.770
116.310 -3.780
116.300 -3.780
116.300 -3.790
116.290 -3.790
116.290 -3.800
116.280 -3.800
116.280 -3.810
116.270 -3.810
116.270 -3.820
116.270 -3.830
116.280 -3.830
116.280 -3.840
116.290 -3.840
116.300 -3.840
116.300 -3.850
116.290 -3.850
116.290 -3.860
116.300 -3.860
116.300 -3.870
116.310 -3.870
116.310 -3.880
116.310 -3.890
116.310 -3.900
116.310 -3.910
116.310 -3.920
116.300 -3.920
116.290 -3.920
116.290 -3.910
116.280 -3.910
116.270 -3.910
116.260 -3.910
116.260 -3.920
116.260 -3.930
116.250 -3.930
116.250 -3.940
116.240 -3.940
116.230 -3.940
116.220 -3.940
116.220 -3.950
116.210 -3.950
116.210 -3.960
116.200 -3.960
116.200 -3.970
116.210 -3.970
116.210 -3.980
116.200 -3.980
116.190 -3.980
116.190 -3.990
116.180 -3.990
116.180 -4.000
116.170 -4.000
116.170 -4.010
116.160 -4.010
116.160 -4.020
116.150 -4.020
116.150 -4.030
116.140 -4.030
116.140 -4.040
116.130 -4.040
116.130 -4.030
116.120 -4.030
116.120 -4.040
116.110 -4.040
116.110 -4.050
116.100 -4.050
116.100 -4.060
116.100 -4.070
116.100 -4.080
116.090 -4.090
116.090 -4.080
116.090 -4.070
116.090 -4.060
116.080 -4.060
116.080 -4.050
116.070 -4.050
116.070 -4.040
116.060 -4.040
116.060 -4.050
116.050 -4.050
116.050 -4.040
116.050 -4.030
116.040 -4.030
116.040 -4.020
116.040 -4.010
116.050 -4.010
116.050 -4.000
116.050 -3.990
116.050 -3.980
116.060 -3.980
116.060 -3.970
116.060 -3.960
116.070 -3.960
116.070 -3.950
116.070 -3.940
116.080 -3.930
116.080 -3.920
116.080 -3.910
116.070 -3.910
116.070 -3.900
116.060 -3.900
116.060 -3.890
116.060 -3.880
116.060 -3.870
116.060 -3.860
116.060 -3.850
116.070 -3.850
116.080 -3.850
116.080 -3.840
116.080 -3.830
116.080 -3.820
116.080 -3.810
116.080 -3.800
116.070 -3.800
116.070 -3.790
116.070 -3.780
116.060 -3.780
116.060 -3.770
116.050 -3.770
116.050 -3.760
116.040 -3.750
116.030 -3.740
116.030 -3.730
116.020 -3.730
116.020 -3.720
116.020 -3.710
116.020 -3.700
116.010 -3.700
116.010 -3.690
116.010 -3.680
116.010 -3.670
116.010 -3.660
116.010 -3.650
116.010 -3.640
116.000 -3.640
116.000 -3.630
116.010 -3.630
116.010 -3.620
116.010 -3.610
116.020 -3.610
116.020 -3.600
116.030 -3.600
116.030 -3.590
116.030 -3.580
116.040 -3.580
116.040 -3.570
116.040 -3.560
116.040 -3.550
116.050 -3.550
116.050 -3.540
116.050 -3.530
116.040 -3.530
116.040 -3.520
116.040 -3.510
116.040 -3.500
116.040 -3.490
116.040 -3.480
116.040 -3.470
116.050 -3.470
116.050 -3.460
116.060 -3.460
116.060 -3.450
116.070 -3.450
116.070 -3.440
116.070 -3.430
116.070 -3.420
116.080 -3.420
116.080 -3.410
116.080 -3.400
116.090 -3.400
116.090 -3.390
116.090 -3.380
116.100 -3.370
116.100 -3.360
116.100 -3.350
116.100 -3.340
116.110 -3.340
116.110 -3.330
116.110 -3.320
116.110 -3.310
116.120 -3.300
116.130 -3.300
116.140 -3.300
116.140 -3.290
116.150 -3.290
116.160 -3.290
116.160 -3.280
116.170 -3.280
116.180 -3.270
116.190 -3.270
116.190 -3.260
116.200 -3.260
116.200 -3.250
116.210 -3.250
116.210 -3.240
116.220 -3.240
116.220 -3.230
REGION 1
2929
116.110 1.720
116.110 1.730
116.120 1.730
116.120 1.740
116.130 1.750
116.140 1.760
116.140 1.770
116.150 1.790
116.160 1.790
116.160 1.800
116.170 1.800
116.170 1.810
116.180 1.820
116.180 1.830
116.190 1.840
116.190 1.850
116.200 1.860
116.200 1.870
116.190 1.870
116.190 1.880
116.180 1.880
116.180 1.890
116.180 1.900
116.180 1.910
116.180 1.920
116.180 1.930
116.180 1.940
116.180 1.950
116.180 1.960
116.180 1.970
116.190 1.980
116.200 1.990
116.200 2.000
116.210 2.000
116.210 2.010
116.220 2.020
116.240 2.030
116.250 2.030
116.250 2.040
116.260 2.040
116.260 2.050
116.260 2.060
116.260 2.070
116.260 2.080
116.270 2.090
116.270 2.100
116.270 2.110
116.270 2.120
116.270 2.130
116.270 2.140
116.270 2.150
116.270 2.160
116.280 2.160
116.280 2.170
116.280 2.180
116.280 2.190
116.280 2.200
116.280 2.210
116.280 2.220
116.280 2.230
116.290 2.230
116.290 2.240
116.290 2.250
116.290 2.260
116.290 2.270
116.300 2.270
116.300 2.280
116.300 2.290
116.310 2.300
116.310 2.310
116.320 2.310
116.320 2.320
116.330 2.330
116.340 2.330
116.350 2.330
116.360 2.330
116.360 2.340
116.370 2.340
116.380 2.340
116.400 2.340
116.410 2.340
116.420 2.350
116.430 2.350
116.430 2.360
116.440 2.360
116.440 2.370
116.450 2.370
116.450 2.380
116.460 2.390
116.470 2.400
116.470 2.410
116.480 2.410
116.480 2.420
116.480 2.430
116.480 2.440
116.480 2.450
116.490 2.450
116.490 2.460
116.490 2.470
116.500 2.470
116.500 2.480
116.510 2.470
116.510 2.460
116.520 2.460
116.520 2.450
116.530 2.450
116.530 2.440
116.540 2.430
116.550 2.430
116.550 2.420
116.560 2.420
116.570 2.420
116.580 2.420
116.590 2.420
116.600 2.420
116.610 2.420
116.620 2.420
116.630 2.420
116.640 2.420
116.640 2.410
116.650 2.410
116.660 2.410
116.680 2.400
116.690 2.400
116.700 2.400
116.710 2.400
116.720 2.400
116.720 2.410
116.730 2.410
116.740 2.410
116.750 2.410
116.760 2.410
116.770 2.410
116.780 2.410
116.790 2.420
116.800 2.420
116.810 2.420
116.820 2.420
116.830 2.430
116.840 2.430
116.850 2.430
116.850 2.440
116.860 2.440
116.870 2.440
116.870 2.450
116.880 2.450
116.880 2.460
116.890 2.460
116.890 2.470
116.900 2.470
116.910 2.480
116.920 2.480
116.930 2.480
116.940 2.480
116.950 2.480
116.950 2.490
116.960 2.490
116.970 2.490
116.980 2.490
116.990 2.490
116.990 2.500
117.000 2.500
117.000 2.510
117.010 2.520
117.020 2.520
117.030 2.530
117.040 2.540
117.050 2.550
117.060 2.560
117.070 2.560
117.080 2.560
117.080 2.570
117.090 2.570
117.100 2.570
117.110 2.570
117.120 2.570
117.130 2.570
117.140 2.570
117.150 2.570
117.160 2.570
117.170 2.570
117.180 2.570
117.180 2.580
117.190 2.580
117.200 2.580
117.200 2.590
117.210 2.590
117.220 2.590
117.230 2.600
117.240 2.600
117.250 2.600
117.260 2.600
117.270 2.600
117.280 2.600
117.290 2.600
117.300 2.600
117.310 2.600
117.320 2.600
117.330 2.600
117.340 2.600
117.340 2.590
117.350 2.590
117.360 2.590
117.370 2.580
117.380 2.580
117.390 2.570
117.400 2.560
117.400 2.550
117.410 2.550
117.410 2.540
117.420 2.530
117.420 2.520
117.430 2.520
117.430 2.510
117.440 2.510
117.450 2.510
117.460 2.510
117.460 2.500
117.470 2.500
117.480 2.500
117.490 2.490
117.510 2.490
117.520 2.490
117.530 2.490
117.540 2.480
117.550 2.480
117.560 2.480
117.570 2.480
117.580 2.490
117.590 2.490
117.600 2.490
117.610 2.480
117.620 2.470
117.620 2.460
117.630 2.460
117.630 2.450
117.640 2.440
117.650 2.430
117.660 2.410
117.670 2.400
117.680 2.380
117.690 2.380
117.690 2.370
117.700 2.370
117.710 2.360
117.720 2.350
117.730 2.350
117.740 2.340
117.750 2.340
117.760 2.330
117.770 2.330
117.780 2.320
117.790 2.320
117.800 2.320
117.810 2.320
117.820 2.310
117.830 2.310
117.840 2.310
117.840 2.300
117.850 2.300
117.850 2.290
117.860 2.290
117.870 2.290
117.870 2.300
117.870 2.310
117.870 2.320
117.870 2.330
117.880 2.340
117.880 2.350
117.880 2.360
117.890 2.360
117.890 2.370
117.900 2.370
117.900 2.380
117.910 2.380
117.910 2.390
117.920 2.390
117.920 2.400
117.930 2.400
117.930 2.410
117.940 2.410
117.950 2.420
117.950 2.430
117.960 2.430
117.960 2.440
117.970 2.440
117.980 2.440
117.990 2.440
118.000 2.440
118.000 2.430
118.000 2.420
118.000 2.410
118.010 2.410
118.010 2.400
118.020 2.400
118.020 2.390
118.020 2.380
118.020 2.370
118.020 2.360
118.030 2.360
118.040 2.360
118.040 2.370
118.040 2.380
118.050 2.380
118.050 2.370
118.060 2.370
118.060 2.360
118.070 2.360
118.070 2.350
118.070 2.340
118.080 2.340
118.080 2.330
118.090 2.330
118.090 2.320
118.090 2.310
118.090 2.300
118.090 2.290
118.100 2.290
118.100 2.280
118.090 2.280
118.090 2.270
118.080 2.270
118.080 2.260
118.080 2.250
118.070 2.250
118.070 2.240
118.060 2.240
118.060 2.230
118.050 2.230
118.050 2.220
118.040 2.220
118.040 2.210
118.030 2.210
118.030 2.200
118.020 2.200
118.010 2.200
118.000 2.200
117.990 2.200
117.990 2.190
117.980 2.190
117.970 2.190
117.960 2.190
117.960 2.180
117.950 2.180
117.940 2.180
117.930 2.180
117.930 2.190
117.920 2.190
117.920 2.200
117.910 2.200
117.910 2.210
117.900 2.210
117.900 2.200
117.890 2.200
117.880 2.200
117.870 2.200
117.860 2.200
117.850 2.200
117.840 2.200
117.830 2.200
117.820 2.200
117.810 2.200
117.800 2.200
117.800 2.190
117.790 2.190
117.780 2.190
117.770 2.190
117.760 2.190
117.750 2.190
117.740 2.190
117.730 2.190
117.720 2.190
117.710 2.190
117.710 2.180
117.700 2.180
117.690 2.180
117.690 2.190
117.690 2.200
117.680 2.200
117.670 2.200
117.660 2.200
117.660 2.210
117.650 2.210
117.640 2.210
117.630 2.210
117.630 2.200
117.640 2.200
117.640 2.190
117.650 2.190
117.650 2.180
117.660 2.180
117.670 2.180
117.670 2.170
117.680 2.170
117.690 2.170
117.700 2.170
117.710 2.160
117.720 2.150
117.720 2.140
117.720 2.130
117.720 2.120
117.720 2.110
117.720 2.100
117.720 2.090
117.730 2.090
117.730 2.080
117.720 2.080
117.710 2.080
117.710 2.070
117.720 2.070
117.720 2.060
117.710 2.060
117.700 2.060
117.690 2.070
117.690 2.080
117.680 2.080
117.680 2.090
117.670 2.090
117.660 2.090
117.650 2.090
117.650 2.080
117.640 2.080
117.640 2.070
117.650 2.070
117.650 2.060
117.640 2.050
117.650 2.050
117.660 2.050
117.670 2.050
117.670 2.060
117.680 2.060
117.680 2.070
117.690 2.070
117.690 2.060
117.690 2.050
117.700 2.050
117.700 2.040
117.700 2.030
117.710 2.030
117.720 2.030
117.730 2.030
117.730 2.040
117.740 2.040
117.740 2.030
117.750 2.030
117.750 2.020
117.760 2.020
117.770 2.020
117.770 2.010
117.780 2.010
117.790 2.010
117.800 2.010
117.810 2.010
117.820 2.010
117.820 2.000
117.830 2.000
117.830 2.010
117.840 2.010
117.840 2.000
117.850 2.000
117.850 1.990
117.850 1.980
117.860 1.980
117.860 1.970
117.870 1.970
117.880 1.970
117.880 1.960
117.870 1.960
117.870 1.950
117.870 1.940
117.870 1.930
117.870 1.920
117.870 1.910
117.870 1.900
117.860 1.900
117.850 1.900
117.840 1.900
117.840 1.890
117.850 1.890
117.860 1.890
117.860 1.880
117.860 1.870
117.870 1.870
117.870 1.880
117.880 1.880
117.890 1.880
117.890 1.870
117.890 1.860
117.890 1.850
117.890 1.840
117.900 1.840
117.900 1.830
117.910 1.830
117.910 1.820
117.920 1.820
117.920 1.810
117.930 1.810
117.930 1.800
117.940 1.800
117.950 1.800
117.960 1.800
117.960 1.790
117.970 1.790
117.980 1.790
117.990 1.790
118.000 1.790
118.010 1.790
118.010 1.780
118.020 1.780
118.030 1.780
118.030 1.790
118.040 1.790
118.050 1.790
118.050 1.780
118.060 1.780
118.060 1.770
118.070 1.760
118.070 1.750
118.060 1.750
118.060 1.740
118.050 1.740
118.050 1.730
118.060 1.730
118.060 1.720
118.070 1.720
118.070 1.710
118.080 1.710
118.080 1.700
118.080 1.690
118.090 1.690
118.090 1.680
118.100 1.680
118.100 1.670
118.110 1.670
118.110 1.660
118.110 1.650
118.120 1.650
118.120 1.640
118.130 1.640
118.130 1.630
118.140 1.630
118.150 1.630
118.160 1.630
118.170 1.630
118.170 1.620
118.170 1.610
118.180 1.610
118.190 1.600
118.200 1.600
118.200 1.590
118.210 1.590
118.220 1.590
118.220 1.580
118.230 1.570
118.240 1.570
118.240 1.560
118.250 1.560
118.260 1.560
118.260 1.550
118.270 1.550
118.280 1.550
118.290 1.550
118.290 1.540
118.300 1.540
118.300 1.530
118.310 1.530
118.320 1.530
118.330 1.520
118.340 1.520
118.340 1.510
118.350 1.510
118.360 1.510
118.370 1.510
118.370 1.500
118.380 1.500
118.390 1.500
118.390 1.490
118.400 1.490
118.400 1.480
118.410 1.480
118.420 1.480
118.420 1.470
118.410 1.470
118.410 1.460
118.420 1.460
118.420 1.450
118.420 1.440
118.410 1.440
118.400 1.440
118.390 1.440
118.390 1.430
118.390 1.420
118.400 1.420
118.400 1.430
118.410 1.430
118.420 1.430
118.430 1.430
118.430 1.420
118.430 1.410
118.420 1.410
118.420 1.400
118.430 1.400
118.440 1.390
118.430 1.390
118.430 1.380
118.440 1.380
118.450 1.380
118.450 1.390
118.460 1.390
118.460 1.400
118.470 1.400
118.470 1.390
118.470 1.380
118.480 1.380
118.490 1.380
118.490 1.370
118.500 1.370
118.500 1.380
118.510 1.380
118.520 1.380
118.520 1.370
118.530 1.370
118.530 1.360
118.540 1.360
118.550 1.360
118.550 1.370
118.560 1.370
118.570 1.360
118.580 1.360
118.580 1.350
118.590 1.350
118.590 1.340
118.600 1.340
118.600 1.330
118.610 1.330
118.610 1.320
118.620 1.320
118.620 1.310
118.630 1.310
118.640 1.310
118.640 1.300
118.650 1.300
118.650 1.290
118.660 1.290
118.660 1.280
118.670 1.280
118.680 1.270
118.690 1.270
118.690 1.260
118.700 1.260
118.710 1.250
118.720 1.250
118.720 1.240
118.730 1.230
118.740 1.230
118.740 1.220
118.750 1.220
118.750 1.210
118.760 1.210
118.760 1.200
118.770 1.200
118.770 1.190
118.770 1.180
118.770 1.170
118.770 1.160
118.780 1.160
118.780 1.150
118.780 1.140
118.780 1.130
118.790 1.130
118.790 1.120
118.800 1.120
118.800 1.110
118.810 1.110
118.820 1.110
118.820 1.100
118.830 1.100
118.830 1.090
118.830 1.080
118.830 1.070
118.830 1.060
118.840 1.060
118.840 1.050
118.850 1.050
118.860 1.050
118.860 1.060
118.870 1.060
118.870 1.070
118.880 1.070
118.890 1.070
118.900 1.070
118.900 1.060
118.910 1.060
118.910 1.070
118.920 1.070
118.920 1.060
118.930 1.060
118.940 1.060
118.950 1.060
118.950 1.050
118.960 1.050
118.960 1.040
118.970 1.040
118.980 1.040
118.980 1.030
118.990 1.030
118.990 1.020
118.980 1.020
118.980 1.010
118.980 1.000
118.990 1.000
118.990 0.990
118.990 0.980
118.980 0.980
118.980 0.970
118.970 0.970
118.970 0.960
118.970 0.950
118.970 0.940
118.960 0.940
118.950 0.940
118.950 0.930
118.940 0.930
118.940 0.920
118.930 0.920
118.930 0.910
118.920 0.910
118.920 0.900
118.910 0.900
118.900 0.900
118.900 0.890
118.900 0.880
118.890 0.870
118.880 0.870
118.870 0.870
118.870 0.880
118.860 0.880
118.860 0.870
118.850 0.870
118.850 0.860
118.840 0.860
118.840 0.850
118.830 0.850
118.830 0.840
118.820 0.840
118.820 0.830
118.810 0.830
118.810 0.820
118.810 0.810
118.800 0.810
118.800 0.800
118.790 0.800
118.790 0.810
118.780 0.810
118.770 0.810
118.760 0.810
118.750 0.810
118.740 0.810
118.740 0.820
118.730 0.820
118.720 0.820
118.710 0.820
118.710 0.830
118.700 0.830
118.700 0.840
118.690 0.840
118.690 0.850
118.680 0.850
118.680 0.860
118.670 0.860
118.660 0.860
118.660 0.850
118.650 0.850
118.650 0.840
118.640 0.840
118.640 0.850
118.630 0.850
118.630 0.840
118.620 0.840
118.620 0.830
118.610 0.830
118.610 0.820
118.600 0.820
118.600 0.810
118.590 0.810
118.580 0.810
118.570 0.810
118.560 0.810
118.550 0.810
118.540 0.810
118.530 0.810
118.520 0.810
118.520 0.820
118.510 0.820
118.500 0.820
118.490 0.820
118.490 0.830
118.490 0.840
118.490 0.850
118.480 0.850
118.480 0.840
118.480 0.830
118.470 0.830
118.460 0.830
118.460 0.840
118.450 0.840
118.440 0.840
118.440 0.830
118.430 0.830
118.430 0.840
118.420 0.840
118.420 0.830
118.420 0.820
118.410 0.820
118.400 0.820
118.400 0.810
118.390 0.810
118.380 0.810
118.380 0.800
118.370 0.800
118.360 0.800
118.360 0.810
118.350 0.810
118.340 0.810
118.340 0.820
118.340 0.830
118.340 0.840
118.330 0.840
118.330 0.850
118.320 0.850
118.310 0.850
118.300 0.850
118.290 0.850
118.280 0.850
118.280 0.860
118.270 0.860
118.260 0.860
118.250 0.860
118.240 0.860
118.230 0.860
118.220 0.860
118.220 0.870
118.210 0.870
118.200 0.870
118.190 0.870
118.180 0.870
118.180 0.880
118.170 0.880
118.160 0.880
118.150 0.880
118.140 0.880
118.140 0.890
118.130 0.890
118.120 0.890
118.110 0.890
118.100 0.890
118.090 0.890
118.090 0.900
118.080 0.900
118.070 0.900
118.060 0.900
118.060 0.910
118.050 0.910
118.050 0.920
118.050 0.930
118.060 0.930
118.060 0.940
118.050 0.940
118.050 0.950
118.040 0.950
118.030 0.950
118.020 0.950
118.010 0.950
118.010 0.960
118.000 0.960
118.000 0.970
118.000 0.980
118.000 0.990
117.990 1.000
117.980 1.000
117.980 0.990
117.990 0.990
117.990 0.980
117.980 0.980
117.970 0.980
117.970 0.970
117.970 0.960
117.970 0.950
117.980 0.950
117.980 0.940
117.980 0.930
117.980 0.920
117.990 0.920
117.990 0.910
117.990 0.900
118.000 0.900
118.000 0.890
118.010 0.890
118.010 0.880
118.020 0.880
118.020 0.870
118.020 0.860
118.020 0.850
118.020 0.840
118.030 0.840
118.030 0.830
118.030 0.820
118.020 0.820
118.020 0.810
118.020 0.800
118.030 0.800
118.030 0.790
118.030 0.780
118.020 0.780
118.010 0.780
118.010 0.770
118.000 0.770
117.990 0.770
117.980 0.780
117.980 0.770
117.970 0.770
117.970 0.780
117.960 0.780
117.960 0.790
117.950 0.790
117.950 0.800
117.940 0.800
117.930 0.800
117.920 0.800
117.920 0.810
117.920 0.820
117.920 0.830
117.920 0.840
117.910 0.840
117.910 0.830
117.900 0.830
117.890 0.830
117.880 0.830
117.880 0.820
117.870 0.820
117.870 0.810
117.860 0.810
117.850 0.810
117.840 0.810
117.830 0.810
117.830 0.800
117.820 0.800
117.810 0.800
117.810 0.790
117.800 0.790
117.800 0.780
117.790 0.780
117.780 0.780
117.780 0.770
117.770 0.770
117.760 0.770
117.760 0.760
117.750 0.760
117.750 0.750
117.740 0.750
117.740 0.740
117.740 0.730
117.730 0.730
117.730 0.720
117.720 0.720
117.720 0.710
117.720 0.700
117.710 0.700
117.710 0.690
117.710 0.680
117.710 0.670
117.710 0.660
117.710 0.650
117.710 0.640
117.710 0.630
117.710 0.620
117.700 0.620
117.690 0.620
117.680 0.620
117.670 0.620
117.670 0.610
117.670 0.600
117.670 0.590
117.660 0.580
117.660 0.570
117.660 0.560
117.650 0.560
117.650 0.550
117.650 0.540
117.660 0.530
117.650 0.530
117.640 0.530
117.630 0.530
117.630 0.520
117.630 0.510
117.620 0.500
117.610 0.500
117.610 0.490
117.600 0.480
117.600 0.470
117.600 0.460
117.600 0.450
117.610 0.450
117.610 0.440
117.610 0.430
117.610 0.420
117.600 0.420
117.600 0.410
117.590 0.410
117.590 0.400
117.580 0.400
117.570 0.400
117.570 0.390
117.560 0.390
117.560 0.380
117.560 0.370
117.560 0.360
117.550 0.360
117.550 0.350
117.550 0.340
117.550 0.330
117.550 0.320
117.540 0.320
117.530 0.320
117.520 0.320
117.520 0.310
117.530 0.310
117.530 0.300
117.530 0.290
117.530 0.280
117.520 0.280
117.520 0.270
117.520 0.260
117.530 0.260
117.530 0.250
117.520 0.250
117.520 0.240
117.530 0.240
117.530 0.230
117.530 0.220
117.520 0.220
117.520 0.210
117.510 0.210
117.500 0.210
117.500 0.200
117.500 0.190
117.490 0.190
117.490 0.180
117.490 0.170
117.490 0.160
117.500 0.160
117.510 0.160
117.510 0.150
117.510 0.140
117.520 0.140
117.520 0.130
117.520 0.120
117.510 0.120
117.510 0.110
117.500 0.110
117.490 0.110
117.480 0.110
117.480 0.100
117.480 0.090
117.480 0.080
117.480 0.070
117.480 0.060
117.490 0.060
117.500 0.060
117.510 0.060
117.510 0.050
117.500 0.050
117.490 0.040
117.490 0.030
117.500 0.030
117.510 0.030
117.520 0.030
117.520 0.020
117.510 0.020
117.510 0.010
117.510 0.000
117.510 -0.010
117.520 -0.010
117.520 -0.020
117.520 -0.030
117.520 -0.040
117.510 -0.040
117.510 -0.050
117.500 -0.050
117.500 -0.060
117.490 -0.060
117.490 -0.070
117.480 -0.070
117.480 -0.080
117.470 -0.080
117.470 -0.090
117.470 -0.100
117.470 -0.110
117.470 -0.120
117.460 -0.120
117.460 -0.130
117.460 -0.140
117.460 -0.150
117.450 -0.160
117.450 -0.170
117.450 -0.180
117.440 -0.180
117.440 -0.190
117.440 -0.200
117.440 -0.210
117.430 -0.210
117.420 -0.210
117.420 -0.220
117.420 -0.230
117.420 -0.240
117.420 -0.250
117.420 -0.260
117.420 -0.270
117.430 -0.270
117.430 -0.280
117.430 -0.290
117.440 -0.290
117.440 -0.300
117.450 -0.300
117.450 -0.310
117.450 -0.320
117.450 -0.330
117.450 -0.340
117.450 -0.350
117.450 -0.360
117.460 -0.360
117.460 -0.370
117.460 -0.380
117.460 -0.390
117.450 -0.390
117.450 -0.380
117.440 -0.380
117.430 -0.380
117.430 -0.390
117.430 -0.400
117.430 -0.410
117.430 -0.420
117.440 -0.420
117.440 -0.430
117.430 -0.430
117.430 -0.440
117.440 -0.440
117.450 -0.440
117.450 -0.450
117.460 -0.450
117.460 -0.460
117.450 -0.460
117.450 -0.470
117.440 -0.470
117.440 -0.480
117.440 -0.490
117.440 -0.500
117.440 -0.510
117.430 -0.510
117.430 -0.520
117.420 -0.520
117.420 -0.530
117.410 -0.530
117.410 -0.540
117.420 -0.540
117.420 -0.550
117.420 -0.560
117.410 -0.560
117.400 -0.560
117.400 -0.570
117.390 -0.570
117.380 -0.570
117.380 -0.580
117.370 -0.580
117.360 -0.580
117.350 -0.580
117.340 -0.580
117.330 -0.580
117.320 -0.570
117.310 -0.570
117.300 -0.570
117.290 -0.570
117.290 -0.580
117.280 -0.580
117.280 -0.590
117.280 -0.600
117.290 -0.600
117.290 -0.610
117.290 -0.620
117.300 -0.630
117.300 -0.640
117.300 -0.650
117.300 -0.660
117.300 -0.670
117.300 -0.680
117.300 -0.690
117.300 -0.700
117.290 -0.700
117.290 -0.710
117.290 -0.720
117.290 -0.730
117.290 -0.740
117.290 -0.750
117.290 -0.760
117.280 -0.770
117.280 -0.780
117.280 -0.790
117.280 -0.800
117.270 -0.800
117.270 -0.810
117.260 -0.810
117.260 -0.800
117.250 -0.800
117.250 -0.810
117.250 -0.820
117.250 -0.830
117.250 -0.840
117.250 -0.850
117.250 -0.860
117.250 -0.870
117.250 -0.880
117.250 -0.890
117.250 -0.900
117.250 -0.910
117.240 -0.910
117.230 -0.920
117.220 -0.920
117.210 -0.920
117.210 -0.930
117.200 -0.930
117.190 -0.930
117.190 -0.940
117.180 -0.940
117.180 -0.950
117.170 -0.950
117.170 -0.960
117.160 -0.960
117.160 -0.970
117.160 -0.980
117.150 -0.980
117.150 -0.990
117.140 -0.990
117.140 -1.000
117.130 -1.000
117.130 -1.010
117.120 -1.010
117.120 -1.020
117.120 -1.030
117.110 -1.030
117.110 -1.040
117.110 -1.050
117.100 -1.050
117.100 -1.060
117.090 -1.060
117.090 -1.070
117.090 -1.080
117.080 -1.080
117.080 -1.090
117.070 -1.090
117.070 -1.100
117.070 -1.110
117.060 -1.110
117.060 -1.120
117.050 -1.120
117.040 -1.120
117.040 -1.130
117.030 -1.130
117.030 -1.140
117.020 -1.140
117.020 -1.150
117.020 -1.160
117.020 -1.170
117.010 -1.170
117.010 -1.180
117.010 -1.190
117.000 -1.190
117.000 -1.200
116.990 -1.200
116.990 -1.210
116.980 -1.210
116.980 -1.220
116.970 -1.220
116.970 -1.230
116.960 -1.230
116.960 -1.240
116.950 -1.240
116.940 -1.240
116.940 -1.250
116.930 -1.250
116.930 -1.260
116.920 -1.260
116.910 -1.260
116.910 -1.270
116.900 -1.270
116.890 -1.270
116.890 -1.280
116.880 -1.280
116.870 -1.280
116.860 -1.280
116.850 -1.270
116.850 -1.280
116.840 -1.280
116.830 -1.280
116.820 -1.280
116.810 -1.280
116.810 -1.270
116.810 -1.260
116.810 -1.250
116.820 -1.250
116.820 -1.240
116.810 -1.240
116.810 -1.230
116.810 -1.220
116.810 -1.210
116.810 -1.200
116.800 -1.200
116.800 -1.210
116.800 -1.220
116.790 -1.220
116.790 -1.210
116.790 -1.200
116.780 -1.200
116.780 -1.190
116.790 -1.190
116.790 -1.180
116.790 -1.170
116.790 -1.160
116.780 -1.160
116.780 -1.150
116.780 -1.140
116.770 -1.140
116.770 -1.130
116.760 -1.130
116.760 -1.120
116.750 -1.120
116.750 -1.110
116.740 -1.110
116.730 -1.110
116.730 -1.100
116.730 -1.090
116.740 -1.090
116.740 -1.080
116.740 -1.070
116.740 -1.060
116.740 -1.050
116.740 -1.040
116.750 -1.040
116.750 -1.030
116.750 -1.020
116.740 -1.020
116.730 -1.020
116.730 -1.030
116.730 -1.040
116.730 -1.050
116.730 -1.060
116.730 -1.070
116.730 -1.080
116.720 -1.080
116.720 -1.090
116.720 -1.100
116.710 -1.100
116.700 -1.100
116.700 -1.110
116.710 -1.110
116.710 -1.120
116.710 -1.130
116.720 -1.130
116.720 -1.140
116.730 -1.140
116.730 -1.150
116.740 -1.150
116.750 -1.150
116.750 -1.160
116.750 -1.170
116.750 -1.180
116.760 -1.180
116.770 -1.180
116.770 -1.190
116.760 -1.190
116.760 -1.200
116.750 -1.200
116.750 -1.210
116.740 -1.210
116.730 -1.210
116.720 -1.210
116.710 -1.210
116.710 -1.220
116.720 -1.220
116.730 -1.220
116.740 -1.220
116.750 -1.220
116.750 -1.230
116.760 -1.230
116.770 -1.230
116.770 -1.240
116.780 -1.240
116.780 -1.250
116.780 -1.260
116.770 -1.260
116.770 -1.270
116.760 -1.280
116.760 -1.290
116.760 -1.300
116.760 -1.310
116.760 -1.320
116.760 -1.330
116.760 -1.340
116.760 -1.350
116.760 -1.360
116.760 -1.370
116.750 -1.370
116.740 -1.370
116.730 -1.370
116.730 -1.380
116.720 -1.380
116.710 -1.380
116.700 -1.380
116.700 -1.390
116.690 -1.390
116.680 -1.390
116.670 -1.400
116.660 -1.400
116.650 -1.400
116.640 -1.400
116.640 -1.410
116.630 -1.410
116.620 -1.410
116.610 -1.410
116.610 -1.420
116.600 -1.420
116.590 -1.420
116.590 -1.430
116.580 -1.430
116.570 -1.430
116.570 -1.440
116.560 -1.440
116.560 -1.450
116.550 -1.450
116.550 -1.460
116.540 -1.460
116.540 -1.470
116.540 -1.480
116.530 -1.480
116.530 -1.490
116.530 -1.500
116.530 -1.510
116.530 -1.520
116.540 -1.520
116.550 -1.530
116.550 -1.540
116.550 -1.550
116.550 -1.560
116.560 -1.560
116.560 -1.570
116.560 -1.580
116.560 -1.590
116.560 -1.600
116.550 -1.600
116.550 -1.610
116.540 -1.610
116.530 -1.620
116.530 -1.630
116.520 -1.630
116.510 -1.630
116.500 -1.640
116.490 -1.640
116.490 -1.650
116.480 -1.650
116.470 -1.650
116.460 -1.650
116.450 -1.650
116.440 -1.650
116.430 -1.660
116.420 -1.660
116.420 -1.670
116.410 -1.670
116.400 -1.670
116.400 -1.680
116.380 -1.680
116.380 -1.690
116.370 -1.690
116.360 -1.690
116.350 -1.690
116.350 -1.700
116.340 -1.700
116.330 -1.700
116.320 -1.700
116.310 -1.700
116.310 -1.710
116.310 -1.720
116.310 -1.730
116.300 -1.730
116.290 -1.730
116.280 -1.730
116.280 -1.750
116.270 -1.750
116.270 -1.760
116.260 -1.760
116.260 -1.770
116.260 -1.780
116.250 -1.780
116.240 -1.780
116.230 -1.780
116.200 -1.780
116.210 -1.780
116.210 -1.790
116.220 -1.790
116.220 -1.800
116.230 -1.800
116.240 -1.800
116.250 -1.800
116.250 -1.810
116.260 -1.810
116.270 -1.810
116.280 -1.810
116.280 -1.800
116.290 -1.800
116.300 -1.800
116.300 -1.790
116.310 -1.790
116.320 -1.790
116.320 -1.780
116.330 -1.780
116.340 -1.780
116.340 -1.770
116.350 -1.770
116.350 -1.780
116.360 -1.780
116.370 -1.780
116.370 -1.770
116.370 -1.760
116.380 -1.760
116.380 -1.770
116.390 -1.770
116.400 -1.770
116.410 -1.770
116.420 -1.770
116.430 -1.770
116.440 -1.770
116.450 -1.770
116.450 -1.780
116.450 -1.790
116.450 -1.800
116.450 -1.810
116.450 -1.820
116.450 -1.830
116.440 -1.830
116.440 -1.840
116.430 -1.840
116.430 -1.850
116.420 -1.850
116.420 -1.860
116.420 -1.870
116.430 -1.870
116.440 -1.870
116.440 -1.880
116.450 -1.880
116.450 -1.890
116.450 -1.900
116.450 -1.910
116.460 -1.910
116.460 -1.920
116.460 -1.930
116.460 -1.940
116.460 -1.950
116.460 -1.960
116.450 -1.960
116.450 -1.970
116.460 -1.980
116.460 -1.990
116.460 -2.000
116.460 -2.010
116.460 -2.020
116.460 -2.030
116.460 -2.040
116.460 -2.050
116.460 -2.060
116.450 -2.070
116.440 -2.070
116.430 -2.070
116.430 -2.080
116.420 -2.080
116.410 -2.080
116.400 -2.080
116.390 -2.080
116.390 -2.090
116.380 -2.090
116.380 -2.100
116.370 -2.100
116.370 -2.110
116.360 -2.110
116.350 -2.110
116.350 -2.120
116.360 -2.130
116.360 -2.120
116.370 -2.120
116.380 -2.120
116.390 -2.120
116.390 -2.130
116.390 -2.140
116.390 -2.150
116.390 -2.160
116.390 -2.170
116.380 -2.170
116.380 -2.180
116.380 -2.190
116.390 -2.190
116.390 -2.200
116.400 -2.200
116.400 -2.210
116.410 -2.210
116.420 -2.210
116.430 -2.210
116.430 -2.200
116.440 -2.200
116.450 -2.200
116.460 -2.190
116.470 -2.190
116.470 -2.180
116.480 -2.180
116.490 -2.180
116.490 -2.170
116.500 -2.170
116.510 -2.170
116.520 -2.170
116.530 -2.170
116.540 -2.170
116.550 -2.170
116.550 -2.180
116.550 -2.190
116.550 -2.200
116.540 -2.200
116.540 -2.210
116.550 -2.210
116.560 -2.210
116.560 -2.200
116.570 -2.200
116.570 -2.190
116.580 -2.190
116.580 -2.180
116.580 -2.170
116.590 -2.170
116.590 -2.180
116.590 -2.190
116.590 -2.200
116.600 -2.200
116.590 -2.210
116.590 -2.220
116.590 -2.230
116.590 -2.240
116.590 -2.250
116.590 -2.260
116.590 -2.270
116.590 -2.280
116.580 -2.280
116.580 -2.290
116.580 -2.300
116.580 -2.310
116.580 -2.320
116.580 -2.330
116.580 -2.340
116.570 -2.340
116.570 -2.350
116.570 -2.360
116.570 -2.370
116.570 -2.380
116.560 -2.380
116.560 -2.390
116.560 -2.400
116.560 -2.410
116.550 -2.410
116.540 -2.410
116.530 -2.400
116.520 -2.400
116.510 -2.400
116.500 -2.390
116.490 -2.390
116.480 -2.380
116.470 -2.380
116.460 -2.380
116.450 -2.370
116.440 -2.370
116.430 -2.370
116.420 -2.370
116.410 -2.370
116.410 -2.360
116.400 -2.360
116.390 -2.360
116.380 -2.360
116.370 -2.360
116.360 -2.360
116.350 -2.360
116.340 -2.360
116.330 -2.360
116.320 -2.360
116.310 -2.360
116.300 -2.360
116.290 -2.360
116.280 -2.360
116.270 -2.360
116.260 -2.360
116.250 -2.360
116.240 -2.360
116.230 -2.360
116.230 -2.350
116.220 -2.350
116.210 -2.340
116.200 -2.340
116.200 -2.330
116.190 -2.340
116.180 -2.340
116.170 -2.340
116.160 -2.340
116.150 -2.340
116.140 -2.340
116.130 -2.340
116.130 -2.330
116.120 -2.330
116.110 -2.330
116.100 -2.330
116.090 -2.330
116.080 -2.330
116.070 -2.330
116.060 -2.330
116.050 -2.330
116.040 -2.330
116.030 -2.330
116.020 -2.330
116.010 -2.330
116.000 -2.330
116.000 -2.320
115.990 -2.310
115.980 -2.300
115.970 -2.290
115.960 -2.290
115.960 -2.300
115.960 -2.310
115.960 -2.320
115.950 -2.320
115.940 -2.320
115.930 -2.320
115.930 -2.330
115.920 -2.340
115.910 -2.340
115.900 -2.340
115.890 -2.340
115.890 -2.350
115.890 -2.360
115.890 -2.370
115.890 -2.380
115.880 -2.380
115.870 -2.380
115.860 -2.390
115.850 -2.400
115.850 -2.390
115.840 -2.390
115.830 -2.380
115.830 -2.370
115.830 -2.360
115.820 -2.360
115.830 -2.350
115.830 -2.340
115.820 -2.330
115.820 -2.320
115.820 -2.310
115.830 -2.310
115.840 -2.310
115.840 -2.300
115.830 -2.300
115.820 -2.300
115.820 -2.290
115.810 -2.280
115.810 -2.270
115.800 -2.270
115.800 -2.260
115.810 -2.260
115.810 -2.250
115.810 -2.240
115.800 -2.240
115.800 -2.230
115.790 -2.230
115.790 -2.220
115.790 -2.210
115.780 -2.210
115.780 -2.200
115.780 -2.190
115.790 -2.190
115.790 -2.180
115.790 -2.170
115.790 -2.160
115.790 -2.150
115.790 -2.140
115.790 -2.130
115.790 -2.120
115.790 -2.110
115.790 -2.100
115.800 -2.100
115.810 -2.100
115.810 -2.090
115.810 -2.080
115.820 -2.080
115.820 -2.070
115.820 -2.060
115.810 -2.060
115.800 -2.060
115.800 -2.050
115.790 -2.050
115.780 -2.050
115.770 -2.050
115.760 -2.050
115.760 -2.060
115.750 -2.060
115.740 -2.060
115.730 -2.060
115.730 -2.050
115.730 -2.040
115.720 -2.040
115.710 -2.040
115.710 -2.030
115.710 -2.020
115.720 -2.020
115.730 -2.010
115.730 -2.000
115.720 -1.990
115.710 -1.990
115.700 -1.990
115.700 -1.980
115.710 -1.970
115.710 -1.960
115.720 -1.950
115.720 -1.940
115.730 -1.930
115.720 -1.930
115.720 -1.920
115.730 -1.910
115.730 -1.900
115.730 -1.890
115.730 -1.880
115.730 -1.870
115.730 -1.860
115.720 -1.850
115.720 -1.840
115.730 -1.840
115.730 -1.830
115.730 -1.820
115.730 -1.810
115.730 -1.800
115.730 -1.790
115.730 -1.780
115.720 -1.780
115.720 -1.770
115.710 -1.770
115.710 -1.760
115.700 -1.750
115.700 -1.740
115.700 -1.730
115.690 -1.730
115.680 -1.730
115.680 -1.720
115.670 -1.720
115.670 -1.710
115.670 -1.700
115.670 -1.690
115.670 -1.680
115.670 -1.670
115.680 -1.660
115.680 -1.650
115.670 -1.650
115.670 -1.640
115.660 -1.640
115.650 -1.640
115.650 -1.630
115.650 -1.620
115.640 -1.620
115.630 -1.620
115.630 -1.610
115.630 -1.600
115.630 -1.590
115.630 -1.580
115.630 -1.570
115.640 -1.560
115.640 -1.550
115.630 -1.550
115.630 -1.540
115.620 -1.540
115.610 -1.540
115.610 -1.550
115.600 -1.550
115.600 -1.540
115.590 -1.540
115.590 -1.530
115.580 -1.520
115.580 -1.530
115.570 -1.530
115.570 -1.540
115.560 -1.540
115.550 -1.540
115.540 -1.540
115.540 -1.530
115.540 -1.520
115.540 -1.510
115.540 -1.500
115.540 -1.490
115.550 -1.490
115.560 -1.490
115.560 -1.480
115.570 -1.480
115.570 -1.470
115.580 -1.470
115.580 -1.460
115.590 -1.450
115.590 -1.440
115.600 -1.440
115.610 -1.430
115.620 -1.430
115.620 -1.420
115.630 -1.420
115.630 -1.410
115.640 -1.410
115.640 -1.400
115.650 -1.390
115.660 -1.380
115.660 -1.390
115.670 -1.390
115.670 -1.400
115.670 -1.410
115.660 -1.410
115.660 -1.420
115.650 -1.420
115.650 -1.430
115.660 -1.430
115.660 -1.440
115.670 -1.440
115.680 -1.440
115.680 -1.430
115.690 -1.430
115.690 -1.420
115.700 -1.420
115.710 -1.410
115.710 -1.400
115.720 -1.400
115.720 -1.390
115.720 -1.380
115.730 -1.370
115.740 -1.370
115.740 -1.360
115.750 -1.360
115.750 -1.350
115.750 -1.340
115.740 -1.340
115.740 -1.330
115.750 -1.330
115.750 -1.320
115.750 -1.310
115.760 -1.310
115.760 -1.300
115.750 -1.300
115.750 -1.290
115.750 -1.280
115.760 -1.280
115.760 -1.270
115.760 -1.260
115.760 -1.250
115.760 -1.240
115.770 -1.240
115.770 -1.230
115.770 -1.220
115.780 -1.220
115.780 -1.210
115.790 -1.210
115.790 -1.200
115.800 -1.200
115.800 -1.190
115.810 -1.190
115.810 -1.180
115.820 -1.180
115.830 -1.180
115.830 -1.170
115.840 -1.170
115.850 -1.160
115.850 -1.150
115.840 -1.150
115.840 -1.140
115.830 -1.140
115.820 -1.140
115.820 -1.130
115.810 -1.130
115.810 -1.120
115.800 -1.120
115.800 -1.110
115.790 -1.110
115.790 -1.120
115.780 -1.120
115.780 -1.130
115.770 -1.130
115.770 -1.140
115.760 -1.140
115.760 -1.130
115.750 -1.130
115.750 -1.120
115.750 -1.110
115.750 -1.100
115.740 -1.090
115.730 -1.090
115.720 -1.080
115.710 -1.070
115.710 -1.060
115.700 -1.060
115.690 -1.050
115.690 -1.060
115.680 -1.060
115.670 -1.060
115.670 -1.050
115.670 -1.040
115.660 -1.040
115.660 -1.030
115.660 -1.020
115.660 -1.010
115.660 -1.000
115.650 -0.990
115.640 -0.990
115.640 -0.980
115.630 -0.980
115.630 -0.970
115.620 -0.970
115.610 -0.960
115.600 -0.960
115.590 -0.950
115.580 -0.950
115.580 -0.940
115.570 -0.940
115.570 -0.930
115.560 -0.930
115.560 -0.920
115.550 -0.920
115.550 -0.910
115.550 -0.900
115.540 -0.900
115.540 -0.890
115.530 -0.880
115.530 -0.870
115.520 -0.870
115.520 -0.860
115.510 -0.860
115.510 -0.850
115.500 -0.850
115.500 -0.840
115.490 -0.840
115.480 -0.840
115.470 -0.840
115.470 -0.830
115.460 -0.830
115.450 -0.830
115.440 -0.830
115.430 -0.830
115.420 -0.830
115.410 -0.830
115.400 -0.820
115.390 -0.820
115.390 -0.810
115.380 -0.810
115.380 -0.800
115.380 -0.790
115.370 -0.790
115.370 -0.780
115.370 -0.770
115.370 -0.760
115.370 -0.750
115.370 -0.740
115.370 -0.730
115.370 -0.720
115.370 -0.710
115.370 -0.700
115.370 -0.690
115.370 -0.680
115.360 -0.670
115.360 -0.660
115.360 -0.650
115.360 -0.640
115.360 -0.630
115.360 -0.620
115.360 -0.610
115.360 -0.600
115.360 -0.590
115.350 -0.590
115.350 -0.580
115.340 -0.570
115.330 -0.570
115.330 -0.560
115.320 -0.560
115.320 -0.550
115.320 -0.540
115.320 -0.530
115.320 -0.520
115.310 -0.520
115.310 -0.510
115.300 -0.510
115.300 -0.500
115.290 -0.490
115.270 -0.470
115.260 -0.460
115.250 -0.450
115.240 -0.450
115.250 -0.440
115.260 -0.430
115.260 -0.420
115.260 -0.410
115.260 -0.400
115.260 -0.390
115.260 -0.380
115.250 -0.380
115.240 -0.380
115.240 -0.370
115.240 -0.360
115.240 -0.350
115.230 -0.350
115.230 -0.340
115.230 -0.330
115.230 -0.320
115.230 -0.310
115.230 -0.300
115.230 -0.290
115.240 -0.290
115.250 -0.290
115.250 -0.280
115.250 -0.270
115.250 -0.260
115.250 -0.250
115.240 -0.240
115.240 -0.230
115.250 -0.230
115.250 -0.220
115.250 -0.210
115.260 -0.210
115.260 -0.200
115.270 -0.190
115.270 -0.180
115.270 -0.170
115.270 -0.160
115.270 -0.150
115.270 -0.140
115.280 -0.140
115.290 -0.140
115.290 -0.130
115.300 -0.130
115.300 -0.120
115.310 -0.120
115.310 -0.110
115.320 -0.100
115.320 -0.090
115.320 -0.080
115.320 -0.070
115.310 -0.070
115.310 -0.060
115.300 -0.060
115.300 -0.050
115.300 -0.040
115.300 -0.030
115.290 -0.030
115.290 -0.040
115.280 -0.040
115.280 -0.050
115.270 -0.050
115.260 -0.050
115.250 -0.050
115.240 -0.050
115.240 -0.060
115.230 -0.060
115.230 -0.070
115.220 -0.070
115.210 -0.070
115.200 -0.070
115.190 -0.070
115.190 -0.080
115.180 -0.090
115.170 -0.090
115.170 -0.100
115.160 -0.100
115.150 -0.100
115.150 -0.110
115.150 -0.120
115.150 -0.130
115.140 -0.140
115.130 -0.140
115.120 -0.140
115.110 -0.140
115.100 -0.140
115.100 -0.150
115.090 -0.150
115.080 -0.150
115.080 -0.160
115.070 -0.160
115.060 -0.170
115.060 -0.180
115.050 -0.180
115.050 -0.190
115.040 -0.190
115.030 -0.190
115.030 -0.180
115.020 -0.180
115.010 -0.180
115.000 -0.180
114.990 -0.180
114.990 -0.170
114.980 -0.170
114.980 -0.180
114.970 -0.180
114.960 -0.180
114.950 -0.190
114.940 -0.190
114.930 -0.190
114.930 -0.180
114.930 -0.170
114.930 -0.160
114.930 -0.150
114.930 -0.140
114.920 -0.140
114.920 -0.130
114.920 -0.120
114.930 -0.110
114.930 -0.100
114.930 -0.090
114.920 -0.090
114.920 -0.080
114.920 -0.070
114.910 -0.070
114.910 -0.060
114.910 -0.050
114.900 -0.050
114.900 -0.040
114.900 -0.030
114.900 -0.020
114.900 -0.010
114.900 0.000
114.890 0.010
114.890 0.020
114.890 0.030
114.890 0.040
114.900 0.040
114.890 0.050
114.880 0.050
114.880 0.060
114.870 0.060
114.860 0.060
114.850 0.060
114.850 0.070
114.840 0.070
114.840 0.080
114.830 0.080
114.820 0.080
114.820 0.070
114.810 0.070
114.810 0.080
114.800 0.080
114.800 0.090
114.790 0.090
114.790 0.100
114.790 0.110
114.790 0.120
114.800 0.130
114.800 0.140
114.810 0.140
114.810 0.150
114.810 0.160
114.810 0.170
114.800 0.170
114.800 0.180
114.810 0.180
114.810 0.190
114.820 0.190
114.830 0.200
114.830 0.210
114.830 0.220
114.830 0.230
114.840 0.230
114.850 0.230
114.860 0.230
114.860 0.240
114.860 0.250
114.870 0.250
114.870 0.260
114.870 0.270
114.880 0.270
114.890 0.280
114.890 0.290
114.890 0.300
114.890 0.310
114.900 0.310
114.910 0.320
114.920 0.320
114.920 0.330
114.930 0.330
114.940 0.330
114.950 0.330
114.950 0.320
114.960 0.320
114.970 0.320
114.980 0.330
114.990 0.320
115.000 0.320
115.010 0.330
115.020 0.330
115.030 0.330
115.030 0.320
115.040 0.310
115.040 0.300
115.050 0.300
115.050 0.310
115.050 0.320
115.060 0.320
115.070 0.320
115.070 0.330
115.080 0.330
115.090 0.330
115.090 0.340
115.090 0.350
115.100 0.350
115.110 0.360
115.120 0.360
115.120 0.370
115.130 0.370
115.130 0.380
115.130 0.390
115.140 0.400
115.140 0.410
115.140 0.420
115.140 0.430
115.130 0.430
115.130 0.440
115.120 0.440
115.110 0.450
115.110 0.460
115.100 0.460
115.100 0.470
115.090 0.470
115.090 0.480
115.090 0.490
115.080 0.490
115.080 0.500
115.080 0.510
115.070 0.520
115.060 0.530
115.060 0.540
115.050 0.540
115.050 0.550
115.040 0.550
115.040 0.560
115.030 0.570
115.030 0.580
115.020 0.580
115.020 0.590
115.020 0.600
115.010 0.610
115.010 0.620
115.010 0.630
115.000 0.640
115.000 0.660
115.000 0.670
115.000 0.680
114.990 0.690
114.990 0.710
114.990 0.720
114.980 0.730
114.980 0.740
114.970 0.750
114.960 0.760
114.950 0.760
114.950 0.770
114.940 0.770
114.940 0.780
114.930 0.780
114.920 0.780
114.920 0.790
114.910 0.790
114.910 0.780
114.910 0.770
114.900 0.770
114.890 0.770
114.890 0.760
114.880 0.760
114.880 0.750
114.870 0.750
114.870 0.740
114.870 0.730
114.860 0.730
114.860 0.720
114.870 0.720
114.880 0.710
114.880 0.700
114.870 0.700
114.860 0.700
114.860 0.710
114.850 0.710
114.850 0.720
114.840 0.720
114.840 0.730
114.840 0.740
114.830 0.740
114.830 0.750
114.820 0.750
114.810 0.750
114.810 0.740
114.800 0.740
114.790 0.740
114.790 0.730
114.780 0.730
114.770 0.730
114.770 0.740
114.760 0.740
114.750 0.740
114.750 0.730
114.740 0.730
114.740 0.720
114.730 0.720
114.730 0.710
114.720 0.710
114.710 0.710
114.700 0.710
114.700 0.720
114.710 0.720
114.710 0.730
114.700 0.730
114.690 0.720
114.680 0.720
114.680 0.710
114.670 0.710
114.660 0.710
114.660 0.700
114.650 0.700
114.650 0.690
114.650 0.680
114.640 0.680
114.640 0.670
114.630 0.670
114.630 0.660
114.620 0.660
114.620 0.650
114.620 0.640
114.610 0.640
114.610 0.650
114.600 0.650
114.600 0.640
114.590 0.640
114.590 0.630
114.580 0.630
114.570 0.630
114.560 0.630
114.550 0.630
114.540 0.630
114.530 0.620
114.530 0.610
114.540 0.610
114.540 0.600
114.540 0.590
114.530 0.590
114.530 0.580
114.520 0.570
114.510 0.560
114.510 0.570
114.500 0.570
114.490 0.570
114.480 0.570
114.470 0.570
114.460 0.570
114.450 0.560
114.450 0.550
114.440 0.550
114.430 0.550
114.430 0.540
114.430 0.530
114.430 0.520
114.430 0.510
114.430 0.500
114.420 0.500
114.410 0.500
114.400 0.500
114.400 0.510
114.390 0.510
114.380 0.510
114.370 0.510
114.370 0.520
114.360 0.520
114.360 0.530
114.350 0.530
114.340 0.540
114.330 0.540
114.320 0.540
114.310 0.540
114.300 0.540
114.290 0.540
114.280 0.540
114.270 0.540
114.260 0.530
114.250 0.530
114.250 0.540
114.240 0.540
114.240 0.530
114.230 0.530
114.220 0.530
114.210 0.530
114.210 0.540
114.200 0.540
114.190 0.540
114.190 0.550
114.190 0.560
114.190 0.570
114.180 0.570
114.180 0.580
114.170 0.580
114.160 0.580
114.150 0.580
114.150 0.590
114.150 0.600
114.160 0.610
114.170 0.610
114.170 0.620
114.170 0.630
114.170 0.640
114.170 0.650
114.160 0.650
114.160 0.660
114.160 0.670
114.150 0.670
114.150 0.680
114.140 0.680
114.130 0.680
114.130 0.690
114.120 0.690
114.120 0.700
114.110 0.700
114.100 0.700
114.090 0.700
114.080 0.700
114.070 0.700
114.070 0.690
114.060 0.690
114.050 0.680
114.040 0.680
114.040 0.670
114.030 0.670
114.020 0.670
114.010 0.670
114.010 0.660
114.010 0.650
114.000 0.650
114.000 0.660
113.990 0.660
113.990 0.670
113.980 0.670
113.970 0.670
113.970 0.660
113.960 0.660
113.950 0.660
113.940 0.660
113.930 0.660
113.930 0.650
113.920 0.650
113.920 0.660
113.910 0.660
113.900 0.650
113.900 0.640
113.890 0.640
113.880 0.640
113.880 0.650
113.880 0.660
113.870 0.660
113.860 0.660
113.850 0.660
113.840 0.670
113.840 0.680
113.840 0.690
113.840 0.700
113.850 0.710
113.860 0.710
113.870 0.710
113.880 0.710
113.880 0.720
113.890 0.730
113.890 0.740
113.900 0.740
113.900 0.750
113.890 0.750
113.890 0.760
113.890 0.770
113.890 0.780
113.890 0.790
113.890 0.800
113.900 0.800
113.900 0.810
113.910 0.810
113.920 0.820
113.920 0.830
113.930 0.830
113.930 0.840
113.920 0.850
113.910 0.850
113.910 0.860
113.900 0.870
113.890 0.870
113.890 0.880
113.880 0.880
113.880 0.890
113.870 0.890
113.870 0.900
113.880 0.900
113.880 0.910
113.880 0.920
113.880 0.930
113.890 0.940
113.890 0.950
113.900 0.950
113.910 0.950
113.910 0.960
113.910 0.970
113.920 0.970
113.920 0.980
113.920 0.990
113.920 1.000
113.920 1.010
113.910 1.010
113.910 1.020
113.900 1.020
113.890 1.020
113.890 1.030
113.890 1.040
113.890 1.050
113.900 1.050
113.900 1.060
113.910 1.060
113.920 1.060
113.930 1.060
113.940 1.060
113.950 1.070
113.950 1.080
113.950 1.090
113.960 1.090
113.960 1.100
113.960 1.110
113.960 1.120
113.970 1.120
113.970 1.130
113.980 1.130
113.980 1.140
113.990 1.140
113.990 1.150
114.000 1.150
114.010 1.150
114.010 1.140
114.020 1.140
114.020 1.150
114.030 1.150
114.040 1.150
114.040 1.140
114.040 1.130
114.050 1.130
114.050 1.140
114.060 1.140
114.070 1.150
114.080 1.160
114.090 1.160
114.090 1.150
114.100 1.150
114.110 1.150
114.120 1.150
114.120 1.160
114.120 1.170
114.130 1.170
114.130 1.180
114.140 1.180
114.140 1.190
114.140 1.200
114.140 1.210
114.140 1.220
114.130 1.220
114.130 1.230
114.140 1.240
114.140 1.250
114.150 1.260
114.160 1.260
114.160 1.270
114.160 1.280
114.150 1.290
114.140 1.290
114.140 1.300
114.150 1.300
114.150 1.310
114.160 1.310
114.150 1.320
114.150 1.330
114.150 1.340
114.150 1.350
114.150 1.360
114.150 1.370
114.150 1.380
114.150 1.390
114.160 1.390
114.170 1.400
114.180 1.400
114.190 1.400
114.190 1.410
114.200 1.410
114.210 1.410
114.220 1.420
114.220 1.430
114.230 1.430
114.230 1.440
114.240 1.440
114.240 1.450
114.250 1.450
114.260 1.450
114.270 1.450
114.280 1.450
114.290 1.450
114.290 1.460
114.300 1.460
114.300 1.470
114.310 1.470
114.320 1.470
114.330 1.480
114.340 1.480
114.350 1.480
114.360 1.490
114.370 1.490
114.380 1.490
114.380 1.500
114.390 1.510
114.390 1.520
114.400 1.520
114.410 1.520
114.410 1.510
114.420 1.510
114.420 1.500
114.430 1.500
114.440 1.490
114.450 1.490
114.450 1.480
114.460 1.480
114.470 1.480
114.470 1.470
114.480 1.470
114.490 1.470
114.500 1.470
114.510 1.460
114.510 1.450
114.520 1.450
114.520 1.440
114.530 1.440
114.540 1.440
114.540 1.430
114.550 1.430
114.560 1.430
114.570 1.430
114.570 1.440
114.580 1.440
114.580 1.450
114.580 1.460
114.590 1.460
114.590 1.450
114.600 1.440
114.600 1.430
114.610 1.430
114.610 1.420
114.630 1.410
114.630 1.400
114.640 1.390
114.650 1.380
114.650 1.370
114.660 1.360
114.670 1.350
114.680 1.350
114.700 1.350
114.710 1.340
114.720 1.340
114.740 1.340
114.750 1.330
114.760 1.330
114.780 1.320
114.790 1.320
114.810 1.310
114.830 1.310
114.840 1.310
114.860 1.300
114.870 1.300
114.880 1.290
114.890 1.290
114.900 1.290
114.910 1.280
114.920 1.280
114.930 1.270
114.940 1.270
114.940 1.260
114.960 1.260
114.970 1.250
114.990 1.240
115.000 1.230
115.010 1.220
115.020 1.210
115.040 1.200
115.050 1.190
115.060 1.180
115.070 1.170
115.070 1.160
115.080 1.150
115.090 1.150
115.090 1.140
115.090 1.130
115.100 1.130
115.100 1.120
115.100 1.110
115.110 1.110
115.120 1.100
115.130 1.100
115.140 1.090
115.150 1.090
115.160 1.090
115.180 1.090
115.200 1.090
115.210 1.090
115.220 1.090
115.240 1.090
115.250 1.090
115.270 1.090
115.290 1.090
115.310 1.090
115.320 1.090
115.330 1.090
115.340 1.090
115.360 1.090
115.380 1.090
115.390 1.090
115.420 1.090
115.430 1.090
115.440 1.090
115.450 1.090
115.450 1.100
115.460 1.100
115.470 1.100
115.480 1.100
115.480 1.110
115.480 1.120
115.490 1.120
115.490 1.130
115.490 1.140
115.490 1.150
115.490 1.160
115.490 1.170
115.500 1.190
115.500 1.200
115.500 1.210
115.500 1.220
115.500 1.230
115.500 1.240
115.500 1.250
115.500 1.270
115.500 1.280
115.500 1.290
115.500 1.300
115.500 1.310
115.500 1.320
115.500 1.330
115.500 1.340
115.500 1.350
115.510 1.350
115.510 1.360
115.520 1.360
115.560 1.360
115.570 1.360
115.580 1.360
115.590 1.360
115.600 1.360
115.610 1.360
115.620 1.360
115.630 1.370
115.640 1.370
115.650 1.370
115.660 1.370
115.680 1.370
115.690 1.380
115.700 1.380
115.720 1.380
115.730 1.380
115.740 1.390
115.760 1.390
115.770 1.390
115.780 1.390
115.790 1.400
115.800 1.400
115.810 1.400
115.820 1.400
115.830 1.410
115.840 1.410
115.850 1.410
115.850 1.420
115.860 1.420
115.870 1.420
115.880 1.420
115.890 1.420
115.900 1.420
115.900 1.430
115.910 1.430
115.920 1.440
115.930 1.450
115.930 1.460
115.940 1.470
115.940 1.480
115.940 1.490
115.950 1.490
115.950 1.500
115.950 1.510
115.960 1.510
115.960 1.520
115.960 1.530
115.970 1.530
115.980 1.540
115.980 1.550
115.990 1.560
116.000 1.570
116.010 1.580
116.020 1.590
116.030 1.600
116.030 1.610
116.040 1.630
116.050 1.640
116.060 1.650
116.070 1.660
116.080 1.680
116.090 1.690
116.100 1.700
116.110 1.720
REGION 1
1858
115.540 3.330
115.550 3.330
115.550 3.340
115.550 3.350
115.550 3.360
115.550 3.370
115.550 3.380
115.560 3.390
115.560 3.400
115.570 3.400
115.570 3.420
115.580 3.420
115.580 3.440
115.590 3.450
115.600 3.450
115.610 3.450
115.620 3.450
115.620 3.440
115.620 3.430
115.620 3.420
115.630 3.420
115.630 3.410
115.640 3.420
115.640 3.430
115.650 3.430
115.650 3.440
115.660 3.450
115.650 3.450
115.650 3.460
115.650 3.470
115.640 3.480
115.620 3.510
115.620 3.520
115.610 3.540
115.610 3.550
115.620 3.550
115.620 3.560
115.610 3.560
115.610 3.570
115.610 3.580
115.600 3.590
115.590 3.590
115.590 3.600
115.580 3.630
115.580 3.650
115.580 3.660
115.580 3.690
115.580 3.710
115.580 3.720
115.590 3.760
115.600 3.780
115.610 3.810
115.610 3.820
115.620 3.840
115.630 3.850
115.630 3.860
115.630 3.870
115.630 3.880
115.620 3.890
115.610 3.890
115.600 3.900
115.590 3.910
115.580 3.910
115.570 3.920
115.570 3.930
115.570 3.940
115.580 3.940
115.590 3.940
115.610 3.940
115.620 3.950
115.640 3.960
115.660 3.990
115.660 4.010
115.680 4.050
115.680 4.070
115.690 4.090
115.690 4.110
115.690 4.120
115.680 4.130
115.690 4.130
115.690 4.140
115.690 4.160
115.690 4.170
115.700 4.170
115.700 4.180
115.700 4.190
115.710 4.190
115.720 4.190
115.730 4.190
115.730 4.200
115.740 4.200
115.740 4.210
115.750 4.210
115.760 4.210
115.760 4.220
115.770 4.230
115.770 4.240
115.780 4.240
115.790 4.240
115.800 4.240
115.800 4.230
115.800 4.220
115.810 4.220
115.820 4.220
115.830 4.230
115.830 4.240
115.830 4.250
115.830 4.260
115.840 4.260
115.840 4.270
115.850 4.270
115.850 4.280
115.860 4.280
115.860 4.290
115.870 4.290
115.880 4.290
115.880 4.300
115.880 4.310
115.870 4.310
115.870 4.320
115.870 4.330
115.870 4.340
115.870 4.350
115.880 4.350
115.880 4.360
115.880 4.370
115.880 4.380
115.880 4.390
115.890 4.390
115.900 4.390
115.910 4.390
115.910 4.380
115.920 4.380
115.920 4.370
115.920 4.360
115.930 4.360
115.930 4.350
115.940 4.350
115.950 4.350
115.960 4.350
115.970 4.350
115.980 4.350
115.990 4.350
116.000 4.350
116.010 4.340
116.020 4.340
116.020 4.330
116.030 4.330
116.030 4.320
116.040 4.320
116.040 4.310
116.040 4.300
116.040 4.290
116.050 4.290
116.050 4.280
116.060 4.280
116.070 4.280
116.070 4.270
116.080 4.270
116.080 4.280
116.090 4.280
116.090 4.290
116.090 4.300
116.100 4.300
116.100 4.310
116.100 4.320
116.110 4.320
116.110 4.330
116.120 4.330
116.130 4.330
116.140 4.340
116.150 4.340
116.160 4.340
116.160 4.350
116.160 4.360
116.160 4.370
116.160 4.380
116.170 4.380
116.180 4.380
116.190 4.380
116.200 4.380
116.210 4.370
116.210 4.380
116.220 4.380
116.230 4.380
116.240 4.380
116.240 4.370
116.250 4.370
116.260 4.370
116.270 4.360
116.280 4.360
116.290 4.370
116.300 4.370
116.310 4.370
116.320 4.370
116.330 4.380
116.340 4.380
116.350 4.380
116.360 4.380
116.370 4.380
116.370 4.370
116.380 4.370
116.380 4.360
116.390 4.360
116.400 4.360
116.400 4.350
116.410 4.350
116.410 4.340
116.410 4.330
116.420 4.330
116.430 4.330
116.430 4.320
116.430 4.310
116.430 4.300
116.440 4.290
116.450 4.290
116.460 4.290
116.470 4.300
116.480 4.300
116.480 4.310
116.480 4.320
116.490 4.330
116.500 4.330
116.500 4.320
116.510 4.320
116.520 4.320
116.530 4.320
116.540 4.330
116.540 4.340
116.530 4.340
116.530 4.350
116.530 4.360
116.530 4.370
116.540 4.370
116.540 4.380
116.550 4.380
116.560 4.390
116.560 4.400
116.570 4.400
116.570 4.390
116.580 4.390
116.580 4.380
116.590 4.370
116.600 4.370
116.610 4.370
116.610 4.360
116.610 4.350
116.610 4.340
116.620 4.340
116.620 4.330
116.630 4.330
116.640 4.330
116.650 4.330
116.650 4.340
116.660 4.340
116.660 4.350
116.670 4.350
116.670 4.340
116.680 4.340
116.690 4.340
116.700 4.340
116.710 4.340
116.720 4.340
116.730 4.350
116.740 4.360
116.740 4.370
116.740 4.380
116.750 4.380
116.760 4.380
116.760 4.370
116.770 4.370
116.770 4.360
116.780 4.360
116.780 4.350
116.780 4.340
116.790 4.340
116.800 4.340
116.810 4.340
116.820 4.340
116.820 4.330
116.830 4.330
116.840 4.330
116.850 4.330
116.860 4.330
116.870 4.330
116.870 4.340
116.880 4.340
116.880 4.350
116.890 4.350
116.900 4.360
116.910 4.360
116.920 4.360
116.920 4.350
116.930 4.350
116.940 4.350
116.950 4.350
116.950 4.340
116.960 4.340
116.970 4.340
116.980 4.340
116.990 4.340
117.000 4.340
117.010 4.330
117.010 4.320
117.020 4.320
117.030 4.330
117.030 4.340
117.040 4.340
117.050 4.340
117.060 4.340
117.070 4.340
117.080 4.340
117.090 4.330
117.100 4.330
117.110 4.330
117.120 4.330
117.120 4.340
117.130 4.340
117.140 4.340
117.150 4.340
117.160 4.340
117.170 4.330
117.180 4.330
117.180 4.340
117.190 4.340
117.200 4.340
117.210 4.340
117.210 4.350
117.210 4.360
117.220 4.360
117.230 4.360
117.230 4.370
117.240 4.370
117.250 4.370
117.250 4.360
117.260 4.360
117.270 4.360
117.270 4.350
117.280 4.340
117.290 4.340
117.290 4.330
117.300 4.320
117.310 4.320
117.310 4.310
117.320 4.310
117.320 4.300
117.330 4.300
117.340 4.300
117.340 4.290
117.350 4.290
117.360 4.290
117.370 4.290
117.380 4.280
117.380 4.270
117.390 4.260
117.400 4.260
117.410 4.250
117.420 4.250
117.420 4.240
117.430 4.240
117.430 4.230
117.430 4.220
117.430 4.210
117.440 4.210
117.440 4.200
117.450 4.200
117.450 4.190
117.460 4.190
117.460 4.180
117.470 4.180
117.480 4.180
117.490 4.180
117.490 4.170
117.500 4.170
117.510 4.170
117.520 4.170
117.520 4.160
117.530 4.160
117.530 4.170
117.540 4.170
117.550 4.170
117.560 4.170
117.560 4.180
117.570 4.180
117.580 4.180
117.590 4.180
117.590 4.170
117.590 4.160
117.580 4.160
117.580 4.150
117.570 4.150
117.560 4.150
117.550 4.150
117.550 4.140
117.540 4.140
117.540 4.130
117.530 4.120
117.530 4.110
117.520 4.110
117.520 4.100
117.510 4.100
117.500 4.100
117.500 4.110
117.490 4.110
117.480 4.110
117.470 4.110
117.470 4.120
117.460 4.120
117.450 4.120
117.450 4.130
117.440 4.130
117.430 4.130
117.430 4.140
117.420 4.140
117.420 4.150
117.410 4.150
117.400 4.150
117.390 4.150
117.380 4.150
117.370 4.150
117.370 4.140
117.380 4.140
117.390 4.140
117.390 4.130
117.400 4.130
117.410 4.130
117.410 4.120
117.420 4.120
117.420 4.110
117.410 4.110
117.410 4.100
117.400 4.100
117.390 4.100
117.380 4.100
117.370 4.100
117.360 4.100
117.360 4.090
117.370 4.090
117.380 4.090
117.390 4.090
117.400 4.090
117.410 4.090
117.420 4.090
117.430 4.090
117.440 4.090
117.450 4.090
117.460 4.090
117.460 4.080
117.470 4.080
117.470 4.070
117.470 4.060
117.470 4.050
117.460 4.050
117.450 4.050
117.460 4.040
117.450 4.040
117.450 4.030
117.440 4.030
117.440 4.020
117.440 4.010
117.440 4.000
117.450 4.000
117.450 3.990
117.450 3.980
117.460 3.980
117.460 3.970
117.460 3.960
117.460 3.950
117.460 3.940
117.460 3.930
117.470 3.930
117.470 3.920
117.480 3.920
117.490 3.920
117.490 3.910
117.500 3.910
117.510 3.910
117.510 3.920
117.520 3.920
117.530 3.920
117.540 3.920
117.550 3.920
117.560 3.920
117.560 3.910
117.570 3.910
117.570 3.900
117.570 3.890
117.580 3.890
117.580 3.880
117.590 3.880
117.600 3.880
117.610 3.870
117.620 3.870
117.630 3.870
117.640 3.870
117.640 3.880
117.650 3.880
117.660 3.880
117.670 3.880
117.680 3.880
117.680 3.870
117.690 3.870
117.700 3.870
117.700 3.860
117.710 3.860
117.710 3.850
117.720 3.850
117.720 3.840
117.730 3.840
117.730 3.830
117.730 3.820
117.730 3.810
117.740 3.810
117.740 3.800
117.750 3.800
117.760 3.800
117.760 3.790
117.770 3.790
117.780 3.790
117.780 3.780
117.780 3.770
117.790 3.770
117.790 3.760
117.780 3.750
117.780 3.760
117.770 3.760
117.760 3.760
117.750 3.760
117.750 3.770
117.740 3.770
117.730 3.770
117.720 3.770
117.710 3.770
117.700 3.770
117.690 3.770
117.690 3.780
117.680 3.780
117.670 3.780
117.670 3.790
117.660 3.790
117.660 3.780
117.650 3.780
117.650 3.770
117.640 3.770
117.640 3.780
117.630 3.780
117.620 3.780
117.610 3.780
117.610 3.770
117.600 3.770
117.600 3.780
117.600 3.790
117.600 3.800
117.590 3.800
117.590 3.790
117.580 3.790
117.580 3.780
117.570 3.780
117.560 3.780
117.550 3.780
117.540 3.780
117.540 3.770
117.530 3.770
117.520 3.780
117.520 3.770
117.510 3.770
117.500 3.770
117.500 3.780
117.490 3.770
117.480 3.770
117.480 3.760
117.480 3.750
117.480 3.740
117.480 3.730
117.480 3.720
117.480 3.710
117.470 3.710
117.460 3.710
117.450 3.710
117.450 3.700
117.440 3.700
117.440 3.690
117.430 3.690
117.430 3.700
117.420 3.700
117.410 3.700
117.400 3.700
117.400 3.710
117.400 3.720
117.390 3.720
117.380 3.720
117.370 3.730
117.370 3.720
117.360 3.720
117.350 3.720
117.350 3.710
117.360 3.710
117.370 3.710
117.380 3.710
117.390 3.710
117.390 3.700
117.390 3.690
117.400 3.700
117.400 3.690
117.410 3.690
117.420 3.690
117.430 3.690
117.430 3.680
117.420 3.680
117.430 3.670
117.440 3.670
117.450 3.670
117.450 3.680
117.460 3.680
117.460 3.670
117.470 3.670
117.480 3.670
117.490 3.670
117.500 3.670
117.510 3.670
117.510 3.660
117.520 3.650
117.520 3.640
117.520 3.630
117.520 3.620
117.510 3.620
117.510 3.610
117.500 3.610
117.500 3.600
117.490 3.600
117.480 3.600
117.480 3.610
117.470 3.610
117.460 3.610
117.450 3.610
117.450 3.620
117.440 3.620
117.430 3.620
117.430 3.630
117.420 3.630
117.410 3.630
117.400 3.640
117.390 3.640
117.380 3.640
117.370 3.640
117.360 3.640
117.360 3.630
117.350 3.630
117.340 3.630
117.330 3.630
117.330 3.620
117.320 3.620
117.310 3.620
117.300 3.620
117.290 3.620
117.280 3.620
117.270 3.620
117.260 3.620
117.250 3.620
117.250 3.610
117.240 3.610
117.230 3.610
117.230 3.600
117.230 3.590
117.220 3.590
117.220 3.580
117.210 3.580
117.210 3.570
117.200 3.560
117.200 3.550
117.200 3.540
117.190 3.540
117.190 3.530
117.200 3.530
117.200 3.520
117.210 3.520
117.210 3.510
117.210 3.500
117.220 3.500
117.220 3.490
117.230 3.490
117.230 3.480
117.240 3.480
117.250 3.480
117.250 3.470
117.260 3.470
117.270 3.470
117.280 3.470
117.290 3.470
117.300 3.470
117.310 3.470
117.320 3.470
117.320 3.460
117.310 3.460
117.310 3.450
117.320 3.450
117.330 3.450
117.340 3.450
117.350 3.450
117.360 3.450
117.360 3.440
117.360 3.430
117.360 3.420
117.370 3.420
117.370 3.410
117.380 3.410
117.390 3.410
117.400 3.410
117.400 3.400
117.410 3.400
117.410 3.390
117.410 3.380
117.410 3.370
117.410 3.360
117.410 3.350
117.410 3.340
117.410 3.330
117.400 3.330
117.400 3.320
117.390 3.320
117.380 3.320
117.380 3.310
117.370 3.310
117.370 3.300
117.380 3.300
117.380 3.290
117.380 3.280
117.380 3.270
117.390 3.270
117.390 3.260
117.400 3.260
117.390 3.250
117.390 3.240
117.380 3.240
117.380 3.230
117.370 3.230
117.360 3.230
117.360 3.220
117.350 3.220
117.340 3.220
117.340 3.210
117.330 3.210
117.320 3.210
117.320 3.220
117.310 3.220
117.310 3.230
117.310 3.240
117.300 3.240
117.290 3.240
117.280 3.240
117.270 3.240
117.270 3.250
117.260 3.250
117.250 3.250
117.240 3.250
117.230 3.250
117.220 3.250
117.210 3.250
117.220 3.240
117.230 3.240
117.240 3.240
117.250 3.240
117.260 3.230
117.270 3.230
117.270 3.220
117.270 3.210
117.280 3.210
117.280 3.200
117.290 3.200
117.300 3.210
117.310 3.210
117.310 3.200
117.310 3.190
117.320 3.190
117.320 3.180
117.320 3.170
117.330 3.170
117.330 3.180
117.340 3.180
117.350 3.180
117.360 3.180
117.370 3.180
117.380 3.180
117.380 3.170
117.390 3.170
117.390 3.160
117.390 3.150
117.400 3.150
117.400 3.160
117.410 3.160
117.410 3.170
117.420 3.170
117.430 3.170
117.440 3.170
117.440 3.160
117.450 3.160
117.450 3.150
117.460 3.140
117.460 3.130
117.450 3.130
117.440 3.130
117.440 3.120
117.430 3.120
117.430 3.110
117.420 3.110
117.410 3.110
117.400 3.110
117.390 3.110
117.390 3.100
117.380 3.100
117.380 3.110
117.380 3.120
117.370 3.120
117.360 3.120
117.360 3.110
117.360 3.100
117.360 3.090
117.370 3.090
117.380 3.090
117.380 3.080
117.370 3.080
117.370 3.070
117.360 3.070
117.360 3.080
117.350 3.080
117.350 3.070
117.350 3.060
117.350 3.050
117.360 3.050
117.370 3.050
117.370 3.040
117.370 3.030
117.380 3.030
117.380 3.040
117.390 3.040
117.390 3.030
117.380 3.020
117.390 3.020
117.400 3.020
117.400 3.030
117.400 3.040
117.410 3.040
117.410 3.030
117.420 3.030
117.430 3.030
117.430 3.040
117.440 3.040
117.440 3.050
117.450 3.050
117.460 3.050
117.470 3.050
117.460 3.040
117.470 3.040
117.480 3.050
117.480 3.060
117.490 3.060
117.490 3.070
117.500 3.070
117.510 3.070
117.520 3.070
117.530 3.070
117.540 3.070
117.550 3.070
117.550 3.060
117.550 3.050
117.550 3.040
117.560 3.040
117.560 3.050
117.570 3.050
117.580 3.050
117.590 3.050
117.590 3.060
117.600 3.060
117.610 3.060
117.620 3.060
117.630 3.060
117.630 3.050
117.620 3.050
117.620 3.040
117.620 3.030
117.620 3.020
117.610 3.020
117.600 3.020
117.590 3.020
117.580 3.010
117.590 3.010
117.600 3.010
117.600 3.000
117.590 3.000
117.590 2.990
117.580 2.990
117.580 2.980
117.570 2.980
117.570 2.990
117.570 3.000
117.560 3.000
117.560 3.010
117.560 3.020
117.550 3.020
117.540 3.020
117.530 3.020
117.520 3.020
117.510 3.020
117.510 3.010
117.500 3.010
117.490 3.010
117.500 3.000
117.490 3.000
117.490 2.990
117.480 2.990
117.480 2.980
117.480 2.970
117.470 2.970
117.460 2.970
117.450 2.960
117.450 2.950
117.460 2.960
117.460 2.950
117.470 2.950
117.480 2.950
117.490 2.950
117.490 2.960
117.500 2.960
117.500 2.950
117.510 2.950
117.510 2.940
117.520 2.940
117.530 2.940
117.540 2.940
117.540 2.950
117.560 2.950
117.570 2.950
117.570 2.940
117.580 2.940
117.580 2.930
117.570 2.930
117.560 2.920
117.550 2.920
117.550 2.910
117.540 2.910
117.540 2.900
117.540 2.890
117.550 2.890
117.560 2.890
117.570 2.890
117.570 2.880
117.580 2.880
117.580 2.890
117.590 2.890
117.590 2.880
117.590 2.870
117.590 2.860
117.600 2.860
117.610 2.860
117.610 2.850
117.620 2.850
117.630 2.850
117.640 2.850
117.640 2.860
117.650 2.860
117.650 2.850
117.660 2.850
117.660 2.840
117.650 2.840
117.650 2.830
117.640 2.830
117.640 2.820
117.630 2.820
117.620 2.820
117.610 2.820
117.610 2.830
117.600 2.830
117.590 2.830
117.590 2.820
117.600 2.820
117.600 2.810
117.610 2.810
117.610 2.800
117.620 2.800
117.630 2.800
117.630 2.790
117.640 2.790
117.650 2.790
117.660 2.790
117.670 2.790
117.680 2.790
117.690 2.790
117.690 2.780
117.700 2.780
117.710 2.780
117.720 2.780
117.720 2.770
117.730 2.770
117.740 2.770
117.740 2.760
117.740 2.750
117.750 2.750
117.760 2.750
117.770 2.750
117.780 2.750
117.790 2.750
117.790 2.740
117.790 2.730
117.790 2.720
117.790 2.710
117.790 2.700
117.790 2.690
117.790 2.680
117.790 2.670
117.790 2.660
117.790 2.650
117.790 2.640
117.800 2.640
117.800 2.630
117.800 2.620
117.810 2.620
117.810 2.610
117.820 2.610
117.820 2.600
117.830 2.600
117.830 2.590
117.840 2.590
117.840 2.580
117.850 2.580
117.850 2.570
117.860 2.570
117.860 2.560
117.870 2.560
117.870 2.550
117.880 2.550
117.880 2.540
117.890 2.540
117.890 2.530
117.900 2.530
117.900 2.520
117.910 2.520
117.910 2.510
117.910 2.500
117.920 2.500
117.920 2.490
117.930 2.490
117.930 2.480
117.940 2.480
117.940 2.470
117.950 2.470
117.950 2.460
117.960 2.460
117.960 2.450
117.970 2.450
117.970 2.440
117.960 2.440
117.960 2.430
117.950 2.430
117.950 2.420
117.940 2.410
117.930 2.410
117.930 2.400
117.920 2.400
117.920 2.390
117.910 2.390
117.910 2.380
117.900 2.380
117.900 2.370
117.890 2.370
117.890 2.360
117.880 2.360
117.880 2.350
117.880 2.340
117.870 2.330
117.870 2.320
117.870 2.310
117.870 2.300
117.870 2.290
117.860 2.290
117.850 2.290
117.850 2.300
117.840 2.300
117.840 2.310
117.830 2.310
117.820 2.310
117.810 2.320
117.800 2.320
117.790 2.320
117.780 2.320
117.770 2.330
117.760 2.330
117.750 2.340
117.740 2.340
117.730 2.350
117.720 2.350
117.710 2.360
117.700 2.370
117.690 2.370
117.690 2.380
117.680 2.380
117.670 2.400
117.660 2.410
117.650 2.430
117.640 2.440
117.630 2.450
117.630 2.460
117.620 2.460
117.620 2.470
117.610 2.480
117.600 2.490
117.590 2.490
117.580 2.490
117.570 2.480
117.560 2.480
117.550 2.480
117.540 2.480
117.530 2.490
117.520 2.490
117.510 2.490
117.490 2.490
117.480 2.500
117.470 2.500
117.460 2.500
117.460 2.510
117.450 2.510
117.440 2.510
117.430 2.510
117.430 2.520
117.420 2.520
117.420 2.530
117.410 2.540
117.410 2.550
117.400 2.550
117.400 2.560
117.390 2.570
117.380 2.580
117.370 2.580
117.360 2.590
117.350 2.590
117.340 2.590
117.340 2.600
117.330 2.600
117.320 2.600
117.310 2.600
117.300 2.600
117.290 2.600
117.280 2.600
117.270 2.600
117.260 2.600
117.250 2.600
117.240 2.600
117.230 2.600
117.220 2.590
117.210 2.590
117.200 2.590
117.200 2.580
117.190 2.580
117.180 2.580
117.180 2.570
117.170 2.570
117.160 2.570
117.150 2.570
117.140 2.570
117.130 2.570
117.120 2.570
117.110 2.570
117.100 2.570
117.090 2.570
117.080 2.570
117.080 2.560
117.070 2.560
117.060 2.560
117.050 2.550
117.040 2.540
117.030 2.530
117.020 2.520
117.010 2.520
117.000 2.510
117.000 2.500
116.990 2.500
116.990 2.490
116.980 2.490
116.970 2.490
116.960 2.490
116.950 2.490
116.950 2.480
116.940 2.480
116.930 2.480
116.920 2.480
116.910 2.480
116.900 2.470
116.890 2.470
116.890 2.460
116.880 2.460
116.880 2.450
116.870 2.450
116.870 2.440
116.860 2.440
116.850 2.440
116.850 2.430
116.840 2.430
116.830 2.430
116.820 2.420
116.810 2.420
116.800 2.420
116.790 2.420
116.780 2.410
116.770 2.410
116.760 2.410
116.750 2.410
116.740 2.410
116.730 2.410
116.720 2.410
116.720 2.400
116.710 2.400
116.700 2.400
116.690 2.400
116.680 2.400
116.660 2.410
116.650 2.410
116.640 2.410
116.640 2.420
116.630 2.420
116.620 2.420
116.610 2.420
116.600 2.420
116.590 2.420
116.580 2.420
116.570 2.420
116.560 2.420
116.550 2.420
116.550 2.430
116.540 2.430
116.530 2.440
116.530 2.450
116.520 2.450
116.520 2.460
116.510 2.460
116.510 2.470
116.500 2.480
116.500 2.470
116.490 2.470
116.490 2.460
116.490 2.450
116.480 2.450
116.480 2.440
116.480 2.430
116.480 2.420
116.480 2.410
116.470 2.410
116.470 2.400
116.460 2.390
116.450 2.380
116.450 2.370
116.440 2.370
116.440 2.360
116.430 2.360
116.430 2.350
116.420 2.350
116.410 2.340
116.400 2.340
116.380 2.340
116.370 2.340
116.360 2.340
116.360 2.330
116.350 2.330
116.340 2.330
116.330 2.330
116.320 2.320
116.320 2.310
116.310 2.310
116.310 2.300
116.300 2.290
116.300 2.280
116.300 2.270
116.290 2.270
116.290 2.260
116.290 2.250
116.290 2.240
116.290 2.230
116.280 2.230
116.280 2.220
116.280 2.210
116.280 2.200
116.280 2.190
116.280 2.180
116.280 2.170
116.280 2.160
116.270 2.160
116.270 2.150
116.270 2.140
116.270 2.130
116.270 2.120
116.270 2.110
116.270 2.100
116.270 2.090
116.260 2.080
116.260 2.070
116.260 2.060
116.260 2.050
116.260 2.040
116.250 2.040
116.250 2.030
116.240 2.030
116.220 2.020
116.210 2.010
116.210 2.000
116.200 2.000
116.200 1.990
116.190 1.980
116.180 1.970
116.180 1.960
116.180 1.950
116.180 1.940
116.180 1.930
116.180 1.920
116.180 1.910
116.180 1.900
116.180 1.890
116.180 1.880
116.190 1.880
116.190 1.870
116.200 1.870
116.200 1.860
116.190 1.850
116.190 1.840
116.180 1.830
116.180 1.820
116.170 1.810
116.170 1.800
116.160 1.800
116.160 1.790
116.150 1.790
116.150 1.780
116.140 1.770
116.140 1.760
116.130 1.750
116.120 1.740
116.120 1.730
116.110 1.730
116.110 1.720
116.100 1.710
116.100 1.700
116.090 1.690
116.080 1.680
116.080 1.670
116.070 1.660
116.060 1.650
116.050 1.640
116.040 1.630
116.030 1.610
116.030 1.600
116.020 1.590
116.010 1.580
116.000 1.570
115.990 1.560
115.980 1.550
115.980 1.540
115.970 1.530
115.960 1.530
115.960 1.520
115.960 1.510
115.950 1.510
115.950 1.500
115.950 1.490
115.940 1.490
115.940 1.480
115.940 1.470
115.930 1.460
115.930 1.450
115.920 1.440
115.910 1.430
115.900 1.430
115.900 1.420
115.890 1.420
115.880 1.420
115.870 1.420
115.860 1.420
115.850 1.420
115.850 1.410
115.840 1.410
115.830 1.410
115.820 1.400
115.810 1.400
115.800 1.400
115.790 1.400
115.780 1.390
115.770 1.390
115.760 1.390
115.740 1.390
115.730 1.380
115.720 1.380
115.700 1.380
115.690 1.380
115.680 1.370
115.660 1.370
115.650 1.370
115.640 1.370
115.630 1.370
115.620 1.360
115.610 1.360
115.600 1.360
115.590 1.360
115.580 1.360
115.570 1.360
115.560 1.360
115.520 1.360
115.510 1.360
115.510 1.350
115.500 1.350
115.500 1.340
115.500 1.330
115.500 1.320
115.500 1.310
115.500 1.300
115.500 1.290
115.500 1.280
115.500 1.270
115.500 1.250
115.500 1.240
115.500 1.230
115.500 1.220
115.500 1.210
115.500 1.200
115.500 1.190
115.490 1.170
115.490 1.160
115.490 1.150
115.490 1.140
115.490 1.130
115.490 1.120
115.480 1.120
115.480 1.110
115.480 1.100
115.470 1.100
115.460 1.100
115.450 1.100
115.450 1.090
115.440 1.090
115.430 1.090
115.420 1.090
115.390 1.090
115.380 1.090
115.360 1.090
115.340 1.090
115.330 1.090
115.320 1.090
115.310 1.090
115.290 1.090
115.270 1.090
115.250 1.090
115.240 1.090
115.220 1.090
115.210 1.090
115.200 1.090
115.180 1.090
115.160 1.090
115.150 1.090
115.140 1.090
115.130 1.100
115.120 1.100
115.110 1.110
115.100 1.110
115.100 1.120
115.100 1.130
115.090 1.130
115.090 1.140
115.090 1.150
115.080 1.150
115.070 1.160
115.070 1.170
115.060 1.180
115.050 1.190
115.040 1.200
115.020 1.210
115.010 1.220
115.000 1.230
114.990 1.240
114.970 1.250
114.960 1.260
114.940 1.260
114.940 1.270
114.930 1.270
114.920 1.280
114.910 1.280
114.900 1.290
114.890 1.290
114.880 1.290
114.870 1.300
114.860 1.300
114.840 1.310
114.830 1.310
114.810 1.310
114.790 1.320
114.780 1.320
114.760 1.330
114.750 1.330
114.740 1.340
114.720 1.340
114.710 1.340
114.700 1.350
114.680 1.350
114.670 1.350
114.660 1.360
114.650 1.370
114.650 1.380
114.640 1.390
114.630 1.400
114.630 1.410
114.610 1.420
114.610 1.430
114.600 1.430
114.600 1.440
114.590 1.450
114.590 1.460
114.590 1.470
114.590 1.480
114.600 1.480
114.600 1.490
114.610 1.490
114.610 1.500
114.610 1.510
114.610 1.520
114.600 1.530
114.600 1.540
114.600 1.550
114.610 1.550
114.610 1.560
114.610 1.570
114.610 1.580
114.620 1.580
114.630 1.580
114.630 1.590
114.640 1.590
114.650 1.590
114.650 1.600
114.660 1.600
114.660 1.610
114.670 1.620
114.670 1.630
114.680 1.640
114.680 1.650
114.690 1.650
114.690 1.660
114.700 1.660
114.700 1.670
114.710 1.670
114.710 1.680
114.710 1.690
114.710 1.700
114.710 1.710
114.710 1.720
114.720 1.720
114.720 1.730
114.720 1.740
114.710 1.740
114.710 1.750
114.710 1.760
114.710 1.770
114.710 1.780
114.710 1.790
114.710 1.800
114.700 1.800
114.700 1.810
114.700 1.820
114.710 1.820
114.710 1.830
114.720 1.830
114.730 1.840
114.730 1.850
114.720 1.850
114.720 1.860
114.730 1.860
114.730 1.870
114.740 1.870
114.750 1.870
114.760 1.870
114.760 1.860
114.770 1.860
114.780 1.850
114.790 1.850
114.790 1.860
114.800 1.860
114.800 1.870
114.800 1.880
114.810 1.880
114.810 1.890
114.820 1.890
114.820 1.900
114.830 1.900
114.840 1.900
114.850 1.900
114.860 1.900
114.870 1.910
114.880 1.920
114.880 1.930
114.870 1.930
114.870 1.940
114.860 1.940
114.860 1.950
114.850 1.950
114.850 1.960
114.850 1.970
114.860 1.980
114.870 1.990
114.880 1.990
114.880 2.000
114.890 2.000
114.890 2.010
114.890 2.020
114.890 2.030
114.880 2.030
114.870 2.030
114.870 2.040
114.860 2.030
114.850 2.030
114.850 2.020
114.840 2.020
114.830 2.020
114.830 2.010
114.820 2.010
114.820 2.020
114.820 2.030
114.810 2.030
114.810 2.040
114.810 2.050
114.820 2.050
114.820 2.060
114.810 2.060
114.810 2.070
114.810 2.080
114.810 2.090
114.820 2.090
114.820 2.100
114.820 2.110
114.810 2.110
114.800 2.110
114.790 2.110
114.790 2.120
114.790 2.130
114.780 2.140
114.780 2.150
114.790 2.160
114.790 2.170
114.790 2.180
114.790 2.190
114.790 2.200
114.790 2.210
114.800 2.220
114.800 2.230
114.800 2.240
114.810 2.250
114.820 2.250
114.830 2.250
114.840 2.250
114.850 2.250
114.850 2.260
114.860 2.260
114.870 2.260
114.880 2.260
114.890 2.260
114.900 2.260
114.910 2.260
114.920 2.260
114.920 2.270
114.930 2.270
114.930 2.280
114.940 2.280
114.950 2.280
114.960 2.290
114.960 2.300
114.960 2.310
114.950 2.310
114.950 2.320
114.940 2.320
114.950 2.330
114.950 2.340
114.950 2.350
114.950 2.360
114.960 2.360
114.960 2.370
114.970 2.370
114.980 2.370
114.980 2.360
114.990 2.360
114.990 2.350
115.000 2.350
115.000 2.360
115.010 2.360
115.010 2.370
115.020 2.370
115.030 2.380
115.030 2.390
115.040 2.390
115.050 2.390
115.050 2.400
115.050 2.410
115.060 2.410
115.070 2.410
115.080 2.410
115.080 2.400
115.090 2.400
115.090 2.410
115.090 2.420
115.100 2.420
115.100 2.430
115.100 2.440
115.110 2.440
115.110 2.450
115.120 2.460
115.130 2.460
115.130 2.470
115.140 2.470
115.150 2.470
115.160 2.470
115.160 2.480
115.170 2.480
115.180 2.480
115.180 2.470
115.190 2.470
115.200 2.470
115.210 2.480
115.220 2.480
115.230 2.490
115.240 2.490
115.240 2.500
115.240 2.510
115.240 2.520
115.240 2.530
115.230 2.530
115.220 2.540
115.210 2.550
115.210 2.560
115.210 2.570
115.200 2.570
115.200 2.580
115.190 2.580
115.190 2.590
115.180 2.590
115.180 2.600
115.170 2.610
115.160 2.610
115.150 2.600
115.140 2.600
115.140 2.590
115.130 2.590
115.120 2.590
115.110 2.590
115.110 2.600
115.100 2.610
115.100 2.620
115.100 2.630
115.110 2.630
115.110 2.640
115.120 2.640
115.120 2.650
115.120 2.660
115.120 2.670
115.120 2.680
115.120 2.690
115.110 2.690
115.110 2.700
115.110 2.710
115.110 2.720
115.110 2.730
115.120 2.730
115.120 2.740
115.130 2.740
115.140 2.740
115.140 2.750
115.140 2.760
115.140 2.770
115.140 2.780
115.150 2.790
115.150 2.800
115.150 2.810
115.140 2.810
115.130 2.810
115.120 2.810
115.120 2.820
115.110 2.820
115.100 2.820
115.100 2.830
115.110 2.830
115.120 2.830
115.120 2.840
115.130 2.840
115.130 2.850
115.150 2.850
115.160 2.870
115.170 2.880
115.170 2.890
115.170 2.910
115.170 2.920
115.170 2.930
115.180 2.930
115.180 2.940
115.190 2.940
115.200 2.940
115.210 2.950
115.210 2.960
115.220 2.960
115.230 2.970
115.240 2.970
115.250 2.970
115.260 2.980
115.270 2.990
115.280 3.010
115.280 3.020
115.290 3.040
115.290 3.050
115.300 3.040
115.310 3.030
115.320 3.020
115.320 3.010
115.330 3.010
115.330 3.000
115.330 2.990
115.340 2.980
115.350 2.980
115.350 2.990
115.360 2.990
115.370 2.990
115.380 2.990
115.390 2.990
115.400 2.990
115.410 3.000
115.420 3.010
115.430 3.020
115.440 3.030
115.450 3.030
115.460 3.030
115.470 3.030
115.480 3.030
115.490 3.030
115.490 3.040
115.500 3.040
115.510 3.050
115.520 3.070
115.520 3.090
115.520 3.100
115.520 3.110
115.520 3.120
115.530 3.130
115.540 3.140
115.550 3.150
115.560 3.150
115.560 3.160
115.570 3.170
115.570 3.180
115.560 3.190
115.550 3.200
115.540 3.200
115.530 3.210
115.530 3.220
115.540 3.240
115.540 3.250
115.540 3.270
115.540 3.290
115.540 3.300
115.540 3.310
115.540 3.320
115.540 3.330
REGION 2
872
124.930 1.670
124.930 1.680
124.930 1.690
124.940 1.690
124.950 1.690
124.950 1.680
124.960 1.680
124.970 1.680
124.970 1.690
124.960 1.690
124.960 1.700
124.960 1.710
124.960 1.720
124.960 1.730
124.970 1.730
124.980 1.730
124.980 1.740
124.980 1.750
124.990 1.750
125.000 1.750
125.000 1.740
125.010 1.740
125.020 1.740
125.020 1.730
125.030 1.730
125.030 1.720
125.020 1.720
125.020 1.710
125.020 1.700
125.010 1.700
125.010 1.690
125.020 1.690
125.030 1.690
125.030 1.680
125.040 1.680
125.050 1.680
125.060 1.680
125.060 1.670
125.070 1.670
125.070 1.680
125.080 1.680
125.090 1.680
125.090 1.670
125.100 1.670
125.110 1.670
125.120 1.670
125.130 1.670
125.140 1.670
125.140 1.680
125.140 1.690
125.150 1.690
125.150 1.680
125.160 1.680
125.160 1.690
125.170 1.690
125.180 1.690
125.180 1.680
125.180 1.670
125.170 1.670
125.160 1.660
125.160 1.650
125.170 1.650
125.170 1.640
125.160 1.640
125.150 1.640
125.150 1.630
125.150 1.620
125.140 1.620
125.140 1.610
125.140 1.600
125.150 1.600
125.160 1.600
125.160 1.590
125.160 1.580
125.160 1.570
125.170 1.570
125.170 1.560
125.180 1.560
125.190 1.560
125.200 1.560
125.200 1.550
125.210 1.550
125.210 1.540
125.220 1.540
125.230 1.530
125.240 1.530
125.240 1.520
125.250 1.520
125.250 1.510
125.240 1.510
125.240 1.500
125.240 1.490
125.240 1.480
125.230 1.480
125.230 1.470
125.230 1.460
125.220 1.460
125.210 1.460
125.210 1.450
125.210 1.440
125.200 1.440
125.190 1.440
125.180 1.440
125.170 1.440
125.160 1.440
125.150 1.440
125.140 1.440
125.140 1.430
125.130 1.430
125.130 1.420
125.120 1.420
125.120 1.410
125.120 1.400
125.110 1.400
125.110 1.390
125.100 1.390
125.100 1.380
125.090 1.370
125.080 1.370
125.080 1.360
125.070 1.360
125.070 1.350
125.070 1.340
125.070 1.330
125.070 1.320
125.060 1.320
125.060 1.310
125.070 1.310
125.070 1.300
125.070 1.290
125.060 1.290
125.060 1.280
125.060 1.270
125.060 1.260
125.060 1.250
125.050 1.250
125.050 1.240
125.050 1.230
125.050 1.220
125.050 1.210
125.040 1.210
125.040 1.200
125.040 1.190
125.040 1.180
125.030 1.180
125.030 1.170
125.030 1.160
125.030 1.150
125.020 1.150
125.020 1.140
125.020 1.130
125.010 1.130
125.010 1.120
125.000 1.120
125.000 1.110
124.990 1.110
124.990 1.100
124.990 1.090
124.980 1.090
124.980 1.080
124.970 1.080
124.970 1.070
124.960 1.070
124.960 1.060
124.950 1.060
124.950 1.050
124.940 1.050
124.940 1.040
124.930 1.040
124.930 1.030
124.920 1.030
124.920 1.020
124.910 1.020
124.900 1.010
124.890 1.010
124.890 1.000
124.890 0.990
124.890 0.980
124.890 0.970
124.880 0.970
124.870 0.970
124.860 0.970
124.850 0.970
124.840 0.970
124.840 0.960
124.830 0.960
124.820 0.960
124.820 0.950
124.810 0.950
124.800 0.950
124.790 0.950
124.790 0.940
124.790 0.930
124.790 0.920
124.780 0.920
124.780 0.910
124.770 0.920
124.770 0.910
124.770 0.900
124.770 0.890
124.760 0.890
124.750 0.890
124.740 0.890
124.730 0.890
124.730 0.900
124.720 0.900
124.720 0.890
124.710 0.890
124.710 0.880
124.710 0.870
124.710 0.860
124.710 0.850
124.700 0.850
124.700 0.840
124.690 0.840
124.690 0.830
124.680 0.830
124.670 0.830
124.670 0.820
124.660 0.820
124.660 0.810
124.650 0.810
124.650 0.800
124.640 0.800
124.640 0.790
124.640 0.780
124.630 0.780
124.630 0.770
124.620 0.770
124.620 0.760
124.620 0.750
124.620 0.740
124.620 0.730
124.630 0.730
124.630 0.720
124.630 0.710
124.620 0.710
124.620 0.700
124.610 0.700
124.600 0.700
124.600 0.690
124.590 0.680
124.590 0.690
124.580 0.690
124.580 0.680
124.580 0.670
124.570 0.670
124.560 0.660
124.560 0.650
124.550 0.650
124.550 0.640
124.550 0.630
124.540 0.630
124.540 0.620
124.550 0.620
124.560 0.620
124.570 0.620
124.570 0.610
124.570 0.600
124.570 0.590
124.570 0.580
124.560 0.580
124.560 0.590
124.550 0.590
124.540 0.590
124.530 0.590
124.530 0.580
124.530 0.570
124.530 0.560
124.520 0.560
124.510 0.560
124.510 0.550
124.500 0.550
124.490 0.550
124.490 0.540
124.490 0.530
124.500 0.530
124.500 0.520
124.500 0.510
124.500 0.500
124.510 0.500
124.510 0.490
124.510 0.480
124.510 0.470
124.500 0.470
124.490 0.470
124.490 0.480
124.480 0.480
124.480 0.470
124.470 0.470
124.460 0.470
124.460 0.460
124.450 0.460
124.450 0.450
124.440 0.450
124.430 0.440
124.430 0.450
124.420 0.450
124.410 0.460
124.410 0.450
124.400 0.450
124.390 0.450
124.380 0.440
124.370 0.440
124.360 0.440
124.360 0.450
124.350 0.450
124.340 0.450
124.340 0.440
124.330 0.440
124.330 0.450
124.320 0.450
124.320 0.440
124.320 0.430
124.320 0.420
124.320 0.410
124.310 0.410
124.310 0.420
124.310 0.430
124.300 0.430
124.290 0.430
124.290 0.420
124.290 0.410
124.280 0.410
124.280 0.400
124.270 0.400
124.260 0.400
124.250 0.400
124.240 0.400
124.240 0.390
124.230 0.390
124.220 0.390
124.210 0.390
124.200 0.390
124.200 0.400
124.190 0.400
124.190 0.390
124.180 0.390
124.170 0.390
124.160 0.390
124.150 0.390
124.150 0.400
124.140 0.400
124.140 0.390
124.130 0.390
124.120 0.390
124.110 0.390
124.100 0.390
124.090 0.390
124.080 0.390
124.080 0.380
124.070 0.380
124.060 0.380
124.060 0.370
124.050 0.370
124.050 0.380
124.040 0.380
124.040 0.370
124.030 0.370
124.020 0.370
124.010 0.370
124.010 0.380
124.000 0.380
123.990 0.380
123.990 0.370
123.980 0.370
123.980 0.360
123.970 0.360
123.960 0.360
123.950 0.360
123.940 0.360
123.930 0.360
123.920 0.360
123.920 0.350
123.910 0.350
123.900 0.350
123.890 0.350
123.880 0.350
123.880 0.340
123.880 0.330
123.870 0.330
123.860 0.330
123.850 0.330
123.840 0.330
123.830 0.330
123.820 0.330
123.820 0.340
123.810 0.340
123.810 0.330
123.800 0.330
123.800 0.320
123.790 0.320
123.790 0.310
123.780 0.310
123.770 0.310
123.760 0.320
123.750 0.320
123.740 0.320
123.730 0.320
123.720 0.320
123.710 0.320
123.700 0.320
123.700 0.310
123.690 0.310
123.690 0.300
123.680 0.300
123.670 0.300
123.660 0.300
123.650 0.300
123.640 0.300
123.630 0.300
123.630 0.290
123.620 0.290
123.620 0.300
123.610 0.300
123.610 0.310
123.600 0.310
123.590 0.310
123.580 0.310
123.580 0.320
123.570 0.320
123.560 0.320
123.550 0.320
123.540 0.320
123.530 0.320
123.520 0.320
123.520 0.310
123.510 0.310
123.500 0.310
123.490 0.310
123.480 0.310
123.480 0.320
123.470 0.320
123.470 0.330
123.470 0.340
123.470 0.350
123.470 0.360
123.480 0.370
123.480 0.380
123.490 0.380
123.500 0.390
123.510 0.410
123.510 0.420
123.520 0.450
123.520 0.460
123.510 0.470
123.510 0.480
123.520 0.490
123.520 0.500
123.520 0.520
123.520 0.530
123.520 0.540
123.520 0.560
123.520 0.570
123.520 0.580
123.520 0.590
123.510 0.590
123.510 0.600
123.500 0.610
123.500 0.620
123.490 0.630
123.490 0.640
123.480 0.640
123.470 0.640
123.460 0.640
123.450 0.640
123.440 0.650
123.430 0.650
123.410 0.650
123.400 0.650
123.390 0.650
123.390 0.660
123.380 0.660
123.370 0.660
123.360 0.660
123.350 0.660
123.350 0.670
123.340 0.680
123.330 0.690
123.320 0.700
123.310 0.710
123.300 0.710
123.290 0.710
123.280 0.720
123.270 0.720
123.260 0.730
123.260 0.740
123.250 0.750
123.250 0.760
123.250 0.770
123.240 0.770
123.240 0.780
123.240 0.790
123.240 0.800
123.240 0.820
123.240 0.830
123.230 0.840
123.220 0.840
123.220 0.850
123.210 0.850
123.200 0.860
123.190 0.860
123.180 0.870
123.170 0.870
123.150 0.870
123.140 0.880
123.130 0.890
123.120 0.890
123.120 0.900
123.120 0.910
123.120 0.920
123.120 0.930
123.130 0.930
123.130 0.920
123.140 0.920
123.150 0.920
123.150 0.910
123.160 0.910
123.160 0.900
123.170 0.900
123.180 0.900
123.180 0.910
123.190 0.910
123.190 0.920
123.190 0.930
123.180 0.930
123.180 0.940
123.170 0.940
123.170 0.950
123.180 0.950
123.190 0.950
123.190 0.940
123.200 0.940
123.210 0.940
123.210 0.950
123.220 0.950
123.230 0.950
123.230 0.940
123.240 0.940
123.240 0.950
123.240 0.960
123.250 0.960
123.250 0.950
123.250 0.940
123.260 0.940
123.260 0.930
123.260 0.920
123.270 0.920
123.270 0.910
123.280 0.910
123.290 0.910
123.300 0.910
123.310 0.910
123.320 0.910
123.330 0.910
123.340 0.910
123.350 0.910
123.350 0.900
123.360 0.900
123.360 0.910
123.370 0.910
123.380 0.910
123.390 0.910
123.390 0.900
123.400 0.900
123.400 0.910
123.410 0.910
123.410 0.900
123.410 0.890
123.420 0.890
123.430 0.900
123.440 0.900
123.450 0.900
123.460 0.900
123.460 0.890
123.470 0.890
123.480 0.890
123.490 0.890
123.500 0.890
123.510 0.890
123.520 0.890
123.530 0.890
123.540 0.890
123.550 0.890
123.560 0.890
123.570 0.890
123.570 0.900
123.580 0.900
123.580 0.910
123.590 0.910
123.590 0.900
123.600 0.900
123.610 0.900
123.620 0.900
123.630 0.900
123.630 0.890
123.640 0.890
123.650 0.890
123.650 0.880
123.660 0.880
123.670 0.880
123.680 0.880
123.680 0.870
123.690 0.870
123.700 0.860
123.710 0.860
123.710 0.870
123.720 0.870
123.730 0.870
123.740 0.870
123.740 0.860
123.740 0.850
123.740 0.840
123.750 0.840
123.750 0.830
123.760 0.830
123.760 0.840
123.770 0.840
123.780 0.840
123.780 0.830
123.790 0.830
123.800 0.830
123.800 0.840
123.800 0.850
123.810 0.850
123.810 0.840
123.820 0.840
123.830 0.840
123.840 0.840
123.850 0.840
123.860 0.840
123.870 0.840
123.880 0.840
123.890 0.840
123.900 0.840
123.910 0.850
123.920 0.850
123.920 0.840
123.930 0.840
123.940 0.840
123.950 0.840
123.960 0.840
123.960 0.850
123.950 0.850
123.940 0.850
123.940 0.860
123.950 0.860
123.960 0.860
123.960 0.870
123.970 0.870
123.970 0.880
123.980 0.880
123.990 0.880
124.000 0.880
124.000 0.890
124.010 0.890
124.020 0.890
124.020 0.900
124.030 0.900
124.040 0.900
124.040 0.910
124.050 0.910
124.060 0.910
124.060 0.920
124.070 0.920
124.080 0.920
124.090 0.920
124.100 0.920
124.110 0.920
124.120 0.920
124.130 0.930
124.140 0.930
124.150 0.930
124.150 0.940
124.160 0.940
124.160 0.950
124.170 0.950
124.170 0.960
124.180 0.960
124.180 0.970
124.180 0.980
124.190 0.980
124.190 0.990
124.200 0.990
124.210 0.990
124.220 0.990
124.230 0.990
124.240 0.990
124.240 1.000
124.250 1.000
124.260 1.000
124.270 1.000
124.280 1.000
124.290 1.000
124.290 1.010
124.300 1.010
124.300 1.020
124.310 1.020
124.310 1.030
124.310 1.040
124.310 1.050
124.310 1.060
124.320 1.060
124.320 1.070
124.320 1.080
124.330 1.080
124.330 1.090
124.340 1.090
124.340 1.100
124.340 1.110
124.340 1.120
124.350 1.120
124.350 1.130
124.360 1.130
124.360 1.140
124.350 1.140
124.350 1.150
124.340 1.150
124.340 1.160
124.350 1.160
124.350 1.170
124.360 1.170
124.370 1.170
124.370 1.180
124.380 1.180
124.390 1.180
124.400 1.180
124.410 1.190
124.410 1.200
124.420 1.200
124.420 1.190
124.430 1.190
124.440 1.190
124.450 1.190
124.460 1.190
124.470 1.190
124.480 1.190
124.480 1.180
124.490 1.190
124.500 1.190
124.510 1.190
124.520 1.190
124.520 1.200
124.520 1.210
124.530 1.220
124.530 1.210
124.540 1.210
124.550 1.210
124.550 1.200
124.550 1.190
124.560 1.190
124.560 1.180
124.570 1.180
124.570 1.190
124.580 1.190
124.580 1.200
124.590 1.200
124.590 1.210
124.590 1.220
124.600 1.220
124.600 1.230
124.610 1.230
124.610 1.240
124.610 1.250
124.610 1.260
124.600 1.260
124.590 1.260
124.590 1.270
124.580 1.270
124.570 1.270
124.570 1.280
124.560 1.280
124.560 1.270
124.550 1.270
124.550 1.280
124.540 1.280
124.530 1.280
124.530 1.290
124.520 1.300
124.510 1.300
124.510 1.310
124.510 1.320
124.520 1.320
124.520 1.330
124.530 1.330
124.530 1.340
124.530 1.350
124.530 1.360
124.540 1.360
124.540 1.370
124.550 1.370
124.550 1.380
124.560 1.380
124.570 1.380
124.570 1.390
124.580 1.390
124.580 1.400
124.590 1.400
124.600 1.400
124.600 1.410
124.610 1.410
124.610 1.420
124.620 1.420
124.630 1.420
124.630 1.410
124.640 1.410
124.640 1.400
124.650 1.400
124.660 1.400
124.670 1.400
124.670 1.390
124.680 1.390
124.680 1.400
124.680 1.410
124.690 1.410
124.700 1.410
124.710 1.410
124.710 1.420
124.720 1.420
124.720 1.430
124.730 1.430
124.740 1.430
124.740 1.440
124.740 1.450
124.750 1.450
124.760 1.460
124.770 1.460
124.780 1.460
124.790 1.460
124.800 1.460
124.810 1.460
124.820 1.460
124.830 1.460
124.830 1.470
124.830 1.480
124.830 1.490
124.840 1.490
124.840 1.500
124.840 1.510
124.840 1.520
124.840 1.530
124.830 1.530
124.830 1.540
124.820 1.540
124.820 1.550
124.810 1.550
124.810 1.560
124.800 1.560
124.800 1.570
124.810 1.570
124.810 1.580
124.820 1.580
124.820 1.590
124.830 1.590
124.840 1.590
124.840 1.600
124.850 1.600
124.860 1.600
124.870 1.600
124.870 1.610
124.870 1.620
124.880 1.620
124.880 1.630
124.890 1.630
124.890 1.640
124.900 1.640
124.900 1.650
124.910 1.650
124.910 1.660
124.920 1.660
124.930 1.660
124.930 1.670
195
126.730 4.480
126.720 4.480
126.720 4.490
126.720 4.500
126.720 4.510
126.720 4.520
126.720 4.530
126.730 4.530
126.730 4.540
126.740 4.540
126.740 4.550
126.750 4.550
126.750 4.540
126.760 4.540
126.770 4.540
126.780 4.540
126.780 4.530
126.790 4.530
126.800 4.530
126.810 4.530
126.820 4.530
126.820 4.520
126.820 4.510
126.830 4.510
126.830 4.500
126.830 4.490
126.840 4.490
126.850 4.490
126.860 4.490
126.860 4.480
126.860 4.470
126.860 4.460
126.870 4.460
126.870 4.450
126.870 4.440
126.870 4.430
126.870 4.420
126.860 4.420
126.860 4.410
126.850 4.410
126.850 4.400
126.850 4.390
126.850 4.380
126.850 4.370
126.850 4.360
126.860 4.360
126.860 4.350
126.870 4.350
126.870 4.340
126.870 4.330
126.880 4.330
126.880 4.320
126.890 4.320
126.890 4.310
126.900 4.310
126.900 4.300
126.900 4.290
126.910 4.290
126.910 4.280
126.910 4.270
126.900 4.270
126.900 4.260
126.890 4.260
126.880 4.260
126.880 4.250
126.870 4.250
126.860 4.250
126.860 4.240
126.860 4.230
126.870 4.230
126.870 4.220
126.870 4.210
126.860 4.210
126.860 4.200
126.850 4.200
126.840 4.200
126.840 4.190
126.830 4.190
126.830 4.180
126.820 4.180
126.820 4.170
126.810 4.170
126.810 4.160
126.800 4.160
126.800 4.150
126.800 4.140
126.800 4.130
126.800 4.120
126.800 4.110
126.810 4.110
126.810 4.100
126.810 4.090
126.810 4.080
126.810 4.070
126.800 4.070
126.800 4.060
126.800 4.050
126.800 4.040
126.810 4.040
126.810 4.030
126.800 4.030
126.800 4.020
126.790 4.020
126.780 4.020
126.780 4.010
126.770 4.010
126.770 4.000
126.760 4.000
126.760 3.990
126.750 3.990
126.740 3.990
126.730 4.000
126.720 4.000
126.710 4.000
126.700 4.000
126.690 4.000
126.690 3.990
126.680 3.990
126.680 4.000
126.670 4.000
126.670 4.010
126.670 4.020
126.670 4.030
126.670 4.040
126.670 4.050
126.680 4.060
126.680 4.070
126.690 4.080
126.700 4.080
126.700 4.090
126.710 4.090
126.720 4.090
126.720 4.100
126.730 4.100
126.730 4.110
126.730 4.120
126.740 4.120
126.740 4.130
126.740 4.140
126.750 4.140
126.750 4.150
126.750 4.160
126.750 4.170
126.760 4.170
126.760 4.180
126.760 4.190
126.770 4.190
126.770 4.200
126.780 4.200
126.780 4.210
126.790 4.210
126.790 4.220
126.790 4.230
126.790 4.240
126.780 4.240
126.780 4.250
126.770 4.250
126.760 4.250
126.750 4.250
126.750 4.260
126.740 4.260
126.740 4.270
126.730 4.270
126.720 4.270
126.710 4.270
126.710 4.280
126.710 4.290
126.710 4.300
126.710 4.310
126.710 4.320
126.700 4.330
126.690 4.330
126.680 4.330
126.680 4.340
126.680 4.350
126.680 4.360
126.680 4.370
126.690 4.370
126.690 4.380
126.700 4.380
126.700 4.390
126.690 4.390
126.690 4.400
126.700 4.400
126.700 4.410
126.700 4.420
126.710 4.420
126.710 4.430
126.720 4.430
126.720 4.440
126.720 4.450
126.730 4.450
126.730 4.460
126.730 4.470
126.730 4.480
REGION 1
732
122.340 1.030
122.340 1.020
122.350 1.020
122.350 1.010
122.360 1.010
122.360 1.000
122.360 0.990
122.370 0.990
122.380 1.000
122.390 1.000
122.390 1.010
122.400 1.010
122.400 1.000
122.410 1.000
122.410 0.990
122.420 0.990
122.430 0.990
122.440 0.990
122.440 1.000
122.440 1.010
122.440 1.020
122.440 1.030
122.450 1.030
122.460 1.030
122.460 1.020
122.470 1.020
122.470 1.010
122.470 1.000
122.480 1.000
122.490 1.000
122.490 0.990
122.500 0.990
122.510 0.990
122.510 0.980
122.520 0.980
122.530 0.980
122.530 0.970
122.540 0.970
122.550 0.970
122.550 0.960
122.560 0.960
122.570 0.960
122.580 0.960
122.580 0.950
122.590 0.950
122.600 0.950
122.610 0.950
122.610 0.960
122.620 0.960
122.620 0.950
122.630 0.950
122.640 0.950
122.650 0.950
122.650 0.940
122.660 0.940
122.660 0.930
122.670 0.930
122.670 0.920
122.670 0.910
122.680 0.910
122.680 0.900
122.690 0.900
122.690 0.890
122.700 0.890
122.710 0.890
122.720 0.890
122.720 0.880
122.710 0.880
122.710 0.870
122.720 0.870
122.730 0.870
122.730 0.880
122.740 0.880
122.750 0.880
122.750 0.870
122.760 0.870
122.760 0.860
122.770 0.860
122.770 0.870
122.770 0.880
122.780 0.880
122.780 0.870
122.790 0.870
122.790 0.860
122.800 0.860
122.800 0.850
122.790 0.850
122.790 0.840
122.800 0.840
122.810 0.840
122.810 0.830
122.820 0.830
122.820 0.820
122.830 0.820
122.840 0.820
122.840 0.810
122.840 0.800
122.850 0.800
122.850 0.810
122.860 0.810
122.860 0.820
122.860 0.830
122.870 0.830
122.880 0.830
122.880 0.840
122.890 0.840
122.900 0.840
122.900 0.850
122.910 0.850
122.910 0.860
122.920 0.860
122.920 0.870
122.920 0.880
122.930 0.880
122.930 0.890
122.940 0.890
122.950 0.890
122.950 0.900
122.950 0.910
122.950 0.920
122.960 0.920
122.960 0.930
122.970 0.930
122.970 0.940
122.960 0.940
122.950 0.940
122.940 0.940
122.940 0.950
122.940 0.960
122.950 0.960
122.960 0.960
122.960 0.970
122.970 0.970
122.980 0.970
122.990 0.970
122.990 0.960
123.000 0.960
123.000 0.950
123.000 0.940
123.010 0.940
123.020 0.940
123.020 0.930
123.030 0.930
123.040 0.930
123.040 0.940
123.050 0.940
123.050 0.930
123.060 0.930
123.060 0.920
123.070 0.920
123.080 0.920
123.080 0.910
123.090 0.910
123.100 0.910
123.100 0.920
123.090 0.920
123.090 0.930
123.100 0.930
123.110 0.930
123.120 0.920
123.120 0.910
123.120 0.900
123.120 0.890
123.130 0.890
123.140 0.880
123.150 0.870
123.170 0.870
123.180 0.870
123.190 0.860
123.200 0.860
123.210 0.850
123.220 0.850
123.220 0.840
123.230 0.840
123.240 0.830
123.240 0.820
123.240 0.800
123.240 0.790
123.240 0.780
123.240 0.770
123.250 0.770
123.250 0.760
123.250 0.750
123.260 0.740
123.260 0.730
123.270 0.720
123.280 0.720
123.290 0.710
123.300 0.710
123.310 0.710
123.320 0.700
123.330 0.690
123.340 0.680
123.350 0.670
123.350 0.660
123.360 0.660
123.370 0.660
123.380 0.660
123.390 0.660
123.390 0.650
123.400 0.650
123.410 0.650
123.430 0.650
123.440 0.650
123.450 0.640
123.460 0.640
123.470 0.640
123.480 0.640
123.490 0.640
123.490 0.630
123.500 0.620
123.500 0.610
123.510 0.600
123.510 0.590
123.520 0.590
123.520 0.580
123.520 0.570
123.520 0.560
123.520 0.540
123.520 0.530
123.520 0.520
123.520 0.500
123.520 0.490
123.510 0.480
123.510 0.470
123.520 0.460
123.520 0.450
123.520 0.430
123.510 0.420
123.510 0.410
123.500 0.390
123.490 0.380
123.480 0.380
123.480 0.370
123.470 0.360
123.470 0.350
123.470 0.340
123.470 0.330
123.460 0.330
123.450 0.330
123.440 0.330
123.440 0.320
123.430 0.320
123.430 0.310
123.420 0.310
123.410 0.310
123.400 0.310
123.390 0.310
123.380 0.310
123.370 0.310
123.360 0.310
123.350 0.310
123.340 0.310
123.330 0.310
123.320 0.310
123.310 0.310
123.310 0.320
123.300 0.320
123.290 0.320
123.280 0.320
123.270 0.320
123.270 0.330
123.260 0.330
123.250 0.330
123.250 0.340
123.240 0.340
123.240 0.350
123.230 0.350
123.220 0.350
123.220 0.360
123.220 0.370
123.210 0.370
123.210 0.380
123.200 0.380
123.200 0.390
123.190 0.390
123.190 0.400
123.180 0.400
123.170 0.400
123.160 0.400
123.160 0.410
123.150 0.410
123.140 0.420
123.140 0.430
123.130 0.430
123.130 0.440
123.130 0.450
123.120 0.450
123.120 0.460
123.110 0.460
123.110 0.470
123.100 0.470
123.100 0.480
123.090 0.480
123.090 0.490
123.080 0.490
123.070 0.490
123.070 0.500
123.060 0.500
123.060 0.510
123.050 0.500
123.050 0.490
123.040 0.490
123.040 0.500
123.030 0.500
123.030 0.490
123.020 0.490
123.010 0.490
123.000 0.490
122.990 0.490
122.980 0.490
122.970 0.490
122.960 0.490
122.950 0.490
122.940 0.490
122.930 0.490
122.920 0.490
122.910 0.490
122.900 0.490
122.890 0.490
122.880 0.490
122.870 0.490
122.860 0.490
122.850 0.490
122.840 0.490
122.830 0.490
122.820 0.490
122.810 0.490
122.800 0.490
122.790 0.490
122.780 0.490
122.770 0.490
122.770 0.480
122.760 0.480
122.750 0.480
122.740 0.480
122.740 0.490
122.730 0.490
122.730 0.480
122.720 0.480
122.710 0.480
122.700 0.480
122.700 0.470
122.690 0.470
122.690 0.480
122.690 0.490
122.690 0.500
122.680 0.500
122.680 0.510
122.670 0.510
122.660 0.510
122.650 0.510
122.650 0.500
122.660 0.490
122.650 0.490
122.650 0.480
122.640 0.480
122.640 0.490
122.630 0.490
122.620 0.490
122.610 0.490
122.600 0.490
122.590 0.490
122.590 0.500
122.580 0.500
122.570 0.500
122.560 0.500
122.550 0.500
122.550 0.510
122.540 0.510
122.540 0.500
122.540 0.490
122.530 0.490
122.520 0.500
122.510 0.500
122.510 0.510
122.500 0.510
122.500 0.500
122.490 0.500
122.480 0.500
122.470 0.500
122.470 0.510
122.460 0.510
122.450 0.510
122.450 0.500
122.440 0.500
122.430 0.500
122.420 0.500
122.410 0.500
122.410 0.510
122.410 0.520
122.400 0.520
122.390 0.520
122.380 0.520
122.380 0.510
122.370 0.510
122.370 0.500
122.360 0.500
122.360 0.510
122.350 0.510
122.350 0.500
122.340 0.500
122.330 0.500
122.330 0.490
122.320 0.490
122.310 0.490
122.300 0.490
122.300 0.480
122.290 0.480
122.280 0.480
122.280 0.470
122.270 0.470
122.270 0.480
122.260 0.480
122.250 0.480
122.240 0.480
122.230 0.490
122.230 0.480
122.220 0.480
122.210 0.480
122.200 0.470
122.200 0.480
122.190 0.480
122.180 0.480
122.180 0.470
122.170 0.470
122.160 0.470
122.150 0.470
122.150 0.480
122.140 0.480
122.140 0.490
122.130 0.490
122.120 0.490
122.110 0.490
122.100 0.490
122.100 0.480
122.090 0.490
122.090 0.480
122.080 0.480
122.070 0.480
122.060 0.480
122.050 0.480
122.040 0.480
122.040 0.470
122.030 0.470
122.020 0.470
122.010 0.470
122.010 0.460
122.000 0.460
121.990 0.460
121.980 0.460
121.970 0.460
121.960 0.450
121.950 0.450
121.940 0.450
121.940 0.440
121.930 0.450
121.920 0.450
121.920 0.440
121.910 0.440
121.900 0.440
121.890 0.440
121.880 0.440
121.870 0.440
121.860 0.440
121.850 0.440
121.850 0.430
121.840 0.430
121.840 0.420
121.830 0.420
121.820 0.420
121.810 0.420
121.810 0.410
121.800 0.410
121.800 0.420
121.790 0.420
121.790 0.430
121.780 0.430
121.780 0.440
121.770 0.440
121.770 0.450
121.760 0.450
121.760 0.460
121.750 0.460
121.750 0.470
121.750 0.480
121.740 0.480
121.740 0.490
121.730 0.490
121.730 0.500
121.720 0.500
121.720 0.510
121.710 0.510
121.720 0.520
121.710 0.520
121.700 0.520
121.690 0.520
121.690 0.510
121.680 0.510
121.680 0.520
121.670 0.520
121.670 0.530
121.660 0.530
121.660 0.540
121.650 0.540
121.640 0.540
121.640 0.530
121.630 0.530
121.630 0.520
121.620 0.520
121.620 0.530
121.620 0.540
121.620 0.550
121.610 0.550
121.600 0.550
121.600 0.540
121.590 0.540
121.580 0.540
121.580 0.530
121.570 0.530
121.560 0.530
121.560 0.540
121.550 0.540
121.540 0.540
121.540 0.550
121.530 0.550
121.530 0.540
121.530 0.530
121.520 0.530
121.510 0.530
121.510 0.520
121.520 0.520
121.520 0.510
121.520 0.500
121.520 0.490
121.510 0.490
121.500 0.490
121.500 0.480
121.490 0.480
121.480 0.480
121.470 0.480
121.460 0.480
121.460 0.470
121.450 0.470
121.440 0.470
121.440 0.480
121.440 0.490
121.440 0.500
121.430 0.500
121.430 0.490
121.430 0.480
121.420 0.480
121.420 0.490
121.410 0.490
121.400 0.490
121.400 0.480
121.390 0.480
121.380 0.480
121.370 0.480
121.370 0.470
121.360 0.470
121.350 0.470
121.340 0.470
121.340 0.480
121.350 0.480
121.350 0.490
121.350 0.500
121.350 0.510
121.340 0.510
121.340 0.520
121.340 0.530
121.350 0.540
121.350 0.550
121.340 0.550
121.340 0.560
121.350 0.560
121.350 0.570
121.340 0.570
121.340 0.580
121.330 0.580
121.320 0.580
121.310 0.570
121.300 0.570
121.300 0.580
121.290 0.580
121.280 0.580
121.270 0.590
121.260 0.590
121.250 0.590
121.240 0.590
121.240 0.600
121.230 0.600
121.230 0.610
121.230 0.620
121.220 0.620
121.220 0.630
121.210 0.640
121.200 0.640
121.200 0.650
121.190 0.650
121.180 0.650
121.180 0.660
121.170 0.670
121.170 0.680
121.160 0.690
121.170 0.690
121.180 0.690
121.190 0.690
121.200 0.700
121.210 0.700
121.220 0.710
121.230 0.710
121.230 0.720
121.240 0.720
121.240 0.730
121.250 0.740
121.250 0.750
121.250 0.760
121.250 0.770
121.250 0.780
121.260 0.780
121.260 0.790
121.270 0.800
121.280 0.810
121.290 0.820
121.300 0.830
121.310 0.830
121.310 0.840
121.320 0.840
121.330 0.840
121.330 0.850
121.340 0.850
121.350 0.850
121.350 0.860
121.360 0.860
121.370 0.860
121.380 0.870
121.390 0.870
121.400 0.870
121.410 0.870
121.410 0.860
121.420 0.860
121.430 0.860
121.440 0.860
121.450 0.860
121.460 0.860
121.470 0.860
121.470 0.850
121.480 0.850
121.490 0.850
121.500 0.850
121.520 0.850
121.540 0.860
121.550 0.860
121.560 0.860
121.570 0.870
121.590 0.880
121.600 0.880
121.610 0.880
121.620 0.880
121.640 0.890
121.650 0.890
121.660 0.900
121.680 0.910
121.720 0.920
121.750 0.930
121.760 0.940
121.780 0.950
121.800 0.960
121.830 0.980
121.850 0.980
121.860 0.980
121.880 0.970
121.890 0.970
121.910 0.960
121.920 0.960
121.930 0.950
121.940 0.950
121.960 0.940
121.970 0.930
121.970 0.940
121.980 0.940
121.990 0.940
122.000 0.940
122.010 0.940
122.020 0.940
122.030 0.940
122.030 0.950
122.040 0.960
122.040 0.970
122.050 0.970
122.060 0.970
122.070 0.970
122.080 0.980
122.090 0.980
122.100 0.980
122.110 0.990
122.120 0.990
122.130 0.990
122.140 1.000
122.150 1.000
122.170 1.010
122.180 1.010
122.210 1.020
122.220 1.020
122.230 1.020
122.230 1.010
122.220 1.010
122.220 1.000
122.230 0.990
122.240 0.990
122.240 1.000
122.240 1.010
122.250 1.010
122.250 1.000
122.260 1.000
122.260 1.010
122.270 1.010
122.280 1.010
122.280 1.000
122.290 1.000
122.290 1.010
122.300 1.010
122.300 1.000
122.310 1.010
122.320 1.010
122.320 1.020
122.330 1.020
122.330 1.030
122.330 1.040
122.340 1.040
122.340 1.030
REGION 1
3353
122.110 -1.610
122.100 -1.610
122.100 -1.620
122.090 -1.620
122.080 -1.620
122.080 -1.610
122.070 -1.610
122.070 -1.620
122.060 -1.620
122.050 -1.620
122.050 -1.610
122.040 -1.610
122.030 -1.620
122.020 -1.620
122.020 -1.630
122.010 -1.630
122.010 -1.640
122.000 -1.640
122.000 -1.650
121.990 -1.650
121.990 -1.660
121.980 -1.660
121.970 -1.660
121.970 -1.670
121.960 -1.670
121.960 -1.680
121.950 -1.680
121.940 -1.670
121.940 -1.680
121.930 -1.680
121.920 -1.680
121.920 -1.690
121.910 -1.690
121.910 -1.700
121.900 -1.700
121.890 -1.700
121.890 -1.690
121.880 -1.690
121.880 -1.680
121.870 -1.680
121.870 -1.690
121.860 -1.690
121.860 -1.700
121.860 -1.710
121.850 -1.710
121.850 -1.700
121.840 -1.700
121.840 -1.710
121.830 -1.710
121.830 -1.720
121.820 -1.720
121.820 -1.730
121.810 -1.730
121.800 -1.730
121.800 -1.740
121.800 -1.750
121.800 -1.760
121.800 -1.770
121.800 -1.780
121.790 -1.780
121.790 -1.790
121.780 -1.790
121.780 -1.800
121.780 -1.810
121.770 -1.810
121.770 -1.820
121.770 -1.830
121.760 -1.830
121.760 -1.840
121.770 -1.840
121.760 -1.850
121.760 -1.860
121.750 -1.860
121.750 -1.870
121.750 -1.880
121.740 -1.880
121.740 -1.890
121.730 -1.890
121.730 -1.900
121.720 -1.900
121.720 -1.910
121.710 -1.910
121.710 -1.920
121.700 -1.920
121.690 -1.930
121.690 -1.940
121.680 -1.940
121.680 -1.950
121.670 -1.950
121.660 -1.950
121.660 -1.960
121.650 -1.960
121.640 -1.960
121.630 -1.960
121.620 -1.960
121.620 -1.950
121.610 -1.950
121.600 -1.950
121.590 -1.950
121.580 -1.950
121.580 -1.960
121.570 -1.960
121.560 -1.960
121.560 -1.950
121.560 -1.940
121.550 -1.940
121.550 -1.930
121.540 -1.930
121.540 -1.920
121.530 -1.920
121.530 -1.910
121.530 -1.900
121.520 -1.900
121.510 -1.900
121.500 -1.900
121.500 -1.890
121.490 -1.890
121.490 -1.880
121.490 -1.870
121.480 -1.870
121.470 -1.870
121.470 -1.860
121.460 -1.860
121.460 -1.870
121.450 -1.870
121.450 -1.860
121.450 -1.850
121.460 -1.850
121.460 -1.840
121.470 -1.840
121.470 -1.830
121.460 -1.830
121.450 -1.830
121.450 -1.820
121.460 -1.820
121.460 -1.810
121.450 -1.810
121.440 -1.800
121.440 -1.810
121.430 -1.810
121.420 -1.810
121.410 -1.810
121.400 -1.810
121.390 -1.810
121.380 -1.810
121.370 -1.810
121.370 -1.800
121.370 -1.790
121.360 -1.790
121.350 -1.790
121.350 -1.780
121.340 -1.780
121.330 -1.780
121.330 -1.770
121.320 -1.770
121.320 -1.780
121.320 -1.790
121.310 -1.790
121.300 -1.790
121.300 -1.800
121.300 -1.810
121.300 -1.820
121.300 -1.830
121.290 -1.830
121.290 -1.840
121.290 -1.850
121.290 -1.860
121.300 -1.860
121.310 -1.860
121.310 -1.850
121.320 -1.850
121.320 -1.860
121.330 -1.860
121.340 -1.860
121.350 -1.860
121.350 -1.870
121.340 -1.870
121.340 -1.880
121.330 -1.880
121.330 -1.890
121.340 -1.890
121.340 -1.900
121.330 -1.900
121.330 -1.910
121.330 -1.920
121.320 -1.920
121.310 -1.920
121.310 -1.930
121.320 -1.930
121.320 -1.940
121.330 -1.940
121.330 -1.950
121.340 -1.950
121.350 -1.950
121.350 -1.960
121.350 -1.970
121.340 -1.970
121.340 -1.980
121.340 -1.990
121.340 -2.000
121.350 -2.000
121.350 -1.990
121.360 -1.990
121.360 -1.980
121.370 -1.980
121.380 -1.980
121.380 -1.970
121.380 -1.960
121.380 -1.950
121.380 -1.940
121.380 -1.930
121.380 -1.920
121.380 -1.910
121.390 -1.910
121.400 -1.910
121.410 -1.910
121.410 -1.920
121.420 -1.920
121.420 -1.930
121.420 -1.940
121.430 -1.940
121.430 -1.950
121.420 -1.950
121.420 -1.960
121.430 -1.960
121.430 -1.970
121.440 -1.970
121.440 -1.980
121.440 -1.990
121.450 -1.990
121.450 -2.000
121.460 -2.000
121.470 -2.000
121.470 -2.010
121.470 -2.020
121.480 -2.020
121.480 -2.030
121.490 -2.030
121.490 -2.040
121.500 -2.040
121.500 -2.050
121.510 -2.050
121.520 -2.050
121.530 -2.050
121.530 -2.060
121.530 -2.070
121.530 -2.080
121.540 -2.080
121.540 -2.090
121.540 -2.100
121.540 -2.110
121.540 -2.120
121.540 -2.130
121.540 -2.140
121.540 -2.150
121.550 -2.150
121.550 -2.160
121.550 -2.170
121.560 -2.170
121.570 -2.170
121.570 -2.180
121.580 -2.180
121.590 -2.180
121.600 -2.180
121.600 -2.190
121.610 -2.190
121.620 -2.190
121.620 -2.180
121.630 -2.180
121.640 -2.180
121.640 -2.190
121.650 -2.190
121.660 -2.190
121.670 -2.190
121.670 -2.180
121.680 -2.180
121.690 -2.180
121.690 -2.190
121.700 -2.190
121.710 -2.190
121.720 -2.190
121.720 -2.200
121.730 -2.200
121.730 -2.210
121.730 -2.220
121.740 -2.220
121.740 -2.230
121.750 -2.230
121.750 -2.240
121.760 -2.240
121.760 -2.250
121.770 -2.250
121.770 -2.260
121.780 -2.260
121.780 -2.270
121.780 -2.280
121.790 -2.280
121.790 -2.290
121.800 -2.290
121.810 -2.290
121.820 -2.290
121.830 -2.290
121.830 -2.300
121.830 -2.310
121.830 -2.320
121.840 -2.320
121.840 -2.330
121.840 -2.340
121.840 -2.350
121.850 -2.350
121.850 -2.360
121.860 -2.360
121.860 -2.370
121.870 -2.370
121.870 -2.380
121.870 -2.390
121.880 -2.390
121.880 -2.400
121.880 -2.410
121.890 -2.410
121.890 -2.420
121.900 -2.420
121.900 -2.430
121.910 -2.430
121.910 -2.440
121.910 -2.450
121.920 -2.450
121.920 -2.460
121.930 -2.460
121.930 -2.470
121.930 -2.480
121.940 -2.480
121.940 -2.490
121.950 -2.490
121.950 -2.500
121.950 -2.510
121.960 -2.510
121.960 -2.520
121.970 -2.530
121.970 -2.540
121.970 -2.550
121.980 -2.550
121.980 -2.560
121.980 -2.570
121.980 -2.580
121.990 -2.580
121.990 -2.590
121.990 -2.600
121.990 -2.610
122.000 -2.610
122.000 -2.620
122.000 -2.630
122.010 -2.630
122.010 -2.640
122.020 -2.640
122.020 -2.650
122.030 -2.650
122.030 -2.660
122.040 -2.660
122.040 -2.670
122.030 -2.670
122.020 -2.670
122.010 -2.670
122.010 -2.680
122.010 -2.690
122.010 -2.700
122.010 -2.710
122.010 -2.720
122.020 -2.720
122.030 -2.720
122.030 -2.730
122.040 -2.730
122.040 -2.740
122.050 -2.740
122.050 -2.750
122.060 -2.750
122.060 -2.760
122.070 -2.760
122.070 -2.770
122.070 -2.780
122.080 -2.780
122.080 -2.790
122.090 -2.790
122.100 -2.790
122.110 -2.790
122.120 -2.790
122.130 -2.790
122.140 -2.790
122.150 -2.790
122.150 -2.800
122.160 -2.800
122.160 -2.810
122.160 -2.820
122.170 -2.810
122.170 -2.820
122.180 -2.820
122.190 -2.820
122.190 -2.830
122.190 -2.840
122.190 -2.850
122.190 -2.860
122.180 -2.860
122.180 -2.870
122.190 -2.870
122.190 -2.880
122.200 -2.880
122.210 -2.880
122.210 -2.890
122.210 -2.900
122.220 -2.900
122.230 -2.900
122.230 -2.890
122.240 -2.890
122.240 -2.880
122.250 -2.880
122.250 -2.890
122.260 -2.890
122.270 -2.890
122.280 -2.890
122.290 -2.890
122.300 -2.900
122.310 -2.900
122.310 -2.910
122.320 -2.910
122.320 -2.920
122.320 -2.930
122.310 -2.930
122.310 -2.940
122.310 -2.950
122.310 -2.960
122.300 -2.960
122.300 -2.970
122.290 -2.970
122.290 -2.980
122.280 -2.980
122.280 -2.990
122.280 -3.000
122.270 -3.000
122.260 -3.000
122.260 -3.010
122.250 -3.010
122.250 -3.020
122.250 -3.030
122.260 -3.030
122.260 -3.040
122.270 -3.040
122.270 -3.050
122.280 -3.050
122.290 -3.050
122.290 -3.060
122.300 -3.060
122.310 -3.060
122.310 -3.070
122.320 -3.070
122.320 -3.080
122.330 -3.080
122.330 -3.090
122.340 -3.090
122.340 -3.100
122.350 -3.100
122.350 -3.110
122.350 -3.120
122.360 -3.120
122.360 -3.130
122.370 -3.130
122.370 -3.140
122.380 -3.140
122.390 -3.140
122.400 -3.140
122.400 -3.130
122.410 -3.130
122.420 -3.130
122.430 -3.130
122.430 -3.140
122.440 -3.140
122.440 -3.150
122.450 -3.150
122.460 -3.150
122.470 -3.150
122.470 -3.160
122.470 -3.170
122.480 -3.170
122.480 -3.180
122.480 -3.190
122.470 -3.190
122.460 -3.190
122.450 -3.190
122.440 -3.190
122.430 -3.190
122.430 -3.200
122.420 -3.200
122.420 -3.210
122.420 -3.220
122.430 -3.220
122.430 -3.230
122.430 -3.240
122.420 -3.240
122.420 -3.250
122.430 -3.250
122.430 -3.260
122.430 -3.270
122.430 -3.280
122.420 -3.280
122.420 -3.270
122.420 -3.260
122.410 -3.260
122.410 -3.250
122.410 -3.240
122.400 -3.240
122.400 -3.250
122.390 -3.250
122.390 -3.260
122.380 -3.260
122.380 -3.250
122.370 -3.260
122.360 -3.260
122.360 -3.250
122.360 -3.240
122.360 -3.230
122.350 -3.230
122.350 -3.240
122.340 -3.240
122.340 -3.230
122.330 -3.230
122.330 -3.220
122.330 -3.210
122.330 -3.200
122.340 -3.200
122.340 -3.190
122.330 -3.190
122.320 -3.190
122.310 -3.190
122.300 -3.190
122.300 -3.200
122.290 -3.190
122.290 -3.180
122.280 -3.170
122.280 -3.160
122.280 -3.150
122.280 -3.140
122.270 -3.140
122.270 -3.130
122.260 -3.130
122.250 -3.140
122.240 -3.140
122.230 -3.130
122.230 -3.120
122.220 -3.120
122.220 -3.110
122.210 -3.100
122.200 -3.100
122.190 -3.100
122.190 -3.090
122.190 -3.080
122.190 -3.070
122.190 -3.060
122.190 -3.050
122.190 -3.040
122.190 -3.030
122.180 -3.020
122.170 -3.020
122.160 -3.020
122.150 -3.010
122.140 -3.020
122.130 -3.020
122.130 -3.010
122.120 -3.010
122.120 -3.000
122.120 -2.990
122.120 -2.980
122.120 -2.970
122.110 -2.970
122.110 -2.960
122.100 -2.960
122.090 -2.960
122.080 -2.960
122.070 -2.960
122.060 -2.960
122.050 -2.960
122.040 -2.960
122.030 -2.960
122.020 -2.960
122.000 -2.960
121.990 -2.960
121.980 -2.960
121.970 -2.960
121.970 -2.970
121.950 -2.980
121.910 -2.980
121.880 -2.980
121.850 -2.960
121.820 -2.950
121.780 -2.940
121.740 -2.930
121.700 -2.910
121.670 -2.890
121.660 -2.880
121.660 -2.870
121.670 -2.850
121.670 -2.840
121.680 -2.830
121.690 -2.820
121.710 -2.810
121.710 -2.800
121.720 -2.790
121.720 -2.770
121.730 -2.760
121.730 -2.750
121.740 -2.740
121.750 -2.730
121.760 -2.720
121.770 -2.720
121.780 -2.710
121.790 -2.710
121.800 -2.710
121.800 -2.700
121.790 -2.690
121.780 -2.680
121.770 -2.660
121.760 -2.650
121.760 -2.640
121.760 -2.630
121.750 -2.620
121.750 -2.610
121.740 -2.600
121.730 -2.580
121.730 -2.570
121.720 -2.560
121.710 -2.550
121.690 -2.540
121.680 -2.540
121.680 -2.530
121.670 -2.530
121.660 -2.530
121.640 -2.530
121.630 -2.530
121.620 -2.520
121.600 -2.510
121.580 -2.500
121.570 -2.490
121.560 -2.490
121.540 -2.490
121.530 -2.490
121.520 -2.490
121.500 -2.490
121.490 -2.480
121.470 -2.460
121.460 -2.460
121.450 -2.450
121.440 -2.450
121.420 -2.430
121.420 -2.420
121.410 -2.420
121.400 -2.410
121.390 -2.400
121.380 -2.400
121.370 -2.390
121.360 -2.390
121.360 -2.380
121.340 -2.380
121.330 -2.370
121.310 -2.360
121.290 -2.360
121.270 -2.360
121.260 -2.360
121.230 -2.350
121.200 -2.340
121.180 -2.340
121.160 -2.330
121.150 -2.330
121.130 -2.310
121.120 -2.310
121.110 -2.300
121.050 -2.280
121.010 -2.260
120.980 -2.240
120.960 -2.230
120.940 -2.230
120.930 -2.230
120.920 -2.220
120.910 -2.220
120.890 -2.220
120.880 -2.220
120.870 -2.210
120.850 -2.210
120.840 -2.210
120.830 -2.210
120.820 -2.210
120.810 -2.210
120.810 -2.220
120.800 -2.220
120.780 -2.230
120.770 -2.230
120.750 -2.230
120.740 -2.230
120.730 -2.220
120.710 -2.210
120.700 -2.210
120.670 -2.190
120.660 -2.180
120.650 -2.180
120.630 -2.160
120.620 -2.150
120.600 -2.140
120.590 -2.130
120.580 -2.120
120.570 -2.100
120.560 -2.090
120.550 -2.090
120.540 -2.070
120.530 -2.060
120.500 -2.020
120.480 -2.000
120.480 -1.990
120.480 -1.980
120.480 -1.970
120.470 -1.960
120.470 -1.950
120.460 -1.940
120.450 -1.930
120.440 -1.920
120.430 -1.920
120.420 -1.910
120.420 -1.900
120.410 -1.890
120.400 -1.890
120.400 -1.880
120.390 -1.880
120.390 -1.890
120.380 -1.900
120.380 -1.910
120.380 -1.930
120.380 -1.940
120.370 -1.950
120.370 -1.960
120.370 -1.970
120.360 -1.980
120.360 -1.990
120.360 -2.000
120.350 -2.010
120.350 -2.040
120.340 -2.050
120.330 -2.050
120.320 -2.050
120.320 -2.040
120.310 -2.040
120.300 -2.040
120.290 -2.030
120.270 -2.020
120.250 -2.020
120.240 -2.020
120.210 -2.020
120.210 -2.030
120.190 -2.030
120.180 -2.030
120.170 -2.030
120.170 -2.020
120.150 -2.020
120.140 -2.010
120.120 -2.010
120.110 -2.000
120.110 -1.990
120.110 -1.980
120.110 -1.970
120.100 -1.960
120.090 -1.960
120.080 -1.970
120.070 -1.970
120.060 -1.970
120.040 -1.970
120.030 -1.970
120.020 -1.970
120.010 -1.970
120.010 -1.960
120.000 -1.960
119.990 -1.960
119.990 -1.970
119.980 -1.970
119.980 -1.980
119.970 -1.980
119.970 -1.990
119.960 -2.000
119.960 -2.010
119.950 -2.010
119.940 -2.010
119.930 -2.010
119.930 -2.020
119.920 -2.020
119.910 -2.030
119.900 -2.040
119.890 -2.040
119.890 -2.050
119.880 -2.050
119.870 -2.050
119.860 -2.050
119.850 -2.050
119.840 -2.050
119.830 -2.050
119.820 -2.050
119.820 -2.040
119.810 -2.040
119.810 -2.030
119.810 -2.020
119.820 -2.010
119.820 -2.000
119.830 -2.000
119.830 -1.990
119.840 -1.980
119.840 -1.970
119.850 -1.970
119.850 -1.960
119.860 -1.960
119.870 -1.950
119.870 -1.940
119.870 -1.930
119.860 -1.930
119.860 -1.920
119.870 -1.920
119.870 -1.910
119.870 -1.900
119.870 -1.890
119.870 -1.880
119.860 -1.880
119.860 -1.870
119.870 -1.870
119.870 -1.860
119.880 -1.860
119.890 -1.860
119.900 -1.860
119.900 -1.850
119.910 -1.840
119.910 -1.830
119.910 -1.820
119.910 -1.810
119.910 -1.800
119.900 -1.800
119.900 -1.790
119.890 -1.780
119.880 -1.780
119.870 -1.770
119.860 -1.770
119.850 -1.770
119.840 -1.770
119.830 -1.770
119.820 -1.770
119.820 -1.760
119.810 -1.760
119.800 -1.760
119.790 -1.760
119.780 -1.760
119.780 -1.770
119.770 -1.770
119.760 -1.760
119.750 -1.750
119.750 -1.740
119.760 -1.730
119.760 -1.720
119.760 -1.710
119.770 -1.710
119.770 -1.700
119.780 -1.700
119.780 -1.690
119.770 -1.690
119.770 -1.680
119.770 -1.670
119.760 -1.660
119.760 -1.650
119.750 -1.650
119.740 -1.650
119.730 -1.640
119.730 -1.630
119.740 -1.620
119.740 -1.610
119.730 -1.610
119.730 -1.600
119.720 -1.600
119.720 -1.590
119.710 -1.590
119.710 -1.580
119.700 -1.580
119.700 -1.570
119.690 -1.560
119.680 -1.550
119.670 -1.550
119.670 -1.540
119.670 -1.530
119.670 -1.520
119.670 -1.510
119.660 -1.510
119.660 -1.500
119.670 -1.490
119.680 -1.480
119.690 -1.470
119.690 -1.460
119.700 -1.460
119.700 -1.450
119.690 -1.450
119.690 -1.440
119.680 -1.440
119.680 -1.430
119.670 -1.430
119.660 -1.420
119.650 -1.410
119.640 -1.410
119.640 -1.400
119.630 -1.400
119.620 -1.400
119.610 -1.400
119.600 -1.400
119.600 -1.390
119.590 -1.390
119.580 -1.400
119.580 -1.410
119.570 -1.420
119.560 -1.420
119.550 -1.420
119.540 -1.420
119.530 -1.430
119.530 -1.420
119.520 -1.420
119.520 -1.410
119.510 -1.400
119.510 -1.390
119.500 -1.390
119.490 -1.390
119.480 -1.390
119.480 -1.400
119.470 -1.400
119.460 -1.400
119.450 -1.400
119.450 -1.390
119.440 -1.390
119.440 -1.380
119.430 -1.380
119.430 -1.370
119.430 -1.360
119.420 -1.360
119.420 -1.350
119.420 -1.340
119.430 -1.340
119.430 -1.330
119.440 -1.330
119.450 -1.330
119.460 -1.330
119.470 -1.330
119.480 -1.330
119.480 -1.320
119.490 -1.320
119.500 -1.320
119.500 -1.310
119.510 -1.310
119.510 -1.300
119.500 -1.290
119.500 -1.300
119.490 -1.300
119.480 -1.300
119.470 -1.310
119.470 -1.300
119.470 -1.290
119.480 -1.290
119.480 -1.280
119.490 -1.280
119.500 -1.280
119.510 -1.280
119.520 -1.280
119.530 -1.280
119.540 -1.280
119.550 -1.280
119.560 -1.280
119.570 -1.280
119.570 -1.270
119.580 -1.270
119.580 -1.260
119.580 -1.250
119.580 -1.240
119.580 -1.230
119.580 -1.220
119.580 -1.210
119.590 -1.200
119.590 -1.190
119.600 -1.180
119.600 -1.170
119.610 -1.160
119.610 -1.150
119.610 -1.140
119.610 -1.130
119.610 -1.120
119.600 -1.120
119.590 -1.130
119.590 -1.120
119.580 -1.120
119.580 -1.110
119.580 -1.100
119.580 -1.090
119.580 -1.080
119.570 -1.080
119.570 -1.070
119.570 -1.060
119.570 -1.050
119.570 -1.040
119.570 -1.030
119.570 -1.020
119.560 -1.020
119.560 -1.010
119.550 -1.010
119.550 -1.000
119.550 -0.990
119.550 -0.980
119.560 -0.970
119.560 -0.960
119.560 -0.950
119.560 -0.940
119.560 -0.930
119.560 -0.920
119.550 -0.920
119.550 -0.910
119.550 -0.900
119.550 -0.890
119.550 -0.880
119.560 -0.880
119.560 -0.870
119.560 -0.860
119.560 -0.850
119.570 -0.850
119.580 -0.850
119.590 -0.850
119.600 -0.840
119.610 -0.840
119.610 -0.830
119.620 -0.830
119.620 -0.820
119.620 -0.810
119.620 -0.800
119.630 -0.800
119.630 -0.790
119.640 -0.790
119.650 -0.790
119.660 -0.790
119.660 -0.780
119.670 -0.770
119.680 -0.770
119.680 -0.760
119.680 -0.750
119.690 -0.750
119.690 -0.740
119.680 -0.740
119.680 -0.730
119.680 -0.720
119.670 -0.720
119.660 -0.720
119.660 -0.710
119.670 -0.710
119.670 -0.700
119.680 -0.700
119.690 -0.700
119.690 -0.690
119.700 -0.690
119.710 -0.690
119.710 -0.680
119.720 -0.680
119.720 -0.670
119.720 -0.660
119.730 -0.660
119.730 -0.650
119.730 -0.640
119.740 -0.640
119.740 -0.650
119.740 -0.660
119.740 -0.670
119.750 -0.670
119.760 -0.680
119.760 -0.690
119.760 -0.700
119.770 -0.700
119.770 -0.710
119.770 -0.720
119.780 -0.720
119.780 -0.730
119.780 -0.740
119.780 -0.750
119.790 -0.750
119.790 -0.760
119.790 -0.770
119.790 -0.780
119.800 -0.780
119.800 -0.790
119.800 -0.800
119.810 -0.800
119.810 -0.810
119.810 -0.820
119.810 -0.830
119.810 -0.840
119.820 -0.840
119.820 -0.850
119.830 -0.850
119.830 -0.860
119.830 -0.870
119.840 -0.870
119.840 -0.880
119.850 -0.880
119.860 -0.880
119.860 -0.890
119.870 -0.890
119.870 -0.880
119.870 -0.870
119.880 -0.870
119.880 -0.860
119.880 -0.850
119.880 -0.840
119.880 -0.830
119.880 -0.820
119.880 -0.810
119.880 -0.800
119.870 -0.800
119.870 -0.790
119.860 -0.790
119.860 -0.780
119.860 -0.770
119.860 -0.760
119.860 -0.750
119.860 -0.740
119.850 -0.740
119.850 -0.730
119.860 -0.730
119.860 -0.720
119.860 -0.710
119.850 -0.710
119.850 -0.700
119.840 -0.700
119.840 -0.690
119.830 -0.690
119.820 -0.690
119.820 -0.680
119.820 -0.670
119.820 -0.660
119.810 -0.660
119.810 -0.650
119.810 -0.640
119.810 -0.630
119.810 -0.620
119.800 -0.620
119.800 -0.610
119.790 -0.610
119.790 -0.600
119.790 -0.590
119.790 -0.580
119.790 -0.570
119.790 -0.560
119.780 -0.560
119.780 -0.550
119.780 -0.540
119.780 -0.530
119.770 -0.530
119.770 -0.520
119.770 -0.510
119.760 -0.510
119.760 -0.500
119.760 -0.490
119.760 -0.480
119.760 -0.470
119.760 -0.460
119.760 -0.450
119.760 -0.440
119.760 -0.430
119.760 -0.420
119.760 -0.410
119.760 -0.400
119.760 -0.390
119.760 -0.380
119.750 -0.380
119.750 -0.370
119.750 -0.360
119.760 -0.360
119.760 -0.350
119.760 -0.340
119.770 -0.340
119.770 -0.330
119.770 -0.320
119.770 -0.310
119.770 -0.300
119.780 -0.300
119.780 -0.290
119.780 -0.280
119.780 -0.270
119.790 -0.270
119.790 -0.260
119.790 -0.250
119.800 -0.250
119.800 -0.240
119.800 -0.230
119.800 -0.220
119.810 -0.220
119.810 -0.210
119.810 -0.200
119.820 -0.200
119.820 -0.190
119.820 -0.180
119.810 -0.180
119.810 -0.170
119.800 -0.170
119.800 -0.160
119.800 -0.150
119.810 -0.150
119.810 -0.140
119.810 -0.130
119.800 -0.130
119.800 -0.120
119.790 -0.120
119.790 -0.130
119.780 -0.130
119.770 -0.130
119.760 -0.130
119.760 -0.140
119.750 -0.140
119.740 -0.140
119.730 -0.140
119.720 -0.140
119.710 -0.140
119.700 -0.140
119.700 -0.130
119.690 -0.130
119.690 -0.120
119.680 -0.120
119.670 -0.120
119.670 -0.110
119.660 -0.110
119.660 -0.100
119.650 -0.100
119.650 -0.090
119.650 -0.080
119.650 -0.070
119.640 -0.070
119.640 -0.060
119.630 -0.060
119.630 -0.050
119.620 -0.050
119.620 -0.040
119.620 -0.030
119.610 -0.030
119.610 -0.020
119.610 -0.010
119.620 -0.010
119.630 -0.010
119.640 -0.010
119.650 -0.010
119.650 -0.020
119.660 -0.020
119.670 -0.020
119.670 -0.010
119.670 0.000
119.660 0.000
119.660 0.010
119.660 0.020
119.670 0.020
119.670 0.010
119.680 0.010
119.680 0.000
119.690 0.000
119.700 0.000
119.710 0.000
119.710 -0.010
119.720 -0.010
119.730 -0.010
119.730 -0.020
119.730 -0.030
119.740 -0.030
119.740 -0.040
119.740 -0.050
119.740 -0.060
119.740 -0.070
119.750 -0.070
119.760 -0.070
119.770 -0.070
119.770 -0.080
119.770 -0.090
119.770 -0.100
119.770 -0.110
119.780 -0.110
119.790 -0.110
119.800 -0.110
119.810 -0.110
119.820 -0.110
119.830 -0.110
119.840 -0.110
119.840 -0.100
119.840 -0.090
119.850 -0.090
119.850 -0.080
119.850 -0.070
119.860 -0.070
119.860 -0.060
119.870 -0.060
119.870 -0.050
119.870 -0.040
119.880 -0.040
119.880 -0.030
119.880 -0.020
119.880 -0.010
119.890 -0.010
119.890 0.000
119.880 0.000
119.880 0.010
119.880 0.020
119.880 0.030
119.880 0.040
119.870 0.040
119.870 0.050
119.880 0.050
119.880 0.060
119.880 0.070
119.880 0.080
119.870 0.090
119.870 0.100
119.870 0.110
119.860 0.110
119.860 0.120
119.850 0.120
119.850 0.130
119.840 0.130
119.840 0.140
119.830 0.140
119.830 0.150
119.820 0.150
119.820 0.160
119.810 0.160
119.800 0.160
119.800 0.170
119.790 0.170
119.790 0.180
119.790 0.190
119.780 0.190
119.770 0.190
119.770 0.200
119.770 0.210
119.770 0.220
119.780 0.220
119.780 0.230
119.790 0.230
119.800 0.230
119.800 0.240
119.810 0.240
119.810 0.230
119.820 0.230
119.830 0.230
119.830 0.220
119.840 0.220
119.850 0.220
119.850 0.210
119.860 0.210
119.860 0.220
119.870 0.220
119.880 0.220
119.880 0.210
119.890 0.210
119.890 0.220
119.900 0.220
119.900 0.230
119.910 0.230
119.900 0.240
119.900 0.250
119.900 0.260
119.900 0.270
119.890 0.270
119.890 0.280
119.890 0.290
119.890 0.300
119.880 0.300
119.880 0.290
119.870 0.290
119.870 0.300
119.870 0.310
119.860 0.310
119.860 0.320
119.850 0.320
119.850 0.330
119.850 0.340
119.850 0.350
119.850 0.360
119.860 0.360
119.860 0.370
119.870 0.370
119.870 0.380
119.880 0.380
119.880 0.390
119.890 0.390
119.890 0.400
119.890 0.410
119.890 0.420
119.880 0.420
119.880 0.430
119.880 0.440
119.880 0.450
119.880 0.460
119.890 0.460
119.890 0.470
119.900 0.470
119.900 0.480
119.910 0.480
119.920 0.480
119.930 0.480
119.940 0.480
119.950 0.470
119.950 0.480
119.960 0.480
119.970 0.480
119.980 0.480
119.990 0.480
120.000 0.480
120.000 0.490
120.010 0.490
120.020 0.490
120.020 0.500
120.030 0.500
120.030 0.510
120.040 0.510
120.050 0.510
120.050 0.520
120.050 0.530
120.050 0.540
120.040 0.540
120.040 0.550
120.040 0.560
120.040 0.570
120.040 0.580
120.040 0.590
120.040 0.600
120.030 0.600
120.030 0.610
120.030 0.620
120.020 0.620
120.020 0.630
120.020 0.640
120.020 0.650
120.020 0.660
120.020 0.670
120.020 0.680
120.030 0.680
120.030 0.690
120.040 0.690
120.040 0.700
120.040 0.710
120.050 0.710
120.060 0.710
120.060 0.720
120.060 0.730
120.060 0.740
120.070 0.740
120.080 0.740
120.090 0.740
120.100 0.740
120.110 0.740
120.120 0.740
120.130 0.740
120.130 0.750
120.140 0.750
120.150 0.750
120.160 0.750
120.170 0.750
120.170 0.760
120.180 0.760
120.190 0.760
120.190 0.770
120.200 0.770
120.210 0.770
120.210 0.780
120.220 0.780
120.220 0.790
120.230 0.790
120.230 0.800
120.240 0.800
120.240 0.810
120.240 0.820
120.240 0.830
120.250 0.830
120.250 0.840
120.240 0.840
120.240 0.850
120.240 0.860
120.240 0.870
120.240 0.880
120.230 0.880
120.230 0.890
120.240 0.890
120.240 0.900
120.240 0.910
120.240 0.920
120.250 0.930
120.250 0.940
120.250 0.950
120.250 0.960
120.260 0.960
120.270 0.970
120.280 0.970
120.280 0.980
120.280 0.990
120.290 0.990
120.290 0.980
120.300 0.980
120.310 0.980
120.320 0.980
120.330 0.980
120.340 0.980
120.350 0.980
120.350 0.970
120.350 0.960
120.350 0.950
120.340 0.950
120.340 0.940
120.340 0.930
120.340 0.920
120.340 0.910
120.340 0.900
120.340 0.890
120.340 0.880
120.330 0.880
120.330 0.870
120.330 0.860
120.330 0.850
120.340 0.850
120.340 0.840
120.350 0.840
120.360 0.840
120.360 0.850
120.370 0.850
120.370 0.840
120.370 0.830
120.380 0.830
120.380 0.820
120.380 0.810
120.390 0.810
120.390 0.800
120.400 0.790
120.410 0.790
120.420 0.790
120.430 0.790
120.440 0.790
120.440 0.780
120.450 0.780
120.460 0.780
120.470 0.780
120.480 0.780
120.480 0.790
120.490 0.790
120.500 0.790
120.510 0.790
120.520 0.790
120.530 0.790
120.540 0.790
120.540 0.780
120.550 0.780
120.550 0.770
120.550 0.760
120.560 0.760
120.560 0.750
120.570 0.750
120.580 0.750
120.590 0.750
120.600 0.750
120.590 0.760
120.580 0.770
120.580 0.780
120.580 0.790
120.590 0.790
120.590 0.800
120.600 0.800
120.600 0.810
120.610 0.810
120.610 0.820
120.600 0.820
120.600 0.830
120.600 0.840
120.600 0.850
120.610 0.850
120.610 0.860
120.600 0.870
120.610 0.880
120.610 0.890
120.620 0.890
120.620 0.900
120.620 0.910
120.630 0.910
120.630 0.920
120.640 0.920
120.640 0.930
120.630 0.930
120.630 0.940
120.640 0.940
120.650 0.940
120.650 0.950
120.660 0.950
120.670 0.950
120.670 0.960
120.670 0.970
120.680 0.960
120.690 0.960
120.690 0.970
120.680 0.970
120.680 0.980
120.690 0.980
120.690 0.990
120.700 0.990
120.700 0.980
120.710 0.980
120.720 0.980
120.720 0.970
120.730 0.970
120.730 0.980
120.740 0.980
120.740 0.990
120.750 0.990
120.750 1.000
120.760 1.010
120.770 1.010
120.770 1.020
120.780 1.020
120.780 1.030
120.790 1.030
120.800 1.030
120.810 1.030
120.810 1.040
120.810 1.050
120.800 1.050
120.800 1.060
120.800 1.070
120.800 1.080
120.800 1.090
120.790 1.090
120.790 1.100
120.780 1.100
120.780 1.110
120.780 1.120
120.790 1.120
120.790 1.130
120.790 1.140
120.790 1.150
120.790 1.160
120.800 1.160
120.810 1.160
120.810 1.170
120.820 1.170
120.820 1.180
120.830 1.180
120.830 1.190
120.830 1.200
120.830 1.210
120.820 1.210
120.810 1.210
120.810 1.220
120.810 1.230
120.810 1.240
120.820 1.240
120.820 1.250
120.820 1.260
120.810 1.260
120.810 1.270
120.810 1.280
120.820 1.280
120.820 1.290
120.820 1.300
120.810 1.300
120.810 1.310
120.810 1.320
120.820 1.320
120.820 1.330
120.830 1.320
120.830 1.310
120.840 1.310
120.850 1.320
120.860 1.320
120.870 1.320
120.880 1.320
120.890 1.330
120.890 1.340
120.900 1.340
120.900 1.330
120.900 1.320
120.890 1.320
120.890 1.310
120.890 1.300
120.900 1.300
120.900 1.310
120.910 1.310
120.910 1.320
120.920 1.320
120.930 1.320
120.930 1.330
120.930 1.340
120.940 1.340
120.940 1.350
120.950 1.350
120.960 1.340
120.970 1.340
120.980 1.340
120.990 1.340
121.000 1.340
121.000 1.330
121.010 1.330
121.020 1.330
121.020 1.320
121.030 1.320
121.040 1.320
121.040 1.310
121.050 1.310
121.060 1.310
121.060 1.300
121.070 1.300
121.070 1.310
121.080 1.310
121.080 1.320
121.090 1.320
121.100 1.320
121.100 1.310
121.110 1.310
121.120 1.310
121.120 1.300
121.130 1.300
121.140 1.300
121.140 1.290
121.150 1.290
121.150 1.280
121.160 1.280
121.170 1.280
121.170 1.270
121.180 1.270
121.180 1.260
121.190 1.260
121.200 1.260
121.200 1.250
121.210 1.250
121.220 1.250
121.220 1.240
121.230 1.240
121.240 1.240
121.240 1.230
121.250 1.230
121.260 1.230
121.270 1.230
121.270 1.240
121.280 1.240
121.290 1.240
121.300 1.250
121.310 1.250
121.310 1.260
121.320 1.260
121.330 1.260
121.340 1.260
121.340 1.250
121.350 1.250
121.360 1.250
121.370 1.250
121.370 1.260
121.380 1.260
121.390 1.260
121.400 1.260
121.410 1.260
121.410 1.270
121.410 1.280
121.420 1.280
121.420 1.290
121.430 1.290
121.430 1.300
121.430 1.310
121.440 1.310
121.450 1.310
121.460 1.310
121.460 1.300
121.470 1.300
121.470 1.290
121.460 1.290
121.460 1.280
121.470 1.280
121.470 1.270
121.470 1.260
121.460 1.260
121.460 1.250
121.450 1.250
121.440 1.250
121.440 1.240
121.430 1.240
121.420 1.240
121.410 1.240
121.410 1.230
121.420 1.230
121.430 1.230
121.430 1.220
121.430 1.210
121.430 1.200
121.430 1.190
121.420 1.190
121.420 1.180
121.430 1.180
121.430 1.170
121.430 1.160
121.440 1.160
121.440 1.150
121.450 1.150
121.450 1.140
121.460 1.140
121.460 1.130
121.470 1.130
121.470 1.120
121.480 1.120
121.480 1.110
121.490 1.110
121.490 1.100
121.500 1.100
121.500 1.090
121.510 1.090
121.520 1.090
121.520 1.080
121.530 1.080
121.540 1.080
121.540 1.070
121.550 1.070
121.550 1.060
121.560 1.060
121.570 1.060
121.580 1.060
121.590 1.060
121.600 1.060
121.610 1.060
121.620 1.060
121.630 1.060
121.640 1.060
121.640 1.050
121.650 1.050
121.650 1.060
121.660 1.060
121.660 1.070
121.670 1.070
121.680 1.070
121.690 1.070
121.690 1.060
121.700 1.060
121.700 1.050
121.710 1.050
121.710 1.060
121.710 1.070
121.710 1.080
121.720 1.080
121.720 1.070
121.730 1.080
121.730 1.070
121.740 1.070
121.750 1.070
121.760 1.070
121.770 1.070
121.770 1.080
121.780 1.080
121.790 1.080
121.800 1.080
121.810 1.080
121.820 1.080
121.820 1.090
121.830 1.090
121.840 1.090
121.850 1.090
121.860 1.090
121.870 1.090
121.870 1.080
121.880 1.080
121.890 1.080
121.890 1.090
121.900 1.090
121.910 1.090
121.910 1.100
121.920 1.100
121.930 1.100
121.930 1.090
121.930 1.080
121.940 1.080
121.940 1.070
121.950 1.070
121.950 1.060
121.960 1.060
121.960 1.050
121.950 1.050
121.950 1.040
121.960 1.040
121.960 1.030
121.970 1.030
121.980 1.030
121.980 1.020
121.990 1.020
121.990 1.030
122.000 1.030
122.000 1.040
122.010 1.040
122.020 1.040
122.030 1.040
122.030 1.050
122.040 1.050
122.050 1.050
122.050 1.060
122.050 1.070
122.060 1.070
122.060 1.060
122.070 1.060
122.080 1.060
122.080 1.070
122.090 1.070
122.100 1.070
122.110 1.070
122.110 1.060
122.120 1.060
122.120 1.050
122.130 1.050
122.140 1.050
122.150 1.050
122.160 1.050
122.160 1.040
122.160 1.030
122.170 1.030
122.170 1.040
122.170 1.050
122.180 1.050
122.190 1.050
122.190 1.040
122.190 1.030
122.200 1.030
122.200 1.020
122.210 1.020
122.180 1.010
122.170 1.010
122.150 1.000
122.140 1.000
122.130 0.990
122.120 0.990
122.110 0.990
122.100 0.980
122.090 0.980
122.080 0.980
122.070 0.970
122.060 0.970
122.050 0.970
122.040 0.970
122.040 0.960
122.030 0.950
122.030 0.940
122.020 0.940
122.010 0.940
122.000 0.940
121.990 0.940
121.980 0.940
121.970 0.940
121.970 0.930
121.960 0.940
121.940 0.950
121.930 0.950
121.920 0.960
121.910 0.960
121.890 0.970
121.880 0.970
121.860 0.980
121.850 0.980
121.830 0.980
121.800 0.960
121.780 0.950
121.760 0.940
121.750 0.930
121.720 0.920
121.680 0.910
121.660 0.900
121.650 0.890
121.640 0.890
121.620 0.880
121.610 0.880
121.600 0.880
121.590 0.880
121.570 0.870
121.560 0.860
121.550 0.860
121.540 0.860
121.520 0.850
121.500 0.850
121.490 0.850
121.480 0.850
121.470 0.850
121.470 0.860
121.460 0.860
121.450 0.860
121.440 0.860
121.430 0.860
121.420 0.860
121.410 0.860
121.410 0.870
121.400 0.870
121.390 0.870
121.380 0.870
121.370 0.860
121.360 0.860
121.350 0.860
121.350 0.850
121.340 0.850
121.330 0.850
121.330 0.840
121.320 0.840
121.310 0.840
121.310 0.830
121.300 0.830
121.290 0.820
121.280 0.810
121.270 0.800
121.260 0.790
121.260 0.780
121.250 0.780
121.250 0.770
121.250 0.760
121.250 0.750
121.250 0.740
121.240 0.730
121.240 0.720
121.230 0.720
121.230 0.710
121.220 0.710
121.210 0.700
121.200 0.700
121.190 0.690
121.180 0.690
121.170 0.690
121.160 0.690
121.170 0.680
121.170 0.670
121.180 0.660
121.180 0.650
121.190 0.650
121.200 0.650
121.200 0.640
121.210 0.640
121.220 0.630
121.220 0.620
121.230 0.620
121.230 0.610
121.230 0.600
121.240 0.600
121.240 0.590
121.250 0.590
121.260 0.590
121.270 0.590
121.280 0.580
121.290 0.580
121.300 0.580
121.300 0.570
121.310 0.570
121.320 0.580
121.330 0.580
121.340 0.580
121.340 0.570
121.350 0.570
121.350 0.560
121.340 0.560
121.340 0.550
121.350 0.550
121.350 0.540
121.340 0.530
121.340 0.520
121.340 0.510
121.350 0.510
121.350 0.500
121.350 0.490
121.350 0.480
121.340 0.480
121.330 0.480
121.320 0.480
121.320 0.490
121.310 0.490
121.300 0.490
121.290 0.490
121.290 0.500
121.280 0.500
121.280 0.490
121.270 0.490
121.260 0.490
121.250 0.490
121.250 0.480
121.240 0.480
121.240 0.470
121.240 0.460
121.230 0.460
121.220 0.460
121.210 0.460
121.200 0.460
121.190 0.460
121.180 0.460
121.170 0.450
121.170 0.440
121.160 0.440
121.160 0.430
121.150 0.430
121.150 0.420
121.160 0.420
121.160 0.410
121.150 0.410
121.140 0.410
121.130 0.410
121.120 0.410
121.120 0.400
121.110 0.400
121.100 0.400
121.100 0.410
121.090 0.410
121.090 0.400
121.080 0.400
121.070 0.400
121.070 0.410
121.060 0.410
121.050 0.410
121.050 0.420
121.040 0.420
121.040 0.430
121.030 0.430
121.030 0.440
121.020 0.440
121.020 0.430
121.010 0.430
121.000 0.430
120.990 0.430
120.990 0.420
120.980 0.420
120.970 0.420
120.960 0.420
120.960 0.430
120.950 0.430
120.950 0.420
120.950 0.410
120.940 0.410
120.940 0.400
120.930 0.400
120.920 0.400
120.910 0.400
120.900 0.400
120.890 0.400
120.890 0.410
120.880 0.410
120.880 0.420
120.870 0.420
120.870 0.430
120.860 0.430
120.860 0.440
120.850 0.440
120.850 0.450
120.840 0.450
120.840 0.440
120.830 0.440
120.830 0.450
120.820 0.450
120.810 0.450
120.810 0.460
120.810 0.470
120.800 0.470
120.790 0.470
120.790 0.460
120.780 0.460
120.770 0.460
120.760 0.460
120.750 0.470
120.740 0.470
120.730 0.470
120.730 0.480
120.720 0.480
120.720 0.490
120.710 0.490
120.710 0.500
120.700 0.500
120.700 0.510
120.690 0.510
120.680 0.510
120.670 0.510
120.660 0.510
120.660 0.520
120.650 0.520
120.640 0.520
120.630 0.520
120.620 0.520
120.610 0.520
120.600 0.520
120.590 0.520
120.590 0.510
120.580 0.510
120.570 0.510
120.560 0.510
120.550 0.510
120.540 0.510
120.530 0.510
120.530 0.520
120.520 0.520
120.520 0.510
120.510 0.510
120.500 0.510
120.490 0.510
120.490 0.500
120.480 0.500
120.480 0.490
120.470 0.490
120.460 0.490
120.460 0.480
120.450 0.480
120.450 0.470
120.440 0.470
120.430 0.470
120.420 0.470
120.420 0.480
120.410 0.480
120.410 0.470
120.400 0.470
120.390 0.470
120.390 0.460
120.380 0.460
120.370 0.460
120.360 0.460
120.360 0.450
120.350 0.450
120.340 0.450
120.340 0.440
120.330 0.440
120.330 0.430
120.320 0.430
120.310 0.430
120.310 0.420
120.300 0.420
120.300 0.410
120.290 0.400
120.290 0.390
120.290 0.380
120.280 0.380
120.270 0.370
120.270 0.360
120.260 0.360
120.250 0.350
120.250 0.340
120.240 0.340
120.240 0.330
120.230 0.330
120.230 0.320
120.230 0.310
120.220 0.310
120.220 0.300
120.220 0.290
120.210 0.290
120.210 0.280
120.210 0.270
120.200 0.270
120.200 0.260
120.190 0.260
120.190 0.250
120.180 0.250
120.180 0.240
120.170 0.240
120.170 0.230
120.160 0.230
120.160 0.220
120.150 0.220
120.150 0.210
120.150 0.200
120.140 0.200
120.140 0.190
120.130 0.190
120.130 0.180
120.130 0.170
120.120 0.170
120.120 0.160
120.130 0.160
120.130 0.150
120.140 0.140
120.140 0.130
120.130 0.130
120.130 0.120
120.120 0.120
120.120 0.110
120.110 0.110
120.110 0.100
120.110 0.090
120.110 0.080
120.110 0.070
120.110 0.060
120.110 0.050
120.110 0.040
120.100 0.040
120.100 0.030
120.100 0.020
120.100 0.010
120.100 0.000
120.100 -0.010
120.100 -0.020
120.100 -0.030
120.090 -0.030
120.090 -0.040
120.080 -0.040
120.080 -0.050
120.070 -0.050
120.070 -0.060
120.060 -0.060
120.050 -0.060
120.040 -0.060
120.040 -0.070
120.030 -0.070
120.030 -0.080
120.030 -0.090
120.030 -0.100
120.040 -0.100
120.040 -0.110
120.040 -0.120
120.040 -0.130
120.040 -0.140
120.040 -0.150
120.030 -0.150
120.030 -0.160
120.020 -0.170
120.010 -0.170
120.010 -0.180
120.010 -0.190
120.010 -0.200
120.010 -0.210
120.010 -0.220
120.010 -0.230
120.010 -0.240
120.010 -0.250
120.010 -0.260
120.010 -0.270
120.010 -0.280
120.010 -0.290
120.020 -0.290
120.020 -0.300
120.030 -0.300
120.030 -0.310
120.030 -0.320
120.030 -0.330
120.030 -0.340
120.030 -0.350
120.030 -0.360
120.040 -0.360
120.040 -0.370
120.040 -0.380
120.040 -0.390
120.040 -0.400
120.050 -0.400
120.050 -0.410
120.060 -0.410
120.060 -0.420
120.070 -0.420
120.070 -0.430
120.070 -0.440
120.070 -0.450
120.070 -0.460
120.070 -0.470
120.060 -0.470
120.060 -0.480
120.050 -0.480
120.050 -0.490
120.050 -0.500
120.050 -0.510
120.050 -0.520
120.050 -0.530
120.050 -0.540
120.050 -0.550
120.050 -0.560
120.050 -0.570
120.060 -0.570
120.060 -0.580
120.060 -0.590
120.060 -0.600
120.060 -0.610
120.060 -0.620
120.060 -0.630
120.060 -0.640
120.060 -0.650
120.070 -0.650
120.070 -0.660
120.070 -0.670
120.080 -0.670
120.080 -0.680
120.080 -0.690
120.090 -0.690
120.090 -0.700
120.100 -0.700
120.100 -0.710
120.110 -0.710
120.110 -0.720
120.110 -0.730
120.110 -0.740
120.120 -0.740
120.120 -0.750
120.130 -0.750
120.130 -0.760
120.130 -0.770
120.130 -0.780
120.140 -0.780
120.150 -0.780
120.160 -0.780
120.160 -0.790
120.170 -0.790
120.170 -0.800
120.180 -0.800
120.180 -0.810
120.180 -0.820
120.180 -0.830
120.190 -0.830
120.190 -0.840
120.200 -0.850
120.210 -0.850
120.220 -0.850
120.230 -0.850
120.230 -0.860
120.230 -0.870
120.240 -0.870
120.240 -0.880
120.240 -0.890
120.250 -0.890
120.250 -0.900
120.260 -0.900
120.270 -0.910
120.280 -0.910
120.280 -0.920
120.280 -0.930
120.280 -0.940
120.290 -0.940
120.290 -0.950
120.300 -0.950
120.300 -0.960
120.310 -0.960
120.310 -0.970
120.320 -0.970
120.320 -0.960
120.330 -0.960
120.330 -0.950
120.340 -0.950
120.340 -0.960
120.350 -0.960
120.350 -0.950
120.350 -0.940
120.360 -0.940
120.370 -0.940
120.370 -0.930
120.380 -0.930
120.390 -0.930
120.390 -0.920
120.400 -0.920
120.410 -0.920
120.410 -0.930
120.420 -0.930
120.420 -0.940
120.430 -0.940
120.430 -0.950
120.430 -0.960
120.430 -0.970
120.440 -0.970
120.450 -0.970
120.450 -0.980
120.460 -0.980
120.460 -0.990
120.470 -0.990
120.480 -0.990
120.490 -0.990
120.490 -1.000
120.500 -1.000
120.510 -1.000
120.510 -1.010
120.520 -1.010
120.520 -1.020
120.530 -1.020
120.530 -1.030
120.530 -1.040
120.530 -1.050
120.540 -1.050
120.540 -1.060
120.550 -1.060
120.550 -1.070
120.550 -1.080
120.560 -1.080
120.560 -1.090
120.570 -1.090
120.570 -1.100
120.580 -1.100
120.580 -1.110
120.590 -1.110
120.580 -1.120
120.580 -1.130
120.580 -1.140
120.590 -1.140
120.590 -1.150
120.590 -1.160
120.590 -1.170
120.590 -1.180
120.590 -1.190
120.580 -1.190
120.580 -1.200
120.570 -1.200
120.570 -1.210
120.570 -1.220
120.570 -1.230
120.570 -1.240
120.570 -1.250
120.570 -1.260
120.580 -1.260
120.590 -1.260
120.590 -1.270
120.600 -1.270
120.600 -1.280
120.610 -1.280
120.610 -1.290
120.620 -1.290
120.620 -1.300
120.630 -1.300
120.630 -1.310
120.640 -1.310
120.640 -1.320
120.640 -1.330
120.650 -1.330
120.650 -1.340
120.650 -1.350
120.650 -1.360
120.640 -1.360
120.640 -1.370
120.650 -1.370
120.660 -1.370
120.660 -1.380
120.670 -1.380
120.670 -1.390
120.670 -1.400
120.670 -1.410
120.680 -1.410
120.680 -1.420
120.690 -1.420
120.700 -1.420
120.700 -1.410
120.700 -1.400
120.710 -1.400
120.720 -1.400
120.720 -1.390
120.730 -1.390
120.730 -1.380
120.740 -1.380
120.740 -1.390
120.750 -1.390
120.750 -1.380
120.760 -1.380
120.760 -1.370
120.770 -1.370
120.780 -1.370
120.790 -1.370
120.790 -1.360
120.800 -1.360
120.800 -1.350
120.810 -1.350
120.810 -1.360
120.820 -1.360
120.820 -1.350
120.830 -1.360
120.840 -1.360
120.840 -1.370
120.840 -1.380
120.840 -1.390
120.840 -1.400
120.850 -1.400
120.850 -1.410
120.860 -1.410
120.870 -1.410
120.880 -1.410
120.890 -1.410
120.900 -1.410
120.910 -1.410
120.910 -1.420
120.920 -1.420
120.920 -1.410
120.930 -1.410
120.940 -1.410
120.950 -1.410
120.960 -1.410
120.970 -1.410
120.970 -1.400
120.980 -1.400
120.990 -1.400
120.990 -1.410
121.000 -1.410
121.000 -1.420
121.010 -1.420
121.020 -1.420
121.030 -1.420
121.040 -1.420
121.040 -1.430
121.050 -1.430
121.050 -1.440
121.060 -1.440
121.070 -1.440
121.080 -1.440
121.090 -1.440
121.100 -1.440
121.100 -1.430
121.110 -1.430
121.120 -1.430
121.120 -1.420
121.120 -1.410
121.130 -1.410
121.130 -1.400
121.130 -1.390
121.130 -1.380
121.140 -1.380
121.150 -1.380
121.150 -1.370
121.160 -1.370
121.160 -1.360
121.160 -1.350
121.160 -1.340
121.170 -1.340
121.170 -1.330
121.180 -1.330
121.180 -1.320
121.180 -1.310
121.190 -1.310
121.190 -1.300
121.190 -1.290
121.190 -1.280
121.190 -1.270
121.200 -1.270
121.200 -1.260
121.210 -1.260
121.210 -1.250
121.210 -1.240
121.210 -1.230
121.210 -1.220
121.220 -1.220
121.220 -1.210
121.220 -1.200
121.230 -1.200
121.240 -1.190
121.250 -1.190
121.250 -1.180
121.250 -1.170
121.260 -1.170
121.260 -1.160
121.270 -1.160
121.280 -1.160
121.280 -1.150
121.280 -1.140
121.290 -1.140
121.290 -1.130
121.300 -1.130
121.300 -1.120
121.300 -1.110
121.300 -1.100
121.310 -1.100
121.310 -1.090
121.320 -1.090
121.320 -1.080
121.330 -1.080
121.330 -1.070
121.340 -1.070
121.340 -1.060
121.350 -1.060
121.350 -1.050
121.360 -1.050
121.360 -1.040
121.370 -1.040
121.380 -1.040
121.390 -1.040
121.390 -1.030
121.390 -1.020
121.400 -1.020
121.400 -1.010
121.400 -1.000
121.410 -1.000
121.410 -0.990
121.420 -0.990
121.430 -0.990
121.430 -0.980
121.440 -0.980
121.450 -0.980
121.450 -0.970
121.460 -0.960
121.460 -0.950
121.460 -0.940
121.470 -0.940
121.470 -0.930
121.470 -0.920
121.470 -0.910
121.480 -0.910
121.480 -0.900
121.490 -0.900
121.490 -0.890
121.500 -0.890
121.510 -0.890
121.510 -0.880
121.520 -0.880
121.530 -0.880
121.540 -0.870
121.550 -0.870
121.560 -0.870
121.570 -0.870
121.580 -0.870
121.590 -0.870
121.590 -0.860
121.600 -0.860
121.600 -0.850
121.600 -0.840
121.590 -0.840
121.590 -0.830
121.600 -0.830
121.610 -0.830
121.610 -0.820
121.620 -0.820
121.620 -0.810
121.630 -0.810
121.640 -0.810
121.650 -0.810
121.650 -0.800
121.660 -0.800
121.660 -0.810
121.660 -0.820
121.670 -0.820
121.670 -0.830
121.670 -0.840
121.660 -0.840
121.660 -0.850
121.670 -0.850
121.670 -0.860
121.660 -0.860
121.660 -0.870
121.660 -0.880
121.660 -0.890
121.660 -0.900
121.660 -0.910
121.660 -0.920
121.670 -0.920
121.680 -0.920
121.680 -0.930
121.690 -0.930
121.700 -0.930
121.710 -0.930
121.710 -0.940
121.710 -0.950
121.720 -0.950
121.730 -0.950
121.730 -0.960
121.740 -0.960
121.750 -0.960
121.750 -0.970
121.760 -0.970
121.770 -0.970
121.780 -0.970
121.780 -0.960
121.790 -0.960
121.800 -0.960
121.810 -0.960
121.820 -0.960
121.830 -0.960
121.830 -0.970
121.840 -0.970
121.850 -0.970
121.850 -0.980
121.860 -0.980
121.860 -0.970
121.870 -0.970
121.870 -0.980
121.880 -0.980
121.890 -0.980
121.900 -0.980
121.900 -0.990
121.910 -0.990
121.910 -1.000
121.920 -1.000
121.920 -0.990
121.930 -0.990
121.940 -0.990
121.940 -1.000
121.950 -1.000
121.950 -0.990
121.960 -0.990
121.960 -0.980
121.970 -0.980
121.980 -0.980
121.980 -0.970
121.990 -0.970
121.990 -0.960
121.990 -0.950
122.000 -0.950
122.000 -0.940
122.010 -0.940
122.020 -0.940
122.030 -0.940
122.040 -0.940
122.050 -0.940
122.050 -0.950
122.060 -0.950
122.070 -0.950
122.080 -0.950
122.090 -0.950
122.090 -0.960
122.100 -0.960
122.110 -0.960
122.110 -0.950
122.120 -0.950
122.120 -0.940
122.130 -0.940
122.130 -0.930
122.140 -0.930
122.140 -0.920
122.150 -0.920
122.150 -0.910
122.150 -0.900
122.150 -0.890
122.150 -0.880
122.150 -0.870
122.150 -0.860
122.150 -0.850
122.160 -0.850
122.170 -0.850
122.170 -0.840
122.160 -0.840
122.160 -0.830
122.160 -0.820
122.170 -0.820
122.170 -0.810
122.180 -0.810
122.190 -0.810
122.190 -0.800
122.200 -0.800
122.200 -0.790
122.210 -0.790
122.220 -0.790
122.230 -0.790
122.240 -0.790
122.250 -0.790
122.260 -0.790
122.270 -0.790
122.280 -0.790
122.290 -0.790
122.300 -0.790
122.310 -0.790
122.320 -0.790
122.320 -0.780
122.330 -0.780
122.340 -0.780
122.350 -0.780
122.360 -0.780
122.370 -0.780
122.380 -0.780
122.390 -0.780
122.400 -0.780
122.410 -0.780
122.420 -0.780
122.430 -0.780
122.430 -0.770
122.440 -0.770
122.440 -0.760
122.450 -0.760
122.460 -0.760
122.470 -0.760
122.480 -0.760
122.480 -0.770
122.490 -0.770
122.500 -0.770
122.510 -0.770
122.520 -0.770
122.520 -0.780
122.530 -0.790
122.530 -0.780
122.540 -0.780
122.550 -0.780
122.560 -0.780
122.570 -0.780
122.580 -0.780
122.590 -0.780
122.590 -0.770
122.600 -0.770
122.610 -0.770
122.610 -0.760
122.620 -0.760
122.620 -0.770
122.630 -0.760
122.630 -0.770
122.640 -0.770
122.640 -0.780
122.650 -0.780
122.650 -0.790
122.660 -0.790
122.660 -0.800
122.670 -0.800
122.680 -0.800
122.680 -0.810
122.690 -0.810
122.700 -0.810
122.710 -0.810
122.720 -0.810
122.730 -0.810
122.740 -0.810
122.740 -0.800
122.750 -0.800
122.760 -0.800
122.760 -0.790
122.770 -0.790
122.770 -0.780
122.780 -0.780
122.790 -0.780
122.800 -0.780
122.810 -0.780
122.820 -0.780
122.830 -0.780
122.830 -0.770
122.840 -0.780
122.840 -0.770
122.850 -0.770
122.860 -0.770
122.870 -0.770
122.880 -0.770
122.890 -0.770
122.900 -0.770
122.910 -0.770
122.910 -0.760
122.920 -0.760
122.930 -0.760
122.930 -0.750
122.940 -0.750
122.950 -0.750
122.960 -0.750
122.960 -0.740
122.950 -0.740
122.940 -0.740
122.930 -0.740
122.920 -0.740
122.910 -0.740
122.910 -0.730
122.900 -0.730
122.900 -0.740
122.890 -0.740
122.890 -0.730
122.890 -0.720
122.880 -0.720
122.870 -0.720
122.870 -0.710
122.860 -0.710
122.850 -0.710
122.840 -0.710
122.830 -0.710
122.830 -0.700
122.820 -0.700
122.810 -0.700
122.810 -0.710
122.800 -0.710
122.790 -0.710
122.790 -0.700
122.780 -0.700
122.770 -0.700
122.770 -0.690
122.760 -0.690
122.750 -0.690
122.750 -0.680
122.740 -0.680
122.730 -0.680
122.730 -0.670
122.730 -0.660
122.740 -0.660
122.750 -0.660
122.760 -0.660
122.760 -0.670
122.770 -0.670
122.780 -0.670
122.790 -0.670
122.790 -0.660
122.800 -0.660
122.800 -0.650
122.800 -0.640
122.810 -0.640
122.810 -0.630
122.820 -0.630
122.830 -0.630
122.830 -0.640
122.840 -0.640
122.850 -0.640
122.850 -0.630
122.860 -0.630
122.870 -0.630
122.880 -0.630
122.880 -0.640
122.890 -0.640
122.890 -0.630
122.900 -0.630
122.910 -0.630
122.920 -0.630
122.920 -0.620
122.930 -0.620
122.940 -0.620
122.940 -0.630
122.950 -0.630
122.950 -0.640
122.960 -0.640
122.960 -0.630
122.960 -0.620
122.970 -0.620
122.980 -0.620
122.990 -0.620
123.000 -0.620
123.000 -0.610
123.010 -0.610
123.010 -0.600
123.020 -0.600
123.030 -0.600
123.030 -0.590
123.040 -0.600
123.040 -0.590
123.050 -0.590
123.050 -0.580
123.050 -0.570
123.060 -0.560
123.060 -0.570
123.070 -0.570
123.080 -0.570
123.080 -0.580
123.090 -0.580
123.100 -0.580
123.100 -0.570
123.110 -0.570
123.120 -0.570
123.130 -0.570
123.130 -0.580
123.140 -0.580
123.150 -0.580
123.160 -0.580
123.170 -0.580
123.180 -0.580
123.190 -0.580
123.190 -0.570
123.200 -0.570
123.210 -0.570
123.210 -0.580
123.220 -0.580
123.230 -0.580
123.240 -0.580
123.250 -0.580
123.260 -0.580
123.270 -0.580
123.270 -0.590
123.280 -0.590
123.290 -0.590
123.290 -0.600
123.300 -0.600
123.300 -0.610
123.310 -0.610
123.320 -0.610
123.330 -0.620
123.340 -0.620
123.350 -0.620
123.350 -0.630
123.360 -0.630
123.370 -0.630
123.370 -0.640
123.380 -0.640
123.380 -0.650
123.390 -0.650
123.390 -0.640
123.400 -0.640
123.400 -0.650
123.410 -0.650
123.410 -0.660
123.400 -0.660
123.390 -0.660
123.380 -0.660
123.380 -0.670
123.390 -0.670
123.390 -0.680
123.390 -0.690
123.400 -0.690
123.400 -0.700
123.410 -0.700
123.410 -0.710
123.420 -0.710
123.420 -0.720
123.430 -0.720
123.430 -0.710
123.440 -0.710
123.440 -0.720
123.440 -0.730
123.430 -0.730
123.430 -0.740
123.430 -0.750
123.440 -0.750
123.450 -0.750
123.450 -0.760
123.450 -0.770
123.450 -0.780
123.440 -0.780
123.440 -0.790
123.440 -0.800
123.430 -0.800
123.430 -0.810
123.430 -0.820
123.440 -0.820
123.440 -0.830
123.440 -0.840
123.430 -0.850
123.420 -0.850
123.410 -0.860
123.410 -0.870
123.400 -0.870
123.400 -0.880
123.400 -0.890
123.390 -0.890
123.390 -0.900
123.390 -0.910
123.390 -0.920
123.390 -0.930
123.380 -0.930
123.380 -0.940
123.390 -0.940
123.390 -0.950
123.400 -0.950
123.400 -0.960
123.390 -0.960
123.380 -0.960
123.380 -0.970
123.380 -0.980
123.380 -0.990
123.380 -1.000
123.380 -1.010
123.370 -1.010
123.370 -1.020
123.360 -1.020
123.360 -1.030
123.350 -1.030
123.350 -1.040
123.340 -1.040
123.330 -1.050
123.320 -1.050
123.310 -1.050
123.300 -1.050
123.290 -1.050
123.280 -1.050
123.280 -1.040
123.270 -1.040
123.260 -1.040
123.260 -1.030
123.250 -1.030
123.250 -1.020
123.250 -1.010
123.240 -1.010
123.240 -1.000
123.230 -1.000
123.220 -1.000
123.220 -0.990
123.210 -0.990
123.200 -0.990
123.200 -0.980
123.190 -0.970
123.180 -0.970
123.180 -0.960
123.170 -0.960
123.170 -0.950
123.160 -0.950
123.150 -0.950
123.140 -0.950
123.140 -0.940
123.150 -0.940
123.150 -0.930
123.140 -0.930
123.140 -0.920
123.140 -0.910
123.140 -0.900
123.150 -0.900
123.150 -0.890
123.150 -0.880
123.140 -0.880
123.140 -0.870
123.130 -0.870
123.130 -0.860
123.130 -0.850
123.120 -0.850
123.110 -0.850
123.110 -0.840
123.100 -0.840
123.090 -0.840
123.090 -0.850
123.080 -0.850
123.080 -0.860
123.070 -0.860
123.070 -0.870
123.060 -0.870
123.060 -0.880
123.060 -0.890
123.060 -0.900
123.050 -0.900
123.040 -0.900
123.040 -0.910
123.030 -0.910
123.020 -0.910
123.010 -0.900
123.000 -0.900
122.990 -0.900
122.980 -0.900
122.970 -0.900
122.970 -0.910
122.960 -0.910
122.950 -0.910
122.940 -0.910
122.930 -0.910
122.930 -0.920
122.920 -0.920
122.910 -0.920
122.900 -0.920
122.900 -0.930
122.890 -0.930
122.880 -0.930
122.880 -0.920
122.870 -0.920
122.860 -0.920
122.860 -0.930
122.850 -0.930
122.840 -0.930
122.830 -0.930
122.830 -0.940
122.820 -0.940
122.810 -0.940
122.800 -0.940
122.800 -0.950
122.800 -0.960
122.790 -0.960
122.790 -0.970
122.790 -0.980
122.790 -0.990
122.800 -0.990
122.800 -1.000
122.800 -1.010
122.790 -1.010
122.790 -1.020
122.780 -1.020
122.780 -1.030
122.780 -1.040
122.770 -1.040
122.770 -1.050
122.760 -1.050
122.760 -1.060
122.750 -1.060
122.750 -1.070
122.740 -1.070
122.740 -1.080
122.730 -1.080
122.730 -1.090
122.720 -1.090
122.720 -1.100
122.720 -1.110
122.720 -1.120
122.720 -1.130
122.710 -1.130
122.710 -1.140
122.700 -1.140
122.690 -1.140
122.690 -1.130
122.680 -1.140
122.670 -1.140
122.660 -1.150
122.660 -1.160
122.660 -1.170
122.650 -1.170
122.640 -1.170
122.640 -1.180
122.640 -1.190
122.640 -1.200
122.630 -1.200
122.630 -1.210
122.630 -1.220
122.640 -1.220
122.640 -1.230
122.630 -1.230
122.630 -1.240
122.620 -1.240
122.610 -1.240
122.610 -1.250
122.600 -1.250
122.590 -1.250
122.590 -1.260
122.580 -1.260
122.570 -1.260
122.560 -1.260
122.560 -1.270
122.560 -1.280
122.570 -1.280
122.570 -1.290
122.560 -1.290
122.560 -1.300
122.560 -1.310
122.550 -1.310
122.550 -1.320
122.540 -1.320
122.540 -1.330
122.530 -1.330
122.530 -1.340
122.520 -1.340
122.510 -1.340
122.510 -1.350
122.500 -1.350
122.500 -1.360
122.490 -1.360
122.490 -1.370
122.490 -1.380
122.490 -1.390
122.480 -1.390
122.480 -1.400
122.470 -1.400
122.470 -1.410
122.460 -1.410
122.450 -1.410
122.450 -1.420
122.440 -1.420
122.440 -1.430
122.430 -1.430
122.420 -1.430
122.420 -1.440
122.420 -1.450
122.410 -1.450
122.410 -1.460
122.410 -1.470
122.400 -1.480
122.400 -1.490
122.390 -1.490
122.390 -1.500
122.380 -1.500
122.370 -1.510
122.360 -1.510
122.360 -1.520
122.350 -1.520
122.340 -1.520
122.330 -1.520
122.320 -1.520
122.320 -1.530
122.310 -1.530
122.300 -1.530
122.300 -1.540
122.290 -1.540
122.290 -1.550
122.280 -1.550
122.280 -1.560
122.270 -1.560
122.260 -1.560
122.260 -1.570
122.250 -1.570
122.240 -1.570
122.240 -1.580
122.230 -1.580
122.230 -1.590
122.230 -1.600
122.220 -1.600
122.210 -1.600
122.200 -1.600
122.200 -1.610
122.190 -1.610
122.180 -1.610
122.170 -1.610
122.170 -1.600
122.160 -1.600
122.150 -1.600
122.140 -1.600
122.140 -1.610
122.130 -1.610
122.120 -1.610
122.110 -1.610
REGION 1
1644
119.500 -4.810
119.500 -4.800
119.490 -4.800
119.490 -4.790
119.490 -4.780
119.490 -4.770
119.490 -4.760
119.480 -4.760
119.490 -4.750
119.490 -4.740
119.490 -4.730
119.500 -4.730
119.500 -4.720
119.510 -4.720
119.520 -4.720
119.520 -4.710
119.520 -4.700
119.520 -4.690
119.520 -4.680
119.530 -4.680
119.530 -4.670
119.540 -4.660
119.550 -4.650
119.550 -4.640
119.550 -4.630
119.560 -4.630
119.560 -4.620
119.570 -4.620
119.570 -4.610
119.570 -4.600
119.580 -4.600
119.580 -4.590
119.590 -4.590
119.590 -4.580
119.590 -4.570
119.600 -4.570
119.600 -4.560
119.590 -4.560
119.590 -4.550
119.590 -4.540
119.590 -4.530
119.580 -4.530
119.580 -4.520
119.590 -4.520
119.590 -4.510
119.590 -4.500
119.590 -4.490
119.600 -4.490
119.600 -4.480
119.600 -4.470
119.600 -4.460
119.600 -4.450
119.600 -4.440
119.600 -4.430
119.600 -4.420
119.600 -4.410
119.600 -4.400
119.610 -4.400
119.610 -4.390
119.610 -4.380
119.610 -4.370
119.620 -4.370
119.620 -4.360
119.630 -4.360
119.630 -4.350
119.620 -4.350
119.620 -4.340
119.630 -4.340
119.630 -4.330
119.630 -4.320
119.640 -4.320
119.640 -4.310
119.630 -4.310
119.630 -4.300
119.630 -4.290
119.620 -4.290
119.620 -4.280
119.620 -4.270
119.610 -4.270
119.610 -4.260
119.610 -4.250
119.600 -4.250
119.600 -4.240
119.610 -4.240
119.620 -4.240
119.630 -4.240
119.630 -4.230
119.620 -4.230
119.620 -4.220
119.620 -4.210
119.620 -4.200
119.630 -4.200
119.630 -4.190
119.630 -4.180
119.640 -4.180
119.640 -4.170
119.640 -4.160
119.630 -4.160
119.630 -4.150
119.620 -4.150
119.610 -4.150
119.610 -4.140
119.620 -4.140
119.620 -4.130
119.620 -4.120
119.620 -4.110
119.610 -4.110
119.610 -4.100
119.610 -4.090
119.610 -4.080
119.610 -4.070
119.620 -4.070
119.620 -4.060
119.620 -4.050
119.620 -4.040
119.630 -4.040
119.630 -4.030
119.620 -4.030
119.620 -4.020
119.620 -4.010
119.620 -4.000
119.630 -4.000
119.630 -3.990
119.630 -3.980
119.630 -3.970
119.620 -3.970
119.620 -3.980
119.610 -3.980
119.610 -3.970
119.600 -3.970
119.590 -3.970
119.590 -3.980
119.590 -3.990
119.590 -4.000
119.590 -4.010
119.600 -4.010
119.600 -4.020
119.590 -4.020
119.590 -4.030
119.590 -4.040
119.580 -4.040
119.580 -4.030
119.580 -4.020
119.580 -4.010
119.580 -4.000
119.580 -3.990
119.580 -3.980
119.580 -3.970
119.570 -3.970
119.570 -3.960
119.570 -3.950
119.570 -3.940
119.560 -3.940
119.560 -3.930
119.550 -3.920
119.550 -3.910
119.540 -3.910
119.540 -3.900
119.530 -3.900
119.530 -3.890
119.530 -3.880
119.530 -3.870
119.520 -3.870
119.520 -3.860
119.520 -3.850
119.520 -3.840
119.510 -3.840
119.510 -3.830
119.510 -3.820
119.510 -3.810
119.500 -3.810
119.500 -3.800
119.500 -3.790
119.490 -3.790
119.490 -3.780
119.490 -3.770
119.490 -3.760
119.480 -3.760
119.480 -3.750
119.470 -3.740
119.460 -3.730
119.460 -3.720
119.450 -3.720
119.450 -3.710
119.450 -3.700
119.450 -3.690
119.450 -3.680
119.450 -3.670
119.450 -3.660
119.460 -3.660
119.460 -3.650
119.460 -3.640
119.470 -3.640
119.470 -3.630
119.480 -3.630
119.480 -3.620
119.490 -3.620
119.490 -3.610
119.490 -3.600
119.500 -3.600
119.510 -3.600
119.510 -3.590
119.510 -3.580
119.510 -3.570
119.510 -3.560
119.510 -3.550
119.510 -3.540
119.500 -3.540
119.500 -3.530
119.500 -3.520
119.490 -3.520
119.480 -3.510
119.480 -3.500
119.480 -3.490
119.490 -3.490
119.490 -3.480
119.480 -3.470
119.480 -3.460
119.480 -3.450
119.470 -3.450
119.470 -3.440
119.470 -3.430
119.470 -3.420
119.470 -3.410
119.470 -3.400
119.470 -3.390
119.460 -3.390
119.460 -3.380
119.460 -3.370
119.450 -3.360
119.450 -3.350
119.440 -3.350
119.440 -3.340
119.450 -3.330
119.450 -3.320
119.450 -3.310
119.440 -3.300
119.440 -3.290
119.440 -3.280
119.440 -3.270
119.440 -3.260
119.430 -3.260
119.430 -3.250
119.420 -3.250
119.410 -3.250
119.410 -3.240
119.400 -3.230
119.400 -3.220
119.390 -3.220
119.390 -3.210
119.390 -3.200
119.400 -3.190
119.410 -3.180
119.420 -3.180
119.430 -3.180
119.440 -3.180
119.450 -3.180
119.450 -3.190
119.460 -3.190
119.470 -3.190
119.480 -3.190
119.480 -3.180
119.490 -3.180
119.500 -3.180
119.500 -3.170
119.510 -3.170
119.510 -3.160
119.520 -3.160
119.520 -3.150
119.520 -3.140
119.530 -3.140
119.540 -3.140
119.540 -3.130
119.550 -3.130
119.560 -3.130
119.570 -3.120
119.580 -3.120
119.590 -3.120
119.600 -3.120
119.610 -3.120
119.620 -3.120
119.630 -3.120
119.630 -3.110
119.630 -3.100
119.620 -3.100
119.620 -3.090
119.620 -3.080
119.610 -3.080
119.610 -3.070
119.600 -3.070
119.590 -3.060
119.590 -3.050
119.590 -3.040
119.580 -3.040
119.580 -3.030
119.570 -3.020
119.570 -3.010
119.570 -3.000
119.560 -2.990
119.560 -2.980
119.560 -2.970
119.550 -2.970
119.550 -2.960
119.550 -2.950
119.540 -2.940
119.530 -2.940
119.530 -2.930
119.530 -2.920
119.530 -2.910
119.530 -2.900
119.530 -2.890
119.520 -2.890
119.520 -2.880
119.520 -2.870
119.520 -2.860
119.520 -2.850
119.510 -2.850
119.510 -2.840
119.510 -2.830
119.520 -2.820
119.520 -2.810
119.520 -2.800
119.530 -2.800
119.530 -2.790
119.520 -2.790
119.520 -2.780
119.510 -2.780
119.510 -2.770
119.510 -2.760
119.500 -2.760
119.490 -2.740
119.500 -2.740
119.510 -2.740
119.520 -2.740
119.530 -2.740
119.540 -2.740
119.550 -2.740
119.560 -2.740
119.580 -2.740
119.590 -2.740
119.600 -2.750
119.610 -2.750
119.620 -2.750
119.620 -2.760
119.630 -2.760
119.640 -2.760
119.650 -2.750
119.660 -2.740
119.670 -2.740
119.680 -2.740
119.690 -2.740
119.700 -2.740
119.710 -2.740
119.710 -2.730
119.720 -2.730
119.730 -2.730
119.740 -2.720
119.750 -2.710
119.750 -2.700
119.760 -2.690
119.760 -2.680
119.760 -2.670
119.750 -2.670
119.750 -2.660
119.750 -2.650
119.740 -2.640
119.740 -2.630
119.740 -2.620
119.750 -2.610
119.750 -2.600
119.740 -2.600
119.740 -2.590
119.740 -2.580
119.730 -2.580
119.730 -2.570
119.720 -2.570
119.710 -2.570
119.710 -2.560
119.700 -2.560
119.700 -2.550
119.700 -2.540
119.710 -2.530
119.710 -2.520
119.720 -2.520
119.720 -2.510
119.720 -2.500
119.720 -2.490
119.720 -2.480
119.710 -2.470
119.700 -2.470
119.700 -2.460
119.690 -2.440
119.690 -2.430
119.690 -2.420
119.700 -2.420
119.710 -2.410
119.720 -2.390
119.710 -2.380
119.700 -2.370
119.700 -2.360
119.690 -2.360
119.690 -2.350
119.690 -2.340
119.680 -2.340
119.670 -2.340
119.670 -2.330
119.660 -2.330
119.650 -2.330
119.650 -2.320
119.650 -2.310
119.640 -2.310
119.630 -2.310
119.620 -2.310
119.610 -2.310
119.600 -2.300
119.600 -2.290
119.600 -2.280
119.600 -2.270
119.610 -2.270
119.610 -2.260
119.610 -2.250
119.610 -2.240
119.620 -2.240
119.610 -2.230
119.610 -2.220
119.610 -2.210
119.610 -2.200
119.620 -2.200
119.620 -2.190
119.620 -2.180
119.630 -2.180
119.630 -2.160
119.640 -2.160
119.640 -2.150
119.650 -2.150
119.660 -2.140
119.670 -2.130
119.680 -2.130
119.680 -2.120
119.690 -2.120
119.690 -2.110
119.700 -2.110
119.700 -2.100
119.710 -2.100
119.720 -2.090
119.720 -2.080
119.730 -2.080
119.730 -2.070
119.740 -2.070
119.750 -2.070
119.750 -2.080
119.760 -2.080
119.770 -2.080
119.780 -2.070
119.790 -2.060
119.800 -2.050
119.810 -2.050
119.810 -2.040
119.820 -2.040
119.820 -2.050
119.830 -2.050
119.840 -2.050
119.850 -2.050
119.860 -2.050
119.870 -2.050
119.880 -2.050
119.890 -2.050
119.890 -2.040
119.900 -2.040
119.910 -2.030
119.920 -2.020
119.930 -2.020
119.930 -2.010
119.940 -2.010
119.950 -2.010
119.960 -2.010
119.960 -2.000
119.970 -1.990
119.970 -1.980
119.980 -1.980
119.980 -1.970
119.990 -1.970
119.990 -1.960
120.000 -1.960
120.010 -1.960
120.010 -1.970
120.020 -1.970
120.030 -1.970
120.040 -1.970
120.060 -1.970
120.070 -1.970
120.080 -1.970
120.090 -1.960
120.100 -1.960
120.110 -1.970
120.110 -1.980
120.110 -1.990
120.110 -2.000
120.120 -2.010
120.140 -2.010
120.150 -2.020
120.170 -2.020
120.170 -2.030
120.180 -2.030
120.190 -2.030
120.210 -2.030
120.210 -2.020
120.240 -2.020
120.250 -2.020
120.270 -2.020
120.290 -2.030
120.300 -2.040
120.310 -2.040
120.320 -2.040
120.320 -2.050
120.330 -2.050
120.340 -2.050
120.350 -2.040
120.350 -2.010
120.360 -2.000
120.360 -1.990
120.360 -1.980
120.370 -1.970
120.370 -1.960
120.370 -1.950
120.380 -1.940
120.380 -1.930
120.380 -1.910
120.380 -1.900
120.390 -1.890
120.390 -1.880
120.400 -1.880
120.400 -1.890
120.410 -1.890
120.420 -1.900
120.420 -1.910
120.430 -1.920
120.440 -1.920
120.450 -1.930
120.460 -1.940
120.470 -1.950
120.470 -1.960
120.480 -1.970
120.480 -1.980
120.480 -1.990
120.480 -2.000
120.500 -2.020
120.530 -2.060
120.540 -2.070
120.550 -2.090
120.560 -2.090
120.570 -2.100
120.580 -2.120
120.590 -2.130
120.600 -2.140
120.620 -2.150
120.630 -2.160
120.650 -2.180
120.660 -2.180
120.670 -2.190
120.700 -2.210
120.710 -2.210
120.730 -2.220
120.740 -2.230
120.750 -2.230
120.770 -2.230
120.780 -2.230
120.800 -2.220
120.810 -2.220
120.810 -2.210
120.820 -2.210
120.830 -2.210
120.840 -2.210
120.850 -2.210
120.870 -2.210
120.880 -2.220
120.890 -2.220
120.910 -2.220
120.920 -2.220
120.930 -2.230
120.940 -2.230
120.960 -2.230
120.980 -2.240
121.010 -2.260
121.050 -2.280
121.110 -2.300
121.120 -2.310
121.130 -2.310
121.150 -2.330
121.160 -2.330
121.180 -2.340
121.200 -2.340
121.230 -2.350
121.260 -2.360
121.270 -2.360
121.290 -2.360
121.310 -2.360
121.330 -2.370
121.340 -2.380
121.360 -2.380
121.360 -2.390
121.370 -2.390
121.380 -2.400
121.390 -2.400
121.400 -2.410
121.410 -2.420
121.420 -2.420
121.420 -2.430
121.440 -2.450
121.450 -2.450
121.460 -2.460
121.470 -2.460
121.490 -2.480
121.500 -2.490
121.520 -2.490
121.530 -2.490
121.540 -2.490
121.560 -2.490
121.570 -2.490
121.580 -2.500
121.600 -2.510
121.620 -2.520
121.630 -2.530
121.640 -2.530
121.660 -2.530
121.670 -2.530
121.680 -2.530
121.680 -2.540
121.690 -2.540
121.710 -2.550
121.720 -2.560
121.730 -2.570
121.730 -2.580
121.740 -2.600
121.750 -2.610
121.750 -2.620
121.760 -2.630
121.760 -2.640
121.760 -2.650
121.770 -2.660
121.780 -2.680
121.790 -2.690
121.800 -2.700
121.800 -2.710
121.790 -2.710
121.780 -2.710
121.770 -2.720
121.760 -2.720
121.750 -2.730
121.740 -2.740
121.730 -2.750
121.730 -2.760
121.720 -2.770
121.720 -2.790
121.710 -2.800
121.710 -2.810
121.690 -2.820
121.680 -2.830
121.670 -2.840
121.670 -2.850
121.660 -2.870
121.660 -2.880
121.650 -2.880
121.620 -2.890
121.610 -2.890
121.610 -2.900
121.600 -2.900
121.580 -2.910
121.570 -2.910
121.560 -2.920
121.540 -2.940
121.530 -2.950
121.520 -2.960
121.510 -2.980
121.500 -2.980
121.500 -2.990
121.490 -2.990
121.480 -2.990
121.470 -2.990
121.460 -3.000
121.450 -3.000
121.440 -3.010
121.430 -3.010
121.420 -3.010
121.410 -3.010
121.400 -3.010
121.390 -3.010
121.380 -3.010
121.370 -3.010
121.360 -3.010
121.360 -3.020
121.350 -3.020
121.350 -3.030
121.340 -3.040
121.340 -3.050
121.330 -3.050
121.330 -3.060
121.320 -3.060
121.320 -3.070
121.310 -3.070
121.300 -3.070
121.290 -3.070
121.280 -3.070
121.270 -3.060
121.260 -3.060
121.260 -3.050
121.250 -3.040
121.250 -3.030
121.240 -3.020
121.240 -3.010
121.230 -3.010
121.220 -3.000
121.220 -2.990
121.220 -2.980
121.220 -2.970
121.210 -2.970
121.200 -2.970
121.190 -2.970
121.180 -2.970
121.170 -2.970
121.170 -2.960
121.170 -2.950
121.160 -2.940
121.150 -2.930
121.140 -2.920
121.140 -2.910
121.140 -2.900
121.140 -2.890
121.140 -2.870
121.130 -2.860
121.120 -2.850
121.110 -2.840
121.110 -2.830
121.120 -2.820
121.120 -2.810
121.120 -2.800
121.110 -2.800
121.110 -2.790
121.110 -2.780
121.100 -2.770
121.080 -2.770
121.070 -2.780
121.060 -2.790
121.040 -2.800
121.030 -2.810
121.020 -2.810
121.010 -2.820
121.000 -2.820
121.000 -2.810
121.000 -2.800
121.010 -2.800
121.010 -2.790
121.020 -2.790
121.020 -2.780
121.030 -2.780
121.030 -2.770
121.060 -2.750
121.070 -2.750
121.070 -2.740
121.080 -2.740
121.090 -2.740
121.090 -2.730
121.090 -2.720
121.090 -2.710
121.080 -2.700
121.070 -2.700
121.060 -2.690
121.050 -2.690
121.050 -2.680
121.040 -2.680
121.040 -2.670
121.040 -2.660
121.050 -2.660
121.060 -2.660
121.060 -2.650
121.060 -2.640
121.060 -2.630
121.050 -2.630
121.050 -2.640
121.050 -2.650
121.040 -2.650
121.040 -2.640
121.030 -2.640
121.020 -2.640
121.020 -2.650
121.020 -2.660
121.020 -2.670
121.010 -2.670
121.010 -2.680
121.000 -2.680
120.990 -2.680
120.990 -2.670
120.980 -2.670
120.980 -2.660
120.970 -2.660
120.960 -2.660
120.960 -2.670
120.950 -2.670
120.950 -2.660
120.950 -2.650
120.940 -2.650
120.940 -2.660
120.930 -2.660
120.920 -2.660
120.910 -2.660
120.900 -2.660
120.900 -2.650
120.900 -2.640
120.890 -2.640
120.880 -2.640
120.880 -2.650
120.870 -2.650
120.870 -2.660
120.860 -2.660
120.850 -2.660
120.850 -2.650
120.840 -2.650
120.840 -2.640
120.830 -2.640
120.830 -2.630
120.820 -2.630
120.820 -2.620
120.810 -2.620
120.800 -2.620
120.790 -2.620
120.790 -2.630
120.780 -2.630
120.780 -2.620
120.770 -2.620
120.750 -2.620
120.750 -2.630
120.750 -2.640
120.740 -2.640
120.720 -2.640
120.710 -2.640
120.700 -2.640
120.690 -2.640
120.680 -2.640
120.670 -2.640
120.670 -2.650
120.670 -2.660
120.660 -2.660
120.660 -2.670
120.650 -2.670
120.640 -2.670
120.640 -2.680
120.630 -2.680
120.620 -2.680
120.610 -2.680
120.600 -2.680
120.590 -2.680
120.590 -2.690
120.580 -2.690
120.570 -2.690
120.570 -2.700
120.570 -2.710
120.570 -2.720
120.560 -2.720
120.560 -2.730
120.550 -2.730
120.540 -2.730
120.540 -2.740
120.540 -2.750
120.530 -2.750
120.530 -2.760
120.520 -2.770
120.510 -2.770
120.510 -2.780
120.500 -2.770
120.500 -2.780
120.490 -2.780
120.490 -2.790
120.480 -2.790
120.480 -2.800
120.480 -2.810
120.470 -2.810
120.460 -2.810
120.460 -2.820
120.450 -2.820
120.450 -2.830
120.440 -2.830
120.430 -2.830
120.430 -2.840
120.420 -2.840
120.410 -2.840
120.400 -2.840
120.400 -2.850
120.390 -2.850
120.380 -2.850
120.380 -2.860
120.370 -2.860
120.360 -2.860
120.360 -2.870
120.350 -2.870
120.350 -2.880
120.340 -2.880
120.340 -2.890
120.330 -2.890
120.330 -2.900
120.320 -2.900
120.320 -2.910
120.310 -2.910
120.310 -2.900
120.300 -2.900
120.300 -2.910
120.300 -2.920
120.290 -2.920
120.280 -2.920
120.280 -2.930
120.270 -2.930
120.260 -2.930
120.260 -2.940
120.260 -2.950
120.250 -2.950
120.240 -2.950
120.230 -2.950
120.230 -2.960
120.220 -2.960
120.210 -2.960
120.200 -2.960
120.190 -2.960
120.190 -2.970
120.190 -2.980
120.200 -2.980
120.200 -2.990
120.210 -2.990
120.210 -3.000
120.220 -3.000
120.220 -3.010
120.220 -3.020
120.230 -3.030
120.230 -3.040
120.230 -3.050
120.240 -3.050
120.250 -3.050
120.250 -3.060
120.260 -3.060
120.260 -3.070
120.260 -3.080
120.260 -3.090
120.260 -3.100
120.260 -3.110
120.260 -3.120
120.260 -3.130
120.260 -3.140
120.250 -3.140
120.250 -3.150
120.250 -3.160
120.260 -3.160
120.270 -3.170
120.280 -3.170
120.290 -3.170
120.300 -3.170
120.300 -3.180
120.310 -3.180
120.320 -3.180
120.330 -3.180
120.330 -3.190
120.340 -3.190
120.350 -3.190
120.360 -3.200
120.370 -3.200
120.380 -3.200
120.380 -3.210
120.380 -3.220
120.390 -3.230
120.390 -3.240
120.390 -3.250
120.390 -3.260
120.400 -3.260
120.410 -3.260
120.410 -3.250
120.420 -3.250
120.420 -3.260
120.420 -3.270
120.410 -3.280
120.400 -3.280
120.400 -3.290
120.400 -3.300
120.410 -3.300
120.410 -3.310
120.400 -3.310
120.400 -3.320
120.400 -3.330
120.400 -3.340
120.400 -3.350
120.400 -3.360
120.400 -3.370
120.400 -3.380
120.400 -3.390
120.400 -3.400
120.400 -3.410
120.400 -3.420
120.400 -3.430
120.400 -3.440
120.390 -3.440
120.390 -3.450
120.390 -3.460
120.390 -3.470
120.390 -3.480
120.390 -3.490
120.390 -3.500
120.380 -3.500
120.380 -3.510
120.390 -3.510
120.390 -3.520
120.390 -3.530
120.400 -3.530
120.400 -3.540
120.400 -3.550
120.400 -3.560
120.410 -3.560
120.410 -3.570
120.420 -3.570
120.420 -3.580
120.420 -3.590
120.420 -3.600
120.420 -3.610
120.420 -3.620
120.420 -3.630
120.420 -3.640
120.410 -3.640
120.410 -3.650
120.410 -3.660
120.410 -3.670
120.420 -3.670
120.420 -3.680
120.430 -3.680
120.440 -3.690
120.440 -3.700
120.440 -3.710
120.440 -3.720
120.440 -3.730
120.440 -3.740
120.440 -3.750
120.430 -3.750
120.430 -3.760
120.420 -3.760
120.420 -3.770
120.410 -3.770
120.410 -3.780
120.400 -3.780
120.400 -3.790
120.400 -3.800
120.390 -3.800
120.390 -3.810
120.390 -3.820
120.380 -3.820
120.380 -3.830
120.380 -3.840
120.370 -3.840
120.370 -3.850
120.360 -3.850
120.360 -3.860
120.360 -3.870
120.350 -3.870
120.350 -3.880
120.350 -3.890
120.350 -3.900
120.350 -3.910
120.340 -3.910
120.340 -3.920
120.340 -3.930
120.340 -3.940
120.340 -3.950
120.340 -3.960
120.350 -3.960
120.350 -3.970
120.350 -3.980
120.350 -3.990
120.340 -3.990
120.340 -4.000
120.350 -4.000
120.350 -4.010
120.350 -4.020
120.360 -4.020
120.360 -4.030
120.360 -4.040
120.360 -4.050
120.360 -4.060
120.360 -4.070
120.350 -4.070
120.350 -4.080
120.340 -4.080
120.340 -4.090
120.340 -4.100
120.330 -4.100
120.330 -4.110
120.340 -4.110
120.340 -4.120
120.350 -4.120
120.350 -4.130
120.360 -4.130
120.360 -4.140
120.370 -4.140
120.370 -4.150
120.370 -4.160
120.380 -4.160
120.380 -4.170
120.380 -4.180
120.380 -4.190
120.380 -4.200
120.380 -4.210
120.370 -4.210
120.370 -4.220
120.370 -4.230
120.370 -4.240
120.370 -4.250
120.370 -4.260
120.370 -4.270
120.360 -4.270
120.360 -4.280
120.360 -4.290
120.370 -4.290
120.370 -4.300
120.380 -4.300
120.380 -4.310
120.390 -4.310
120.390 -4.320
120.390 -4.330
120.390 -4.340
120.390 -4.350
120.390 -4.360
120.380 -4.360
120.380 -4.370
120.370 -4.370
120.360 -4.370
120.360 -4.380
120.360 -4.390
120.360 -4.400
120.350 -4.400
120.350 -4.410
120.350 -4.420
120.350 -4.430
120.360 -4.430
120.360 -4.440
120.370 -4.440
120.370 -4.450
120.380 -4.460
120.380 -4.470
120.390 -4.470
120.400 -4.470
120.400 -4.480
120.400 -4.490
120.390 -4.490
120.390 -4.500
120.380 -4.500
120.380 -4.510
120.380 -4.520
120.380 -4.530
120.390 -4.530
120.390 -4.540
120.390 -4.550
120.390 -4.560
120.390 -4.570
120.390 -4.580
120.390 -4.590
120.400 -4.590
120.400 -4.600
120.400 -4.610
120.410 -4.610
120.420 -4.620
120.430 -4.620
120.440 -4.630
120.440 -4.640
120.440 -4.650
120.450 -4.650
120.450 -4.660
120.440 -4.660
120.440 -4.670
120.430 -4.670
120.430 -4.680
120.420 -4.680
120.420 -4.690
120.410 -4.690
120.410 -4.700
120.400 -4.700
120.400 -4.710
120.400 -4.720
120.400 -4.730
120.400 -4.740
120.400 -4.750
120.400 -4.760
120.390 -4.760
120.390 -4.770
120.380 -4.770
120.380 -4.780
120.390 -4.790
120.390 -4.800
120.380 -4.800
120.380 -4.810
120.380 -4.820
120.380 -4.830
120.380 -4.840
120.370 -4.840
120.360 -4.840
120.350 -4.840
120.340 -4.840
120.330 -4.840
120.330 -4.850
120.320 -4.850
120.320 -4.860
120.310 -4.860
120.310 -4.870
120.300 -4.870
120.300 -4.880
120.300 -4.890
120.300 -4.900
120.310 -4.900
120.310 -4.910
120.310 -4.920
120.300 -4.920
120.290 -4.920
120.290 -4.930
120.300 -4.930
120.310 -4.930
120.310 -4.940
120.300 -4.950
120.290 -4.950
120.290 -4.960
120.300 -4.960
120.300 -4.970
120.300 -4.980
120.300 -4.990
120.300 -5.000
120.300 -5.010
120.300 -5.020
120.290 -5.020
120.290 -5.030
120.290 -5.040
120.300 -5.040
120.300 -5.050
120.300 -5.060
120.290 -5.060
120.290 -5.070
120.290 -5.080
120.290 -5.090
120.290 -5.100
120.290 -5.110
120.290 -5.120
120.280 -5.120
120.280 -5.130
120.280 -5.140
120.270 -5.140
120.270 -5.150
120.280 -5.150
120.280 -5.160
120.280 -5.170
120.280 -5.180
120.290 -5.180
120.290 -5.190
120.290 -5.200
120.300 -5.200
120.300 -5.210
120.310 -5.210
120.310 -5.220
120.310 -5.230
120.320 -5.230
120.320 -5.240
120.320 -5.250
120.330 -5.250
120.330 -5.260
120.330 -5.270
120.330 -5.280
120.330 -5.290
120.340 -5.290
120.340 -5.300
120.350 -5.300
120.350 -5.310
120.360 -5.310
120.360 -5.320
120.370 -5.320
120.370 -5.330
120.380 -5.330
120.390 -5.330
120.390 -5.340
120.400 -5.340
120.410 -5.340
120.410 -5.350
120.410 -5.360
120.400 -5.360
120.400 -5.370
120.410 -5.370
120.410 -5.380
120.410 -5.390
120.410 -5.400
120.410 -5.410
120.420 -5.410
120.420 -5.420
120.420 -5.430
120.430 -5.430
120.430 -5.440
120.430 -5.450
120.420 -5.450
120.420 -5.460
120.430 -5.460
120.430 -5.470
120.440 -5.470
120.450 -5.470
120.450 -5.480
120.450 -5.490
120.440 -5.490
120.440 -5.500
120.450 -5.500
120.450 -5.510
120.450 -5.520
120.450 -5.530
120.450 -5.540
120.450 -5.550
120.440 -5.550
120.440 -5.560
120.450 -5.560
120.450 -5.570
120.460 -5.570
120.460 -5.580
120.460 -5.590
120.460 -5.600
120.460 -5.610
120.450 -5.610
120.440 -5.610
120.430 -5.610
120.420 -5.610
120.420 -5.600
120.410 -5.600
120.410 -5.590
120.400 -5.590
120.390 -5.590
120.390 -5.580
120.380 -5.580
120.380 -5.570
120.380 -5.560
120.370 -5.560
120.370 -5.550
120.370 -5.540
120.360 -5.540
120.360 -5.530
120.360 -5.520
120.350 -5.520
120.350 -5.510
120.340 -5.510
120.330 -5.510
120.320 -5.510
120.310 -5.510
120.300 -5.510
120.300 -5.520
120.290 -5.520
120.290 -5.530
120.280 -5.530
120.280 -5.540
120.270 -5.540
120.260 -5.540
120.250 -5.540
120.240 -5.540
120.230 -5.540
120.220 -5.540
120.220 -5.550
120.210 -5.550
120.200 -5.550
120.200 -5.560
120.190 -5.560
120.190 -5.570
120.180 -5.570
120.180 -5.560
120.170 -5.560
120.170 -5.570
120.160 -5.570
120.150 -5.570
120.150 -5.580
120.140 -5.580
120.130 -5.580
120.130 -5.590
120.120 -5.590
120.110 -5.590
120.100 -5.590
120.100 -5.580
120.090 -5.580
120.090 -5.590
120.080 -5.590
120.070 -5.590
120.070 -5.580
120.060 -5.580
120.050 -5.580
120.040 -5.580
120.040 -5.570
120.030 -5.570
120.020 -5.570
120.010 -5.570
120.010 -5.560
120.000 -5.560
119.990 -5.560
119.980 -5.560
119.970 -5.560
119.970 -5.550
119.960 -5.550
119.950 -5.550
119.940 -5.550
119.940 -5.540
119.930 -5.540
119.930 -5.550
119.920 -5.550
119.920 -5.560
119.920 -5.570
119.910 -5.570
119.910 -5.580
119.900 -5.580
119.900 -5.590
119.890 -5.590
119.890 -5.600
119.880 -5.600
119.880 -5.610
119.870 -5.610
119.870 -5.620
119.860 -5.620
119.860 -5.630
119.850 -5.630
119.850 -5.640
119.840 -5.640
119.840 -5.650
119.840 -5.660
119.850 -5.660
119.850 -5.670
119.840 -5.670
119.830 -5.670
119.820 -5.670
119.820 -5.680
119.810 -5.680
119.810 -5.690
119.800 -5.690
119.800 -5.700
119.790 -5.700
119.780 -5.700
119.770 -5.700
119.760 -5.700
119.750 -5.700
119.740 -5.700
119.730 -5.700
119.720 -5.700
119.710 -5.700
119.700 -5.700
119.690 -5.700
119.680 -5.700
119.680 -5.690
119.670 -5.690
119.660 -5.690
119.660 -5.680
119.650 -5.680
119.640 -5.680
119.640 -5.670
119.640 -5.660
119.650 -5.660
119.650 -5.650
119.660 -5.650
119.660 -5.640
119.650 -5.640
119.650 -5.630
119.640 -5.630
119.630 -5.630
119.620 -5.630
119.620 -5.620
119.610 -5.610
119.610 -5.620
119.600 -5.620
119.590 -5.620
119.590 -5.630
119.590 -5.640
119.590 -5.650
119.580 -5.650
119.580 -5.660
119.570 -5.660
119.570 -5.650
119.560 -5.650
119.550 -5.650
119.550 -5.640
119.550 -5.630
119.550 -5.620
119.550 -5.610
119.550 -5.600
119.550 -5.590
119.540 -5.590
119.530 -5.590
119.530 -5.580
119.520 -5.580
119.520 -5.570
119.510 -5.570
119.510 -5.560
119.520 -5.560
119.520 -5.550
119.520 -5.540
119.520 -5.530
119.510 -5.530
119.510 -5.540
119.510 -5.550
119.500 -5.550
119.500 -5.560
119.490 -5.560
119.480 -5.560
119.470 -5.560
119.470 -5.570
119.460 -5.570
119.460 -5.580
119.460 -5.590
119.470 -5.590
119.470 -5.600
119.480 -5.600
119.490 -5.600
119.490 -5.610
119.480 -5.610
119.470 -5.610
119.460 -5.610
119.460 -5.600
119.450 -5.600
119.440 -5.600
119.440 -5.590
119.430 -5.590
119.430 -5.580
119.420 -5.580
119.420 -5.570
119.420 -5.560
119.420 -5.550
119.430 -5.550
119.430 -5.540
119.440 -5.540
119.440 -5.530
119.440 -5.520
119.430 -5.520
119.430 -5.510
119.430 -5.500
119.430 -5.490
119.430 -5.480
119.420 -5.480
119.410 -5.480
119.410 -5.470
119.410 -5.460
119.410 -5.450
119.400 -5.450
119.400 -5.440
119.400 -5.430
119.390 -5.430
119.390 -5.420
119.380 -5.420
119.380 -5.430
119.370 -5.430
119.370 -5.420
119.360 -5.420
119.360 -5.410
119.360 -5.400
119.360 -5.390
119.360 -5.380
119.360 -5.370
119.360 -5.360
119.360 -5.350
119.360 -5.340
119.360 -5.330
119.360 -5.320
119.360 -5.310
119.370 -5.310
119.370 -5.300
119.370 -5.290
119.370 -5.280
119.380 -5.280
119.380 -5.270
119.380 -5.260
119.380 -5.250
119.380 -5.240
119.380 -5.230
119.380 -5.220
119.380 -5.210
119.380 -5.200
119.380 -5.190
119.390 -5.190
119.390 -5.180
119.390 -5.170
119.390 -5.160
119.400 -5.160
119.410 -5.160
119.410 -5.150
119.410 -5.140
119.400 -5.140
119.400 -5.130
119.410 -5.130
119.410 -5.120
119.410 -5.110
119.420 -5.110
119.430 -5.110
119.440 -5.110
119.440 -5.120
119.440 -5.130
119.450 -5.130
119.450 -5.120
119.460 -5.120
119.470 -5.120
119.470 -5.130
119.480 -5.130
119.480 -5.120
119.490 -5.120
119.500 -5.120
119.500 -5.110
119.490 -5.110
119.490 -5.100
119.480 -5.100
119.470 -5.100
119.470 -5.110
119.460 -5.110
119.460 -5.100
119.460 -5.090
119.450 -5.090
119.450 -5.080
119.460 -5.080
119.470 -5.080
119.470 -5.070
119.470 -5.060
119.480 -5.060
119.480 -5.050
119.480 -5.040
119.480 -5.030
119.470 -5.030
119.470 -5.020
119.470 -5.010
119.480 -5.010
119.480 -5.000
119.480 -4.990
119.490 -4.980
119.490 -4.970
119.500 -4.970
119.500 -4.960
119.500 -4.950
119.510 -4.950
119.520 -4.950
119.520 -4.940
119.520 -4.930
119.520 -4.920
119.520 -4.910
119.520 -4.900
119.510 -4.890
119.520 -4.880
119.510 -4.880
119.510 -4.870
119.500 -4.870
119.500 -4.860
119.500 -4.850
119.500 -4.840
119.500 -4.830
119.500 -4.820
119.500 -4.810
REGION 1
1006
119.610 -1.130
119.610 -1.140
119.610 -1.150
119.610 -1.160
119.600 -1.170
119.600 -1.180
119.590 -1.190
119.590 -1.200
119.580 -1.210
119.580 -1.220
119.580 -1.230
119.580 -1.240
119.580 -1.250
119.580 -1.260
119.580 -1.270
119.570 -1.270
119.570 -1.280
119.560 -1.280
119.550 -1.280
119.540 -1.280
119.530 -1.280
119.520 -1.280
119.510 -1.280
119.500 -1.280
119.490 -1.280
119.480 -1.280
119.480 -1.290
119.470 -1.290
119.470 -1.300
119.470 -1.310
119.480 -1.300
119.490 -1.300
119.500 -1.300
119.500 -1.290
119.510 -1.300
119.510 -1.310
119.500 -1.310
119.500 -1.320
119.490 -1.320
119.480 -1.320
119.480 -1.330
119.470 -1.330
119.460 -1.330
119.450 -1.330
119.440 -1.330
119.430 -1.330
119.430 -1.340
119.420 -1.340
119.420 -1.350
119.420 -1.360
119.430 -1.360
119.430 -1.370
119.430 -1.380
119.440 -1.380
119.440 -1.390
119.450 -1.390
119.450 -1.400
119.460 -1.400
119.470 -1.400
119.480 -1.400
119.480 -1.390
119.490 -1.390
119.500 -1.390
119.510 -1.390
119.510 -1.400
119.520 -1.410
119.520 -1.420
119.530 -1.420
119.530 -1.430
119.540 -1.420
119.550 -1.420
119.560 -1.420
119.570 -1.420
119.580 -1.410
119.580 -1.400
119.590 -1.390
119.600 -1.390
119.600 -1.400
119.610 -1.400
119.620 -1.400
119.630 -1.400
119.640 -1.400
119.640 -1.410
119.650 -1.410
119.660 -1.420
119.670 -1.430
119.680 -1.430
119.680 -1.440
119.690 -1.440
119.690 -1.450
119.700 -1.450
119.700 -1.460
119.690 -1.460
119.690 -1.470
119.680 -1.480
119.670 -1.490
119.660 -1.500
119.660 -1.510
119.670 -1.510
119.670 -1.520
119.670 -1.530
119.670 -1.540
119.670 -1.550
119.680 -1.550
119.690 -1.560
119.700 -1.570
119.700 -1.580
119.710 -1.580
119.710 -1.590
119.720 -1.590
119.720 -1.600
119.730 -1.600
119.730 -1.610
119.740 -1.610
119.740 -1.620
119.730 -1.630
119.730 -1.640
119.740 -1.650
119.750 -1.650
119.760 -1.650
119.760 -1.660
119.770 -1.670
119.770 -1.680
119.770 -1.690
119.780 -1.690
119.780 -1.700
119.770 -1.700
119.770 -1.710
119.760 -1.710
119.760 -1.720
119.760 -1.730
119.750 -1.740
119.750 -1.750
119.760 -1.760
119.770 -1.770
119.780 -1.770
119.780 -1.760
119.790 -1.760
119.800 -1.760
119.810 -1.760
119.820 -1.760
119.820 -1.770
119.830 -1.770
119.840 -1.770
119.850 -1.770
119.860 -1.770
119.870 -1.770
119.880 -1.780
119.890 -1.780
119.900 -1.790
119.900 -1.800
119.910 -1.800
119.910 -1.810
119.910 -1.820
119.910 -1.830
119.910 -1.840
119.900 -1.850
119.900 -1.860
119.890 -1.860
119.880 -1.860
119.870 -1.860
119.870 -1.870
119.860 -1.870
119.860 -1.880
119.870 -1.880
119.870 -1.890
119.870 -1.900
119.870 -1.910
119.870 -1.920
119.860 -1.920
119.860 -1.930
119.870 -1.930
119.870 -1.940
119.870 -1.950
119.860 -1.960
119.850 -1.960
119.850 -1.970
119.840 -1.970
119.840 -1.980
119.830 -1.990
119.830 -2.000
119.820 -2.000
119.820 -2.010
119.810 -2.020
119.810 -2.030
119.810 -2.040
119.810 -2.050
119.800 -2.050
119.790 -2.060
119.780 -2.070
119.770 -2.080
119.760 -2.080
119.750 -2.080
119.750 -2.070
119.740 -2.070
119.730 -2.070
119.730 -2.080
119.720 -2.080
119.720 -2.090
119.710 -2.100
119.700 -2.100
119.700 -2.110
119.690 -2.110
119.690 -2.120
119.680 -2.120
119.680 -2.130
119.670 -2.130
119.660 -2.140
119.650 -2.150
119.640 -2.150
119.640 -2.160
119.630 -2.160
119.630 -2.180
119.620 -2.180
119.620 -2.190
119.620 -2.200
119.610 -2.200
119.610 -2.210
119.610 -2.220
119.610 -2.230
119.620 -2.240
119.610 -2.240
119.610 -2.250
119.610 -2.260
119.610 -2.270
119.600 -2.270
119.600 -2.280
119.600 -2.290
119.600 -2.300
119.610 -2.310
119.620 -2.310
119.630 -2.310
119.640 -2.310
119.650 -2.310
119.650 -2.320
119.650 -2.330
119.660 -2.330
119.670 -2.330
119.670 -2.340
119.680 -2.340
119.690 -2.340
119.690 -2.350
119.690 -2.360
119.700 -2.360
119.700 -2.370
119.710 -2.380
119.720 -2.390
119.710 -2.410
119.700 -2.420
119.690 -2.420
119.690 -2.430
119.690 -2.440
119.700 -2.460
119.700 -2.470
119.710 -2.470
119.720 -2.480
119.720 -2.490
119.720 -2.500
119.720 -2.510
119.720 -2.520
119.710 -2.520
119.710 -2.530
119.700 -2.540
119.700 -2.550
119.700 -2.560
119.710 -2.560
119.710 -2.570
119.720 -2.570
119.730 -2.570
119.730 -2.580
119.740 -2.580
119.740 -2.590
119.740 -2.600
119.750 -2.600
119.750 -2.610
119.740 -2.620
119.740 -2.630
119.740 -2.640
119.750 -2.650
119.750 -2.660
119.750 -2.670
119.760 -2.670
119.760 -2.680
119.760 -2.690
119.750 -2.700
119.750 -2.710
119.740 -2.720
119.730 -2.730
119.720 -2.730
119.710 -2.730
119.710 -2.740
119.700 -2.740
119.690 -2.740
119.680 -2.740
119.670 -2.740
119.660 -2.740
119.650 -2.750
119.640 -2.760
119.630 -2.760
119.620 -2.760
119.620 -2.750
119.610 -2.750
119.600 -2.750
119.590 -2.740
119.580 -2.740
119.560 -2.740
119.550 -2.740
119.540 -2.740
119.530 -2.740
119.520 -2.740
119.510 -2.740
119.500 -2.740
119.490 -2.740
119.500 -2.760
119.510 -2.760
119.510 -2.770
119.510 -2.780
119.520 -2.780
119.520 -2.790
119.530 -2.790
119.530 -2.800
119.520 -2.800
119.520 -2.810
119.520 -2.820
119.510 -2.830
119.510 -2.840
119.510 -2.850
119.520 -2.850
119.520 -2.860
119.520 -2.870
119.520 -2.880
119.520 -2.890
119.530 -2.890
119.530 -2.900
119.530 -2.910
119.530 -2.920
119.530 -2.930
119.530 -2.940
119.540 -2.940
119.550 -2.950
119.550 -2.960
119.550 -2.970
119.560 -2.970
119.560 -2.980
119.560 -2.990
119.570 -3.000
119.570 -3.010
119.570 -3.020
119.580 -3.030
119.580 -3.040
119.590 -3.040
119.590 -3.050
119.590 -3.060
119.600 -3.070
119.610 -3.070
119.610 -3.080
119.620 -3.080
119.620 -3.090
119.620 -3.100
119.630 -3.100
119.630 -3.110
119.630 -3.120
119.620 -3.120
119.610 -3.120
119.600 -3.120
119.590 -3.120
119.580 -3.120
119.570 -3.120
119.560 -3.130
119.550 -3.130
119.540 -3.130
119.540 -3.140
119.530 -3.140
119.520 -3.140
119.520 -3.150
119.520 -3.160
119.510 -3.160
119.510 -3.170
119.500 -3.170
119.500 -3.180
119.490 -3.180
119.480 -3.180
119.480 -3.190
119.470 -3.190
119.460 -3.190
119.450 -3.190
119.450 -3.180
119.440 -3.180
119.430 -3.180
119.420 -3.180
119.410 -3.180
119.400 -3.190
119.390 -3.200
119.390 -3.210
119.390 -3.220
119.400 -3.220
119.400 -3.230
119.410 -3.240
119.410 -3.250
119.420 -3.250
119.430 -3.250
119.430 -3.260
119.440 -3.260
119.440 -3.270
119.440 -3.280
119.440 -3.290
119.440 -3.300
119.450 -3.310
119.450 -3.320
119.450 -3.330
119.440 -3.340
119.440 -3.350
119.450 -3.350
119.450 -3.360
119.460 -3.370
119.460 -3.380
119.460 -3.390
119.470 -3.390
119.470 -3.400
119.470 -3.410
119.470 -3.420
119.470 -3.430
119.470 -3.440
119.470 -3.450
119.480 -3.450
119.480 -3.460
119.480 -3.470
119.490 -3.480
119.490 -3.490
119.480 -3.490
119.480 -3.500
119.470 -3.500
119.470 -3.490
119.460 -3.490
119.460 -3.480
119.450 -3.480
119.440 -3.480
119.440 -3.470
119.430 -3.470
119.430 -3.460
119.420 -3.460
119.410 -3.470
119.410 -3.460
119.400 -3.460
119.400 -3.450
119.390 -3.450
119.380 -3.450
119.370 -3.450
119.360 -3.450
119.360 -3.440
119.350 -3.440
119.350 -3.430
119.340 -3.430
119.330 -3.430
119.320 -3.430
119.310 -3.430
119.300 -3.430
119.290 -3.430
119.280 -3.430
119.280 -3.440
119.280 -3.450
119.280 -3.460
119.270 -3.460
119.260 -3.460
119.250 -3.460
119.250 -3.470
119.240 -3.470
119.240 -3.480
119.230 -3.480
119.220 -3.480
119.220 -3.490
119.210 -3.490
119.200 -3.490
119.190 -3.490
119.180 -3.490
119.170 -3.490
119.160 -3.490
119.150 -3.490
119.140 -3.490
119.130 -3.490
119.130 -3.500
119.120 -3.500
119.120 -3.510
119.110 -3.510
119.110 -3.520
119.100 -3.520
119.100 -3.510
119.090 -3.510
119.080 -3.510
119.080 -3.500
119.070 -3.500
119.060 -3.500
119.060 -3.510
119.050 -3.510
119.040 -3.510
119.030 -3.510
119.030 -3.520
119.020 -3.520
119.010 -3.520
119.010 -3.530
119.000 -3.530
119.000 -3.540
119.000 -3.550
119.000 -3.560
118.990 -3.560
118.980 -3.560
118.980 -3.550
118.970 -3.550
118.960 -3.550
118.950 -3.550
118.940 -3.560
118.950 -3.560
118.950 -3.570
118.940 -3.570
118.930 -3.570
118.930 -3.560
118.930 -3.550
118.920 -3.540
118.910 -3.540
118.910 -3.530
118.910 -3.520
118.900 -3.520
118.900 -3.510
118.900 -3.500
118.890 -3.500
118.890 -3.490
118.880 -3.480
118.880 -3.470
118.880 -3.460
118.880 -3.450
118.880 -3.440
118.880 -3.430
118.870 -3.430
118.870 -3.420
118.870 -3.410
118.860 -3.410
118.860 -3.400
118.850 -3.400
118.850 -3.390
118.850 -3.380
118.850 -3.370
118.850 -3.360
118.850 -3.350
118.850 -3.340
118.840 -3.340
118.840 -3.330
118.840 -3.320
118.850 -3.320
118.850 -3.310
118.860 -3.310
118.860 -3.300
118.850 -3.300
118.850 -3.290
118.850 -3.280
118.840 -3.280
118.840 -3.270
118.840 -3.260
118.840 -3.250
118.840 -3.240
118.830 -3.240
118.830 -3.230
118.830 -3.220
118.840 -3.220
118.840 -3.210
118.840 -3.200
118.840 -3.190
118.830 -3.190
118.830 -3.180
118.830 -3.170
118.830 -3.160
118.820 -3.160
118.810 -3.160
118.810 -3.150
118.800 -3.150
118.800 -3.140
118.790 -3.140
118.790 -3.130
118.780 -3.130
118.780 -3.120
118.780 -3.110
118.780 -3.100
118.780 -3.090
118.780 -3.080
118.790 -3.080
118.800 -3.080
118.810 -3.080
118.810 -3.090
118.820 -3.090
118.830 -3.090
118.830 -3.080
118.840 -3.080
118.840 -3.070
118.840 -3.060
118.850 -3.060
118.850 -3.050
118.850 -3.040
118.860 -3.040
118.860 -3.030
118.860 -3.020
118.860 -3.010
118.850 -3.010
118.850 -3.000
118.850 -2.990
118.850 -2.980
118.860 -2.980
118.860 -2.970
118.860 -2.960
118.870 -2.960
118.870 -2.950
118.870 -2.940
118.870 -2.930
118.870 -2.920
118.880 -2.920
118.880 -2.910
118.890 -2.910
118.890 -2.900
118.890 -2.890
118.880 -2.890
118.880 -2.880
118.880 -2.870
118.870 -2.870
118.870 -2.860
118.860 -2.860
118.860 -2.850
118.850 -2.850
118.840 -2.850
118.840 -2.860
118.830 -2.860
118.830 -2.850
118.820 -2.850
118.810 -2.850
118.800 -2.850
118.800 -2.860
118.790 -2.860
118.780 -2.860
118.770 -2.860
118.770 -2.850
118.770 -2.840
118.770 -2.830
118.770 -2.820
118.770 -2.810
118.760 -2.810
118.760 -2.800
118.760 -2.790
118.760 -2.780
118.760 -2.770
118.760 -2.760
118.760 -2.750
118.770 -2.750
118.780 -2.750
118.780 -2.740
118.780 -2.730
118.780 -2.720
118.780 -2.710
118.780 -2.700
118.780 -2.690
118.780 -2.680
118.790 -2.680
118.790 -2.670
118.800 -2.670
118.800 -2.660
118.800 -2.650
118.810 -2.650
118.810 -2.640
118.810 -2.630
118.810 -2.620
118.820 -2.620
118.830 -2.620
118.830 -2.630
118.840 -2.640
118.840 -2.650
118.850 -2.660
118.860 -2.660
118.860 -2.670
118.870 -2.670
118.870 -2.680
118.880 -2.680
118.890 -2.670
118.900 -2.670
118.910 -2.670
118.910 -2.660
118.920 -2.660
118.920 -2.650
118.930 -2.650
118.940 -2.650
118.940 -2.640
118.950 -2.640
118.960 -2.640
118.970 -2.630
118.980 -2.630
118.980 -2.620
118.990 -2.620
119.000 -2.620
119.000 -2.610
119.000 -2.600
119.010 -2.600
119.010 -2.590
119.020 -2.590
119.030 -2.590
119.030 -2.580
119.030 -2.570
119.030 -2.560
119.030 -2.550
119.030 -2.540
119.030 -2.530
119.030 -2.520
119.040 -2.520
119.040 -2.510
119.050 -2.510
119.050 -2.500
119.060 -2.500
119.070 -2.500
119.070 -2.490
119.080 -2.490
119.090 -2.490
119.100 -2.490
119.100 -2.480
119.110 -2.480
119.120 -2.480
119.130 -2.480
119.130 -2.470
119.130 -2.460
119.130 -2.450
119.140 -2.450
119.140 -2.440
119.140 -2.430
119.140 -2.420
119.140 -2.410
119.140 -2.400
119.140 -2.390
119.140 -2.380
119.140 -2.370
119.140 -2.360
119.130 -2.360
119.130 -2.350
119.130 -2.340
119.120 -2.340
119.120 -2.330
119.120 -2.320
119.120 -2.310
119.130 -2.310
119.130 -2.300
119.130 -2.290
119.130 -2.280
119.130 -2.270
119.140 -2.270
119.140 -2.260
119.140 -2.250
119.150 -2.250
119.150 -2.240
119.150 -2.230
119.150 -2.220
119.150 -2.210
119.150 -2.200
119.150 -2.190
119.160 -2.190
119.160 -2.180
119.160 -2.170
119.160 -2.160
119.170 -2.160
119.180 -2.160
119.180 -2.150
119.190 -2.150
119.190 -2.140
119.190 -2.130
119.190 -2.120
119.190 -2.110
119.200 -2.110
119.200 -2.100
119.190 -2.100
119.190 -2.090
119.190 -2.080
119.200 -2.080
119.200 -2.070
119.200 -2.060
119.200 -2.050
119.210 -2.050
119.210 -2.040
119.210 -2.030
119.210 -2.020
119.220 -2.020
119.220 -2.010
119.220 -2.000
119.210 -2.000
119.220 -1.990
119.230 -1.990
119.230 -1.980
119.240 -1.980
119.250 -1.980
119.250 -1.970
119.260 -1.970
119.270 -1.970
119.270 -1.960
119.280 -1.960
119.280 -1.950
119.290 -1.950
119.290 -1.960
119.300 -1.960
119.310 -1.960
119.310 -1.950
119.320 -1.950
119.320 -1.960
119.330 -1.960
119.330 -1.950
119.340 -1.950
119.340 -1.940
119.340 -1.930
119.330 -1.930
119.330 -1.920
119.340 -1.920
119.340 -1.910
119.350 -1.910
119.350 -1.900
119.350 -1.890
119.350 -1.880
119.350 -1.870
119.360 -1.860
119.360 -1.850
119.360 -1.840
119.360 -1.830
119.360 -1.820
119.350 -1.820
119.350 -1.810
119.340 -1.810
119.340 -1.820
119.330 -1.820
119.330 -1.810
119.320 -1.810
119.320 -1.800
119.310 -1.800
119.310 -1.790
119.310 -1.780
119.320 -1.770
119.310 -1.770
119.310 -1.760
119.310 -1.750
119.310 -1.740
119.310 -1.730
119.300 -1.730
119.300 -1.720
119.300 -1.710
119.300 -1.700
119.290 -1.700
119.290 -1.690
119.280 -1.690
119.280 -1.680
119.290 -1.680
119.290 -1.670
119.280 -1.670
119.280 -1.660
119.290 -1.660
119.290 -1.650
119.300 -1.650
119.300 -1.640
119.300 -1.630
119.300 -1.620
119.300 -1.610
119.310 -1.610
119.320 -1.610
119.320 -1.600
119.320 -1.590
119.330 -1.580
119.330 -1.570
119.320 -1.570
119.320 -1.560
119.320 -1.550
119.320 -1.540
119.310 -1.540
119.310 -1.530
119.310 -1.520
119.310 -1.510
119.300 -1.510
119.300 -1.500
119.300 -1.490
119.300 -1.480
119.300 -1.470
119.290 -1.470
119.290 -1.460
119.290 -1.450
119.290 -1.440
119.290 -1.430
119.290 -1.420
119.290 -1.410
119.290 -1.400
119.290 -1.390
119.300 -1.380
119.310 -1.370
119.320 -1.370
119.320 -1.360
119.330 -1.360
119.330 -1.350
119.330 -1.340
119.330 -1.330
119.330 -1.320
119.330 -1.310
119.320 -1.310
119.320 -1.300
119.320 -1.290
119.310 -1.290
119.310 -1.280
119.300 -1.280
119.300 -1.270
119.310 -1.270
119.310 -1.260
119.310 -1.250
119.310 -1.240
119.320 -1.240
119.320 -1.230
119.320 -1.220
119.330 -1.220
119.330 -1.210
119.330 -1.200
119.340 -1.200
119.340 -1.190
119.340 -1.180
119.340 -1.170
119.350 -1.170
119.360 -1.170
119.370 -1.170
119.370 -1.160
119.380 -1.160
119.380 -1.150
119.380 -1.140
119.390 -1.140
119.400 -1.140
119.400 -1.130
119.410 -1.130
119.410 -1.120
119.420 -1.130
119.420 -1.120
119.420 -1.110
119.430 -1.110
119.440 -1.110
119.440 -1.100
119.450 -1.100
119.450 -1.090
119.450 -1.080
119.460 -1.080
119.460 -1.070
119.470 -1.070
119.470 -1.060
119.470 -1.050
119.470 -1.040
119.470 -1.030
119.470 -1.020
119.480 -1.020
119.480 -1.010
119.480 -1.000
119.490 -1.000
119.490 -0.990
119.500 -0.990
119.500 -0.980
119.500 -0.970
119.510 -0.970
119.510 -0.960
119.510 -0.950
119.520 -0.950
119.520 -0.940
119.520 -0.930
119.520 -0.920
119.520 -0.910
119.530 -0.910
119.530 -0.900
119.530 -0.890
119.540 -0.890
119.540 -0.880
119.540 -0.870
119.550 -0.870
119.550 -0.860
119.560 -0.860
119.560 -0.870
119.560 -0.880
119.550 -0.880
119.550 -0.890
119.550 -0.900
119.550 -0.910
119.550 -0.920
119.560 -0.920
119.560 -0.930
119.560 -0.940
119.560 -0.950
119.560 -0.960
119.560 -0.970
119.550 -0.980
119.550 -0.990
119.550 -1.000
119.550 -1.010
119.560 -1.010
119.560 -1.020
119.570 -1.020
119.570 -1.030
119.570 -1.040
119.570 -1.050
119.570 -1.060
119.570 -1.070
119.570 -1.080
119.580 -1.080
119.580 -1.090
119.580 -1.100
119.580 -1.110
119.580 -1.120
119.590 -1.120
119.590 -1.130
119.600 -1.120
119.610 -1.120
119.610 -1.130
REGION 3
1196
122.670 -4.500
122.660 -4.500
122.660 -4.490
122.660 -4.480
122.670 -4.480
122.670 -4.470
122.660 -4.470
122.660 -4.460
122.660 -4.450
122.650 -4.450
122.650 -4.440
122.640 -4.430
122.630 -4.430
122.630 -4.420
122.620 -4.420
122.620 -4.410
122.610 -4.410
122.600 -4.410
122.600 -4.400
122.590 -4.400
122.580 -4.400
122.570 -4.400
122.570 -4.410
122.560 -4.410
122.560 -4.420
122.550 -4.420
122.540 -4.420
122.540 -4.430
122.530 -4.430
122.530 -4.440
122.520 -4.440
122.510 -4.440
122.510 -4.450
122.500 -4.450
122.490 -4.450
122.480 -4.450
122.470 -4.450
122.470 -4.440
122.460 -4.440
122.460 -4.450
122.450 -4.450
122.440 -4.450
122.430 -4.450
122.430 -4.440
122.430 -4.430
122.420 -4.430
122.410 -4.430
122.410 -4.440
122.400 -4.440
122.400 -4.450
122.390 -4.450
122.390 -4.460
122.380 -4.460
122.370 -4.460
122.370 -4.470
122.360 -4.470
122.350 -4.470
122.340 -4.470
122.330 -4.470
122.330 -4.480
122.320 -4.480
122.310 -4.480
122.300 -4.480
122.290 -4.480
122.290 -4.490
122.280 -4.490
122.270 -4.490
122.260 -4.490
122.250 -4.490
122.240 -4.490
122.230 -4.490
122.230 -4.480
122.220 -4.480
122.210 -4.480
122.210 -4.490
122.200 -4.490
122.200 -4.500
122.190 -4.500
122.190 -4.510
122.180 -4.510
122.180 -4.520
122.170 -4.520
122.170 -4.530
122.160 -4.530
122.150 -4.530
122.140 -4.530
122.130 -4.530
122.130 -4.540
122.120 -4.540
122.110 -4.540
122.100 -4.540
122.090 -4.540
122.090 -4.550
122.080 -4.550
122.080 -4.560
122.080 -4.570
122.070 -4.570
122.070 -4.580
122.070 -4.590
122.070 -4.600
122.060 -4.600
122.060 -4.610
122.060 -4.620
122.050 -4.620
122.050 -4.630
122.050 -4.640
122.040 -4.640
122.040 -4.650
122.030 -4.650
122.030 -4.660
122.030 -4.670
122.030 -4.680
122.030 -4.690
122.030 -4.700
122.030 -4.710
122.030 -4.720
122.030 -4.730
122.040 -4.730
122.040 -4.740
122.040 -4.750
122.040 -4.760
122.040 -4.770
122.050 -4.770
122.060 -4.770
122.060 -4.780
122.070 -4.780
122.070 -4.790
122.080 -4.790
122.080 -4.800
122.090 -4.800
122.090 -4.810
122.100 -4.810
122.110 -4.810
122.110 -4.820
122.100 -4.820
122.090 -4.820
122.090 -4.830
122.080 -4.830
122.080 -4.840
122.070 -4.840
122.070 -4.850
122.060 -4.850
122.060 -4.860
122.050 -4.860
122.050 -4.870
122.040 -4.870
122.040 -4.880
122.030 -4.880
122.030 -4.870
122.020 -4.870
122.020 -4.880
122.020 -4.890
122.010 -4.890
122.010 -4.880
122.000 -4.880
122.000 -4.890
121.990 -4.890
121.990 -4.900
121.980 -4.900
121.980 -4.890
121.970 -4.890
121.960 -4.890
121.950 -4.890
121.940 -4.890
121.940 -4.880
121.930 -4.880
121.920 -4.880
121.910 -4.880
121.900 -4.880
121.890 -4.880
121.880 -4.880
121.880 -4.870
121.870 -4.870
121.860 -4.870
121.860 -4.860
121.850 -4.860
121.840 -4.860
121.840 -4.850
121.830 -4.850
121.830 -4.840
121.820 -4.840
121.820 -4.830
121.810 -4.830
121.810 -4.840
121.800 -4.830
121.800 -4.840
121.790 -4.840
121.780 -4.840
121.770 -4.840
121.760 -4.840
121.750 -4.840
121.740 -4.840
121.730 -4.840
121.730 -4.850
121.720 -4.850
121.710 -4.850
121.710 -4.860
121.700 -4.860
121.700 -4.850
121.690 -4.850
121.680 -4.850
121.680 -4.840
121.680 -4.830
121.670 -4.830
121.670 -4.820
121.670 -4.810
121.660 -4.810
121.650 -4.810
121.640 -4.810
121.630 -4.810
121.630 -4.800
121.630 -4.790
121.630 -4.780
121.620 -4.780
121.620 -4.790
121.620 -4.800
121.610 -4.800
121.610 -4.790
121.600 -4.790
121.590 -4.790
121.590 -4.780
121.580 -4.780
121.570 -4.780
121.560 -4.780
121.560 -4.770
121.550 -4.770
121.540 -4.770
121.540 -4.760
121.540 -4.750
121.530 -4.750
121.520 -4.750
121.520 -4.740
121.510 -4.740
121.510 -4.730
121.510 -4.720
121.510 -4.710
121.500 -4.710
121.500 -4.700
121.490 -4.700
121.490 -4.690
121.480 -4.690
121.470 -4.690
121.470 -4.680
121.470 -4.670
121.470 -4.660
121.470 -4.650
121.470 -4.640
121.470 -4.630
121.470 -4.620
121.470 -4.610
121.470 -4.600
121.470 -4.590
121.470 -4.580
121.480 -4.580
121.480 -4.570
121.480 -4.560
121.480 -4.550
121.480 -4.540
121.490 -4.540
121.490 -4.530
121.490 -4.520
121.490 -4.510
121.500 -4.510
121.500 -4.500
121.500 -4.490
121.500 -4.480
121.510 -4.480
121.510 -4.470
121.510 -4.460
121.510 -4.450
121.520 -4.440
121.520 -4.430
121.520 -4.420
121.520 -4.410
121.520 -4.400
121.520 -4.390
121.520 -4.380
121.520 -4.370
121.520 -4.360
121.520 -4.350
121.520 -4.340
121.520 -4.330
121.520 -4.320
121.520 -4.310
121.530 -4.300
121.530 -4.290
121.530 -4.280
121.530 -4.270
121.530 -4.260
121.530 -4.250
121.530 -4.240
121.540 -4.240
121.540 -4.250
121.540 -4.260
121.550 -4.260
121.550 -4.270
121.560 -4.270
121.560 -4.260
121.570 -4.260
121.570 -4.250
121.580 -4.250
121.580 -4.240
121.580 -4.230
121.580 -4.220
121.580 -4.210
121.590 -4.210
121.590 -4.200
121.590 -4.190
121.590 -4.180
121.600 -4.180
121.610 -4.180
121.610 -4.170
121.610 -4.160
121.620 -4.150
121.620 -4.140
121.620 -4.130
121.610 -4.130
121.610 -4.120
121.610 -4.110
121.610 -4.100
121.610 -4.090
121.610 -4.080
121.610 -4.070
121.610 -4.060
121.600 -4.060
121.590 -4.060
121.590 -4.050
121.580 -4.050
121.570 -4.050
121.570 -4.040
121.560 -4.040
121.550 -4.040
121.540 -4.040
121.540 -4.030
121.530 -4.030
121.520 -4.030
121.520 -4.020
121.510 -4.020
121.500 -4.020
121.490 -4.020
121.480 -4.020
121.470 -4.020
121.470 -4.010
121.460 -4.010
121.450 -4.020
121.440 -4.020
121.440 -4.010
121.430 -4.010
121.420 -4.010
121.420 -4.000
121.410 -4.000
121.400 -4.000
121.390 -4.000
121.380 -4.000
121.370 -4.000
121.360 -4.000
121.360 -3.990
121.350 -3.990
121.340 -3.990
121.340 -3.980
121.340 -3.970
121.330 -3.970
121.330 -3.960
121.330 -3.950
121.320 -3.950
121.320 -3.940
121.320 -3.930
121.320 -3.920
121.310 -3.920
121.310 -3.910
121.310 -3.900
121.300 -3.900
121.300 -3.890
121.290 -3.890
121.280 -3.890
121.280 -3.900
121.270 -3.900
121.270 -3.910
121.260 -3.910
121.260 -3.920
121.250 -3.920
121.250 -3.910
121.240 -3.910
121.240 -3.900
121.250 -3.900
121.250 -3.890
121.260 -3.890
121.260 -3.880
121.250 -3.880
121.250 -3.870
121.250 -3.860
121.260 -3.860
121.260 -3.850
121.260 -3.840
121.250 -3.840
121.250 -3.830
121.240 -3.830
121.230 -3.830
121.230 -3.820
121.220 -3.820
121.210 -3.820
121.200 -3.820
121.200 -3.830
121.190 -3.830
121.180 -3.830
121.170 -3.830
121.170 -3.820
121.170 -3.810
121.160 -3.810
121.160 -3.800
121.160 -3.790
121.150 -3.790
121.150 -3.780
121.140 -3.780
121.140 -3.770
121.130 -3.770
121.130 -3.760
121.120 -3.760
121.110 -3.760
121.110 -3.750
121.100 -3.750
121.100 -3.740
121.100 -3.730
121.090 -3.730
121.090 -3.720
121.080 -3.710
121.070 -3.710
121.070 -3.700
121.060 -3.700
121.050 -3.700
121.040 -3.700
121.040 -3.690
121.030 -3.690
121.020 -3.690
121.020 -3.680
121.010 -3.680
121.010 -3.670
121.000 -3.670
121.000 -3.660
120.990 -3.660
120.990 -3.650
120.980 -3.650
120.980 -3.640
120.970 -3.640
120.970 -3.630
120.960 -3.630
120.960 -3.620
120.950 -3.620
120.950 -3.610
120.940 -3.610
120.940 -3.600
120.930 -3.600
120.930 -3.590
120.920 -3.590
120.920 -3.580
120.910 -3.580
120.900 -3.580
120.910 -3.570
120.910 -3.560
120.900 -3.560
120.900 -3.550
120.890 -3.540
120.880 -3.540
120.880 -3.530
120.880 -3.520
120.880 -3.510
120.880 -3.500
120.870 -3.500
120.870 -3.490
120.870 -3.480
120.870 -3.470
120.870 -3.460
120.870 -3.450
120.870 -3.440
120.870 -3.430
120.870 -3.420
120.880 -3.420
120.890 -3.410
120.890 -3.400
120.890 -3.390
120.900 -3.390
120.900 -3.380
120.910 -3.380
120.910 -3.370
120.910 -3.360
120.920 -3.360
120.920 -3.350
120.930 -3.350
120.930 -3.340
120.940 -3.340
120.940 -3.330
120.950 -3.330
120.960 -3.330
120.960 -3.320
120.960 -3.310
120.960 -3.300
120.960 -3.290
120.960 -3.280
120.970 -3.280
120.970 -3.270
120.970 -3.260
120.980 -3.260
120.990 -3.260
120.990 -3.250
121.000 -3.250
121.010 -3.250
121.020 -3.250
121.020 -3.240
121.020 -3.230
121.020 -3.220
121.030 -3.220
121.030 -3.210
121.040 -3.210
121.040 -3.200
121.050 -3.200
121.060 -3.200
121.060 -3.190
121.060 -3.180
121.060 -3.170
121.060 -3.160
121.060 -3.150
121.060 -3.140
121.060 -3.130
121.060 -3.120
121.050 -3.120
121.050 -3.110
121.050 -3.100
121.060 -3.100
121.060 -3.090
121.060 -3.080
121.060 -3.070
121.060 -3.060
121.050 -3.060
121.050 -3.050
121.040 -3.050
121.040 -3.040
121.040 -3.030
121.050 -3.030
121.050 -3.020
121.060 -3.020
121.060 -3.030
121.070 -3.030
121.070 -3.020
121.080 -3.020
121.080 -3.010
121.090 -3.010
121.090 -3.000
121.080 -3.000
121.070 -3.000
121.070 -2.990
121.070 -2.980
121.070 -2.970
121.060 -2.970
121.060 -2.960
121.060 -2.950
121.070 -2.950
121.070 -2.960
121.080 -2.970
121.090 -2.970
121.090 -2.960
121.080 -2.960
121.080 -2.950
121.080 -2.940
121.090 -2.940
121.090 -2.930
121.090 -2.920
121.090 -2.910
121.080 -2.910
121.080 -2.900
121.080 -2.890
121.070 -2.890
121.080 -2.880
121.080 -2.870
121.080 -2.860
121.070 -2.860
121.070 -2.870
121.070 -2.880
121.060 -2.880
121.060 -2.870
121.050 -2.870
121.050 -2.860
121.050 -2.850
121.040 -2.850
121.040 -2.840
121.040 -2.830
121.030 -2.830
121.030 -2.840
121.030 -2.850
121.020 -2.850
121.020 -2.840
121.010 -2.840
121.000 -2.840
120.990 -2.840
120.990 -2.830
121.000 -2.830
121.000 -2.820
121.010 -2.820
121.020 -2.810
121.030 -2.810
121.040 -2.800
121.060 -2.790
121.070 -2.780
121.080 -2.770
121.100 -2.770
121.110 -2.780
121.110 -2.800
121.120 -2.800
121.120 -2.810
121.120 -2.820
121.110 -2.830
121.110 -2.840
121.120 -2.850
121.130 -2.860
121.140 -2.870
121.140 -2.890
121.140 -2.900
121.140 -2.910
121.140 -2.920
121.150 -2.930
121.160 -2.940
121.170 -2.950
121.170 -2.960
121.170 -2.970
121.180 -2.970
121.190 -2.970
121.200 -2.970
121.210 -2.970
121.220 -2.970
121.220 -2.980
121.220 -2.990
121.220 -3.000
121.230 -3.010
121.240 -3.010
121.240 -3.020
121.250 -3.030
121.250 -3.040
121.260 -3.050
121.260 -3.060
121.270 -3.060
121.280 -3.070
121.290 -3.070
121.300 -3.070
121.310 -3.070
121.320 -3.070
121.320 -3.060
121.330 -3.060
121.330 -3.050
121.340 -3.050
121.340 -3.040
121.350 -3.030
121.350 -3.020
121.360 -3.020
121.360 -3.010
121.370 -3.010
121.380 -3.010
121.390 -3.010
121.400 -3.010
121.410 -3.010
121.420 -3.010
121.430 -3.010
121.440 -3.010
121.450 -3.000
121.460 -3.000
121.470 -2.990
121.480 -2.990
121.490 -2.990
121.500 -2.990
121.500 -2.980
121.510 -2.980
121.520 -2.960
121.530 -2.950
121.540 -2.940
121.560 -2.920
121.570 -2.910
121.580 -2.910
121.600 -2.900
121.610 -2.900
121.610 -2.890
121.620 -2.890
121.650 -2.880
121.660 -2.880
121.670 -2.890
121.700 -2.910
121.740 -2.930
121.780 -2.940
121.820 -2.950
121.850 -2.960
121.880 -2.980
121.910 -2.980
121.950 -2.980
121.970 -2.970
121.970 -2.960
121.980 -2.960
121.990 -2.960
122.000 -2.960
122.020 -2.960
122.030 -2.960
122.040 -2.960
122.050 -2.960
122.060 -2.960
122.070 -2.960
122.080 -2.960
122.090 -2.960
122.100 -2.960
122.110 -2.960
122.110 -2.970
122.120 -2.970
122.120 -2.980
122.120 -2.990
122.120 -3.000
122.120 -3.010
122.130 -3.010
122.130 -3.020
122.140 -3.020
122.150 -3.010
122.160 -3.020
122.170 -3.020
122.180 -3.020
122.190 -3.030
122.190 -3.040
122.190 -3.050
122.190 -3.060
122.190 -3.070
122.190 -3.080
122.190 -3.090
122.190 -3.100
122.200 -3.100
122.210 -3.100
122.220 -3.110
122.220 -3.120
122.230 -3.120
122.230 -3.130
122.240 -3.140
122.250 -3.140
122.260 -3.130
122.270 -3.130
122.270 -3.140
122.280 -3.140
122.280 -3.150
122.280 -3.160
122.280 -3.170
122.290 -3.180
122.290 -3.190
122.300 -3.200
122.300 -3.190
122.310 -3.190
122.320 -3.190
122.330 -3.190
122.340 -3.190
122.340 -3.200
122.330 -3.200
122.330 -3.210
122.330 -3.220
122.330 -3.230
122.330 -3.240
122.320 -3.240
122.320 -3.250
122.320 -3.260
122.320 -3.270
122.310 -3.270
122.310 -3.280
122.300 -3.280
122.300 -3.290
122.290 -3.300
122.290 -3.310
122.290 -3.320
122.290 -3.330
122.290 -3.340
122.290 -3.350
122.290 -3.360
122.300 -3.360
122.310 -3.360
122.310 -3.370
122.320 -3.370
122.320 -3.360
122.330 -3.360
122.330 -3.370
122.340 -3.370
122.340 -3.380
122.350 -3.380
122.350 -3.390
122.360 -3.390
122.360 -3.380
122.370 -3.380
122.380 -3.380
122.370 -3.390
122.380 -3.390
122.380 -3.400
122.390 -3.400
122.390 -3.410
122.390 -3.420
122.390 -3.430
122.380 -3.430
122.380 -3.440
122.380 -3.450
122.380 -3.460
122.370 -3.460
122.360 -3.460
122.360 -3.450
122.360 -3.440
122.360 -3.430
122.360 -3.420
122.350 -3.420
122.350 -3.410
122.340 -3.410
122.330 -3.410
122.320 -3.410
122.320 -3.400
122.330 -3.400
122.330 -3.390
122.320 -3.390
122.320 -3.380
122.310 -3.380
122.300 -3.380
122.290 -3.380
122.290 -3.370
122.280 -3.370
122.270 -3.380
122.260 -3.380
122.260 -3.390
122.260 -3.400
122.250 -3.390
122.240 -3.390
122.240 -3.400
122.240 -3.410
122.250 -3.410
122.250 -3.420
122.260 -3.420
122.260 -3.430
122.270 -3.430
122.270 -3.440
122.280 -3.440
122.280 -3.450
122.290 -3.450
122.290 -3.460
122.300 -3.460
122.300 -3.470
122.300 -3.480
122.290 -3.480
122.290 -3.490
122.280 -3.490
122.280 -3.500
122.280 -3.510
122.280 -3.520
122.270 -3.520
122.270 -3.530
122.260 -3.530
122.260 -3.540
122.270 -3.540
122.270 -3.550
122.270 -3.560
122.260 -3.560
122.250 -3.560
122.240 -3.560
122.230 -3.560
122.230 -3.570
122.220 -3.560
122.210 -3.560
122.210 -3.570
122.200 -3.560
122.200 -3.570
122.200 -3.580
122.200 -3.590
122.200 -3.600
122.200 -3.610
122.200 -3.620
122.210 -3.620
122.210 -3.630
122.220 -3.630
122.220 -3.640
122.230 -3.640
122.230 -3.650
122.240 -3.650
122.240 -3.660
122.250 -3.660
122.250 -3.670
122.260 -3.670
122.270 -3.670
122.270 -3.680
122.280 -3.680
122.290 -3.680
122.290 -3.690
122.300 -3.690
122.310 -3.700
122.300 -3.700
122.310 -3.710
122.310 -3.720
122.320 -3.720
122.320 -3.730
122.330 -3.730
122.340 -3.730
122.340 -3.740
122.350 -3.740
122.350 -3.750
122.360 -3.750
122.370 -3.750
122.370 -3.740
122.380 -3.740
122.390 -3.740
122.400 -3.740
122.400 -3.750
122.410 -3.750
122.420 -3.750
122.430 -3.750
122.440 -3.750
122.440 -3.760
122.450 -3.760
122.450 -3.770
122.450 -3.780
122.450 -3.790
122.460 -3.790
122.460 -3.800
122.470 -3.800
122.470 -3.810
122.470 -3.820
122.480 -3.830
122.490 -3.830
122.490 -3.840
122.500 -3.840
122.500 -3.850
122.510 -3.850
122.510 -3.860
122.510 -3.870
122.510 -3.880
122.510 -3.890
122.520 -3.890
122.530 -3.890
122.540 -3.890
122.540 -3.900
122.550 -3.900
122.560 -3.900
122.570 -3.900
122.580 -3.900
122.580 -3.890
122.590 -3.900
122.600 -3.900
122.600 -3.890
122.610 -3.890
122.620 -3.890
122.630 -3.890
122.640 -3.890
122.650 -3.890
122.660 -3.890
122.660 -3.900
122.660 -3.910
122.670 -3.920
122.670 -3.930
122.660 -3.930
122.650 -3.930
122.650 -3.940
122.640 -3.940
122.630 -3.940
122.630 -3.950
122.630 -3.960
122.620 -3.960
122.610 -3.960
122.610 -3.970
122.600 -3.970
122.600 -3.980
122.590 -3.980
122.590 -3.970
122.580 -3.970
122.570 -3.970
122.560 -3.970
122.550 -3.970
122.540 -3.970
122.530 -3.970
122.530 -3.980
122.540 -3.980
122.540 -3.990
122.550 -3.990
122.560 -3.990
122.560 -3.980
122.570 -3.980
122.580 -3.980
122.590 -3.980
122.600 -3.980
122.600 -3.990
122.610 -3.990
122.610 -4.000
122.620 -4.000
122.630 -4.000
122.640 -4.000
122.650 -4.000
122.650 -4.010
122.660 -4.010
122.660 -4.020
122.660 -4.030
122.670 -4.040
122.670 -4.050
122.660 -4.050
122.650 -4.050
122.650 -4.060
122.650 -4.070
122.650 -4.080
122.650 -4.090
122.660 -4.090
122.660 -4.100
122.660 -4.110
122.670 -4.110
122.670 -4.120
122.660 -4.120
122.660 -4.130
122.660 -4.140
122.670 -4.140
122.670 -4.150
122.680 -4.150
122.680 -4.160
122.690 -4.160
122.700 -4.160
122.710 -4.160
122.710 -4.150
122.710 -4.140
122.710 -4.130
122.720 -4.130
122.720 -4.140
122.730 -4.140
122.730 -4.150
122.740 -4.150
122.740 -4.140
122.750 -4.140
122.750 -4.150
122.760 -4.150
122.760 -4.160
122.770 -4.160
122.770 -4.150
122.780 -4.150
122.790 -4.150
122.800 -4.150
122.810 -4.150
122.810 -4.140
122.820 -4.140
122.820 -4.150
122.830 -4.150
122.830 -4.140
122.830 -4.130
122.840 -4.130
122.840 -4.120
122.830 -4.120
122.820 -4.120
122.820 -4.110
122.810 -4.110
122.800 -4.110
122.800 -4.100
122.790 -4.100
122.780 -4.100
122.780 -4.090
122.780 -4.080
122.770 -4.080
122.770 -4.070
122.760 -4.070
122.760 -4.060
122.770 -4.060
122.780 -4.060
122.790 -4.060
122.800 -4.060
122.810 -4.060
122.820 -4.060
122.830 -4.060
122.840 -4.060
122.850 -4.060
122.850 -4.070
122.860 -4.070
122.860 -4.080
122.860 -4.090
122.870 -4.090
122.870 -4.100
122.870 -4.110
122.880 -4.110
122.880 -4.120
122.890 -4.120
122.890 -4.130
122.890 -4.140
122.890 -4.150
122.890 -4.160
122.890 -4.170
122.890 -4.180
122.900 -4.180
122.900 -4.190
122.900 -4.200
122.900 -4.210
122.890 -4.210
122.890 -4.220
122.900 -4.220
122.900 -4.230
122.910 -4.230
122.900 -4.240
122.900 -4.250
122.890 -4.250
122.890 -4.260
122.890 -4.270
122.890 -4.280
122.880 -4.280
122.880 -4.290
122.880 -4.300
122.880 -4.310
122.890 -4.310
122.890 -4.320
122.900 -4.320
122.900 -4.330
122.890 -4.330
122.890 -4.340
122.900 -4.340
122.900 -4.350
122.890 -4.350
122.890 -4.360
122.900 -4.360
122.900 -4.370
122.900 -4.380
122.900 -4.390
122.890 -4.390
122.890 -4.400
122.890 -4.410
122.880 -4.410
122.880 -4.420
122.870 -4.420
122.860 -4.420
122.850 -4.420
122.850 -4.430
122.840 -4.430
122.840 -4.440
122.840 -4.450
122.830 -4.450
122.820 -4.450
122.820 -4.440
122.810 -4.440
122.810 -4.430
122.800 -4.430
122.800 -4.420
122.790 -4.420
122.780 -4.410
122.770 -4.410
122.770 -4.400
122.760 -4.400
122.760 -4.390
122.750 -4.390
122.750 -4.380
122.740 -4.380
122.740 -4.370
122.730 -4.370
122.720 -4.370
122.720 -4.360
122.720 -4.350
122.710 -4.350
122.710 -4.340
122.700 -4.340
122.700 -4.330
122.690 -4.330
122.680 -4.330
122.670 -4.330
122.660 -4.330
122.660 -4.340
122.660 -4.350
122.660 -4.360
122.670 -4.360
122.680 -4.360
122.680 -4.370
122.690 -4.370
122.690 -4.380
122.690 -4.390
122.700 -4.390
122.700 -4.400
122.700 -4.410
122.710 -4.410
122.720 -4.410
122.720 -4.420
122.730 -4.420
122.730 -4.430
122.740 -4.430
122.750 -4.430
122.760 -4.430
122.760 -4.440
122.760 -4.450
122.760 -4.460
122.760 -4.470
122.760 -4.480
122.760 -4.490
122.760 -4.500
122.750 -4.500
122.750 -4.510
122.740 -4.510
122.730 -4.510
122.730 -4.500
122.720 -4.500
122.710 -4.500
122.710 -4.490
122.710 -4.480
122.700 -4.470
122.690 -4.470
122.690 -4.480
122.680 -4.480
122.680 -4.490
122.680 -4.500
122.680 -4.510
122.670 -4.510
122.670 -4.500
666
123.000 -5.410
123.000 -5.400
122.990 -5.400
122.990 -5.390
122.980 -5.390
122.970 -5.390
122.970 -5.400
122.960 -5.410
122.950 -5.420
122.940 -5.420
122.940 -5.430
122.930 -5.430
122.930 -5.440
122.920 -5.440
122.910 -5.440
122.900 -5.440
122.890 -5.440
122.890 -5.450
122.880 -5.450
122.870 -5.450
122.870 -5.460
122.860 -5.460
122.860 -5.470
122.860 -5.480
122.850 -5.480
122.850 -5.490
122.850 -5.500
122.850 -5.510
122.850 -5.520
122.850 -5.530
122.860 -5.520
122.870 -5.520
122.870 -5.510
122.880 -5.510
122.890 -5.510
122.890 -5.520
122.900 -5.520
122.900 -5.530
122.900 -5.540
122.900 -5.550
122.890 -5.560
122.890 -5.570
122.890 -5.580
122.880 -5.580
122.870 -5.590
122.870 -5.600
122.860 -5.600
122.860 -5.610
122.850 -5.620
122.840 -5.620
122.840 -5.630
122.840 -5.640
122.830 -5.640
122.830 -5.650
122.820 -5.650
122.820 -5.660
122.810 -5.670
122.810 -5.680
122.810 -5.690
122.800 -5.690
122.800 -5.700
122.790 -5.700
122.780 -5.700
122.770 -5.700
122.760 -5.700
122.750 -5.690
122.760 -5.690
122.760 -5.680
122.760 -5.670
122.760 -5.660
122.760 -5.650
122.760 -5.640
122.750 -5.640
122.740 -5.640
122.740 -5.650
122.740 -5.660
122.730 -5.670
122.730 -5.680
122.730 -5.690
122.720 -5.690
122.720 -5.680
122.710 -5.680
122.710 -5.670
122.710 -5.660
122.710 -5.650
122.720 -5.650
122.720 -5.640
122.720 -5.630
122.720 -5.620
122.710 -5.620
122.710 -5.630
122.700 -5.630
122.700 -5.640
122.690 -5.640
122.690 -5.650
122.690 -5.660
122.680 -5.660
122.680 -5.670
122.680 -5.680
122.670 -5.680
122.670 -5.690
122.660 -5.690
122.660 -5.700
122.650 -5.700
122.640 -5.700
122.640 -5.690
122.630 -5.690
122.630 -5.680
122.620 -5.680
122.620 -5.670
122.620 -5.660
122.610 -5.660
122.610 -5.650
122.610 -5.640
122.610 -5.630
122.600 -5.620
122.600 -5.610
122.600 -5.600
122.590 -5.600
122.590 -5.590
122.590 -5.580
122.580 -5.580
122.580 -5.570
122.580 -5.560
122.580 -5.550
122.580 -5.540
122.570 -5.540
122.570 -5.530
122.570 -5.520
122.560 -5.520
122.560 -5.510
122.560 -5.500
122.560 -5.490
122.560 -5.480
122.570 -5.480
122.580 -5.470
122.590 -5.470
122.590 -5.460
122.600 -5.460
122.600 -5.450
122.610 -5.450
122.610 -5.460
122.620 -5.460
122.630 -5.460
122.640 -5.460
122.640 -5.450
122.640 -5.440
122.650 -5.440
122.650 -5.430
122.650 -5.420
122.640 -5.420
122.640 -5.410
122.630 -5.410
122.620 -5.410
122.620 -5.400
122.620 -5.390
122.630 -5.390
122.630 -5.380
122.640 -5.380
122.640 -5.370
122.640 -5.360
122.650 -5.360
122.650 -5.350
122.650 -5.340
122.650 -5.330
122.650 -5.320
122.660 -5.320
122.670 -5.320
122.670 -5.310
122.680 -5.310
122.680 -5.320
122.690 -5.320
122.690 -5.310
122.690 -5.300
122.700 -5.300
122.700 -5.290
122.700 -5.280
122.710 -5.280
122.710 -5.270
122.710 -5.260
122.720 -5.260
122.720 -5.250
122.730 -5.250
122.730 -5.240
122.740 -5.240
122.750 -5.240
122.750 -5.250
122.760 -5.250
122.760 -5.260
122.770 -5.250
122.780 -5.250
122.780 -5.240
122.790 -5.240
122.800 -5.240
122.800 -5.230
122.800 -5.220
122.810 -5.220
122.810 -5.210
122.810 -5.200
122.800 -5.200
122.800 -5.190
122.790 -5.190
122.790 -5.180
122.780 -5.180
122.780 -5.190
122.780 -5.200
122.770 -5.200
122.770 -5.210
122.760 -5.220
122.760 -5.230
122.750 -5.230
122.750 -5.220
122.750 -5.210
122.750 -5.200
122.750 -5.190
122.760 -5.190
122.760 -5.180
122.750 -5.180
122.740 -5.180
122.740 -5.170
122.740 -5.160
122.750 -5.160
122.750 -5.150
122.750 -5.140
122.760 -5.140
122.760 -5.130
122.760 -5.120
122.770 -5.120
122.770 -5.110
122.760 -5.110
122.760 -5.100
122.760 -5.090
122.770 -5.090
122.770 -5.080
122.780 -5.080
122.780 -5.070
122.790 -5.070
122.790 -5.060
122.800 -5.060
122.800 -5.050
122.800 -5.040
122.800 -5.030
122.800 -5.020
122.790 -5.020
122.780 -5.020
122.780 -5.030
122.770 -5.030
122.770 -5.040
122.760 -5.040
122.750 -5.040
122.750 -5.030
122.760 -5.030
122.760 -5.020
122.760 -5.010
122.770 -5.010
122.780 -5.010
122.780 -5.000
122.790 -5.000
122.790 -4.990
122.800 -4.990
122.810 -4.990
122.810 -4.980
122.810 -4.970
122.810 -4.960
122.810 -4.950
122.810 -4.940
122.820 -4.940
122.820 -4.930
122.820 -4.920
122.830 -4.920
122.830 -4.910
122.830 -4.900
122.830 -4.890
122.830 -4.880
122.820 -4.880
122.810 -4.880
122.810 -4.870
122.810 -4.860
122.810 -4.850
122.820 -4.850
122.820 -4.840
122.820 -4.830
122.830 -4.830
122.830 -4.840
122.840 -4.840
122.840 -4.830
122.840 -4.820
122.840 -4.810
122.850 -4.810
122.850 -4.800
122.850 -4.790
122.860 -4.790
122.860 -4.780
122.860 -4.770
122.850 -4.770
122.850 -4.760
122.850 -4.750
122.840 -4.750
122.840 -4.740
122.840 -4.730
122.850 -4.730
122.850 -4.720
122.840 -4.720
122.840 -4.710
122.840 -4.700
122.840 -4.690
122.830 -4.690
122.830 -4.680
122.830 -4.670
122.830 -4.660
122.840 -4.660
122.840 -4.650
122.840 -4.640
122.850 -4.640
122.850 -4.630
122.850 -4.620
122.850 -4.610
122.850 -4.600
122.850 -4.590
122.850 -4.580
122.850 -4.570
122.860 -4.570
122.860 -4.560
122.860 -4.550
122.870 -4.550
122.870 -4.540
122.870 -4.530
122.870 -4.520
122.880 -4.520
122.880 -4.510
122.880 -4.500
122.890 -4.500
122.890 -4.490
122.900 -4.490
122.900 -4.480
122.900 -4.470
122.910 -4.470
122.910 -4.460
122.920 -4.460
122.920 -4.450
122.930 -4.440
122.940 -4.440
122.950 -4.440
122.950 -4.430
122.950 -4.420
122.960 -4.420
122.970 -4.420
122.970 -4.410
122.980 -4.410
122.980 -4.400
122.990 -4.400
123.000 -4.400
123.000 -4.390
123.010 -4.390
123.020 -4.390
123.020 -4.380
123.030 -4.380
123.040 -4.380
123.040 -4.370
123.050 -4.370
123.060 -4.370
123.070 -4.370
123.080 -4.370
123.080 -4.380
123.080 -4.390
123.080 -4.400
123.080 -4.410
123.070 -4.410
123.060 -4.410
123.050 -4.410
123.050 -4.420
123.050 -4.430
123.060 -4.430
123.070 -4.430
123.070 -4.440
123.080 -4.440
123.080 -4.450
123.080 -4.460
123.090 -4.460
123.100 -4.460
123.110 -4.460
123.110 -4.470
123.120 -4.470
123.120 -4.480
123.130 -4.480
123.140 -4.480
123.140 -4.490
123.140 -4.500
123.150 -4.510
123.150 -4.520
123.160 -4.520
123.160 -4.530
123.160 -4.540
123.170 -4.540
123.170 -4.550
123.180 -4.550
123.180 -4.560
123.180 -4.570
123.190 -4.570
123.190 -4.580
123.190 -4.590
123.200 -4.590
123.200 -4.600
123.200 -4.610
123.210 -4.610
123.210 -4.620
123.200 -4.620
123.190 -4.620
123.190 -4.630
123.190 -4.640
123.180 -4.640
123.180 -4.650
123.190 -4.650
123.190 -4.660
123.200 -4.660
123.200 -4.670
123.210 -4.670
123.210 -4.680
123.210 -4.690
123.210 -4.700
123.210 -4.710
123.210 -4.720
123.210 -4.730
123.210 -4.740
123.210 -4.750
123.210 -4.760
123.210 -4.770
123.200 -4.770
123.200 -4.780
123.200 -4.790
123.210 -4.790
123.210 -4.800
123.210 -4.810
123.210 -4.820
123.210 -4.830
123.210 -4.840
123.210 -4.850
123.210 -4.860
123.210 -4.870
123.200 -4.870
123.200 -4.860
123.190 -4.860
123.190 -4.850
123.180 -4.850
123.180 -4.840
123.170 -4.840
123.170 -4.830
123.170 -4.820
123.170 -4.810
123.170 -4.800
123.170 -4.790
123.170 -4.780
123.170 -4.770
123.160 -4.770
123.160 -4.760
123.150 -4.760
123.140 -4.760
123.130 -4.760
123.130 -4.750
123.140 -4.750
123.140 -4.740
123.150 -4.730
123.140 -4.730
123.140 -4.720
123.130 -4.720
123.120 -4.710
123.120 -4.700
123.110 -4.700
123.110 -4.710
123.110 -4.720
123.110 -4.730
123.100 -4.730
123.100 -4.740
123.100 -4.750
123.100 -4.760
123.110 -4.760
123.110 -4.770
123.120 -4.770
123.130 -4.770
123.130 -4.780
123.120 -4.780
123.120 -4.790
123.110 -4.790
123.100 -4.790
123.090 -4.790
123.080 -4.790
123.070 -4.790
123.070 -4.780
123.080 -4.780
123.080 -4.770
123.080 -4.760
123.070 -4.760
123.070 -4.750
123.060 -4.750
123.060 -4.760
123.060 -4.770
123.050 -4.770
123.050 -4.760
123.040 -4.760
123.040 -4.750
123.040 -4.740
123.030 -4.740
123.030 -4.750
123.030 -4.760
123.020 -4.760
123.020 -4.770
123.030 -4.770
123.030 -4.780
123.040 -4.780
123.040 -4.790
123.040 -4.800
123.040 -4.810
123.030 -4.810
123.020 -4.810
123.010 -4.810
123.010 -4.820
123.010 -4.830
123.000 -4.830
123.000 -4.840
123.000 -4.850
123.000 -4.860
123.000 -4.870
123.010 -4.870
123.010 -4.880
123.010 -4.890
123.010 -4.900
123.010 -4.910
123.010 -4.920
123.000 -4.920
123.000 -4.930
123.000 -4.940
122.990 -4.940
122.980 -4.940
122.980 -4.950
122.970 -4.950
122.970 -4.960
122.960 -4.970
122.960 -4.980
122.960 -4.990
122.960 -5.000
122.960 -5.010
122.960 -5.020
122.950 -5.020
122.950 -5.030
122.960 -5.030
122.970 -5.030
122.970 -5.040
122.970 -5.050
122.980 -5.050
122.980 -5.060
122.980 -5.070
122.970 -5.070
122.970 -5.080
122.970 -5.090
122.970 -5.100
122.970 -5.110
122.970 -5.120
122.970 -5.130
122.960 -5.130
122.960 -5.140
122.950 -5.140
122.950 -5.150
122.950 -5.160
122.940 -5.160
122.940 -5.170
122.930 -5.170
122.920 -5.170
122.920 -5.180
122.930 -5.180
122.930 -5.190
122.930 -5.200
122.930 -5.210
122.940 -5.210
122.940 -5.220
122.950 -5.220
122.960 -5.220
122.960 -5.210
122.960 -5.200
122.970 -5.200
122.970 -5.190
122.980 -5.180
122.980 -5.170
122.990 -5.170
122.990 -5.160
123.000 -5.160
123.000 -5.150
123.010 -5.150
123.010 -5.140
123.020 -5.140
123.030 -5.140
123.040 -5.140
123.050 -5.140
123.050 -5.150
123.060 -5.150
123.060 -5.160
123.070 -5.160
123.070 -5.170
123.070 -5.180
123.080 -5.180
123.080 -5.170
123.090 -5.170
123.090 -5.180
123.100 -5.180
123.100 -5.190
123.110 -5.190
123.110 -5.200
123.110 -5.210
123.120 -5.210
123.130 -5.210
123.130 -5.220
123.130 -5.230
123.140 -5.230
123.140 -5.240
123.150 -5.240
123.150 -5.250
123.160 -5.250
123.170 -5.250
123.180 -5.250
123.190 -5.250
123.190 -5.260
123.200 -5.260
123.200 -5.270
123.210 -5.270
123.220 -5.270
123.220 -5.280
123.220 -5.290
123.220 -5.300
123.220 -5.310
123.210 -5.310
123.200 -5.310
123.200 -5.320
123.200 -5.330
123.190 -5.330
123.190 -5.340
123.180 -5.340
123.180 -5.350
123.180 -5.360
123.170 -5.360
123.160 -5.360
123.160 -5.370
123.150 -5.370
123.150 -5.380
123.140 -5.380
123.140 -5.390
123.140 -5.400
123.130 -5.400
123.120 -5.400
123.110 -5.400
123.110 -5.410
123.100 -5.410
123.090 -5.410
123.080 -5.410
123.080 -5.420
123.070 -5.420
123.060 -5.420
123.060 -5.430
123.050 -5.430
123.040 -5.430
123.040 -5.440
123.030 -5.440
123.020 -5.440
123.010 -5.440
123.010 -5.430
123.000 -5.430
123.000 -5.420
123.000 -5.410
389
122.670 -4.610
122.680 -4.610
122.690 -4.610
122.690 -4.620
122.700 -4.620
122.710 -4.620
122.710 -4.630
122.720 -4.630
122.720 -4.640
122.730 -4.640
122.740 -4.640
122.740 -4.650
122.730 -4.660
122.730 -4.670
122.730 -4.680
122.730 -4.690
122.720 -4.690
122.720 -4.700
122.720 -4.710
122.730 -4.710
122.730 -4.720
122.730 -4.730
122.730 -4.740
122.740 -4.740
122.740 -4.750
122.740 -4.760
122.740 -4.770
122.740 -4.780
122.740 -4.790
122.750 -4.790
122.740 -4.800
122.740 -4.810
122.740 -4.820
122.730 -4.820
122.730 -4.830
122.730 -4.840
122.730 -4.850
122.730 -4.860
122.740 -4.860
122.740 -4.870
122.740 -4.880
122.740 -4.890
122.750 -4.890
122.760 -4.890
122.770 -4.890
122.770 -4.900
122.760 -4.900
122.760 -4.910
122.760 -4.920
122.760 -4.930
122.760 -4.940
122.760 -4.950
122.760 -4.960
122.760 -4.970
122.750 -4.970
122.750 -4.960
122.740 -4.960
122.730 -4.960
122.730 -4.970
122.720 -4.960
122.720 -4.970
122.720 -4.980
122.710 -4.980
122.710 -4.990
122.710 -5.000
122.710 -5.010
122.700 -5.010
122.700 -5.020
122.690 -5.020
122.690 -5.030
122.680 -5.030
122.680 -5.040
122.670 -5.040
122.660 -5.050
122.650 -5.050
122.640 -5.060
122.630 -5.060
122.630 -5.070
122.630 -5.080
122.620 -5.080
122.620 -5.090
122.610 -5.090
122.610 -5.100
122.610 -5.110
122.620 -5.100
122.620 -5.110
122.620 -5.120
122.610 -5.120
122.610 -5.130
122.600 -5.140
122.600 -5.150
122.590 -5.150
122.590 -5.160
122.590 -5.170
122.590 -5.180
122.590 -5.190
122.590 -5.200
122.600 -5.200
122.610 -5.200
122.610 -5.190
122.620 -5.190
122.630 -5.190
122.630 -5.200
122.630 -5.210
122.620 -5.210
122.620 -5.220
122.610 -5.220
122.600 -5.220
122.600 -5.230
122.590 -5.230
122.590 -5.240
122.580 -5.240
122.580 -5.250
122.590 -5.250
122.600 -5.250
122.610 -5.250
122.620 -5.250
122.630 -5.250
122.630 -5.260
122.640 -5.260
122.640 -5.270
122.640 -5.280
122.650 -5.280
122.650 -5.290
122.650 -5.300
122.640 -5.300
122.640 -5.310
122.640 -5.320
122.640 -5.330
122.640 -5.340
122.640 -5.350
122.640 -5.360
122.630 -5.360
122.620 -5.370
122.620 -5.360
122.620 -5.350
122.610 -5.350
122.600 -5.350
122.600 -5.360
122.590 -5.360
122.590 -5.370
122.590 -5.380
122.590 -5.390
122.600 -5.390
122.600 -5.400
122.600 -5.410
122.600 -5.420
122.600 -5.430
122.590 -5.440
122.590 -5.430
122.580 -5.430
122.580 -5.420
122.570 -5.420
122.570 -5.410
122.560 -5.410
122.560 -5.420
122.560 -5.430
122.550 -5.430
122.550 -5.440
122.540 -5.440
122.530 -5.440
122.520 -5.440
122.520 -5.430
122.520 -5.420
122.520 -5.410
122.510 -5.410
122.510 -5.400
122.520 -5.400
122.530 -5.400
122.530 -5.390
122.520 -5.390
122.520 -5.380
122.530 -5.380
122.530 -5.370
122.530 -5.360
122.530 -5.350
122.530 -5.340
122.540 -5.340
122.540 -5.330
122.540 -5.320
122.530 -5.320
122.520 -5.320
122.520 -5.310
122.520 -5.300
122.520 -5.290
122.530 -5.290
122.530 -5.280
122.520 -5.280
122.510 -5.280
122.510 -5.290
122.500 -5.290
122.490 -5.290
122.490 -5.300
122.480 -5.300
122.480 -5.310
122.480 -5.320
122.490 -5.320
122.490 -5.330
122.500 -5.330
122.500 -5.340
122.500 -5.350
122.490 -5.350
122.490 -5.360
122.490 -5.370
122.480 -5.370
122.470 -5.370
122.470 -5.380
122.470 -5.390
122.460 -5.400
122.450 -5.400
122.450 -5.410
122.440 -5.410
122.440 -5.400
122.430 -5.400
122.410 -5.400
122.400 -5.400
122.400 -5.390
122.400 -5.380
122.400 -5.370
122.390 -5.370
122.390 -5.360
122.390 -5.350
122.390 -5.340
122.380 -5.340
122.380 -5.330
122.370 -5.330
122.370 -5.340
122.370 -5.350
122.380 -5.350
122.380 -5.360
122.380 -5.370
122.380 -5.380
122.370 -5.380
122.370 -5.390
122.360 -5.390
122.350 -5.390
122.340 -5.390
122.340 -5.400
122.330 -5.400
122.320 -5.400
122.310 -5.400
122.300 -5.400
122.290 -5.400
122.280 -5.400
122.280 -5.390
122.270 -5.390
122.270 -5.380
122.270 -5.370
122.270 -5.360
122.270 -5.350
122.270 -5.340
122.270 -5.330
122.270 -5.320
122.270 -5.310
122.270 -5.300
122.280 -5.300
122.280 -5.290
122.290 -5.290
122.290 -5.280
122.290 -5.270
122.300 -5.270
122.300 -5.260
122.310 -5.260
122.310 -5.250
122.310 -5.240
122.320 -5.240
122.320 -5.230
122.310 -5.230
122.310 -5.220
122.300 -5.220
122.300 -5.210
122.310 -5.210
122.310 -5.200
122.310 -5.190
122.320 -5.190
122.320 -5.180
122.320 -5.170
122.310 -5.170
122.310 -5.160
122.310 -5.150
122.310 -5.140
122.320 -5.140
122.320 -5.130
122.320 -5.120
122.320 -5.110
122.330 -5.110
122.330 -5.100
122.340 -5.100
122.350 -5.100
122.360 -5.100
122.360 -5.090
122.370 -5.090
122.380 -5.090
122.380 -5.080
122.390 -5.080
122.390 -5.070
122.380 -5.070
122.380 -5.060
122.380 -5.050
122.380 -5.040
122.370 -5.040
122.370 -5.030
122.380 -5.030
122.380 -5.020
122.380 -5.010
122.380 -5.000
122.380 -4.990
122.380 -4.980
122.380 -4.970
122.380 -4.960
122.380 -4.950
122.370 -4.950
122.360 -4.950
122.360 -4.940
122.360 -4.930
122.350 -4.930
122.350 -4.920
122.350 -4.910
122.350 -4.900
122.340 -4.900
122.340 -4.890
122.340 -4.880
122.340 -4.870
122.330 -4.870
122.330 -4.860
122.330 -4.850
122.320 -4.850
122.320 -4.840
122.320 -4.830
122.330 -4.830
122.330 -4.820
122.330 -4.810
122.340 -4.810
122.340 -4.800
122.340 -4.790
122.350 -4.790
122.350 -4.780
122.360 -4.780
122.360 -4.770
122.360 -4.760
122.370 -4.760
122.370 -4.750
122.370 -4.740
122.380 -4.740
122.380 -4.750
122.390 -4.750
122.400 -4.750
122.410 -4.750
122.410 -4.740
122.420 -4.740
122.430 -4.740
122.440 -4.740
122.450 -4.740
122.460 -4.740
122.470 -4.740
122.480 -4.740
122.480 -4.730
122.480 -4.720
122.490 -4.720
122.500 -4.720
122.510 -4.720
122.510 -4.710
122.520 -4.710
122.530 -4.710
122.540 -4.700
122.550 -4.700
122.550 -4.690
122.560 -4.690
122.560 -4.680
122.570 -4.680
122.570 -4.670
122.580 -4.670
122.590 -4.670
122.590 -4.660
122.600 -4.660
122.600 -4.650
122.590 -4.650
122.590 -4.640
122.600 -4.640
122.610 -4.640
122.620 -4.640
122.630 -4.640
122.630 -4.630
122.640 -4.630
122.650 -4.630
122.660 -4.630
122.660 -4.620
122.660 -4.610
122.670 -4.610
REGION 1
485
115.150 -8.780
115.160 -8.780
115.170 -8.780
115.170 -8.770
115.170 -8.760
115.170 -8.750
115.160 -8.750
115.160 -8.740
115.160 -8.730
115.170 -8.730
115.170 -8.720
115.170 -8.710
115.160 -8.700
115.160 -8.690
115.150 -8.690
115.150 -8.680
115.140 -8.680
115.140 -8.670
115.140 -8.660
115.120 -8.650
115.110 -8.650
115.110 -8.640
115.100 -8.640
115.100 -8.630
115.090 -8.630
115.090 -8.620
115.080 -8.620
115.080 -8.610
115.080 -8.600
115.070 -8.600
115.070 -8.590
115.060 -8.590
115.060 -8.580
115.050 -8.580
115.050 -8.570
115.040 -8.570
115.040 -8.560
115.030 -8.560
115.030 -8.550
115.020 -8.550
115.010 -8.550
115.010 -8.540
115.000 -8.540
115.000 -8.530
114.990 -8.530
114.990 -8.520
114.980 -8.520
114.980 -8.510
114.970 -8.510
114.970 -8.500
114.960 -8.500
114.950 -8.500
114.950 -8.490
114.940 -8.490
114.940 -8.480
114.930 -8.480
114.930 -8.470
114.920 -8.470
114.910 -8.470
114.910 -8.460
114.900 -8.460
114.890 -8.460
114.890 -8.450
114.880 -8.450
114.870 -8.450
114.870 -8.440
114.860 -8.440
114.850 -8.440
114.840 -8.440
114.830 -8.440
114.830 -8.430
114.820 -8.430
114.810 -8.430
114.810 -8.420
114.800 -8.420
114.800 -8.410
114.790 -8.410
114.780 -8.410
114.770 -8.410
114.770 -8.400
114.760 -8.400
114.750 -8.400
114.740 -8.400
114.730 -8.400
114.720 -8.400
114.710 -8.400
114.700 -8.400
114.690 -8.400
114.680 -8.400
114.670 -8.400
114.660 -8.400
114.650 -8.400
114.650 -8.410
114.640 -8.410
114.630 -8.410
114.620 -8.410
114.610 -8.410
114.610 -8.400
114.600 -8.400
114.590 -8.400
114.580 -8.400
114.580 -8.390
114.580 -8.380
114.570 -8.380
114.570 -8.370
114.560 -8.370
114.560 -8.360
114.550 -8.360
114.550 -8.350
114.540 -8.350
114.540 -8.340
114.530 -8.340
114.520 -8.340
114.520 -8.330
114.520 -8.320
114.520 -8.310
114.510 -8.300
114.500 -8.300
114.500 -8.290
114.490 -8.290
114.490 -8.280
114.480 -8.280
114.480 -8.270
114.480 -8.260
114.470 -8.260
114.470 -8.250
114.470 -8.240
114.460 -8.240
114.460 -8.230
114.450 -8.230
114.450 -8.220
114.450 -8.210
114.440 -8.210
114.440 -8.200
114.440 -8.190
114.440 -8.180
114.430 -8.180
114.430 -8.170
114.430 -8.160
114.440 -8.160
114.440 -8.150
114.450 -8.150
114.450 -8.140
114.440 -8.140
114.440 -8.130
114.440 -8.120
114.430 -8.120
114.430 -8.110
114.430 -8.100
114.440 -8.100
114.440 -8.090
114.450 -8.090
114.460 -8.090
114.470 -8.090
114.470 -8.100
114.480 -8.100
114.480 -8.090
114.490 -8.090
114.490 -8.100
114.500 -8.100
114.500 -8.110
114.510 -8.110
114.510 -8.120
114.520 -8.120
114.520 -8.130
114.520 -8.140
114.520 -8.150
114.530 -8.150
114.540 -8.150
114.540 -8.140
114.550 -8.140
114.550 -8.130
114.560 -8.130
114.570 -8.130
114.570 -8.120
114.580 -8.120
114.590 -8.120
114.590 -8.130
114.590 -8.140
114.600 -8.140
114.600 -8.130
114.610 -8.130
114.620 -8.130
114.630 -8.130
114.640 -8.130
114.650 -8.130
114.650 -8.140
114.660 -8.140
114.670 -8.140
114.670 -8.150
114.680 -8.150
114.680 -8.140
114.690 -8.140
114.700 -8.140
114.700 -8.150
114.710 -8.150
114.720 -8.150
114.720 -8.160
114.730 -8.160
114.740 -8.160
114.740 -8.170
114.750 -8.170
114.760 -8.170
114.770 -8.170
114.780 -8.170
114.780 -8.180
114.790 -8.180
114.800 -8.180
114.810 -8.180
114.810 -8.190
114.820 -8.190
114.830 -8.190
114.840 -8.190
114.850 -8.190
114.850 -8.200
114.860 -8.200
114.870 -8.200
114.880 -8.200
114.880 -8.190
114.890 -8.190
114.900 -8.190
114.900 -8.180
114.910 -8.180
114.920 -8.180
114.930 -8.180
114.940 -8.180
114.950 -8.180
114.960 -8.180
114.970 -8.180
114.980 -8.180
114.990 -8.180
115.000 -8.180
115.000 -8.170
115.010 -8.170
115.010 -8.160
115.020 -8.160
115.030 -8.160
115.030 -8.150
115.040 -8.150
115.050 -8.150
115.050 -8.140
115.050 -8.130
115.060 -8.130
115.060 -8.120
115.070 -8.120
115.070 -8.110
115.080 -8.110
115.080 -8.100
115.090 -8.100
115.100 -8.100
115.100 -8.090
115.110 -8.090
115.110 -8.080
115.120 -8.080
115.130 -8.080
115.140 -8.080
115.150 -8.070
115.160 -8.070
115.160 -8.060
115.170 -8.060
115.180 -8.060
115.190 -8.060
115.190 -8.070
115.200 -8.070
115.210 -8.070
115.210 -8.080
115.220 -8.080
115.230 -8.080
115.240 -8.080
115.250 -8.080
115.250 -8.090
115.260 -8.090
115.270 -8.090
115.270 -8.100
115.280 -8.100
115.290 -8.100
115.300 -8.100
115.300 -8.110
115.310 -8.110
115.320 -8.110
115.330 -8.110
115.340 -8.110
115.340 -8.120
115.350 -8.120
115.350 -8.130
115.360 -8.130
115.370 -8.130
115.380 -8.130
115.390 -8.130
115.390 -8.140
115.400 -8.140
115.410 -8.140
115.410 -8.150
115.420 -8.150
115.430 -8.150
115.440 -8.150
115.440 -8.160
115.450 -8.160
115.460 -8.170
115.470 -8.180
115.480 -8.180
115.490 -8.180
115.490 -8.190
115.500 -8.190
115.500 -8.200
115.510 -8.200
115.510 -8.210
115.520 -8.210
115.530 -8.210
115.530 -8.220
115.540 -8.220
115.550 -8.220
115.550 -8.230
115.560 -8.230
115.560 -8.240
115.570 -8.240
115.570 -8.250
115.580 -8.250
115.580 -8.260
115.590 -8.260
115.590 -8.270
115.590 -8.280
115.600 -8.280
115.610 -8.290
115.610 -8.300
115.620 -8.300
115.620 -8.310
115.620 -8.320
115.630 -8.320
115.630 -8.330
115.640 -8.330
115.650 -8.330
115.660 -8.330
115.660 -8.340
115.670 -8.340
115.680 -8.340
115.680 -8.350
115.690 -8.350
115.690 -8.360
115.700 -8.360
115.700 -8.370
115.710 -8.370
115.710 -8.380
115.710 -8.390
115.710 -8.400
115.710 -8.410
115.700 -8.410
115.700 -8.420
115.690 -8.420
115.690 -8.430
115.680 -8.430
115.680 -8.440
115.670 -8.440
115.670 -8.450
115.660 -8.450
115.650 -8.450
115.650 -8.460
115.640 -8.460
115.630 -8.460
115.630 -8.470
115.630 -8.480
115.620 -8.480
115.620 -8.490
115.610 -8.490
115.610 -8.500
115.600 -8.510
115.590 -8.510
115.580 -8.510
115.570 -8.510
115.560 -8.510
115.550 -8.510
115.540 -8.510
115.540 -8.500
115.530 -8.500
115.520 -8.500
115.520 -8.510
115.510 -8.510
115.510 -8.520
115.510 -8.530
115.510 -8.540
115.500 -8.540
115.500 -8.550
115.490 -8.550
115.480 -8.550
115.470 -8.550
115.460 -8.550
115.460 -8.560
115.450 -8.560
115.450 -8.570
115.440 -8.570
115.430 -8.570
115.430 -8.580
115.420 -8.580
115.410 -8.580
115.400 -8.580
115.390 -8.570
115.390 -8.580
115.380 -8.580
115.380 -8.570
115.370 -8.580
115.360 -8.580
115.350 -8.580
115.350 -8.590
115.350 -8.600
115.340 -8.600
115.330 -8.600
115.330 -8.610
115.320 -8.610
115.320 -8.620
115.310 -8.620
115.300 -8.620
115.300 -8.630
115.290 -8.640
115.280 -8.640
115.280 -8.650
115.270 -8.650
115.270 -8.660
115.260 -8.660
115.260 -8.670
115.260 -8.680
115.260 -8.690
115.270 -8.690
115.270 -8.700
115.260 -8.700
115.260 -8.710
115.250 -8.710
115.240 -8.710
115.240 -8.720
115.250 -8.730
115.250 -8.740
115.240 -8.740
115.230 -8.740
115.220 -8.740
115.220 -8.730
115.210 -8.730
115.200 -8.730
115.200 -8.740
115.190 -8.740
115.180 -8.750
115.180 -8.760
115.190 -8.760
115.190 -8.770
115.190 -8.780
115.200 -8.780
115.210 -8.780
115.210 -8.770
115.220 -8.770
115.220 -8.780
115.230 -8.780
115.230 -8.790
115.230 -8.800
115.240 -8.800
115.230 -8.810
115.230 -8.820
115.220 -8.820
115.220 -8.830
115.210 -8.830
115.210 -8.840
115.200 -8.840
115.190 -8.840
115.190 -8.850
115.180 -8.850
115.170 -8.850
115.160 -8.850
115.150 -8.850
115.140 -8.850
115.130 -8.850
115.120 -8.850
115.110 -8.850
115.110 -8.840
115.100 -8.840
115.090 -8.840
115.090 -8.830
115.080 -8.830
115.080 -8.820
115.090 -8.820
115.090 -8.810
115.100 -8.810
115.110 -8.810
115.120 -8.800
115.120 -8.790
115.130 -8.790
115.140 -8.790
115.140 -8.780
115.150 -8.780
REGION 2
1370
118.890 -8.680
118.890 -8.690
118.880 -8.690
118.880 -8.700
118.880 -8.710
118.880 -8.720
118.870 -8.720
118.860 -8.720
118.850 -8.720
118.840 -8.720
118.840 -8.710
118.830 -8.710
118.820 -8.710
118.810 -8.700
118.800 -8.700
118.800 -8.710
118.790 -8.710
118.790 -8.700
118.780 -8.700
118.780 -8.710
118.780 -8.720
118.770 -8.720
118.770 -8.710
118.770 -8.700
118.760 -8.700
118.750 -8.700
118.750 -8.710
118.740 -8.710
118.740 -8.720
118.730 -8.720
118.730 -8.730
118.720 -8.730
118.720 -8.740
118.710 -8.740
118.700 -8.740
118.700 -8.750
118.710 -8.750
118.720 -8.750
118.720 -8.760
118.730 -8.760
118.720 -8.770
118.730 -8.770
118.740 -8.770
118.740 -8.760
118.750 -8.760
118.750 -8.770
118.760 -8.770
118.760 -8.760
118.770 -8.760
118.780 -8.760
118.790 -8.760
118.800 -8.760
118.810 -8.760
118.820 -8.770
118.830 -8.770
118.840 -8.770
118.850 -8.770
118.860 -8.770
118.860 -8.760
118.870 -8.760
118.880 -8.760
118.890 -8.760
118.900 -8.760
118.900 -8.770
118.910 -8.770
118.910 -8.780
118.920 -8.780
118.920 -8.790
118.930 -8.790
118.940 -8.790
118.950 -8.790
118.950 -8.800
118.950 -8.810
118.950 -8.820
118.950 -8.830
118.950 -8.840
118.940 -8.840
118.940 -8.830
118.930 -8.830
118.930 -8.840
118.920 -8.840
118.910 -8.840
118.900 -8.840
118.890 -8.840
118.880 -8.840
118.870 -8.840
118.870 -8.850
118.860 -8.850
118.860 -8.840
118.860 -8.830
118.850 -8.830
118.840 -8.840
118.840 -8.850
118.830 -8.840
118.820 -8.840
118.820 -8.830
118.810 -8.830
118.810 -8.820
118.800 -8.820
118.790 -8.820
118.780 -8.820
118.780 -8.810
118.770 -8.810
118.770 -8.800
118.760 -8.800
118.750 -8.800
118.750 -8.810
118.740 -8.810
118.740 -8.800
118.730 -8.800
118.720 -8.800
118.710 -8.800
118.700 -8.800
118.700 -8.810
118.690 -8.810
118.680 -8.810
118.670 -8.810
118.660 -8.810
118.650 -8.810
118.640 -8.810
118.640 -8.820
118.630 -8.820
118.630 -8.830
118.620 -8.830
118.610 -8.830
118.610 -8.840
118.600 -8.840
118.590 -8.840
118.580 -8.840
118.580 -8.850
118.570 -8.850
118.560 -8.850
118.550 -8.850
118.550 -8.860
118.540 -8.860
118.530 -8.860
118.530 -8.870
118.520 -8.870
118.520 -8.880
118.510 -8.880
118.500 -8.880
118.490 -8.880
118.490 -8.890
118.480 -8.890
118.470 -8.890
118.470 -8.880
118.460 -8.880
118.450 -8.890
118.450 -8.880
118.440 -8.880
118.430 -8.880
118.430 -8.870
118.420 -8.870
118.410 -8.870
118.410 -8.860
118.400 -8.860
118.400 -8.850
118.390 -8.850
118.390 -8.840
118.380 -8.840
118.380 -8.830
118.380 -8.820
118.380 -8.810
118.380 -8.800
118.380 -8.790
118.380 -8.780
118.370 -8.780
118.370 -8.770
118.380 -8.770
118.390 -8.770
118.400 -8.770
118.400 -8.760
118.410 -8.760
118.410 -8.750
118.410 -8.740
118.420 -8.740
118.420 -8.730
118.420 -8.720
118.430 -8.720
118.430 -8.710
118.420 -8.700
118.420 -8.690
118.420 -8.680
118.430 -8.680
118.430 -8.670
118.430 -8.660
118.420 -8.660
118.420 -8.650
118.420 -8.640
118.420 -8.630
118.410 -8.630
118.410 -8.620
118.400 -8.620
118.390 -8.620
118.390 -8.610
118.380 -8.610
118.380 -8.620
118.380 -8.630
118.390 -8.630
118.390 -8.640
118.390 -8.650
118.390 -8.660
118.400 -8.660
118.410 -8.660
118.410 -8.670
118.400 -8.670
118.400 -8.680
118.390 -8.680
118.380 -8.680
118.380 -8.690
118.370 -8.690
118.360 -8.690
118.360 -8.680
118.350 -8.680
118.350 -8.690
118.350 -8.700
118.340 -8.700
118.340 -8.710
118.330 -8.710
118.330 -8.720
118.330 -8.730
118.320 -8.730
118.310 -8.730
118.300 -8.730
118.300 -8.740
118.290 -8.740
118.280 -8.740
118.280 -8.750
118.290 -8.750
118.290 -8.760
118.290 -8.770
118.280 -8.770
118.270 -8.770
118.260 -8.770
118.260 -8.780
118.250 -8.780
118.250 -8.790
118.250 -8.800
118.240 -8.800
118.230 -8.800
118.230 -8.810
118.220 -8.810
118.220 -8.820
118.210 -8.820
118.210 -8.830
118.210 -8.840
118.200 -8.840
118.190 -8.840
118.190 -8.850
118.180 -8.850
118.180 -8.860
118.170 -8.860
118.160 -8.860
118.150 -8.860
118.150 -8.870
118.140 -8.870
118.130 -8.870
118.130 -8.880
118.120 -8.880
118.110 -8.880
118.110 -8.870
118.100 -8.870
118.100 -8.860
118.090 -8.860
118.090 -8.850
118.090 -8.840
118.080 -8.840
118.070 -8.840
118.060 -8.850
118.050 -8.850
118.050 -8.860
118.040 -8.860
118.030 -8.860
118.020 -8.860
118.020 -8.850
118.010 -8.850
118.010 -8.860
118.000 -8.860
118.000 -8.870
117.990 -8.870
117.990 -8.880
117.990 -8.890
117.980 -8.890
117.980 -8.900
117.970 -8.900
117.960 -8.900
117.960 -8.910
117.950 -8.910
117.940 -8.900
117.930 -8.900
117.930 -8.910
117.930 -8.920
117.920 -8.920
117.910 -8.920
117.900 -8.920
117.900 -8.930
117.890 -8.930
117.890 -8.940
117.880 -8.940
117.870 -8.940
117.860 -8.940
117.860 -8.930
117.850 -8.930
117.840 -8.930
117.830 -8.930
117.830 -8.920
117.830 -8.910
117.820 -8.910
117.820 -8.900
117.810 -8.900
117.800 -8.900
117.800 -8.910
117.790 -8.910
117.790 -8.920
117.780 -8.920
117.780 -8.930
117.770 -8.930
117.760 -8.930
117.750 -8.930
117.740 -8.930
117.740 -8.920
117.730 -8.920
117.720 -8.920
117.710 -8.920
117.700 -8.920
117.690 -8.920
117.680 -8.920
117.680 -8.930
117.670 -8.930
117.670 -8.940
117.660 -8.940
117.650 -8.940
117.640 -8.940
117.640 -8.950
117.630 -8.950
117.630 -8.960
117.620 -8.960
117.610 -8.960
117.610 -8.970
117.600 -8.970
117.600 -8.980
117.590 -8.980
117.580 -8.980
117.580 -8.990
117.570 -8.990
117.560 -8.990
117.560 -9.000
117.550 -9.000
117.540 -9.000
117.530 -9.000
117.530 -9.010
117.520 -9.010
117.510 -9.010
117.510 -9.020
117.500 -9.020
117.490 -9.020
117.480 -9.020
117.470 -9.020
117.460 -9.020
117.460 -9.030
117.450 -9.030
117.440 -9.030
117.440 -9.040
117.430 -9.040
117.420 -9.040
117.420 -9.050
117.410 -9.050
117.400 -9.050
117.390 -9.050
117.380 -9.050
117.370 -9.050
117.370 -9.060
117.360 -9.060
117.360 -9.050
117.350 -9.050
117.350 -9.040
117.340 -9.040
117.340 -9.050
117.330 -9.050
117.330 -9.060
117.320 -9.060
117.320 -9.050
117.310 -9.050
117.310 -9.040
117.300 -9.040
117.300 -9.050
117.290 -9.050
117.290 -9.040
117.280 -9.040
117.270 -9.040
117.260 -9.040
117.260 -9.030
117.250 -9.030
117.240 -9.030
117.240 -9.020
117.230 -9.020
117.220 -9.020
117.210 -9.020
117.200 -9.020
117.190 -9.020
117.180 -9.020
117.180 -9.030
117.170 -9.030
117.170 -9.040
117.170 -9.050
117.160 -9.050
117.150 -9.050
117.150 -9.060
117.140 -9.060
117.140 -9.070
117.140 -9.080
117.130 -9.080
117.130 -9.090
117.120 -9.090
117.110 -9.090
117.100 -9.090
117.090 -9.090
117.080 -9.090
117.080 -9.100
117.070 -9.100
117.060 -9.100
117.050 -9.100
117.040 -9.100
117.040 -9.110
117.030 -9.110
117.020 -9.110
117.010 -9.110
117.010 -9.100
117.010 -9.090
117.000 -9.090
116.990 -9.090
116.980 -9.090
116.980 -9.080
116.970 -9.080
116.970 -9.070
116.960 -9.070
116.960 -9.060
116.950 -9.060
116.940 -9.060
116.940 -9.050
116.930 -9.050
116.920 -9.050
116.920 -9.060
116.910 -9.060
116.900 -9.060
116.890 -9.060
116.880 -9.060
116.870 -9.060
116.860 -9.060
116.860 -9.050
116.850 -9.050
116.850 -9.040
116.840 -9.040
116.840 -9.050
116.830 -9.050
116.830 -9.040
116.820 -9.040
116.810 -9.040
116.810 -9.030
116.800 -9.030
116.800 -9.040
116.790 -9.040
116.790 -9.030
116.780 -9.030
116.780 -9.020
116.770 -9.020
116.760 -9.020
116.760 -9.010
116.750 -9.010
116.750 -9.000
116.740 -9.000
116.730 -9.000
116.730 -8.990
116.740 -8.990
116.740 -8.980
116.740 -8.970
116.730 -8.970
116.720 -8.970
116.720 -8.960
116.720 -8.950
116.730 -8.960
116.740 -8.960
116.740 -8.950
116.740 -8.940
116.740 -8.930
116.750 -8.930
116.750 -8.920
116.740 -8.920
116.730 -8.920
116.730 -8.910
116.730 -8.900
116.730 -8.890
116.740 -8.890
116.740 -8.880
116.740 -8.870
116.740 -8.860
116.750 -8.860
116.760 -8.860
116.770 -8.860
116.770 -8.850
116.770 -8.840
116.770 -8.830
116.780 -8.830
116.780 -8.820
116.790 -8.820
116.800 -8.820
116.800 -8.830
116.810 -8.830
116.810 -8.820
116.810 -8.810
116.810 -8.800
116.810 -8.790
116.810 -8.780
116.800 -8.780
116.800 -8.770
116.790 -8.770
116.780 -8.770
116.780 -8.760
116.780 -8.750
116.780 -8.740
116.770 -8.740
116.760 -8.740
116.770 -8.730
116.780 -8.730
116.780 -8.720
116.780 -8.710
116.780 -8.700
116.780 -8.690
116.770 -8.690
116.770 -8.680
116.770 -8.670
116.760 -8.670
116.750 -8.670
116.750 -8.660
116.760 -8.660
116.760 -8.650
116.770 -8.650
116.770 -8.640
116.770 -8.630
116.770 -8.620
116.780 -8.620
116.780 -8.610
116.790 -8.610
116.790 -8.600
116.790 -8.590
116.790 -8.580
116.800 -8.580
116.810 -8.580
116.820 -8.580
116.820 -8.570
116.830 -8.570
116.830 -8.560
116.830 -8.550
116.830 -8.540
116.830 -8.530
116.840 -8.530
116.840 -8.540
116.850 -8.540
116.860 -8.540
116.860 -8.530
116.870 -8.530
116.880 -8.530
116.890 -8.530
116.900 -8.530
116.910 -8.530
116.920 -8.530
116.920 -8.520
116.930 -8.520
116.930 -8.510
116.940 -8.510
116.940 -8.520
116.950 -8.520
116.950 -8.510
116.960 -8.510
116.960 -8.500
116.960 -8.490
116.970 -8.490
116.980 -8.490
116.980 -8.480
116.990 -8.480
116.990 -8.490
117.000 -8.490
117.000 -8.500
117.010 -8.500
117.010 -8.490
117.010 -8.480
117.020 -8.480
117.020 -8.470
117.020 -8.460
117.030 -8.460
117.030 -8.450
117.030 -8.440
117.040 -8.440
117.050 -8.440
117.060 -8.440
117.060 -8.430
117.070 -8.430
117.070 -8.420
117.080 -8.420
117.090 -8.420
117.100 -8.420
117.100 -8.410
117.090 -8.410
117.090 -8.400
117.100 -8.400
117.100 -8.390
117.100 -8.380
117.110 -8.380
117.110 -8.370
117.120 -8.370
117.130 -8.370
117.140 -8.380
117.150 -8.380
117.150 -8.370
117.150 -8.360
117.160 -8.360
117.160 -8.370
117.170 -8.370
117.180 -8.380
117.190 -8.390
117.190 -8.400
117.200 -8.400
117.200 -8.410
117.210 -8.410
117.220 -8.410
117.220 -8.400
117.230 -8.400
117.240 -8.400
117.240 -8.410
117.250 -8.410
117.250 -8.420
117.260 -8.420
117.270 -8.420
117.280 -8.420
117.280 -8.430
117.290 -8.430
117.300 -8.430
117.310 -8.430
117.310 -8.440
117.320 -8.440
117.330 -8.440
117.330 -8.450
117.340 -8.450
117.350 -8.450
117.350 -8.460
117.360 -8.460
117.370 -8.460
117.380 -8.460
117.380 -8.470
117.390 -8.470
117.400 -8.470
117.400 -8.460
117.410 -8.450
117.410 -8.440
117.420 -8.440
117.420 -8.430
117.420 -8.420
117.430 -8.420
117.430 -8.410
117.440 -8.410
117.430 -8.400
117.440 -8.400
117.450 -8.410
117.460 -8.410
117.470 -8.410
117.480 -8.410
117.490 -8.410
117.500 -8.410
117.510 -8.410
117.520 -8.410
117.530 -8.410
117.540 -8.410
117.540 -8.400
117.550 -8.400
117.550 -8.410
117.560 -8.410
117.570 -8.410
117.570 -8.420
117.570 -8.430
117.570 -8.440
117.560 -8.440
117.560 -8.450
117.570 -8.450
117.570 -8.460
117.560 -8.460
117.560 -8.470
117.570 -8.470
117.570 -8.480
117.570 -8.490
117.570 -8.500
117.580 -8.500
117.590 -8.500
117.580 -8.490
117.580 -8.480
117.580 -8.470
117.580 -8.460
117.580 -8.450
117.580 -8.440
117.580 -8.430
117.590 -8.430
117.600 -8.430
117.600 -8.440
117.610 -8.440
117.620 -8.440
117.630 -8.440
117.630 -8.450
117.630 -8.460
117.630 -8.470
117.630 -8.480
117.630 -8.490
117.630 -8.500
117.630 -8.510
117.630 -8.520
117.630 -8.530
117.630 -8.540
117.630 -8.550
117.640 -8.550
117.640 -8.560
117.650 -8.560
117.660 -8.560
117.660 -8.570
117.670 -8.570
117.680 -8.570
117.690 -8.570
117.700 -8.570
117.710 -8.570
117.720 -8.570
117.720 -8.560
117.730 -8.560
117.740 -8.560
117.740 -8.570
117.730 -8.570
117.730 -8.580
117.730 -8.590
117.740 -8.590
117.750 -8.590
117.760 -8.590
117.760 -8.600
117.760 -8.610
117.750 -8.610
117.750 -8.620
117.750 -8.630
117.760 -8.630
117.770 -8.630
117.780 -8.630
117.780 -8.640
117.770 -8.640
117.760 -8.640
117.750 -8.640
117.750 -8.650
117.760 -8.650
117.760 -8.660
117.770 -8.660
117.770 -8.670
117.770 -8.680
117.770 -8.690
117.770 -8.700
117.770 -8.710
117.780 -8.710
117.780 -8.720
117.790 -8.720
117.800 -8.720
117.800 -8.730
117.810 -8.730
117.810 -8.720
117.820 -8.720
117.830 -8.710
117.840 -8.710
117.840 -8.720
117.850 -8.720
117.850 -8.710
117.860 -8.710
117.860 -8.700
117.870 -8.700
117.880 -8.700
117.890 -8.700
117.900 -8.700
117.900 -8.710
117.900 -8.720
117.890 -8.720
117.890 -8.730
117.900 -8.730
117.900 -8.740
117.910 -8.740
117.910 -8.730
117.920 -8.730
117.920 -8.720
117.930 -8.720
117.940 -8.720
117.940 -8.730
117.950 -8.730
117.950 -8.740
117.960 -8.740
117.970 -8.740
117.980 -8.740
117.980 -8.730
117.980 -8.720
117.990 -8.720
117.990 -8.710
118.000 -8.710
118.010 -8.710
118.010 -8.700
118.020 -8.700
118.020 -8.690
118.030 -8.690
118.030 -8.680
118.040 -8.680
118.040 -8.670
118.050 -8.670
118.050 -8.660
118.060 -8.660
118.070 -8.660
118.080 -8.660
118.080 -8.650
118.090 -8.650
118.100 -8.650
118.100 -8.660
118.110 -8.660
118.110 -8.650
118.120 -8.650
118.130 -8.650
118.140 -8.650
118.150 -8.650
118.160 -8.650
118.170 -8.650
118.170 -8.660
118.180 -8.660
118.180 -8.670
118.190 -8.670
118.200 -8.670
118.210 -8.670
118.220 -8.670
118.230 -8.670
118.230 -8.660
118.240 -8.660
118.240 -8.650
118.250 -8.650
118.260 -8.650
118.260 -8.660
118.270 -8.660
118.270 -8.650
118.270 -8.640
118.280 -8.640
118.280 -8.630
118.290 -8.630
118.290 -8.620
118.290 -8.610
118.280 -8.610
118.280 -8.600
118.280 -8.590
118.270 -8.590
118.260 -8.590
118.250 -8.590
118.250 -8.580
118.250 -8.570
118.250 -8.560
118.240 -8.560
118.230 -8.560
118.230 -8.550
118.220 -8.550
118.210 -8.550
118.210 -8.560
118.200 -8.560
118.200 -8.570
118.190 -8.570
118.190 -8.560
118.190 -8.550
118.180 -8.550
118.180 -8.540
118.180 -8.530
118.170 -8.530
118.160 -8.530
118.160 -8.520
118.150 -8.520
118.140 -8.520
118.140 -8.510
118.140 -8.500
118.130 -8.500
118.130 -8.490
118.120 -8.490
118.120 -8.500
118.110 -8.500
118.100 -8.490
118.100 -8.480
118.100 -8.470
118.090 -8.460
118.090 -8.450
118.080 -8.450
118.070 -8.450
118.060 -8.450
118.050 -8.450
118.040 -8.450
118.030 -8.450
118.020 -8.450
118.020 -8.460
118.010 -8.460
118.000 -8.460
117.990 -8.460
117.990 -8.470
117.980 -8.470
117.980 -8.460
117.970 -8.460
117.970 -8.450
117.960 -8.450
117.960 -8.440
117.950 -8.440
117.940 -8.440
117.940 -8.430
117.930 -8.430
117.920 -8.430
117.920 -8.420
117.910 -8.420
117.900 -8.420
117.900 -8.410
117.890 -8.410
117.890 -8.400
117.880 -8.400
117.870 -8.400
117.870 -8.390
117.860 -8.390
117.860 -8.380
117.850 -8.380
117.850 -8.370
117.840 -8.370
117.830 -8.370
117.830 -8.360
117.820 -8.360
117.820 -8.350
117.810 -8.350
117.810 -8.340
117.800 -8.340
117.800 -8.330
117.790 -8.330
117.790 -8.320
117.780 -8.320
117.780 -8.310
117.770 -8.310
117.770 -8.300
117.770 -8.290
117.760 -8.290
117.750 -8.290
117.750 -8.280
117.740 -8.280
117.740 -8.270
117.740 -8.260
117.730 -8.260
117.730 -8.250
117.720 -8.250
117.710 -8.250
117.710 -8.240
117.700 -8.240
117.690 -8.240
117.690 -8.230
117.700 -8.230
117.700 -8.220
117.710 -8.220
117.710 -8.210
117.710 -8.200
117.710 -8.190
117.710 -8.180
117.720 -8.180
117.720 -8.170
117.720 -8.160
117.730 -8.160
117.730 -8.150
117.740 -8.150
117.750 -8.150
117.760 -8.150
117.760 -8.140
117.770 -8.140
117.770 -8.130
117.780 -8.130
117.780 -8.120
117.790 -8.120
117.800 -8.120
117.800 -8.130
117.810 -8.130
117.820 -8.130
117.830 -8.130
117.830 -8.120
117.840 -8.120
117.850 -8.120
117.850 -8.110
117.860 -8.110
117.860 -8.100
117.870 -8.100
117.880 -8.100
117.890 -8.100
117.890 -8.090
117.900 -8.090
117.910 -8.090
117.910 -8.080
117.920 -8.080
117.930 -8.080
117.940 -8.080
117.940 -8.090
117.950 -8.090
117.950 -8.100
117.960 -8.100
117.960 -8.110
117.970 -8.110
117.970 -8.100
117.980 -8.100
117.990 -8.100
118.000 -8.100
118.010 -8.090
118.010 -8.100
118.020 -8.100
118.030 -8.100
118.040 -8.100
118.040 -8.110
118.050 -8.110
118.060 -8.110
118.060 -8.100
118.070 -8.100
118.080 -8.100
118.090 -8.110
118.100 -8.110
118.100 -8.120
118.110 -8.120
118.120 -8.120
118.120 -8.130
118.130 -8.130
118.140 -8.130
118.140 -8.140
118.150 -8.140
118.150 -8.150
118.150 -8.160
118.150 -8.170
118.150 -8.180
118.150 -8.190
118.150 -8.200
118.150 -8.210
118.160 -8.210
118.160 -8.220
118.160 -8.230
118.160 -8.240
118.170 -8.240
118.170 -8.250
118.180 -8.250
118.180 -8.260
118.180 -8.270
118.190 -8.270
118.200 -8.270
118.210 -8.270
118.210 -8.280
118.220 -8.280
118.220 -8.290
118.220 -8.300
118.220 -8.310
118.220 -8.320
118.230 -8.320
118.230 -8.330
118.240 -8.330
118.240 -8.340
118.250 -8.340
118.250 -8.350
118.260 -8.350
118.260 -8.340
118.270 -8.340
118.270 -8.330
118.280 -8.330
118.280 -8.340
118.280 -8.350
118.270 -8.350
118.270 -8.360
118.280 -8.360
118.290 -8.360
118.290 -8.370
118.300 -8.370
118.310 -8.370
118.320 -8.370
118.320 -8.360
118.330 -8.360
118.340 -8.360
118.340 -8.350
118.340 -8.340
118.350 -8.340
118.350 -8.350
118.360 -8.350
118.360 -8.340
118.370 -8.340
118.370 -8.330
118.380 -8.330
118.390 -8.330
118.390 -8.320
118.390 -8.310
118.390 -8.300
118.400 -8.300
118.410 -8.300
118.410 -8.290
118.420 -8.290
118.420 -8.280
118.430 -8.280
118.440 -8.280
118.440 -8.270
118.450 -8.270
118.450 -8.260
118.460 -8.260
118.460 -8.250
118.460 -8.240
118.470 -8.240
118.470 -8.250
118.480 -8.250
118.490 -8.250
118.490 -8.240
118.500 -8.240
118.500 -8.250
118.510 -8.250
118.510 -8.260
118.520 -8.260
118.530 -8.260
118.540 -8.260
118.550 -8.260
118.560 -8.260
118.570 -8.270
118.580 -8.270
118.590 -8.270
118.600 -8.270
118.610 -8.270
118.610 -8.280
118.620 -8.280
118.620 -8.290
118.630 -8.290
118.640 -8.290
118.650 -8.290
118.650 -8.300
118.660 -8.300
118.660 -8.310
118.660 -8.320
118.670 -8.320
118.670 -8.330
118.680 -8.330
118.680 -8.340
118.690 -8.340
118.690 -8.350
118.690 -8.360
118.690 -8.370
118.700 -8.370
118.700 -8.380
118.690 -8.380
118.690 -8.390
118.690 -8.400
118.690 -8.410
118.690 -8.420
118.690 -8.430
118.690 -8.440
118.690 -8.450
118.690 -8.460
118.680 -8.460
118.680 -8.470
118.680 -8.480
118.670 -8.480
118.670 -8.490
118.670 -8.500
118.660 -8.500
118.660 -8.510
118.670 -8.520
118.670 -8.530
118.680 -8.530
118.680 -8.520
118.690 -8.520
118.700 -8.520
118.700 -8.510
118.710 -8.510
118.710 -8.500
118.710 -8.490
118.710 -8.480
118.710 -8.470
118.720 -8.470
118.720 -8.460
118.710 -8.460
118.710 -8.450
118.720 -8.450
118.720 -8.440
118.720 -8.430
118.710 -8.430
118.710 -8.420
118.700 -8.420
118.700 -8.410
118.700 -8.400
118.700 -8.390
118.710 -8.390
118.710 -8.380
118.710 -8.370
118.720 -8.370
118.720 -8.360
118.730 -8.360
118.730 -8.350
118.730 -8.340
118.740 -8.340
118.750 -8.340
118.750 -8.330
118.750 -8.320
118.760 -8.320
118.760 -8.310
118.770 -8.310
118.780 -8.300
118.790 -8.300
118.790 -8.290
118.800 -8.290
118.810 -8.290
118.810 -8.280
118.820 -8.280
118.830 -8.280
118.840 -8.280
118.850 -8.280
118.850 -8.290
118.860 -8.290
118.870 -8.290
118.880 -8.290
118.890 -8.290
118.900 -8.290
118.910 -8.290
118.920 -8.290
118.930 -8.290
118.940 -8.290
118.950 -8.290
118.950 -8.300
118.960 -8.300
118.970 -8.300
118.980 -8.300
118.990 -8.300
118.990 -8.310
119.000 -8.310
119.000 -8.320
119.000 -8.330
118.990 -8.330
118.990 -8.340
118.990 -8.350
118.990 -8.360
118.990 -8.370
118.990 -8.380
119.000 -8.380
119.000 -8.390
119.010 -8.390
119.010 -8.400
119.010 -8.410
119.020 -8.410
119.020 -8.420
119.030 -8.430
119.030 -8.440
119.040 -8.440
119.040 -8.450
119.040 -8.460
119.040 -8.470
119.050 -8.480
119.050 -8.490
119.050 -8.500
119.050 -8.510
119.050 -8.520
119.040 -8.520
119.040 -8.530
119.030 -8.530
119.030 -8.520
119.020 -8.520
119.020 -8.530
119.010 -8.530
119.020 -8.540
119.020 -8.550
119.020 -8.560
119.010 -8.560
119.020 -8.570
119.010 -8.570
119.010 -8.580
119.020 -8.580
119.030 -8.580
119.030 -8.590
119.030 -8.600
119.030 -8.610
119.040 -8.610
119.030 -8.620
119.030 -8.630
119.030 -8.640
119.040 -8.640
119.040 -8.650
119.050 -8.650
119.060 -8.650
119.070 -8.650
119.080 -8.650
119.090 -8.650
119.090 -8.640
119.100 -8.640
119.110 -8.640
119.110 -8.630
119.120 -8.630
119.130 -8.630
119.130 -8.620
119.120 -8.620
119.120 -8.610
119.110 -8.610
119.110 -8.600
119.110 -8.590
119.120 -8.590
119.120 -8.600
119.130 -8.600
119.140 -8.600
119.140 -8.590
119.150 -8.590
119.150 -8.580
119.150 -8.570
119.160 -8.570
119.170 -8.570
119.170 -8.580
119.170 -8.590
119.180 -8.590
119.180 -8.600
119.190 -8.600
119.190 -8.610
119.180 -8.610
119.180 -8.620
119.180 -8.630
119.170 -8.630
119.170 -8.640
119.160 -8.630
119.160 -8.640
119.160 -8.650
119.160 -8.660
119.160 -8.670
119.160 -8.680
119.160 -8.690
119.170 -8.690
119.170 -8.700
119.170 -8.710
119.160 -8.700
119.160 -8.710
119.160 -8.720
119.160 -8.730
119.150 -8.730
119.140 -8.730
119.140 -8.740
119.140 -8.750
119.130 -8.750
119.120 -8.750
119.120 -8.740
119.120 -8.730
119.110 -8.730
119.100 -8.730
119.100 -8.740
119.100 -8.750
119.090 -8.750
119.090 -8.740
119.080 -8.740
119.070 -8.740
119.060 -8.740
119.050 -8.740
119.040 -8.740
119.040 -8.730
119.030 -8.730
119.030 -8.740
119.020 -8.740
119.010 -8.740
119.000 -8.740
118.990 -8.740
118.980 -8.740
118.980 -8.750
118.970 -8.750
118.970 -8.740
118.960 -8.740
118.960 -8.730
118.960 -8.720
118.950 -8.720
118.940 -8.710
118.940 -8.700
118.930 -8.700
118.930 -8.690
118.920 -8.690
118.910 -8.680
118.900 -8.680
118.890 -8.680
470
116.350 -8.920
116.350 -8.930
116.340 -8.930
116.340 -8.920
116.330 -8.910
116.320 -8.910
116.310 -8.910
116.300 -8.900
116.290 -8.900
116.290 -8.890
116.280 -8.890
116.270 -8.890
116.270 -8.900
116.270 -8.910
116.260 -8.910
116.250 -8.900
116.240 -8.900
116.240 -8.910
116.240 -8.920
116.230 -8.920
116.230 -8.910
116.220 -8.910
116.220 -8.900
116.210 -8.900
116.200 -8.900
116.200 -8.910
116.200 -8.920
116.190 -8.920
116.190 -8.910
116.180 -8.910
116.170 -8.910
116.160 -8.910
116.160 -8.900
116.160 -8.890
116.160 -8.880
116.160 -8.870
116.160 -8.860
116.150 -8.860
116.150 -8.870
116.140 -8.870
116.130 -8.870
116.120 -8.870
116.110 -8.870
116.100 -8.870
116.090 -8.870
116.080 -8.870
116.080 -8.880
116.080 -8.890
116.070 -8.890
116.070 -8.880
116.060 -8.880
116.050 -8.880
116.050 -8.870
116.050 -8.860
116.040 -8.860
116.030 -8.860
116.020 -8.860
116.010 -8.860
116.010 -8.870
116.020 -8.870
116.020 -8.880
116.030 -8.880
116.030 -8.890
116.020 -8.890
116.020 -8.900
116.010 -8.900
116.000 -8.900
116.000 -8.890
115.990 -8.890
115.990 -8.880
115.980 -8.880
115.970 -8.880
115.970 -8.870
115.960 -8.870
115.960 -8.860
115.950 -8.860
115.950 -8.850
115.950 -8.840
115.940 -8.840
115.930 -8.840
115.930 -8.830
115.920 -8.840
115.920 -8.850
115.910 -8.850
115.910 -8.840
115.900 -8.840
115.900 -8.830
115.890 -8.830
115.880 -8.830
115.880 -8.820
115.870 -8.820
115.860 -8.820
115.850 -8.820
115.850 -8.810
115.840 -8.810
115.830 -8.810
115.830 -8.800
115.830 -8.790
115.830 -8.780
115.830 -8.770
115.820 -8.770
115.820 -8.760
115.820 -8.750
115.830 -8.750
115.830 -8.740
115.840 -8.740
115.840 -8.730
115.840 -8.720
115.850 -8.720
115.860 -8.720
115.870 -8.720
115.870 -8.730
115.870 -8.740
115.870 -8.750
115.880 -8.750
115.880 -8.760
115.890 -8.760
115.900 -8.760
115.900 -8.770
115.910 -8.770
115.920 -8.770
115.930 -8.770
115.940 -8.770
115.940 -8.760
115.940 -8.750
115.950 -8.750
115.950 -8.740
115.960 -8.740
115.970 -8.740
115.970 -8.730
115.980 -8.730
115.990 -8.730
115.990 -8.740
116.000 -8.740
116.010 -8.750
116.020 -8.750
116.020 -8.740
116.030 -8.740
116.030 -8.730
116.030 -8.720
116.040 -8.720
116.050 -8.720
116.050 -8.730
116.040 -8.730
116.040 -8.740
116.050 -8.740
116.050 -8.750
116.040 -8.750
116.040 -8.760
116.040 -8.770
116.050 -8.760
116.060 -8.770
116.060 -8.760
116.060 -8.750
116.070 -8.750
116.070 -8.740
116.080 -8.740
116.080 -8.730
116.070 -8.730
116.060 -8.730
116.060 -8.720
116.060 -8.710
116.060 -8.700
116.060 -8.690
116.070 -8.690
116.070 -8.680
116.070 -8.670
116.070 -8.660
116.070 -8.650
116.070 -8.640
116.070 -8.630
116.070 -8.620
116.070 -8.610
116.070 -8.600
116.070 -8.590
116.070 -8.580
116.070 -8.570
116.070 -8.560
116.070 -8.550
116.070 -8.540
116.070 -8.530
116.070 -8.520
116.060 -8.520
116.060 -8.510
116.050 -8.500
116.040 -8.500
116.040 -8.490
116.030 -8.480
116.040 -8.480
116.040 -8.470
116.040 -8.460
116.040 -8.450
116.030 -8.450
116.030 -8.440
116.040 -8.440
116.040 -8.430
116.050 -8.430
116.050 -8.420
116.050 -8.410
116.060 -8.410
116.060 -8.400
116.070 -8.400
116.070 -8.410
116.080 -8.410
116.080 -8.400
116.090 -8.400
116.100 -8.400
116.100 -8.390
116.110 -8.390
116.110 -8.380
116.100 -8.380
116.100 -8.370
116.100 -8.360
116.110 -8.360
116.110 -8.370
116.120 -8.370
116.120 -8.360
116.130 -8.360
116.140 -8.360
116.140 -8.350
116.150 -8.350
116.150 -8.340
116.160 -8.340
116.160 -8.350
116.170 -8.350
116.170 -8.340
116.180 -8.340
116.180 -8.330
116.190 -8.330
116.190 -8.320
116.190 -8.310
116.200 -8.300
116.210 -8.300
116.210 -8.290
116.220 -8.290
116.220 -8.280
116.230 -8.280
116.230 -8.270
116.240 -8.270
116.240 -8.260
116.250 -8.260
116.250 -8.250
116.270 -8.250
116.270 -8.240
116.280 -8.240
116.290 -8.240
116.300 -8.240
116.300 -8.230
116.310 -8.230
116.320 -8.220
116.330 -8.220
116.340 -8.220
116.340 -8.210
116.350 -8.210
116.360 -8.210
116.370 -8.210
116.380 -8.210
116.380 -8.220
116.390 -8.220
116.400 -8.220
116.410 -8.220
116.420 -8.220
116.430 -8.220
116.440 -8.220
116.440 -8.230
116.450 -8.230
116.460 -8.230
116.470 -8.230
116.470 -8.240
116.480 -8.240
116.490 -8.240
116.500 -8.250
116.510 -8.250
116.520 -8.250
116.530 -8.250
116.530 -8.260
116.540 -8.260
116.550 -8.260
116.560 -8.260
116.560 -8.270
116.570 -8.270
116.580 -8.270
116.590 -8.270
116.590 -8.280
116.600 -8.280
116.610 -8.280
116.620 -8.280
116.630 -8.280
116.640 -8.280
116.640 -8.290
116.650 -8.290
116.660 -8.290
116.660 -8.300
116.670 -8.300
116.670 -8.310
116.680 -8.310
116.680 -8.320
116.690 -8.320
116.690 -8.330
116.700 -8.330
116.700 -8.340
116.710 -8.340
116.710 -8.350
116.720 -8.350
116.720 -8.360
116.720 -8.370
116.720 -8.380
116.720 -8.390
116.720 -8.400
116.720 -8.410
116.710 -8.410
116.710 -8.420
116.710 -8.430
116.710 -8.440
116.710 -8.450
116.700 -8.450
116.690 -8.450
116.690 -8.460
116.680 -8.470
116.680 -8.480
116.680 -8.490
116.680 -8.500
116.680 -8.510
116.670 -8.510
116.670 -8.520
116.660 -8.520
116.660 -8.530
116.660 -8.540
116.660 -8.550
116.670 -8.550
116.670 -8.560
116.660 -8.560
116.660 -8.570
116.650 -8.580
116.640 -8.580
116.640 -8.590
116.630 -8.590
116.630 -8.600
116.620 -8.600
116.620 -8.610
116.620 -8.620
116.620 -8.630
116.610 -8.630
116.610 -8.640
116.610 -8.650
116.600 -8.650
116.600 -8.660
116.590 -8.660
116.590 -8.670
116.580 -8.670
116.580 -8.680
116.580 -8.690
116.570 -8.700
116.570 -8.710
116.560 -8.710
116.560 -8.720
116.550 -8.730
116.550 -8.740
116.550 -8.750
116.540 -8.750
116.540 -8.760
116.530 -8.760
116.530 -8.770
116.520 -8.770
116.520 -8.780
116.510 -8.780
116.510 -8.790
116.510 -8.800
116.500 -8.800
116.500 -8.810
116.500 -8.820
116.500 -8.830
116.500 -8.840
116.510 -8.840
116.520 -8.840
116.530 -8.840
116.530 -8.830
116.540 -8.830
116.540 -8.840
116.540 -8.850
116.540 -8.860
116.550 -8.860
116.560 -8.860
116.570 -8.860
116.580 -8.860
116.580 -8.870
116.580 -8.880
116.570 -8.880
116.570 -8.890
116.560 -8.890
116.560 -8.900
116.550 -8.900
116.540 -8.900
116.540 -8.910
116.530 -8.910
116.520 -8.910
116.520 -8.900
116.520 -8.890
116.520 -8.880
116.510 -8.880
116.510 -8.890
116.510 -8.900
116.500 -8.900
116.500 -8.910
116.490 -8.910
116.480 -8.920
116.470 -8.920
116.460 -8.920
116.450 -8.920
116.440 -8.920
116.430 -8.920
116.430 -8.910
116.440 -8.910
116.440 -8.900
116.450 -8.900
116.450 -8.890
116.450 -8.880
116.450 -8.870
116.460 -8.870
116.460 -8.860
116.460 -8.850
116.470 -8.850
116.470 -8.840
116.470 -8.830
116.470 -8.820
116.460 -8.820
116.460 -8.830
116.450 -8.830
116.440 -8.830
116.440 -8.840
116.430 -8.840
116.430 -8.830
116.420 -8.830
116.420 -8.840
116.410 -8.840
116.410 -8.850
116.410 -8.860
116.400 -8.860
116.390 -8.860
116.390 -8.870
116.400 -8.870
116.400 -8.880
116.400 -8.890
116.400 -8.900
116.400 -8.910
116.400 -8.920
116.390 -8.920
116.390 -8.930
116.400 -8.930
116.400 -8.940
116.390 -8.950
116.380 -8.950
116.380 -8.960
116.370 -8.960
116.370 -8.950
116.370 -8.940
116.370 -8.930
116.370 -8.920
116.380 -8.920
116.380 -8.910
116.380 -8.900
116.370 -8.900
116.370 -8.910
116.360 -8.910
116.360 -8.900
116.350 -8.900
116.340 -8.900
116.340 -8.910
116.350 -8.910
116.350 -8.920
REGION 7
1269
122.960 -8.200
122.970 -8.200
122.970 -8.210
122.980 -8.210
122.980 -8.220
122.980 -8.230
122.980 -8.240
122.980 -8.250
122.990 -8.250
122.990 -8.260
123.000 -8.260
123.000 -8.270
123.010 -8.270
123.010 -8.280
123.020 -8.280
123.020 -8.290
123.020 -8.300
123.020 -8.310
123.020 -8.320
123.010 -8.320
123.010 -8.330
123.000 -8.330
123.000 -8.340
122.990 -8.340
122.990 -8.350
122.980 -8.350
122.970 -8.350
122.960 -8.350
122.950 -8.350
122.950 -8.340
122.940 -8.340
122.930 -8.340
122.930 -8.330
122.920 -8.330
122.910 -8.330
122.910 -8.340
122.910 -8.350
122.900 -8.350
122.900 -8.360
122.890 -8.360
122.890 -8.370
122.880 -8.370
122.880 -8.380
122.880 -8.390
122.880 -8.400
122.890 -8.400
122.890 -8.410
122.890 -8.420
122.890 -8.430
122.890 -8.440
122.890 -8.450
122.880 -8.450
122.870 -8.450
122.860 -8.450
122.850 -8.450
122.840 -8.450
122.840 -8.440
122.830 -8.440
122.830 -8.430
122.820 -8.430
122.810 -8.430
122.810 -8.420
122.800 -8.420
122.790 -8.420
122.780 -8.420
122.790 -8.430
122.780 -8.430
122.780 -8.440
122.790 -8.440
122.790 -8.450
122.780 -8.450
122.780 -8.460
122.790 -8.460
122.790 -8.470
122.790 -8.480
122.790 -8.490
122.800 -8.490
122.800 -8.500
122.810 -8.500
122.820 -8.500
122.820 -8.510
122.830 -8.510
122.830 -8.520
122.840 -8.520
122.840 -8.530
122.840 -8.540
122.840 -8.550
122.840 -8.560
122.840 -8.570
122.840 -8.580
122.830 -8.580
122.830 -8.590
122.820 -8.590
122.820 -8.600
122.810 -8.600
122.800 -8.600
122.790 -8.600
122.790 -8.610
122.780 -8.610
122.770 -8.610
122.760 -8.610
122.750 -8.610
122.740 -8.610
122.730 -8.610
122.730 -8.620
122.730 -8.630
122.720 -8.630
122.710 -8.630
122.710 -8.620
122.700 -8.620
122.700 -8.630
122.690 -8.630
122.690 -8.620
122.680 -8.620
122.670 -8.620
122.670 -8.630
122.660 -8.630
122.660 -8.640
122.650 -8.640
122.640 -8.640
122.630 -8.640
122.630 -8.650
122.620 -8.650
122.610 -8.650
122.600 -8.650
122.600 -8.660
122.590 -8.660
122.580 -8.660
122.580 -8.670
122.570 -8.670
122.560 -8.670
122.550 -8.670
122.550 -8.680
122.550 -8.690
122.540 -8.690
122.540 -8.700
122.530 -8.700
122.530 -8.710
122.520 -8.710
122.510 -8.710
122.510 -8.720
122.500 -8.720
122.490 -8.720
122.480 -8.720
122.470 -8.720
122.470 -8.730
122.460 -8.730
122.460 -8.740
122.450 -8.740
122.440 -8.740
122.440 -8.730
122.430 -8.730
122.430 -8.740
122.420 -8.740
122.410 -8.740
122.410 -8.750
122.400 -8.750
122.400 -8.740
122.390 -8.740
122.380 -8.740
122.380 -8.750
122.370 -8.750
122.360 -8.750
122.360 -8.740
122.350 -8.740
122.340 -8.740
122.330 -8.740
122.320 -8.740
122.310 -8.740
122.300 -8.740
122.300 -8.750
122.290 -8.750
122.280 -8.750
122.270 -8.750
122.260 -8.750
122.250 -8.750
122.250 -8.740
122.240 -8.740
122.230 -8.740
122.220 -8.740
122.220 -8.750
122.210 -8.750
122.200 -8.750
122.190 -8.750
122.190 -8.740
122.180 -8.740
122.180 -8.730
122.170 -8.730
122.160 -8.730
122.150 -8.730
122.140 -8.730
122.130 -8.730
122.120 -8.730
122.110 -8.730
122.110 -8.740
122.100 -8.740
122.090 -8.740
122.080 -8.740
122.080 -8.750
122.080 -8.760
122.070 -8.760
122.060 -8.760
122.060 -8.770
122.050 -8.770
122.050 -8.780
122.040 -8.780
122.040 -8.790
122.030 -8.790
122.030 -8.800
122.020 -8.800
122.010 -8.800
122.000 -8.800
122.000 -8.810
121.990 -8.810
121.980 -8.810
121.970 -8.810
121.970 -8.820
121.960 -8.820
121.950 -8.820
121.950 -8.830
121.940 -8.830
121.930 -8.830
121.920 -8.830
121.910 -8.830
121.900 -8.830
121.890 -8.830
121.880 -8.830
121.870 -8.830
121.860 -8.830
121.860 -8.840
121.850 -8.850
121.840 -8.850
121.830 -8.850
121.830 -8.860
121.820 -8.860
121.820 -8.870
121.810 -8.870
121.800 -8.870
121.790 -8.870
121.790 -8.880
121.780 -8.880
121.770 -8.880
121.760 -8.880
121.750 -8.880
121.740 -8.880
121.730 -8.880
121.730 -8.870
121.720 -8.870
121.720 -8.860
121.710 -8.860
121.710 -8.850
121.700 -8.850
121.690 -8.850
121.680 -8.850
121.670 -8.850
121.660 -8.850
121.660 -8.860
121.660 -8.870
121.660 -8.880
121.660 -8.890
121.650 -8.890
121.650 -8.900
121.650 -8.910
121.640 -8.910
121.640 -8.900
121.630 -8.900
121.630 -8.890
121.630 -8.880
121.630 -8.870
121.630 -8.860
121.640 -8.860
121.640 -8.850
121.640 -8.840
121.640 -8.830
121.630 -8.830
121.620 -8.830
121.610 -8.830
121.610 -8.820
121.600 -8.820
121.600 -8.810
121.590 -8.810
121.590 -8.800
121.580 -8.800
121.570 -8.800
121.560 -8.800
121.550 -8.800
121.550 -8.810
121.540 -8.810
121.530 -8.810
121.520 -8.810
121.510 -8.810
121.500 -8.810
121.500 -8.800
121.490 -8.800
121.480 -8.800
121.470 -8.800
121.460 -8.800
121.450 -8.800
121.440 -8.800
121.440 -8.790
121.430 -8.790
121.420 -8.790
121.410 -8.790
121.400 -8.790
121.390 -8.790
121.380 -8.790
121.380 -8.800
121.380 -8.810
121.370 -8.810
121.370 -8.820
121.370 -8.830
121.370 -8.840
121.370 -8.850
121.370 -8.860
121.370 -8.870
121.370 -8.880
121.360 -8.880
121.360 -8.890
121.350 -8.890
121.350 -8.900
121.340 -8.900
121.340 -8.910
121.330 -8.910
121.320 -8.910
121.310 -8.910
121.300 -8.910
121.300 -8.900
121.290 -8.900
121.290 -8.890
121.280 -8.890
121.270 -8.890
121.260 -8.890
121.260 -8.900
121.250 -8.900
121.250 -8.890
121.240 -8.890
121.230 -8.890
121.220 -8.890
121.210 -8.890
121.200 -8.890
121.190 -8.890
121.180 -8.890
121.170 -8.890
121.160 -8.900
121.160 -8.890
121.150 -8.890
121.150 -8.900
121.140 -8.900
121.130 -8.900
121.130 -8.910
121.120 -8.910
121.110 -8.910
121.110 -8.920
121.100 -8.920
121.090 -8.920
121.090 -8.930
121.080 -8.930
121.070 -8.930
121.070 -8.940
121.060 -8.940
121.060 -8.950
121.050 -8.950
121.040 -8.950
121.040 -8.960
121.030 -8.960
121.030 -8.950
121.020 -8.950
121.020 -8.960
121.010 -8.960
121.000 -8.960
121.000 -8.950
120.990 -8.950
120.980 -8.950
120.980 -8.940
120.970 -8.940
120.970 -8.950
120.960 -8.950
120.960 -8.940
120.950 -8.940
120.940 -8.940
120.940 -8.930
120.930 -8.930
120.920 -8.930
120.920 -8.920
120.910 -8.920
120.910 -8.910
120.900 -8.910
120.900 -8.900
120.890 -8.900
120.890 -8.890
120.880 -8.890
120.870 -8.890
120.870 -8.880
120.870 -8.870
120.870 -8.860
120.860 -8.860
120.860 -8.850
120.860 -8.840
120.850 -8.840
120.850 -8.830
120.840 -8.830
120.830 -8.830
120.820 -8.840
120.810 -8.840
120.800 -8.840
120.790 -8.840
120.790 -8.850
120.790 -8.860
120.790 -8.870
120.780 -8.870
120.780 -8.880
120.780 -8.890
120.770 -8.890
120.760 -8.890
120.750 -8.890
120.740 -8.890
120.730 -8.890
120.720 -8.890
120.720 -8.880
120.710 -8.880
120.700 -8.880
120.690 -8.870
120.680 -8.870
120.670 -8.870
120.660 -8.870
120.650 -8.870
120.640 -8.870
120.640 -8.860
120.630 -8.860
120.630 -8.850
120.620 -8.850
120.620 -8.840
120.610 -8.840
120.610 -8.830
120.610 -8.820
120.600 -8.820
120.590 -8.810
120.590 -8.820
120.580 -8.820
120.570 -8.820
120.560 -8.820
120.550 -8.820
120.550 -8.810
120.540 -8.810
120.530 -8.810
120.520 -8.820
120.510 -8.820
120.500 -8.820
120.490 -8.820
120.480 -8.820
120.470 -8.820
120.460 -8.820
120.450 -8.820
120.440 -8.820
120.430 -8.820
120.420 -8.820
120.410 -8.820
120.400 -8.820
120.400 -8.830
120.390 -8.820
120.380 -8.820
120.370 -8.820
120.360 -8.820
120.360 -8.830
120.350 -8.830
120.340 -8.830
120.340 -8.840
120.330 -8.840
120.330 -8.850
120.320 -8.850
120.310 -8.860
120.310 -8.850
120.300 -8.850
120.300 -8.840
120.290 -8.840
120.290 -8.850
120.280 -8.850
120.270 -8.850
120.260 -8.850
120.250 -8.850
120.240 -8.850
120.240 -8.840
120.230 -8.840
120.220 -8.840
120.210 -8.840
120.210 -8.830
120.210 -8.820
120.200 -8.820
120.190 -8.820
120.190 -8.810
120.180 -8.810
120.180 -8.800
120.170 -8.800
120.170 -8.790
120.160 -8.790
120.160 -8.780
120.150 -8.780
120.140 -8.780
120.140 -8.790
120.130 -8.790
120.120 -8.790
120.110 -8.790
120.100 -8.790
120.100 -8.800
120.090 -8.800
120.080 -8.800
120.070 -8.800
120.070 -8.810
120.060 -8.810
120.050 -8.810
120.040 -8.810
120.030 -8.810
120.020 -8.810
120.020 -8.820
120.010 -8.820
120.000 -8.820
119.990 -8.820
119.980 -8.820
119.970 -8.820
119.960 -8.820
119.950 -8.820
119.940 -8.820
119.940 -8.830
119.930 -8.830
119.920 -8.830
119.920 -8.840
119.910 -8.840
119.920 -8.850
119.920 -8.860
119.920 -8.870
119.910 -8.860
119.900 -8.860
119.890 -8.860
119.880 -8.860
119.890 -8.850
119.890 -8.840
119.880 -8.840
119.880 -8.830
119.880 -8.820
119.890 -8.820
119.890 -8.810
119.880 -8.810
119.870 -8.810
119.860 -8.810
119.860 -8.800
119.850 -8.800
119.840 -8.800
119.830 -8.800
119.830 -8.790
119.820 -8.790
119.820 -8.780
119.810 -8.780
119.810 -8.770
119.800 -8.770
119.800 -8.760
119.810 -8.760
119.810 -8.750
119.800 -8.750
119.800 -8.740
119.810 -8.740
119.810 -8.730
119.800 -8.730
119.800 -8.720
119.800 -8.710
119.800 -8.700
119.800 -8.690
119.800 -8.680
119.800 -8.670
119.810 -8.670
119.810 -8.660
119.810 -8.650
119.810 -8.640
119.810 -8.630
119.810 -8.620
119.810 -8.610
119.810 -8.600
119.800 -8.600
119.800 -8.590
119.800 -8.580
119.800 -8.570
119.810 -8.570
119.810 -8.560
119.820 -8.560
119.830 -8.560
119.830 -8.550
119.830 -8.540
119.840 -8.540
119.850 -8.540
119.850 -8.530
119.860 -8.530
119.870 -8.520
119.870 -8.510
119.880 -8.510
119.880 -8.500
119.880 -8.490
119.880 -8.480
119.880 -8.470
119.870 -8.470
119.870 -8.460
119.870 -8.450
119.860 -8.450
119.860 -8.440
119.860 -8.430
119.870 -8.430
119.880 -8.430
119.880 -8.440
119.890 -8.440
119.890 -8.450
119.880 -8.450
119.880 -8.460
119.890 -8.460
119.900 -8.460
119.900 -8.470
119.910 -8.470
119.920 -8.470
119.920 -8.460
119.930 -8.460
119.940 -8.460
119.950 -8.460
119.950 -8.450
119.960 -8.450
119.960 -8.440
119.960 -8.430
119.970 -8.430
119.980 -8.430
119.980 -8.440
119.980 -8.450
119.990 -8.450
119.990 -8.460
120.000 -8.460
120.000 -8.450
120.010 -8.450
120.010 -8.440
120.010 -8.430
120.000 -8.430
120.000 -8.420
120.000 -8.410
120.010 -8.410
120.010 -8.400
120.020 -8.400
120.020 -8.390
120.020 -8.380
120.030 -8.380
120.040 -8.390
120.050 -8.390
120.060 -8.390
120.060 -8.380
120.070 -8.380
120.070 -8.390
120.080 -8.390
120.080 -8.400
120.080 -8.410
120.090 -8.410
120.100 -8.410
120.100 -8.420
120.090 -8.420
120.080 -8.420
120.080 -8.430
120.080 -8.440
120.090 -8.440
120.100 -8.440
120.110 -8.440
120.110 -8.430
120.120 -8.430
120.120 -8.420
120.120 -8.410
120.120 -8.400
120.120 -8.390
120.120 -8.380
120.120 -8.370
120.120 -8.360
120.130 -8.360
120.130 -8.370
120.140 -8.370
120.150 -8.370
120.150 -8.380
120.160 -8.380
120.170 -8.370
120.160 -8.370
120.160 -8.360
120.170 -8.360
120.170 -8.350
120.180 -8.350
120.190 -8.350
120.190 -8.340
120.180 -8.340
120.180 -8.330
120.190 -8.330
120.190 -8.320
120.190 -8.310
120.200 -8.310
120.200 -8.300
120.210 -8.300
120.210 -8.310
120.220 -8.310
120.220 -8.300
120.230 -8.300
120.240 -8.300
120.240 -8.290
120.250 -8.290
120.260 -8.290
120.260 -8.280
120.270 -8.280
120.280 -8.280
120.290 -8.280
120.300 -8.280
120.310 -8.280
120.320 -8.280
120.330 -8.280
120.340 -8.280
120.340 -8.290
120.350 -8.290
120.360 -8.290
120.370 -8.290
120.380 -8.290
120.390 -8.290
120.390 -8.280
120.400 -8.280
120.410 -8.280
120.410 -8.270
120.410 -8.260
120.410 -8.250
120.420 -8.250
120.420 -8.240
120.430 -8.240
120.440 -8.240
120.440 -8.250
120.450 -8.260
120.450 -8.270
120.450 -8.280
120.450 -8.290
120.460 -8.290
120.470 -8.290
120.480 -8.290
120.490 -8.290
120.490 -8.300
120.500 -8.300
120.500 -8.290
120.500 -8.280
120.510 -8.280
120.520 -8.280
120.520 -8.270
120.530 -8.270
120.530 -8.280
120.540 -8.280
120.540 -8.290
120.550 -8.290
120.550 -8.300
120.560 -8.300
120.570 -8.300
120.580 -8.300
120.590 -8.300
120.590 -8.290
120.600 -8.290
120.600 -8.280
120.600 -8.270
120.590 -8.270
120.590 -8.260
120.600 -8.260
120.610 -8.260
120.620 -8.260
120.620 -8.270
120.630 -8.270
120.640 -8.270
120.640 -8.280
120.650 -8.280
120.650 -8.290
120.660 -8.290
120.660 -8.300
120.660 -8.310
120.670 -8.310
120.680 -8.310
120.680 -8.320
120.680 -8.330
120.690 -8.330
120.700 -8.330
120.710 -8.330
120.720 -8.330
120.720 -8.340
120.730 -8.340
120.730 -8.350
120.740 -8.350
120.750 -8.350
120.750 -8.340
120.760 -8.340
120.770 -8.340
120.780 -8.340
120.780 -8.350
120.790 -8.350
120.790 -8.340
120.800 -8.340
120.810 -8.340
120.820 -8.340
120.820 -8.350
120.830 -8.350
120.840 -8.350
120.850 -8.350
120.850 -8.360
120.860 -8.360
120.860 -8.350
120.870 -8.350
120.880 -8.350
120.890 -8.350
120.900 -8.350
120.900 -8.360
120.910 -8.360
120.920 -8.360
120.920 -8.350
120.930 -8.350
120.940 -8.350
120.940 -8.340
120.950 -8.340
120.960 -8.340
120.970 -8.350
120.980 -8.350
120.990 -8.350
120.990 -8.360
120.980 -8.360
120.980 -8.370
120.990 -8.370
121.000 -8.370
120.990 -8.380
121.000 -8.380
121.010 -8.370
121.010 -8.380
121.020 -8.380
121.020 -8.390
121.010 -8.390
121.010 -8.400
121.020 -8.400
121.020 -8.410
121.030 -8.410
121.040 -8.410
121.050 -8.410
121.060 -8.410
121.070 -8.410
121.080 -8.410
121.080 -8.420
121.090 -8.420
121.100 -8.420
121.100 -8.430
121.110 -8.430
121.120 -8.430
121.130 -8.430
121.140 -8.430
121.150 -8.430
121.160 -8.430
121.160 -8.440
121.170 -8.440
121.180 -8.440
121.190 -8.440
121.200 -8.440
121.200 -8.450
121.210 -8.450
121.210 -8.460
121.220 -8.460
121.230 -8.460
121.240 -8.460
121.240 -8.470
121.250 -8.470
121.260 -8.470
121.260 -8.460
121.270 -8.460
121.270 -8.470
121.280 -8.470
121.290 -8.470
121.290 -8.480
121.300 -8.480
121.310 -8.480
121.310 -8.490
121.310 -8.500
121.320 -8.500
121.320 -8.510
121.320 -8.520
121.330 -8.520
121.330 -8.530
121.330 -8.540
121.340 -8.540
121.340 -8.550
121.350 -8.550
121.360 -8.550
121.360 -8.560
121.370 -8.560
121.380 -8.560
121.380 -8.570
121.390 -8.570
121.400 -8.570
121.410 -8.570
121.410 -8.580
121.420 -8.580
121.420 -8.590
121.430 -8.590
121.430 -8.580
121.440 -8.580
121.440 -8.570
121.450 -8.570
121.460 -8.570
121.460 -8.560
121.470 -8.560
121.480 -8.560
121.480 -8.570
121.480 -8.580
121.490 -8.580
121.500 -8.580
121.500 -8.590
121.500 -8.600
121.510 -8.600
121.510 -8.610
121.510 -8.620
121.520 -8.620
121.520 -8.610
121.530 -8.610
121.530 -8.600
121.540 -8.600
121.540 -8.590
121.540 -8.580
121.550 -8.580
121.560 -8.580
121.560 -8.570
121.570 -8.570
121.570 -8.580
121.580 -8.580
121.580 -8.570
121.580 -8.560
121.570 -8.560
121.570 -8.550
121.570 -8.540
121.570 -8.530
121.580 -8.530
121.580 -8.540
121.590 -8.540
121.590 -8.550
121.600 -8.550
121.600 -8.560
121.610 -8.560
121.610 -8.550
121.610 -8.540
121.600 -8.540
121.600 -8.530
121.600 -8.520
121.610 -8.520
121.610 -8.510
121.600 -8.510
121.600 -8.500
121.600 -8.490
121.610 -8.490
121.610 -8.480
121.610 -8.470
121.620 -8.470
121.630 -8.470
121.640 -8.470
121.640 -8.480
121.640 -8.490
121.640 -8.500
121.650 -8.500
121.660 -8.500
121.660 -8.490
121.670 -8.490
121.670 -8.500
121.670 -8.510
121.680 -8.510
121.690 -8.510
121.700 -8.510
121.710 -8.500
121.720 -8.500
121.720 -8.490
121.730 -8.490
121.740 -8.490
121.740 -8.500
121.750 -8.500
121.760 -8.500
121.770 -8.500
121.780 -8.500
121.790 -8.500
121.790 -8.510
121.800 -8.510
121.810 -8.510
121.810 -8.500
121.820 -8.500
121.830 -8.500
121.830 -8.490
121.840 -8.490
121.840 -8.480
121.850 -8.480
121.850 -8.490
121.860 -8.490
121.870 -8.500
121.880 -8.500
121.890 -8.500
121.890 -8.490
121.900 -8.490
121.910 -8.490
121.920 -8.490
121.930 -8.490
121.930 -8.480
121.940 -8.480
121.940 -8.470
121.940 -8.460
121.940 -8.450
121.950 -8.450
121.950 -8.460
121.960 -8.460
121.970 -8.460
121.970 -8.450
121.980 -8.450
121.990 -8.450
122.000 -8.450
122.010 -8.450
122.010 -8.440
122.020 -8.440
122.030 -8.440
122.030 -8.450
122.020 -8.450
122.020 -8.460
122.020 -8.470
122.020 -8.480
122.010 -8.480
122.010 -8.490
122.010 -8.500
122.010 -8.510
122.010 -8.520
122.010 -8.530
122.020 -8.530
122.030 -8.530
122.040 -8.530
122.040 -8.520
122.050 -8.520
122.050 -8.530
122.060 -8.530
122.060 -8.520
122.070 -8.520
122.070 -8.530
122.080 -8.530
122.080 -8.540
122.090 -8.540
122.090 -8.530
122.100 -8.530
122.110 -8.530
122.110 -8.540
122.120 -8.540
122.130 -8.540
122.130 -8.550
122.140 -8.550
122.150 -8.550
122.160 -8.550
122.160 -8.560
122.170 -8.560
122.170 -8.570
122.180 -8.570
122.180 -8.580
122.180 -8.590
122.190 -8.590
122.190 -8.600
122.200 -8.600
122.210 -8.600
122.210 -8.610
122.220 -8.610
122.220 -8.620
122.230 -8.620
122.230 -8.630
122.240 -8.630
122.250 -8.630
122.260 -8.630
122.270 -8.630
122.270 -8.640
122.280 -8.640
122.290 -8.640
122.300 -8.640
122.310 -8.640
122.310 -8.630
122.320 -8.630
122.320 -8.620
122.330 -8.620
122.340 -8.620
122.350 -8.620
122.350 -8.610
122.360 -8.610
122.370 -8.610
122.380 -8.610
122.390 -8.610
122.400 -8.610
122.410 -8.610
122.420 -8.610
122.430 -8.610
122.440 -8.610
122.440 -8.600
122.450 -8.600
122.460 -8.600
122.470 -8.600
122.470 -8.610
122.480 -8.610
122.480 -8.600
122.490 -8.590
122.490 -8.580
122.500 -8.580
122.500 -8.570
122.500 -8.560
122.510 -8.560
122.510 -8.550
122.520 -8.550
122.520 -8.540
122.510 -8.540
122.510 -8.530
122.510 -8.520
122.500 -8.520
122.490 -8.520
122.490 -8.510
122.490 -8.500
122.480 -8.500
122.480 -8.490
122.480 -8.480
122.490 -8.480
122.490 -8.470
122.500 -8.470
122.510 -8.470
122.520 -8.470
122.530 -8.470
122.530 -8.460
122.540 -8.460
122.550 -8.460
122.550 -8.450
122.560 -8.450
122.560 -8.440
122.570 -8.440
122.570 -8.430
122.580 -8.430
122.590 -8.430
122.590 -8.420
122.590 -8.410
122.590 -8.400
122.600 -8.400
122.600 -8.390
122.610 -8.400
122.620 -8.400
122.620 -8.390
122.620 -8.380
122.630 -8.380
122.640 -8.380
122.640 -8.390
122.650 -8.390
122.660 -8.390
122.670 -8.390
122.680 -8.390
122.680 -8.380
122.690 -8.380
122.700 -8.380
122.700 -8.370
122.710 -8.370
122.720 -8.370
122.720 -8.360
122.730 -8.360
122.740 -8.360
122.750 -8.360
122.760 -8.360
122.770 -8.360
122.770 -8.350
122.770 -8.340
122.780 -8.340
122.780 -8.330
122.780 -8.320
122.790 -8.320
122.790 -8.310
122.800 -8.310
122.810 -8.310
122.810 -8.300
122.820 -8.300
122.820 -8.290
122.830 -8.290
122.830 -8.300
122.840 -8.300
122.840 -8.290
122.850 -8.290
122.860 -8.290
122.870 -8.290
122.880 -8.290
122.890 -8.290
122.890 -8.280
122.890 -8.270
122.890 -8.260
122.900 -8.260
122.900 -8.250
122.900 -8.240
122.910 -8.240
122.910 -8.230
122.910 -8.220
122.910 -8.210
122.920 -8.210
122.920 -8.200
122.920 -8.190
122.910 -8.190
122.910 -8.180
122.900 -8.180
122.890 -8.180
122.880 -8.180
122.870 -8.180
122.860 -8.180
122.860 -8.190
122.850 -8.190
122.840 -8.190
122.830 -8.190
122.820 -8.190
122.820 -8.200
122.810 -8.200
122.800 -8.200
122.800 -8.210
122.800 -8.220
122.800 -8.230
122.790 -8.230
122.780 -8.230
122.770 -8.230
122.760 -8.230
122.750 -8.230
122.740 -8.230
122.730 -8.230
122.730 -8.220
122.730 -8.210
122.740 -8.210
122.750 -8.210
122.750 -8.200
122.760 -8.200
122.760 -8.190
122.760 -8.180
122.760 -8.170
122.770 -8.170
122.780 -8.160
122.780 -8.150
122.780 -8.140
122.780 -8.130
122.780 -8.120
122.780 -8.110
122.790 -8.110
122.800 -8.110
122.800 -8.100
122.810 -8.100
122.820 -8.100
122.830 -8.100
122.830 -8.090
122.840 -8.090
122.840 -8.080
122.840 -8.070
122.850 -8.070
122.860 -8.070
122.860 -8.060
122.870 -8.060
122.870 -8.070
122.880 -8.070
122.880 -8.080
122.890 -8.080
122.890 -8.090
122.900 -8.090
122.910 -8.090
122.910 -8.100
122.920 -8.100
122.930 -8.100
122.930 -8.110
122.940 -8.110
122.940 -8.120
122.950 -8.120
122.960 -8.120
122.960 -8.130
122.970 -8.130
122.970 -8.140
122.970 -8.150
122.970 -8.160
122.970 -8.170
122.970 -8.180
122.970 -8.190
122.960 -8.190
122.960 -8.200
817
123.620 -10.360
123.610 -10.370
123.600 -10.370
123.600 -10.360
123.600 -10.350
123.590 -10.350
123.580 -10.350
123.580 -10.340
123.570 -10.340
123.570 -10.330
123.560 -10.330
123.550 -10.330
123.540 -10.330
123.530 -10.330
123.520 -10.340
123.510 -10.340
123.500 -10.350
123.490 -10.350
123.490 -10.360
123.480 -10.360
123.470 -10.360
123.460 -10.360
123.460 -10.350
123.460 -10.340
123.460 -10.330
123.460 -10.320
123.470 -10.320
123.480 -10.320
123.480 -10.310
123.480 -10.300
123.490 -10.300
123.490 -10.290
123.490 -10.280
123.500 -10.280
123.500 -10.270
123.500 -10.260
123.490 -10.260
123.490 -10.250
123.490 -10.240
123.490 -10.230
123.490 -10.220
123.500 -10.220
123.510 -10.220
123.520 -10.220
123.530 -10.220
123.530 -10.210
123.530 -10.200
123.530 -10.190
123.530 -10.180
123.530 -10.170
123.540 -10.170
123.550 -10.170
123.560 -10.170
123.570 -10.170
123.570 -10.160
123.580 -10.160
123.590 -10.160
123.590 -10.150
123.600 -10.150
123.610 -10.150
123.610 -10.140
123.620 -10.140
123.630 -10.140
123.640 -10.140
123.650 -10.140
123.660 -10.140
123.660 -10.130
123.670 -10.130
123.670 -10.120
123.680 -10.120
123.690 -10.120
123.700 -10.120
123.700 -10.110
123.710 -10.110
123.710 -10.100
123.720 -10.100
123.720 -10.110
123.730 -10.100
123.740 -10.100
123.750 -10.090
123.750 -10.080
123.750 -10.070
123.760 -10.070
123.760 -10.060
123.760 -10.050
123.770 -10.050
123.770 -10.040
123.760 -10.040
123.760 -10.030
123.750 -10.030
123.740 -10.030
123.730 -10.030
123.720 -10.030
123.710 -10.020
123.700 -10.020
123.700 -10.010
123.690 -10.010
123.690 -10.020
123.680 -10.020
123.670 -10.020
123.660 -10.020
123.660 -10.010
123.650 -10.010
123.640 -10.010
123.640 -10.020
123.630 -10.020
123.620 -10.020
123.620 -10.030
123.610 -10.030
123.610 -10.040
123.610 -10.050
123.600 -10.050
123.600 -10.040
123.590 -10.040
123.590 -10.030
123.580 -10.030
123.580 -10.020
123.580 -10.010
123.580 -10.000
123.590 -10.000
123.590 -9.990
123.590 -9.980
123.590 -9.970
123.580 -9.970
123.580 -9.960
123.580 -9.950
123.580 -9.940
123.590 -9.940
123.590 -9.930
123.580 -9.930
123.580 -9.920
123.580 -9.910
123.590 -9.910
123.590 -9.900
123.600 -9.900
123.610 -9.900
123.620 -9.900
123.620 -9.890
123.630 -9.890
123.630 -9.900
123.640 -9.900
123.640 -9.890
123.650 -9.890
123.650 -9.880
123.660 -9.880
123.660 -9.870
123.660 -9.860
123.670 -9.860
123.670 -9.850
123.670 -9.840
123.670 -9.830
123.670 -9.820
123.670 -9.810
123.670 -9.800
123.660 -9.800
123.660 -9.790
123.650 -9.790
123.650 -9.780
123.640 -9.780
123.640 -9.770
123.650 -9.770
123.650 -9.760
123.660 -9.770
123.660 -9.760
123.670 -9.760
123.680 -9.750
123.680 -9.740
123.680 -9.730
123.680 -9.720
123.680 -9.710
123.680 -9.700
123.680 -9.690
123.680 -9.680
123.680 -9.670
123.680 -9.660
123.670 -9.660
123.670 -9.650
123.670 -9.640
123.670 -9.630
123.680 -9.630
123.680 -9.620
123.690 -9.620
123.690 -9.610
123.700 -9.610
123.700 -9.600
123.710 -9.600
123.710 -9.590
123.720 -9.590
123.730 -9.590
123.730 -9.580
123.730 -9.570
123.740 -9.570
123.740 -9.560
123.750 -9.560
123.760 -9.550
123.770 -9.550
123.780 -9.550
123.790 -9.540
123.790 -9.530
123.790 -9.520
123.790 -9.510
123.790 -9.500
123.790 -9.490
123.800 -9.490
123.810 -9.490
123.810 -9.500
123.820 -9.500
123.830 -9.500
123.830 -9.490
123.840 -9.490
123.840 -9.480
123.850 -9.480
123.860 -9.480
123.870 -9.480
123.870 -9.470
123.880 -9.470
123.890 -9.460
123.890 -9.450
123.900 -9.450
123.900 -9.440
123.900 -9.430
123.910 -9.430
123.920 -9.430
123.920 -9.420
123.930 -9.420
123.940 -9.420
123.940 -9.410
123.940 -9.400
123.940 -9.390
123.950 -9.390
123.960 -9.390
123.960 -9.380
123.970 -9.380
123.970 -9.370
123.970 -9.360
123.980 -9.360
123.980 -9.350
123.990 -9.350
123.990 -9.340
124.000 -9.340
124.010 -9.340
124.010 -9.350
124.020 -9.350
124.020 -9.340
124.030 -9.340
124.040 -9.340
124.050 -9.340
124.050 -9.350
124.060 -9.350
124.060 -9.360
124.060 -9.370
124.070 -9.370
124.070 -9.380
124.080 -9.380
124.080 -9.390
124.090 -9.400
124.090 -9.410
124.100 -9.410
124.110 -9.410
124.120 -9.410
124.130 -9.410
124.130 -9.420
124.130 -9.430
124.140 -9.430
124.140 -9.420
124.150 -9.420
124.160 -9.420
124.160 -9.410
124.170 -9.410
124.170 -9.400
124.170 -9.390
124.180 -9.390
124.190 -9.390
124.190 -9.380
124.200 -9.380
124.200 -9.370
124.210 -9.370
124.220 -9.370
124.230 -9.370
124.240 -9.370
124.240 -9.380
124.250 -9.390
124.260 -9.390
124.260 -9.400
124.260 -9.410
124.270 -9.410
124.270 -9.420
124.280 -9.420
124.280 -9.430
124.270 -9.430
124.280 -9.440
124.280 -9.450
124.280 -9.460
124.290 -9.460
124.290 -9.470
124.290 -9.480
124.280 -9.480
124.280 -9.490
124.280 -9.500
124.290 -9.500
124.300 -9.500
124.300 -9.490
124.310 -9.490
124.310 -9.500
124.320 -9.500
124.320 -9.490
124.330 -9.490
124.340 -9.490
124.340 -9.480
124.350 -9.480
124.360 -9.480
124.360 -9.470
124.360 -9.460
124.360 -9.450
124.360 -9.440
124.350 -9.440
124.350 -9.430
124.350 -9.420
124.360 -9.420
124.370 -9.420
124.370 -9.410
124.380 -9.410
124.380 -9.400
124.380 -9.390
124.380 -9.380
124.380 -9.370
124.380 -9.360
124.390 -9.360
124.400 -9.360
124.400 -9.350
124.400 -9.340
124.410 -9.340
124.420 -9.340
124.420 -9.330
124.430 -9.330
124.440 -9.330
124.440 -9.320
124.440 -9.310
124.450 -9.310
124.460 -9.310
124.460 -9.300
124.460 -9.290
124.460 -9.280
124.460 -9.270
124.450 -9.270
124.460 -9.260
124.460 -9.250
124.460 -9.240
124.470 -9.240
124.470 -9.230
124.470 -9.220
124.470 -9.210
124.470 -9.200
124.480 -9.200
124.480 -9.190
124.480 -9.180
124.480 -9.170
124.490 -9.170
124.490 -9.180
124.500 -9.180
124.510 -9.180
124.520 -9.180
124.530 -9.180
124.540 -9.180
124.540 -9.170
124.550 -9.170
124.550 -9.180
124.560 -9.180
124.560 -9.170
124.570 -9.170
124.570 -9.160
124.580 -9.160
124.590 -9.160
124.600 -9.160
124.610 -9.160
124.610 -9.150
124.620 -9.150
124.630 -9.150
124.630 -9.140
124.630 -9.130
124.640 -9.130
124.650 -9.130
124.660 -9.130
124.660 -9.120
124.670 -9.120
124.670 -9.110
124.680 -9.110
124.680 -9.100
124.690 -9.100
124.690 -9.090
124.690 -9.080
124.690 -9.070
124.690 -9.060
124.700 -9.060
124.700 -9.050
124.710 -9.050
124.720 -9.050
124.720 -9.060
124.730 -9.060
124.740 -9.060
124.740 -9.050
124.750 -9.050
124.750 -9.040
124.760 -9.040
124.760 -9.030
124.770 -9.030
124.780 -9.030
124.780 -9.020
124.790 -9.020
124.790 -9.010
124.800 -9.010
124.810 -9.010
124.810 -9.000
124.820 -9.000
124.830 -9.000
124.840 -9.000
124.840 -9.010
124.850 -9.000
124.860 -9.000
124.860 -8.990
124.870 -8.990
124.870 -8.980
124.890 -8.980
124.890 -8.970
124.900 -8.970
124.910 -8.970
124.920 -8.970
124.930 -8.970
124.930 -8.960
124.940 -8.960
124.950 -8.960
124.950 -8.970
124.950 -8.980
124.940 -8.980
124.940 -8.990
124.930 -8.990
124.930 -9.000
124.940 -9.000
124.940 -9.010
124.940 -9.020
124.930 -9.020
124.930 -9.030
124.940 -9.030
124.940 -9.040
124.940 -9.050
124.950 -9.050
124.950 -9.060
124.960 -9.060
124.970 -9.060
124.980 -9.060
124.980 -9.070
124.990 -9.060
125.000 -9.060
125.010 -9.060
125.010 -9.050
125.020 -9.050
125.020 -9.040
125.030 -9.040
125.040 -9.040
125.040 -9.030
125.050 -9.030
125.060 -9.030
125.070 -9.030
125.070 -9.020
125.080 -9.020
125.080 -9.010
125.090 -9.010
125.090 -9.000
125.100 -9.000
125.100 -8.990
125.100 -8.980
125.100 -8.970
125.110 -8.970
125.120 -8.970
125.120 -8.980
125.130 -8.980
125.130 -8.990
125.140 -8.990
125.140 -9.000
125.150 -9.000
125.160 -9.000
125.160 -9.010
125.170 -9.010
125.170 -9.020
125.180 -9.020
125.180 -9.030
125.180 -9.040
125.190 -9.040
125.190 -9.050
125.190 -9.060
125.180 -9.060
125.180 -9.070
125.190 -9.070
125.180 -9.080
125.180 -9.090
125.180 -9.100
125.170 -9.110
125.180 -9.110
125.180 -9.120
125.170 -9.120
125.170 -9.130
125.170 -9.140
125.180 -9.140
125.180 -9.150
125.180 -9.160
125.180 -9.170
125.170 -9.170
125.160 -9.170
125.150 -9.170
125.140 -9.170
125.130 -9.170
125.130 -9.180
125.120 -9.180
125.120 -9.190
125.110 -9.190
125.110 -9.200
125.100 -9.200
125.090 -9.200
125.090 -9.190
125.080 -9.190
125.080 -9.180
125.070 -9.180
125.070 -9.170
125.060 -9.170
125.050 -9.170
125.040 -9.170
125.030 -9.170
125.020 -9.170
125.010 -9.170
125.000 -9.170
124.990 -9.170
124.990 -9.180
124.990 -9.190
124.990 -9.200
124.980 -9.200
124.980 -9.210
124.980 -9.220
124.980 -9.230
124.980 -9.240
124.980 -9.250
124.990 -9.250
124.990 -9.260
124.990 -9.270
125.000 -9.270
125.000 -9.280
125.000 -9.290
125.010 -9.290
125.010 -9.300
125.020 -9.300
125.020 -9.310
125.030 -9.310
125.030 -9.320
125.040 -9.320
125.050 -9.320
125.050 -9.330
125.050 -9.340
125.050 -9.350
125.050 -9.360
125.060 -9.360
125.060 -9.370
125.070 -9.370
125.070 -9.380
125.080 -9.380
125.080 -9.390
125.080 -9.400
125.080 -9.410
125.080 -9.420
125.080 -9.430
125.080 -9.440
125.080 -9.450
125.090 -9.450
125.090 -9.460
125.080 -9.470
125.080 -9.480
125.070 -9.480
125.060 -9.480
125.060 -9.490
125.050 -9.490
125.040 -9.490
125.040 -9.500
125.030 -9.500
125.030 -9.510
125.020 -9.510
125.020 -9.520
125.010 -9.520
125.010 -9.530
125.010 -9.540
125.000 -9.540
125.000 -9.550
125.000 -9.560
124.990 -9.560
124.990 -9.570
124.990 -9.580
124.990 -9.590
124.990 -9.600
124.990 -9.610
124.990 -9.620
124.990 -9.630
124.990 -9.640
124.980 -9.640
124.980 -9.650
124.970 -9.650
124.970 -9.660
124.960 -9.660
124.960 -9.670
124.950 -9.670
124.950 -9.680
124.940 -9.680
124.930 -9.680
124.920 -9.680
124.920 -9.690
124.910 -9.690
124.900 -9.690
124.900 -9.700
124.890 -9.700
124.880 -9.700
124.880 -9.710
124.870 -9.710
124.870 -9.720
124.860 -9.720
124.860 -9.730
124.850 -9.730
124.850 -9.740
124.840 -9.740
124.840 -9.750
124.830 -9.760
124.830 -9.770
124.820 -9.770
124.820 -9.780
124.820 -9.790
124.810 -9.790
124.810 -9.800
124.800 -9.800
124.800 -9.810
124.790 -9.810
124.790 -9.820
124.780 -9.820
124.780 -9.830
124.780 -9.840
124.770 -9.840
124.770 -9.850
124.760 -9.850
124.760 -9.860
124.750 -9.860
124.750 -9.870
124.760 -9.870
124.760 -9.880
124.750 -9.880
124.750 -9.890
124.740 -9.890
124.730 -9.890
124.720 -9.890
124.720 -9.900
124.710 -9.900
124.710 -9.910
124.700 -9.910
124.700 -9.920
124.690 -9.920
124.680 -9.920
124.670 -9.920
124.670 -9.930
124.660 -9.930
124.660 -9.940
124.660 -9.950
124.650 -9.950
124.640 -9.950
124.640 -9.960
124.630 -9.960
124.620 -9.960
124.620 -9.970
124.610 -9.970
124.610 -9.980
124.600 -9.980
124.600 -9.990
124.590 -9.990
124.590 -10.000
124.580 -10.000
124.570 -10.000
124.560 -10.000
124.560 -10.010
124.550 -10.010
124.540 -10.020
124.540 -10.030
124.530 -10.030
124.530 -10.040
124.530 -10.050
124.530 -10.060
124.520 -10.060
124.520 -10.070
124.520 -10.080
124.510 -10.080
124.510 -10.090
124.500 -10.100
124.500 -10.110
124.490 -10.110
124.490 -10.120
124.480 -10.120
124.470 -10.120
124.470 -10.130
124.460 -10.130
124.450 -10.130
124.450 -10.140
124.440 -10.140
124.440 -10.150
124.430 -10.150
124.420 -10.160
124.410 -10.160
124.410 -10.170
124.400 -10.170
124.390 -10.170
124.380 -10.170
124.370 -10.170
124.360 -10.170
124.350 -10.170
124.340 -10.170
124.330 -10.170
124.320 -10.170
124.310 -10.170
124.300 -10.170
124.290 -10.170
124.280 -10.170
124.270 -10.170
124.260 -10.170
124.250 -10.170
124.250 -10.160
124.240 -10.160
124.230 -10.160
124.220 -10.160
124.210 -10.160
124.200 -10.160
124.190 -10.160
124.180 -10.160
124.170 -10.160
124.160 -10.160
124.150 -10.160
124.140 -10.160
124.140 -10.150
124.130 -10.150
124.130 -10.160
124.120 -10.160
124.120 -10.170
124.110 -10.170
124.100 -10.170
124.100 -10.180
124.100 -10.190
124.090 -10.190
124.090 -10.200
124.080 -10.200
124.080 -10.210
124.080 -10.220
124.070 -10.230
124.060 -10.230
124.060 -10.240
124.050 -10.230
124.050 -10.240
124.040 -10.240
124.040 -10.250
124.030 -10.250
124.030 -10.260
124.020 -10.260
124.020 -10.270
124.020 -10.280
124.010 -10.280
124.000 -10.280
123.990 -10.280
123.980 -10.280
123.980 -10.270
123.970 -10.270
123.970 -10.280
123.960 -10.280
123.950 -10.280
123.950 -10.290
123.940 -10.300
123.940 -10.290
123.930 -10.290
123.930 -10.300
123.920 -10.300
123.910 -10.300
123.900 -10.300
123.900 -10.310
123.890 -10.310
123.880 -10.310
123.880 -10.320
123.870 -10.320
123.870 -10.330
123.860 -10.330
123.850 -10.330
123.850 -10.340
123.840 -10.340
123.830 -10.340
123.820 -10.340
123.820 -10.350
123.810 -10.350
123.800 -10.350
123.790 -10.350
123.780 -10.350
123.770 -10.350
123.760 -10.350
123.750 -10.350
123.750 -10.360
123.740 -10.360
123.730 -10.360
123.720 -10.360
123.710 -10.360
123.710 -10.370
123.700 -10.370
123.700 -10.360
123.690 -10.360
123.680 -10.360
123.680 -10.350
123.670 -10.350
123.660 -10.350
123.650 -10.350
123.640 -10.350
123.640 -10.360
123.630 -10.360
123.620 -10.360
679
119.910 -9.300
119.920 -9.300
119.920 -9.290
119.920 -9.280
119.930 -9.280
119.940 -9.280
119.940 -9.290
119.950 -9.290
119.950 -9.300
119.950 -9.310
119.950 -9.320
119.960 -9.320
119.960 -9.330
119.970 -9.330
119.970 -9.340
119.980 -9.340
119.980 -9.350
119.990 -9.350
119.990 -9.360
120.000 -9.360
120.000 -9.370
120.000 -9.380
120.010 -9.380
120.010 -9.390
120.020 -9.390
120.030 -9.390
120.030 -9.400
120.040 -9.400
120.040 -9.410
120.040 -9.420
120.050 -9.420
120.050 -9.430
120.060 -9.430
120.060 -9.440
120.060 -9.450
120.070 -9.450
120.070 -9.460
120.080 -9.460
120.080 -9.470
120.090 -9.470
120.090 -9.480
120.100 -9.480
120.110 -9.480
120.120 -9.480
120.130 -9.480
120.140 -9.480
120.150 -9.480
120.150 -9.470
120.160 -9.470
120.170 -9.470
120.180 -9.470
120.190 -9.470
120.190 -9.480
120.200 -9.480
120.200 -9.490
120.210 -9.490
120.210 -9.500
120.220 -9.510
120.220 -9.520
120.220 -9.530
120.230 -9.530
120.230 -9.540
120.230 -9.550
120.230 -9.560
120.230 -9.570
120.230 -9.580
120.230 -9.590
120.230 -9.600
120.230 -9.610
120.240 -9.610
120.240 -9.620
120.240 -9.630
120.250 -9.630
120.250 -9.640
120.260 -9.640
120.270 -9.640
120.280 -9.640
120.290 -9.640
120.300 -9.640
120.300 -9.650
120.310 -9.650
120.310 -9.660
120.310 -9.670
120.320 -9.670
120.330 -9.670
120.330 -9.660
120.340 -9.660
120.350 -9.660
120.350 -9.650
120.360 -9.650
120.360 -9.640
120.370 -9.640
120.380 -9.640
120.390 -9.640
120.400 -9.640
120.410 -9.640
120.410 -9.630
120.420 -9.630
120.430 -9.630
120.440 -9.630
120.440 -9.620
120.450 -9.620
120.460 -9.620
120.460 -9.610
120.470 -9.610
120.470 -9.620
120.480 -9.620
120.480 -9.630
120.480 -9.640
120.490 -9.640
120.490 -9.650
120.490 -9.660
120.500 -9.660
120.500 -9.670
120.500 -9.680
120.500 -9.690
120.510 -9.690
120.520 -9.690
120.530 -9.690
120.540 -9.690
120.550 -9.690
120.560 -9.690
120.560 -9.700
120.570 -9.700
120.570 -9.710
120.570 -9.720
120.580 -9.720
120.580 -9.730
120.590 -9.730
120.600 -9.730
120.600 -9.740
120.600 -9.750
120.600 -9.760
120.600 -9.770
120.610 -9.770
120.610 -9.780
120.620 -9.780
120.620 -9.790
120.630 -9.790
120.630 -9.800
120.630 -9.810
120.630 -9.820
120.630 -9.830
120.640 -9.830
120.640 -9.840
120.650 -9.840
120.650 -9.850
120.650 -9.860
120.660 -9.860
120.660 -9.870
120.660 -9.880
120.670 -9.880
120.670 -9.890
120.680 -9.890
120.680 -9.900
120.690 -9.900
120.700 -9.900
120.700 -9.910
120.710 -9.910
120.710 -9.920
120.720 -9.920
120.730 -9.920
120.740 -9.920
120.750 -9.920
120.750 -9.930
120.760 -9.930
120.760 -9.940
120.770 -9.940
120.780 -9.940
120.780 -9.950
120.790 -9.950
120.790 -9.960
120.800 -9.960
120.800 -9.970
120.810 -9.970
120.810 -9.980
120.820 -9.980
120.820 -9.990
120.820 -10.000
120.830 -10.000
120.830 -10.010
120.840 -10.010
120.840 -10.020
120.840 -10.030
120.850 -10.030
120.850 -10.040
120.850 -10.050
120.850 -10.060
120.840 -10.060
120.840 -10.070
120.840 -10.080
120.840 -10.090
120.840 -10.100
120.830 -10.100
120.830 -10.110
120.820 -10.110
120.820 -10.120
120.820 -10.130
120.810 -10.130
120.800 -10.130
120.790 -10.130
120.790 -10.140
120.780 -10.140
120.770 -10.140
120.770 -10.150
120.760 -10.150
120.760 -10.160
120.750 -10.160
120.750 -10.170
120.750 -10.180
120.740 -10.180
120.740 -10.190
120.730 -10.190
120.730 -10.200
120.720 -10.200
120.720 -10.210
120.710 -10.210
120.700 -10.210
120.700 -10.220
120.690 -10.220
120.680 -10.220
120.680 -10.230
120.670 -10.230
120.660 -10.230
120.650 -10.230
120.640 -10.230
120.630 -10.230
120.630 -10.240
120.630 -10.250
120.620 -10.250
120.610 -10.250
120.600 -10.250
120.590 -10.250
120.580 -10.250
120.580 -10.240
120.570 -10.240
120.560 -10.240
120.550 -10.240
120.540 -10.240
120.530 -10.240
120.520 -10.240
120.520 -10.250
120.520 -10.260
120.510 -10.260
120.500 -10.260
120.490 -10.260
120.480 -10.260
120.480 -10.270
120.480 -10.280
120.480 -10.290
120.480 -10.300
120.470 -10.300
120.470 -10.310
120.460 -10.310
120.450 -10.310
120.440 -10.310
120.440 -10.300
120.430 -10.300
120.420 -10.300
120.420 -10.290
120.410 -10.290
120.410 -10.280
120.400 -10.280
120.400 -10.270
120.390 -10.270
120.380 -10.270
120.380 -10.260
120.370 -10.260
120.360 -10.260
120.360 -10.250
120.350 -10.250
120.340 -10.250
120.330 -10.250
120.320 -10.250
120.310 -10.250
120.300 -10.250
120.300 -10.260
120.290 -10.260
120.290 -10.250
120.280 -10.250
120.270 -10.250
120.260 -10.250
120.260 -10.240
120.250 -10.240
120.240 -10.240
120.240 -10.250
120.230 -10.250
120.220 -10.250
120.210 -10.250
120.200 -10.250
120.200 -10.240
120.190 -10.240
120.190 -10.230
120.180 -10.230
120.170 -10.230
120.170 -10.240
120.160 -10.240
120.160 -10.230
120.150 -10.230
120.150 -10.220
120.140 -10.220
120.140 -10.210
120.130 -10.210
120.130 -10.200
120.130 -10.190
120.120 -10.190
120.120 -10.180
120.110 -10.180
120.110 -10.170
120.100 -10.170
120.100 -10.180
120.090 -10.180
120.080 -10.180
120.080 -10.170
120.080 -10.160
120.070 -10.160
120.070 -10.150
120.070 -10.140
120.060 -10.140
120.060 -10.130
120.050 -10.130
120.040 -10.130
120.040 -10.120
120.030 -10.120
120.020 -10.120
120.010 -10.120
120.010 -10.110
120.010 -10.100
120.020 -10.100
120.020 -10.090
120.020 -10.080
120.010 -10.080
120.010 -10.070
120.010 -10.060
120.000 -10.060
120.000 -10.050
120.000 -10.040
119.990 -10.040
119.990 -10.030
119.980 -10.030
119.980 -10.020
119.970 -10.020
119.970 -10.010
119.960 -10.010
119.950 -10.010
119.950 -10.000
119.950 -9.990
119.950 -9.980
119.950 -9.970
119.940 -9.970
119.940 -9.980
119.930 -9.980
119.920 -9.980
119.910 -9.970
119.900 -9.970
119.900 -9.960
119.910 -9.960
119.900 -9.950
119.890 -9.950
119.890 -9.960
119.880 -9.960
119.880 -9.950
119.870 -9.950
119.870 -9.940
119.870 -9.930
119.860 -9.920
119.850 -9.920
119.840 -9.920
119.840 -9.930
119.830 -9.930
119.830 -9.920
119.820 -9.920
119.810 -9.920
119.810 -9.910
119.800 -9.910
119.800 -9.920
119.790 -9.920
119.780 -9.920
119.780 -9.910
119.780 -9.900
119.770 -9.900
119.770 -9.890
119.760 -9.890
119.750 -9.890
119.750 -9.880
119.740 -9.880
119.740 -9.870
119.730 -9.870
119.720 -9.870
119.710 -9.870
119.710 -9.860
119.700 -9.860
119.700 -9.850
119.700 -9.840
119.690 -9.840
119.690 -9.850
119.680 -9.850
119.680 -9.840
119.680 -9.830
119.680 -9.820
119.690 -9.820
119.690 -9.810
119.680 -9.800
119.680 -9.790
119.670 -9.790
119.670 -9.780
119.660 -9.780
119.650 -9.780
119.650 -9.790
119.640 -9.790
119.640 -9.800
119.630 -9.800
119.620 -9.800
119.620 -9.790
119.620 -9.780
119.630 -9.780
119.630 -9.770
119.620 -9.770
119.620 -9.760
119.610 -9.760
119.610 -9.770
119.600 -9.780
119.590 -9.780
119.590 -9.770
119.580 -9.770
119.570 -9.770
119.560 -9.770
119.550 -9.770
119.550 -9.760
119.550 -9.750
119.540 -9.750
119.540 -9.760
119.540 -9.770
119.530 -9.770
119.520 -9.770
119.520 -9.760
119.510 -9.760
119.510 -9.750
119.500 -9.750
119.490 -9.750
119.480 -9.750
119.480 -9.740
119.470 -9.740
119.460 -9.740
119.450 -9.740
119.450 -9.750
119.450 -9.760
119.440 -9.760
119.430 -9.760
119.420 -9.760
119.410 -9.760
119.410 -9.770
119.410 -9.780
119.410 -9.790
119.400 -9.790
119.400 -9.800
119.390 -9.800
119.380 -9.800
119.380 -9.790
119.370 -9.790
119.380 -9.780
119.370 -9.780
119.370 -9.770
119.360 -9.770
119.360 -9.760
119.350 -9.760
119.340 -9.760
119.330 -9.760
119.330 -9.770
119.320 -9.770
119.320 -9.760
119.310 -9.760
119.310 -9.750
119.300 -9.750
119.290 -9.750
119.280 -9.750
119.280 -9.740
119.270 -9.740
119.270 -9.750
119.260 -9.750
119.250 -9.750
119.250 -9.740
119.240 -9.740
119.230 -9.740
119.220 -9.740
119.210 -9.740
119.200 -9.740
119.200 -9.750
119.190 -9.750
119.190 -9.760
119.180 -9.760
119.180 -9.750
119.180 -9.740
119.170 -9.740
119.160 -9.740
119.150 -9.730
119.140 -9.730
119.130 -9.730
119.120 -9.730
119.120 -9.720
119.110 -9.720
119.110 -9.710
119.100 -9.710
119.100 -9.720
119.090 -9.720
119.090 -9.710
119.080 -9.710
119.080 -9.700
119.070 -9.700
119.060 -9.700
119.050 -9.700
119.050 -9.690
119.040 -9.690
119.040 -9.680
119.030 -9.680
119.030 -9.670
119.020 -9.670
119.020 -9.660
119.010 -9.660
119.010 -9.650
119.010 -9.640
119.010 -9.630
119.000 -9.630
118.990 -9.630
118.990 -9.620
118.990 -9.610
118.980 -9.610
118.980 -9.600
118.970 -9.600
118.970 -9.590
118.960 -9.590
118.960 -9.580
118.950 -9.580
118.950 -9.570
118.940 -9.570
118.930 -9.560
118.930 -9.550
118.930 -9.540
118.930 -9.530
118.940 -9.530
118.940 -9.520
118.940 -9.510
118.950 -9.510
118.950 -9.500
118.960 -9.500
118.960 -9.490
118.960 -9.480
118.970 -9.480
118.970 -9.470
118.980 -9.470
118.980 -9.460
118.990 -9.460
118.990 -9.450
119.000 -9.450
119.010 -9.450
119.010 -9.440
119.020 -9.440
119.030 -9.440
119.030 -9.430
119.040 -9.430
119.050 -9.430
119.050 -9.420
119.060 -9.420
119.070 -9.420
119.080 -9.420
119.090 -9.420
119.100 -9.420
119.110 -9.420
119.110 -9.410
119.120 -9.410
119.120 -9.400
119.130 -9.400
119.140 -9.400
119.140 -9.390
119.150 -9.390
119.150 -9.380
119.160 -9.380
119.170 -9.380
119.180 -9.370
119.190 -9.370
119.200 -9.370
119.200 -9.380
119.210 -9.390
119.220 -9.390
119.230 -9.390
119.230 -9.380
119.240 -9.380
119.250 -9.380
119.250 -9.370
119.260 -9.370
119.270 -9.370
119.280 -9.370
119.280 -9.360
119.290 -9.360
119.300 -9.360
119.310 -9.360
119.310 -9.370
119.320 -9.370
119.330 -9.370
119.340 -9.370
119.340 -9.380
119.350 -9.380
119.360 -9.380
119.370 -9.380
119.380 -9.380
119.390 -9.380
119.400 -9.380
119.410 -9.370
119.420 -9.370
119.420 -9.380
119.430 -9.380
119.430 -9.370
119.440 -9.370
119.440 -9.360
119.450 -9.360
119.460 -9.360
119.470 -9.360
119.480 -9.360
119.490 -9.360
119.490 -9.370
119.500 -9.370
119.510 -9.370
119.510 -9.380
119.520 -9.380
119.530 -9.380
119.540 -9.380
119.540 -9.370
119.550 -9.370
119.560 -9.370
119.560 -9.360
119.570 -9.360
119.570 -9.350
119.580 -9.350
119.590 -9.350
119.600 -9.350
119.610 -9.350
119.620 -9.350
119.630 -9.350
119.640 -9.350
119.640 -9.360
119.650 -9.360
119.650 -9.370
119.660 -9.370
119.670 -9.370
119.670 -9.380
119.680 -9.380
119.690 -9.380
119.700 -9.380
119.700 -9.390
119.710 -9.390
119.720 -9.390
119.730 -9.390
119.740 -9.390
119.750 -9.390
119.760 -9.390
119.770 -9.390
119.770 -9.400
119.780 -9.400
119.790 -9.400
119.800 -9.400
119.800 -9.390
119.810 -9.390
119.820 -9.380
119.830 -9.370
119.830 -9.360
119.840 -9.360
119.850 -9.360
119.850 -9.350
119.860 -9.350
119.860 -9.340
119.870 -9.340
119.880 -9.340
119.880 -9.330
119.890 -9.330
119.890 -9.320
119.900 -9.320
119.900 -9.310
119.910 -9.310
119.910 -9.300
309
124.470 -8.140
124.470 -8.130
124.480 -8.130
124.490 -8.130
124.500 -8.130
124.510 -8.130
124.510 -8.120
124.520 -8.120
124.530 -8.120
124.530 -8.130
124.540 -8.130
124.540 -8.120
124.550 -8.120
124.560 -8.120
124.570 -8.120
124.570 -8.130
124.580 -8.130
124.590 -8.130
124.590 -8.120
124.600 -8.120
124.600 -8.130
124.600 -8.140
124.590 -8.140
124.590 -8.150
124.590 -8.160
124.590 -8.170
124.600 -8.170
124.600 -8.180
124.590 -8.180
124.590 -8.190
124.600 -8.190
124.600 -8.200
124.610 -8.200
124.610 -8.190
124.620 -8.190
124.630 -8.180
124.640 -8.180
124.640 -8.170
124.650 -8.170
124.660 -8.170
124.660 -8.160
124.670 -8.160
124.680 -8.160
124.690 -8.160
124.700 -8.160
124.710 -8.160
124.710 -8.150
124.720 -8.150
124.720 -8.160
124.730 -8.160
124.730 -8.150
124.740 -8.150
124.750 -8.150
124.760 -8.150
124.770 -8.150
124.780 -8.150
124.790 -8.150
124.790 -8.160
124.800 -8.160
124.810 -8.160
124.820 -8.160
124.830 -8.160
124.840 -8.160
124.850 -8.160
124.850 -8.170
124.860 -8.170
124.870 -8.170
124.880 -8.170
124.890 -8.170
124.890 -8.160
124.900 -8.160
124.910 -8.160
124.920 -8.160
124.930 -8.160
124.930 -8.150
124.940 -8.150
124.950 -8.150
124.960 -8.150
124.960 -8.140
124.970 -8.140
124.970 -8.150
124.980 -8.150
124.990 -8.150
124.990 -8.160
125.000 -8.160
125.010 -8.160
125.010 -8.150
125.020 -8.150
125.030 -8.150
125.040 -8.150
125.050 -8.150
125.060 -8.150
125.070 -8.150
125.080 -8.150
125.090 -8.150
125.100 -8.150
125.100 -8.160
125.100 -8.170
125.110 -8.170
125.110 -8.180
125.110 -8.190
125.110 -8.200
125.120 -8.200
125.120 -8.210
125.130 -8.210
125.130 -8.220
125.140 -8.220
125.140 -8.230
125.140 -8.240
125.140 -8.250
125.140 -8.260
125.140 -8.270
125.130 -8.270
125.130 -8.280
125.130 -8.290
125.130 -8.300
125.130 -8.310
125.140 -8.310
125.140 -8.320
125.140 -8.330
125.130 -8.330
125.130 -8.340
125.120 -8.340
125.110 -8.340
125.100 -8.340
125.090 -8.340
125.090 -8.350
125.080 -8.350
125.070 -8.350
125.070 -8.360
125.060 -8.360
125.050 -8.360
125.050 -8.350
125.040 -8.360
125.040 -8.350
125.030 -8.350
125.030 -8.360
125.020 -8.360
125.020 -8.350
125.010 -8.350
125.010 -8.360
125.000 -8.360
124.990 -8.360
124.980 -8.360
124.970 -8.360
124.960 -8.360
124.950 -8.360
124.940 -8.360
124.930 -8.360
124.920 -8.360
124.910 -8.360
124.900 -8.360
124.890 -8.360
124.890 -8.370
124.880 -8.370
124.870 -8.370
124.860 -8.370
124.860 -8.380
124.850 -8.380
124.840 -8.380
124.840 -8.390
124.830 -8.390
124.820 -8.390
124.810 -8.390
124.810 -8.400
124.800 -8.400
124.790 -8.400
124.780 -8.400
124.760 -8.400
124.750 -8.400
124.740 -8.400
124.730 -8.400
124.720 -8.400
124.710 -8.400
124.700 -8.400
124.690 -8.400
124.690 -8.390
124.680 -8.390
124.670 -8.390
124.660 -8.390
124.650 -8.390
124.650 -8.400
124.640 -8.400
124.640 -8.410
124.630 -8.410
124.620 -8.410
124.620 -8.420
124.610 -8.420
124.600 -8.420
124.600 -8.430
124.590 -8.430
124.580 -8.430
124.570 -8.430
124.570 -8.440
124.560 -8.440
124.550 -8.440
124.540 -8.440
124.540 -8.430
124.530 -8.430
124.530 -8.420
124.520 -8.420
124.510 -8.420
124.500 -8.420
124.490 -8.420
124.480 -8.420
124.480 -8.430
124.470 -8.430
124.470 -8.440
124.460 -8.440
124.450 -8.440
124.450 -8.450
124.440 -8.450
124.430 -8.450
124.430 -8.460
124.420 -8.460
124.420 -8.450
124.420 -8.440
124.410 -8.440
124.400 -8.440
124.390 -8.440
124.380 -8.440
124.370 -8.440
124.360 -8.440
124.350 -8.440
124.350 -8.430
124.340 -8.430
124.340 -8.420
124.340 -8.410
124.340 -8.400
124.340 -8.390
124.350 -8.390
124.350 -8.380
124.360 -8.380
124.360 -8.370
124.370 -8.370
124.370 -8.360
124.370 -8.350
124.380 -8.350
124.380 -8.340
124.390 -8.340
124.390 -8.330
124.400 -8.330
124.400 -8.320
124.410 -8.320
124.410 -8.310
124.410 -8.300
124.410 -8.290
124.420 -8.290
124.430 -8.290
124.440 -8.290
124.440 -8.280
124.440 -8.270
124.450 -8.270
124.460 -8.270
124.460 -8.260
124.470 -8.260
124.470 -8.250
124.480 -8.250
124.490 -8.250
124.500 -8.250
124.500 -8.260
124.510 -8.260
124.510 -8.250
124.520 -8.250
124.530 -8.240
124.540 -8.240
124.540 -8.230
124.550 -8.230
124.550 -8.220
124.540 -8.220
124.530 -8.220
124.520 -8.220
124.510 -8.220
124.500 -8.220
124.500 -8.230
124.490 -8.230
124.480 -8.230
124.480 -8.240
124.470 -8.240
124.470 -8.250
124.460 -8.250
124.450 -8.250
124.450 -8.260
124.440 -8.260
124.430 -8.260
124.430 -8.270
124.420 -8.270
124.410 -8.270
124.410 -8.260
124.410 -8.250
124.410 -8.240
124.400 -8.240
124.400 -8.230
124.400 -8.220
124.400 -8.210
124.410 -8.210
124.410 -8.200
124.420 -8.200
124.420 -8.190
124.430 -8.190
124.430 -8.180
124.430 -8.170
124.440 -8.170
124.440 -8.160
124.450 -8.160
124.450 -8.150
124.460 -8.150
124.460 -8.140
124.470 -8.140
289
122.980 -10.860
122.980 -10.870
122.970 -10.870
122.970 -10.880
122.960 -10.880
122.950 -10.880
122.950 -10.890
122.950 -10.900
122.950 -10.910
122.940 -10.910
122.930 -10.910
122.920 -10.920
122.910 -10.920
122.900 -10.920
122.900 -10.910
122.890 -10.910
122.880 -10.910
122.880 -10.920
122.870 -10.920
122.860 -10.920
122.860 -10.930
122.860 -10.940
122.850 -10.940
122.840 -10.940
122.840 -10.930
122.830 -10.930
122.830 -10.920
122.820 -10.920
122.820 -10.910
122.820 -10.900
122.820 -10.890
122.820 -10.880
122.830 -10.880
122.830 -10.870
122.830 -10.860
122.830 -10.850
122.830 -10.840
122.820 -10.840
122.830 -10.830
122.820 -10.830
122.820 -10.820
122.810 -10.820
122.810 -10.810
122.810 -10.800
122.800 -10.800
122.800 -10.790
122.810 -10.790
122.810 -10.780
122.820 -10.780
122.830 -10.780
122.830 -10.770
122.840 -10.770
122.850 -10.770
122.850 -10.760
122.860 -10.760
122.870 -10.760
122.880 -10.760
122.890 -10.760
122.900 -10.760
122.900 -10.750
122.910 -10.750
122.920 -10.750
122.920 -10.740
122.930 -10.740
122.940 -10.740
122.950 -10.740
122.960 -10.740
122.970 -10.740
122.980 -10.740
122.990 -10.740
122.990 -10.730
123.000 -10.730
123.010 -10.730
123.020 -10.730
123.030 -10.730
123.040 -10.730
123.040 -10.720
123.050 -10.720
123.060 -10.720
123.060 -10.710
123.060 -10.700
123.070 -10.700
123.070 -10.690
123.080 -10.690
123.090 -10.690
123.090 -10.680
123.090 -10.670
123.100 -10.670
123.110 -10.670
123.110 -10.660
123.120 -10.660
123.120 -10.650
123.130 -10.650
123.140 -10.650
123.150 -10.650
123.160 -10.650
123.160 -10.640
123.170 -10.640
123.180 -10.640
123.180 -10.630
123.190 -10.620
123.190 -10.610
123.190 -10.600
123.190 -10.590
123.200 -10.590
123.210 -10.590
123.220 -10.590
123.220 -10.600
123.230 -10.600
123.240 -10.600
123.250 -10.600
123.260 -10.600
123.270 -10.600
123.280 -10.600
123.290 -10.600
123.290 -10.590
123.300 -10.590
123.310 -10.590
123.310 -10.580
123.300 -10.580
123.290 -10.580
123.280 -10.580
123.270 -10.580
123.270 -10.590
123.260 -10.590
123.260 -10.600
123.250 -10.600
123.240 -10.600
123.230 -10.600
123.220 -10.600
123.220 -10.590
123.220 -10.580
123.220 -10.570
123.230 -10.570
123.230 -10.560
123.240 -10.560
123.240 -10.550
123.240 -10.540
123.250 -10.540
123.250 -10.530
123.260 -10.530
123.260 -10.520
123.270 -10.520
123.280 -10.520
123.280 -10.510
123.290 -10.510
123.300 -10.510
123.310 -10.510
123.310 -10.500
123.320 -10.500
123.330 -10.500
123.330 -10.490
123.340 -10.490
123.340 -10.480
123.350 -10.480
123.360 -10.480
123.370 -10.480
123.370 -10.470
123.370 -10.450
123.370 -10.440
123.370 -10.430
123.380 -10.430
123.380 -10.440
123.390 -10.440
123.390 -10.450
123.400 -10.450
123.400 -10.460
123.410 -10.460
123.410 -10.470
123.410 -10.480
123.400 -10.480
123.390 -10.480
123.390 -10.490
123.390 -10.500
123.400 -10.500
123.410 -10.500
123.410 -10.490
123.420 -10.490
123.430 -10.490
123.440 -10.490
123.440 -10.500
123.440 -10.510
123.430 -10.510
123.430 -10.520
123.420 -10.520
123.410 -10.520
123.410 -10.530
123.410 -10.540
123.400 -10.540
123.390 -10.540
123.390 -10.550
123.390 -10.560
123.380 -10.560
123.380 -10.570
123.380 -10.580
123.370 -10.580
123.360 -10.580
123.350 -10.580
123.350 -10.590
123.350 -10.600
123.360 -10.600
123.370 -10.600
123.380 -10.600
123.390 -10.600
123.400 -10.600
123.400 -10.610
123.410 -10.610
123.420 -10.610
123.420 -10.620
123.430 -10.620
123.430 -10.630
123.430 -10.640
123.430 -10.650
123.430 -10.660
123.420 -10.660
123.410 -10.660
123.410 -10.670
123.410 -10.680
123.400 -10.690
123.390 -10.690
123.380 -10.690
123.370 -10.690
123.370 -10.680
123.360 -10.680
123.350 -10.680
123.350 -10.690
123.340 -10.690
123.340 -10.680
123.330 -10.680
123.330 -10.690
123.320 -10.690
123.320 -10.700
123.310 -10.700
123.300 -10.700
123.300 -10.710
123.300 -10.720
123.290 -10.720
123.290 -10.730
123.280 -10.730
123.270 -10.730
123.260 -10.730
123.250 -10.730
123.250 -10.740
123.250 -10.750
123.240 -10.750
123.240 -10.760
123.240 -10.770
123.240 -10.780
123.240 -10.790
123.230 -10.790
123.230 -10.800
123.230 -10.810
123.230 -10.820
123.220 -10.820
123.210 -10.820
123.200 -10.820
123.200 -10.830
123.190 -10.830
123.190 -10.840
123.180 -10.830
123.170 -10.830
123.170 -10.820
123.160 -10.820
123.150 -10.820
123.150 -10.810
123.140 -10.810
123.140 -10.820
123.130 -10.820
123.120 -10.820
123.110 -10.820
123.110 -10.830
123.100 -10.830
123.100 -10.840
123.090 -10.840
123.090 -10.850
123.090 -10.860
123.080 -10.860
123.070 -10.860
123.060 -10.860
123.050 -10.860
123.040 -10.860
123.030 -10.860
123.020 -10.860
123.020 -10.870
123.010 -10.870
123.010 -10.860
123.000 -10.860
122.990 -10.860
122.980 -10.860
351
123.710 -8.220
123.710 -8.210
123.720 -8.210
123.730 -8.210
123.740 -8.210
123.740 -8.200
123.750 -8.200
123.750 -8.190
123.750 -8.180
123.760 -8.180
123.770 -8.180
123.770 -8.170
123.780 -8.170
123.790 -8.170
123.800 -8.170
123.800 -8.180
123.810 -8.180
123.810 -8.190
123.820 -8.190
123.830 -8.200
123.840 -8.200
123.840 -8.210
123.850 -8.210
123.850 -8.220
123.850 -8.230
123.860 -8.230
123.860 -8.220
123.860 -8.210
123.870 -8.210
123.880 -8.210
123.890 -8.210
123.900 -8.210
123.900 -8.220
123.910 -8.220
123.910 -8.230
123.920 -8.240
123.920 -8.250
123.920 -8.260
123.910 -8.260
123.900 -8.260
123.890 -8.260
123.890 -8.270
123.880 -8.270
123.870 -8.270
123.870 -8.280
123.860 -8.280
123.860 -8.270
123.850 -8.270
123.850 -8.280
123.840 -8.280
123.830 -8.280
123.820 -8.280
123.820 -8.270
123.810 -8.270
123.800 -8.270
123.790 -8.270
123.790 -8.280
123.780 -8.280
123.780 -8.290
123.770 -8.290
123.760 -8.290
123.760 -8.300
123.750 -8.300
123.750 -8.310
123.740 -8.310
123.740 -8.320
123.740 -8.330
123.740 -8.340
123.740 -8.350
123.730 -8.350
123.730 -8.360
123.720 -8.360
123.720 -8.370
123.710 -8.370
123.710 -8.380
123.700 -8.380
123.700 -8.390
123.700 -8.400
123.690 -8.400
123.690 -8.410
123.690 -8.420
123.680 -8.420
123.680 -8.430
123.670 -8.430
123.660 -8.430
123.650 -8.430
123.650 -8.420
123.660 -8.420
123.660 -8.410
123.650 -8.410
123.650 -8.400
123.640 -8.400
123.630 -8.400
123.620 -8.400
123.620 -8.410
123.610 -8.410
123.610 -8.420
123.610 -8.430
123.600 -8.430
123.600 -8.440
123.590 -8.440
123.580 -8.440
123.580 -8.450
123.570 -8.450
123.560 -8.460
123.560 -8.470
123.560 -8.480
123.560 -8.490
123.570 -8.490
123.570 -8.500
123.580 -8.500
123.580 -8.510
123.580 -8.520
123.590 -8.520
123.590 -8.530
123.590 -8.540
123.580 -8.540
123.580 -8.550
123.570 -8.550
123.560 -8.550
123.560 -8.560
123.550 -8.560
123.550 -8.570
123.540 -8.570
123.530 -8.570
123.520 -8.570
123.520 -8.560
123.510 -8.560
123.510 -8.550
123.510 -8.540
123.510 -8.530
123.500 -8.530
123.500 -8.520
123.490 -8.520
123.480 -8.520
123.470 -8.520
123.470 -8.530
123.460 -8.530
123.450 -8.530
123.450 -8.540
123.450 -8.550
123.440 -8.550
123.440 -8.560
123.430 -8.560
123.430 -8.570
123.430 -8.580
123.420 -8.580
123.410 -8.580
123.400 -8.580
123.390 -8.580
123.380 -8.580
123.370 -8.580
123.370 -8.570
123.360 -8.570
123.360 -8.560
123.350 -8.560
123.350 -8.550
123.340 -8.550
123.340 -8.540
123.330 -8.540
123.330 -8.530
123.320 -8.530
123.310 -8.530
123.300 -8.540
123.300 -8.550
123.290 -8.550
123.280 -8.550
123.270 -8.550
123.260 -8.540
123.250 -8.540
123.240 -8.540
123.230 -8.550
123.220 -8.550
123.220 -8.540
123.210 -8.540
123.210 -8.530
123.210 -8.520
123.210 -8.510
123.220 -8.510
123.230 -8.510
123.240 -8.510
123.240 -8.500
123.250 -8.500
123.250 -8.490
123.260 -8.490
123.260 -8.480
123.270 -8.480
123.270 -8.470
123.280 -8.470
123.290 -8.460
123.300 -8.460
123.300 -8.450
123.310 -8.450
123.310 -8.440
123.310 -8.430
123.320 -8.430
123.320 -8.420
123.330 -8.420
123.330 -8.410
123.330 -8.400
123.340 -8.400
123.350 -8.400
123.350 -8.390
123.360 -8.390
123.370 -8.390
123.380 -8.390
123.380 -8.380
123.380 -8.370
123.390 -8.370
123.400 -8.370
123.410 -8.370
123.420 -8.370
123.430 -8.370
123.440 -8.370
123.440 -8.360
123.450 -8.360
123.450 -8.350
123.460 -8.350
123.470 -8.340
123.470 -8.330
123.460 -8.330
123.460 -8.320
123.450 -8.320
123.450 -8.310
123.440 -8.310
123.440 -8.300
123.430 -8.300
123.420 -8.300
123.420 -8.290
123.410 -8.290
123.400 -8.290
123.400 -8.300
123.390 -8.300
123.380 -8.300
123.370 -8.300
123.370 -8.310
123.360 -8.300
123.350 -8.300
123.350 -8.290
123.360 -8.290
123.360 -8.280
123.370 -8.280
123.370 -8.270
123.380 -8.270
123.380 -8.260
123.390 -8.260
123.400 -8.260
123.400 -8.250
123.410 -8.250
123.420 -8.260
123.420 -8.270
123.430 -8.270
123.440 -8.270
123.450 -8.270
123.460 -8.270
123.470 -8.270
123.470 -8.260
123.470 -8.250
123.480 -8.250
123.490 -8.240
123.500 -8.240
123.510 -8.240
123.520 -8.240
123.530 -8.240
123.540 -8.240
123.550 -8.240
123.560 -8.240
123.560 -8.250
123.550 -8.250
123.550 -8.260
123.550 -8.270
123.540 -8.270
123.540 -8.280
123.540 -8.290
123.530 -8.290
123.530 -8.300
123.530 -8.310
123.520 -8.310
123.520 -8.320
123.510 -8.320
123.510 -8.330
123.500 -8.340
123.500 -8.350
123.510 -8.350
123.520 -8.350
123.520 -8.360
123.530 -8.360
123.530 -8.370
123.540 -8.370
123.550 -8.370
123.560 -8.370
123.570 -8.370
123.570 -8.360
123.580 -8.360
123.580 -8.350
123.590 -8.350
123.590 -8.340
123.600 -8.340
123.600 -8.330
123.600 -8.320
123.590 -8.320
123.580 -8.320
123.580 -8.310
123.570 -8.310
123.570 -8.300
123.570 -8.290
123.580 -8.290
123.590 -8.290
123.600 -8.290
123.610 -8.290
123.610 -8.300
123.600 -8.300
123.600 -8.310
123.610 -8.310
123.620 -8.310
123.620 -8.300
123.630 -8.300
123.630 -8.290
123.640 -8.290
123.640 -8.280
123.630 -8.280
123.630 -8.270
123.630 -8.260
123.630 -8.250
123.620 -8.240
123.610 -8.240
123.600 -8.240
123.600 -8.230
123.610 -8.230
123.610 -8.220
123.620 -8.220
123.630 -8.220
123.640 -8.220
123.650 -8.220
123.660 -8.220
123.660 -8.230
123.660 -8.240
123.650 -8.240
123.660 -8.250
123.670 -8.260
123.670 -8.250
123.680 -8.250
123.680 -8.260
123.690 -8.260
123.700 -8.250
123.700 -8.240
123.710 -8.240
123.710 -8.230
123.700 -8.230
123.700 -8.220
123.710 -8.220
189
124.070 -8.490
124.060 -8.490
124.060 -8.480
124.060 -8.470
124.050 -8.470
124.050 -8.460
124.050 -8.450
124.040 -8.450
124.040 -8.440
124.030 -8.440
124.030 -8.430
124.040 -8.430
124.040 -8.420
124.030 -8.420
124.020 -8.420
124.010 -8.420
123.990 -8.420
123.980 -8.420
123.980 -8.430
123.970 -8.430
123.970 -8.440
123.960 -8.440
123.950 -8.440
123.950 -8.450
123.950 -8.460
123.940 -8.460
123.930 -8.460
123.930 -8.450
123.920 -8.450
123.920 -8.440
123.920 -8.430
123.930 -8.430
123.930 -8.420
123.940 -8.420
123.940 -8.410
123.950 -8.410
123.950 -8.400
123.940 -8.400
123.940 -8.390
123.950 -8.390
123.950 -8.380
123.950 -8.370
123.960 -8.370
123.960 -8.360
123.960 -8.350
123.970 -8.350
123.970 -8.340
123.980 -8.340
123.990 -8.340
123.990 -8.330
124.000 -8.330
124.010 -8.330
124.010 -8.320
124.020 -8.320
124.020 -8.310
124.030 -8.310
124.040 -8.310
124.040 -8.300
124.050 -8.300
124.050 -8.290
124.060 -8.290
124.060 -8.300
124.070 -8.300
124.080 -8.300
124.080 -8.310
124.090 -8.310
124.090 -8.320
124.090 -8.330
124.090 -8.340
124.090 -8.350
124.090 -8.360
124.100 -8.360
124.110 -8.360
124.110 -8.350
124.120 -8.350
124.130 -8.350
124.130 -8.340
124.140 -8.340
124.140 -8.330
124.150 -8.320
124.160 -8.320
124.160 -8.310
124.170 -8.310
124.170 -8.300
124.170 -8.290
124.170 -8.280
124.180 -8.280
124.180 -8.270
124.190 -8.270
124.190 -8.280
124.200 -8.280
124.200 -8.270
124.210 -8.270
124.210 -8.260
124.210 -8.250
124.220 -8.240
124.220 -8.230
124.230 -8.230
124.230 -8.220
124.230 -8.210
124.240 -8.210
124.240 -8.200
124.250 -8.200
124.250 -8.190
124.260 -8.190
124.270 -8.190
124.270 -8.180
124.280 -8.180
124.290 -8.180
124.300 -8.180
124.310 -8.180
124.320 -8.180
124.320 -8.190
124.330 -8.190
124.330 -8.200
124.330 -8.210
124.330 -8.220
124.330 -8.230
124.320 -8.230
124.320 -8.240
124.310 -8.240
124.310 -8.250
124.300 -8.250
124.300 -8.260
124.300 -8.270
124.300 -8.280
124.300 -8.290
124.310 -8.290
124.310 -8.300
124.310 -8.310
124.310 -8.320
124.300 -8.320
124.300 -8.330
124.290 -8.330
124.290 -8.340
124.280 -8.340
124.270 -8.340
124.270 -8.350
124.260 -8.350
124.260 -8.360
124.250 -8.360
124.250 -8.370
124.240 -8.370
124.240 -8.380
124.230 -8.380
124.230 -8.390
124.230 -8.400
124.220 -8.400
124.220 -8.410
124.210 -8.410
124.210 -8.420
124.210 -8.430
124.210 -8.440
124.210 -8.450
124.210 -8.460
124.210 -8.470
124.200 -8.470
124.200 -8.480
124.190 -8.480
124.190 -8.490
124.180 -8.490
124.180 -8.500
124.170 -8.500
124.170 -8.510
124.170 -8.520
124.160 -8.520
124.150 -8.520
124.150 -8.530
124.150 -8.540
124.140 -8.540
124.130 -8.540
124.120 -8.540
124.120 -8.550
124.110 -8.550
124.100 -8.550
124.100 -8.540
124.090 -8.540
124.080 -8.550
124.070 -8.550
124.060 -8.550
124.060 -8.540
124.060 -8.530
124.050 -8.530
124.050 -8.520
124.060 -8.520
124.060 -8.510
124.060 -8.500
124.070 -8.500
124.070 -8.490
REGION 6
1213
129.470 -2.790
129.470 -2.780
129.480 -2.780
129.480 -2.790
129.490 -2.790
129.500 -2.790
129.510 -2.790
129.520 -2.800
129.520 -2.790
129.520 -2.780
129.520 -2.770
129.530 -2.770
129.530 -2.780
129.540 -2.780
129.540 -2.790
129.540 -2.800
129.550 -2.800
129.560 -2.800
129.570 -2.810
129.580 -2.810
129.590 -2.810
129.600 -2.810
129.610 -2.810
129.610 -2.800
129.620 -2.800
129.620 -2.810
129.630 -2.810
129.630 -2.820
129.630 -2.830
129.640 -2.830
129.650 -2.830
129.660 -2.830
129.660 -2.820
129.670 -2.820
129.670 -2.830
129.680 -2.830
129.690 -2.830
129.700 -2.830
129.710 -2.830
129.710 -2.840
129.720 -2.840
129.730 -2.840
129.730 -2.850
129.740 -2.850
129.750 -2.850
129.750 -2.860
129.760 -2.860
129.770 -2.860
129.780 -2.860
129.790 -2.860
129.790 -2.870
129.790 -2.880
129.790 -2.890
129.800 -2.890
129.800 -2.900
129.800 -2.910
129.810 -2.910
129.820 -2.910
129.830 -2.910
129.840 -2.910
129.840 -2.900
129.850 -2.900
129.860 -2.900
129.870 -2.900
129.880 -2.900
129.880 -2.910
129.890 -2.910
129.900 -2.910
129.900 -2.920
129.900 -2.930
129.910 -2.930
129.910 -2.940
129.910 -2.950
129.920 -2.950
129.930 -2.950
129.930 -2.960
129.940 -2.960
129.950 -2.960
129.960 -2.960
129.960 -2.970
129.970 -2.970
129.970 -2.980
129.980 -2.980
129.990 -2.980
130.000 -2.980
130.010 -2.980
130.020 -2.980
130.020 -2.990
130.020 -3.000
130.030 -3.000
130.040 -3.000
130.050 -3.000
130.060 -3.000
130.070 -3.000
130.080 -3.000
130.090 -3.000
130.100 -3.000
130.100 -2.990
130.110 -2.990
130.110 -3.000
130.120 -3.000
130.130 -3.000
130.140 -3.000
130.140 -2.990
130.150 -2.990
130.160 -2.990
130.170 -2.990
130.170 -3.000
130.180 -3.000
130.180 -3.010
130.190 -3.010
130.200 -3.010
130.210 -3.010
130.220 -3.010
130.220 -3.000
130.230 -3.000
130.240 -2.990
130.250 -2.990
130.250 -2.980
130.260 -2.980
130.270 -2.980
130.280 -2.980
130.290 -2.980
130.300 -2.980
130.300 -2.970
130.310 -2.970
130.320 -2.970
130.330 -2.970
130.340 -2.970
130.350 -2.970
130.350 -2.980
130.360 -2.980
130.360 -2.990
130.370 -2.990
130.380 -2.990
130.390 -2.990
130.390 -3.000
130.400 -3.000
130.400 -3.010
130.410 -3.010
130.420 -3.010
130.420 -3.020
130.420 -3.030
130.430 -3.030
130.440 -3.030
130.440 -3.040
130.440 -3.050
130.440 -3.060
130.450 -3.060
130.460 -3.060
130.470 -3.060
130.470 -3.070
130.480 -3.070
130.480 -3.080
130.480 -3.090
130.490 -3.090
130.490 -3.100
130.500 -3.100
130.500 -3.110
130.510 -3.110
130.510 -3.100
130.520 -3.100
130.530 -3.100
130.540 -3.100
130.540 -3.110
130.550 -3.110
130.560 -3.110
130.560 -3.120
130.570 -3.120
130.580 -3.120
130.580 -3.130
130.590 -3.130
130.590 -3.140
130.600 -3.140
130.600 -3.150
130.600 -3.160
130.610 -3.160
130.610 -3.170
130.610 -3.180
130.610 -3.190
130.620 -3.190
130.610 -3.200
130.610 -3.210
130.620 -3.210
130.620 -3.220
130.620 -3.230
130.630 -3.230
130.630 -3.240
130.630 -3.250
130.630 -3.260
130.630 -3.270
130.640 -3.270
130.640 -3.280
130.640 -3.290
130.630 -3.290
130.630 -3.300
130.630 -3.310
130.630 -3.320
130.630 -3.330
130.630 -3.340
130.640 -3.340
130.640 -3.350
130.640 -3.360
130.640 -3.370
130.650 -3.370
130.650 -3.380
130.650 -3.390
130.660 -3.390
130.660 -3.400
130.670 -3.400
130.680 -3.400
130.690 -3.400
130.700 -3.400
130.710 -3.400
130.720 -3.400
130.730 -3.400
130.740 -3.400
130.750 -3.400
130.760 -3.400
130.770 -3.400
130.780 -3.400
130.790 -3.400
130.790 -3.410
130.800 -3.410
130.810 -3.410
130.810 -3.420
130.810 -3.430
130.820 -3.430
130.820 -3.440
130.830 -3.440
130.830 -3.450
130.840 -3.450
130.840 -3.460
130.840 -3.470
130.830 -3.470
130.820 -3.470
130.810 -3.470
130.810 -3.480
130.810 -3.490
130.810 -3.500
130.820 -3.500
130.820 -3.510
130.820 -3.520
130.830 -3.520
130.830 -3.530
130.840 -3.530
130.840 -3.540
130.850 -3.540
130.850 -3.550
130.860 -3.550
130.860 -3.560
130.870 -3.560
130.870 -3.570
130.880 -3.570
130.880 -3.580
130.880 -3.590
130.880 -3.600
130.880 -3.610
130.880 -3.620
130.870 -3.630
130.860 -3.640
130.850 -3.640
130.840 -3.640
130.840 -3.650
130.840 -3.660
130.830 -3.660
130.830 -3.670
130.830 -3.680
130.830 -3.690
130.820 -3.690
130.820 -3.700
130.820 -3.710
130.830 -3.710
130.830 -3.720
130.830 -3.730
130.830 -3.740
130.830 -3.750
130.830 -3.760
130.830 -3.770
130.830 -3.780
130.830 -3.790
130.830 -3.800
130.830 -3.810
130.820 -3.810
130.820 -3.820
130.820 -3.830
130.820 -3.840
130.830 -3.840
130.840 -3.840
130.840 -3.850
130.850 -3.860
130.850 -3.870
130.840 -3.870
130.830 -3.870
130.820 -3.870
130.810 -3.870
130.800 -3.870
130.800 -3.860
130.800 -3.850
130.790 -3.850
130.780 -3.850
130.780 -3.840
130.770 -3.840
130.770 -3.830
130.760 -3.830
130.760 -3.840
130.750 -3.840
130.750 -3.830
130.740 -3.820
130.730 -3.820
130.730 -3.830
130.720 -3.830
130.710 -3.830
130.710 -3.820
130.700 -3.820
130.700 -3.810
130.690 -3.810
130.680 -3.810
130.680 -3.800
130.670 -3.800
130.660 -3.800
130.660 -3.810
130.650 -3.810
130.650 -3.800
130.640 -3.800
130.640 -3.790
130.630 -3.790
130.620 -3.790
130.610 -3.790
130.610 -3.780
130.610 -3.770
130.610 -3.760
130.600 -3.760
130.600 -3.750
130.590 -3.750
130.590 -3.740
130.580 -3.740
130.570 -3.740
130.570 -3.730
130.570 -3.720
130.560 -3.720
130.550 -3.720
130.550 -3.710
130.540 -3.710
130.530 -3.710
130.520 -3.710
130.510 -3.710
130.500 -3.710
130.490 -3.710
130.480 -3.710
130.480 -3.700
130.470 -3.700
130.470 -3.690
130.470 -3.680
130.460 -3.680
130.460 -3.670
130.450 -3.660
130.450 -3.650
130.440 -3.650
130.430 -3.650
130.430 -3.640
130.420 -3.640
130.420 -3.630
130.410 -3.630
130.400 -3.630
130.400 -3.620
130.390 -3.620
130.380 -3.620
130.370 -3.620
130.360 -3.620
130.350 -3.620
130.340 -3.610
130.330 -3.610
130.330 -3.600
130.320 -3.600
130.310 -3.600
130.310 -3.590
130.300 -3.590
130.290 -3.590
130.290 -3.580
130.280 -3.580
130.270 -3.580
130.260 -3.580
130.250 -3.570
130.240 -3.570
130.230 -3.570
130.230 -3.560
130.220 -3.560
130.210 -3.560
130.200 -3.560
130.200 -3.550
130.190 -3.550
130.180 -3.550
130.170 -3.540
130.160 -3.540
130.150 -3.540
130.140 -3.540
130.140 -3.530
130.130 -3.530
130.120 -3.530
130.120 -3.520
130.120 -3.510
130.110 -3.510
130.100 -3.510
130.100 -3.500
130.090 -3.500
130.080 -3.500
130.080 -3.490
130.070 -3.490
130.060 -3.490
130.050 -3.490
130.040 -3.490
130.030 -3.490
130.030 -3.480
130.020 -3.480
130.010 -3.480
130.010 -3.470
130.000 -3.470
130.000 -3.460
130.000 -3.450
129.990 -3.450
129.990 -3.440
129.980 -3.440
129.980 -3.430
129.970 -3.430
129.970 -3.420
129.970 -3.410
129.970 -3.400
129.970 -3.390
129.970 -3.380
129.970 -3.370
129.960 -3.370
129.960 -3.360
129.960 -3.350
129.950 -3.350
129.940 -3.350
129.940 -3.340
129.930 -3.340
129.920 -3.340
129.910 -3.340
129.900 -3.340
129.890 -3.340
129.880 -3.340
129.870 -3.340
129.860 -3.340
129.850 -3.340
129.850 -3.330
129.840 -3.330
129.830 -3.330
129.820 -3.330
129.820 -3.320
129.810 -3.320
129.800 -3.320
129.790 -3.320
129.790 -3.330
129.780 -3.330
129.770 -3.330
129.760 -3.330
129.750 -3.330
129.740 -3.330
129.740 -3.320
129.730 -3.320
129.720 -3.320
129.710 -3.320
129.700 -3.320
129.690 -3.320
129.680 -3.320
129.670 -3.320
129.660 -3.320
129.650 -3.320
129.640 -3.320
129.640 -3.310
129.630 -3.310
129.620 -3.310
129.620 -3.320
129.610 -3.320
129.610 -3.310
129.600 -3.310
129.590 -3.310
129.580 -3.310
129.570 -3.310
129.560 -3.310
129.550 -3.310
129.540 -3.310
129.540 -3.300
129.530 -3.300
129.520 -3.300
129.510 -3.300
129.510 -3.310
129.500 -3.310
129.500 -3.320
129.500 -3.330
129.510 -3.330
129.510 -3.340
129.520 -3.340
129.520 -3.350
129.530 -3.350
129.530 -3.360
129.530 -3.370
129.540 -3.370
129.540 -3.380
129.550 -3.380
129.550 -3.390
129.560 -3.390
129.560 -3.400
129.560 -3.410
129.570 -3.410
129.570 -3.420
129.570 -3.430
129.570 -3.440
129.570 -3.450
129.560 -3.450
129.560 -3.460
129.550 -3.460
129.550 -3.470
129.540 -3.470
129.530 -3.470
129.520 -3.470
129.510 -3.470
129.510 -3.460
129.500 -3.460
129.490 -3.460
129.480 -3.460
129.480 -3.450
129.470 -3.450
129.470 -3.440
129.460 -3.440
129.450 -3.440
129.450 -3.430
129.440 -3.430
129.430 -3.430
129.420 -3.430
129.420 -3.420
129.410 -3.420
129.400 -3.420
129.390 -3.420
129.380 -3.420
129.380 -3.410
129.370 -3.410
129.360 -3.420
129.360 -3.410
129.350 -3.410
129.340 -3.410
129.340 -3.420
129.330 -3.420
129.330 -3.410
129.320 -3.410
129.310 -3.410
129.300 -3.410
129.290 -3.410
129.280 -3.410
129.270 -3.410
129.260 -3.410
129.250 -3.410
129.250 -3.400
129.240 -3.400
129.230 -3.400
129.220 -3.400
129.210 -3.390
129.200 -3.390
129.190 -3.390
129.180 -3.390
129.180 -3.380
129.170 -3.380
129.170 -3.370
129.160 -3.370
129.150 -3.370
129.150 -3.360
129.140 -3.360
129.130 -3.360
129.120 -3.360
129.120 -3.350
129.110 -3.350
129.100 -3.350
129.090 -3.350
129.090 -3.340
129.080 -3.340
129.070 -3.340
129.070 -3.350
129.060 -3.350
129.050 -3.350
129.040 -3.350
129.030 -3.350
129.020 -3.350
129.010 -3.350
129.010 -3.360
129.000 -3.360
128.990 -3.360
128.980 -3.360
128.970 -3.360
128.960 -3.360
128.950 -3.360
128.940 -3.360
128.930 -3.360
128.930 -3.350
128.920 -3.350
128.920 -3.340
128.930 -3.340
128.930 -3.330
128.930 -3.320
128.930 -3.310
128.940 -3.310
128.950 -3.310
128.950 -3.300
128.960 -3.300
128.960 -3.290
128.970 -3.290
128.970 -3.280
128.970 -3.270
128.970 -3.260
128.970 -3.250
128.970 -3.240
128.970 -3.230
128.960 -3.230
128.960 -3.220
128.950 -3.220
128.940 -3.220
128.940 -3.210
128.930 -3.210
128.920 -3.210
128.900 -3.210
128.900 -3.200
128.890 -3.200
128.880 -3.200
128.880 -3.210
128.870 -3.210
128.860 -3.210
128.860 -3.220
128.850 -3.220
128.850 -3.230
128.850 -3.240
128.840 -3.240
128.840 -3.250
128.830 -3.250
128.820 -3.250
128.810 -3.250
128.800 -3.250
128.800 -3.260
128.790 -3.260
128.780 -3.260
128.780 -3.270
128.770 -3.270
128.770 -3.280
128.760 -3.290
128.750 -3.290
128.750 -3.300
128.740 -3.300
128.730 -3.300
128.730 -3.310
128.720 -3.310
128.720 -3.320
128.710 -3.320
128.710 -3.330
128.700 -3.340
128.700 -3.350
128.690 -3.350
128.680 -3.360
128.680 -3.370
128.670 -3.370
128.670 -3.380
128.670 -3.390
128.670 -3.400
128.680 -3.400
128.690 -3.400
128.690 -3.410
128.700 -3.410
128.700 -3.420
128.690 -3.420
128.680 -3.430
128.670 -3.430
128.660 -3.430
128.650 -3.430
128.640 -3.430
128.630 -3.430
128.620 -3.430
128.610 -3.430
128.600 -3.430
128.590 -3.430
128.580 -3.430
128.580 -3.440
128.570 -3.440
128.560 -3.440
128.550 -3.440
128.550 -3.450
128.540 -3.450
128.530 -3.450
128.530 -3.460
128.520 -3.460
128.510 -3.460
128.500 -3.460
128.490 -3.450
128.490 -3.460
128.480 -3.460
128.470 -3.460
128.460 -3.460
128.460 -3.450
128.450 -3.450
128.440 -3.450
128.430 -3.450
128.430 -3.440
128.420 -3.440
128.410 -3.440
128.410 -3.430
128.400 -3.430
128.400 -3.420
128.400 -3.410
128.400 -3.400
128.400 -3.390
128.390 -3.390
128.380 -3.390
128.380 -3.380
128.380 -3.370
128.370 -3.370
128.370 -3.360
128.360 -3.360
128.360 -3.350
128.350 -3.350
128.350 -3.340
128.340 -3.340
128.340 -3.330
128.330 -3.330
128.330 -3.320
128.330 -3.310
128.330 -3.300
128.320 -3.300
128.320 -3.290
128.320 -3.280
128.310 -3.280
128.310 -3.270
128.300 -3.270
128.300 -3.260
128.300 -3.250
128.300 -3.240
128.300 -3.230
128.290 -3.230
128.290 -3.220
128.280 -3.220
128.270 -3.220
128.270 -3.210
128.270 -3.200
128.260 -3.200
128.260 -3.210
128.250 -3.210
128.250 -3.200
128.240 -3.200
128.240 -3.210
128.240 -3.220
128.230 -3.220
128.230 -3.210
128.220 -3.210
128.210 -3.210
128.200 -3.210
128.200 -3.220
128.190 -3.220
128.190 -3.230
128.180 -3.230
128.180 -3.220
128.170 -3.220
128.170 -3.210
128.170 -3.200
128.160 -3.200
128.160 -3.190
128.160 -3.180
128.160 -3.170
128.160 -3.160
128.170 -3.170
128.170 -3.160
128.170 -3.150
128.170 -3.140
128.180 -3.140
128.180 -3.150
128.190 -3.150
128.190 -3.140
128.200 -3.140
128.200 -3.130
128.200 -3.120
128.200 -3.110
128.200 -3.100
128.200 -3.090
128.200 -3.080
128.200 -3.070
128.190 -3.070
128.180 -3.070
128.170 -3.070
128.160 -3.070
128.150 -3.070
128.150 -3.080
128.140 -3.080
128.140 -3.090
128.130 -3.090
128.130 -3.100
128.120 -3.100
128.120 -3.110
128.110 -3.110
128.110 -3.120
128.100 -3.120
128.100 -3.130
128.090 -3.130
128.090 -3.140
128.080 -3.140
128.080 -3.150
128.080 -3.160
128.080 -3.170
128.080 -3.180
128.080 -3.190
128.070 -3.190
128.070 -3.200
128.070 -3.210
128.070 -3.220
128.070 -3.230
128.070 -3.240
128.070 -3.250
128.060 -3.250
128.060 -3.260
128.060 -3.270
128.060 -3.280
128.060 -3.290
128.060 -3.300
128.060 -3.310
128.060 -3.320
128.060 -3.330
128.060 -3.340
128.050 -3.340
128.050 -3.350
128.040 -3.350
128.040 -3.360
128.030 -3.360
128.030 -3.370
128.020 -3.370
128.020 -3.380
128.010 -3.380
128.000 -3.380
127.990 -3.380
127.980 -3.380
127.980 -3.390
127.980 -3.400
127.980 -3.410
127.970 -3.410
127.970 -3.420
127.970 -3.430
127.970 -3.440
127.960 -3.440
127.960 -3.450
127.960 -3.460
127.950 -3.460
127.950 -3.470
127.950 -3.480
127.940 -3.480
127.940 -3.490
127.950 -3.490
127.950 -3.500
127.950 -3.510
127.950 -3.520
127.960 -3.520
127.960 -3.530
127.950 -3.530
127.940 -3.540
127.940 -3.550
127.940 -3.560
127.930 -3.560
127.920 -3.560
127.920 -3.550
127.920 -3.540
127.910 -3.540
127.910 -3.530
127.910 -3.520
127.900 -3.520
127.900 -3.510
127.900 -3.500
127.900 -3.490
127.900 -3.480
127.900 -3.470
127.900 -3.460
127.910 -3.460
127.910 -3.450
127.910 -3.440
127.920 -3.440
127.920 -3.430
127.920 -3.420
127.920 -3.410
127.930 -3.410
127.930 -3.400
127.930 -3.390
127.940 -3.390
127.940 -3.380
127.940 -3.370
127.940 -3.360
127.940 -3.350
127.940 -3.340
127.930 -3.340
127.930 -3.330
127.930 -3.320
127.930 -3.310
127.920 -3.310
127.920 -3.300
127.920 -3.290
127.910 -3.290
127.900 -3.290
127.900 -3.280
127.890 -3.270
127.890 -3.260
127.880 -3.260
127.880 -3.250
127.880 -3.240
127.870 -3.240
127.870 -3.230
127.870 -3.220
127.870 -3.210
127.870 -3.200
127.870 -3.190
127.870 -3.180
127.860 -3.180
127.860 -3.170
127.850 -3.170
127.840 -3.170
127.840 -3.160
127.840 -3.150
127.850 -3.150
127.850 -3.160
127.860 -3.160
127.870 -3.160
127.870 -3.150
127.880 -3.150
127.890 -3.150
127.890 -3.160
127.900 -3.160
127.900 -3.150
127.910 -3.150
127.920 -3.150
127.920 -3.140
127.930 -3.140
127.930 -3.130
127.940 -3.130
127.950 -3.130
127.950 -3.120
127.940 -3.120
127.940 -3.110
127.950 -3.110
127.960 -3.110
127.960 -3.100
127.970 -3.110
127.980 -3.110
127.980 -3.100
127.980 -3.090
127.990 -3.090
127.990 -3.080
128.000 -3.070
128.010 -3.070
128.020 -3.070
128.020 -3.080
128.030 -3.070
128.030 -3.080
128.040 -3.080
128.040 -3.070
128.050 -3.070
128.060 -3.070
128.070 -3.070
128.080 -3.070
128.090 -3.070
128.100 -3.070
128.110 -3.070
128.110 -3.060
128.110 -3.050
128.100 -3.050
128.090 -3.050
128.090 -3.040
128.090 -3.030
128.090 -3.020
128.090 -3.010
128.100 -3.010
128.110 -3.010
128.110 -3.000
128.120 -3.000
128.120 -2.990
128.120 -2.980
128.120 -2.970
128.110 -2.970
128.110 -2.980
128.100 -2.980
128.090 -2.980
128.090 -2.990
128.080 -2.990
128.080 -2.980
128.070 -2.980
128.070 -2.970
128.080 -2.970
128.080 -2.960
128.090 -2.960
128.100 -2.960
128.110 -2.960
128.120 -2.960
128.120 -2.950
128.130 -2.950
128.130 -2.940
128.130 -2.930
128.140 -2.930
128.140 -2.920
128.130 -2.920
128.130 -2.910
128.130 -2.900
128.140 -2.900
128.150 -2.890
128.150 -2.880
128.160 -2.880
128.160 -2.870
128.160 -2.860
128.170 -2.860
128.170 -2.870
128.180 -2.870
128.190 -2.870
128.190 -2.860
128.200 -2.860
128.210 -2.860
128.220 -2.860
128.230 -2.860
128.230 -2.850
128.240 -2.850
128.240 -2.860
128.250 -2.860
128.260 -2.860
128.260 -2.870
128.270 -2.870
128.280 -2.870
128.280 -2.860
128.290 -2.860
128.300 -2.860
128.310 -2.860
128.320 -2.860
128.330 -2.860
128.340 -2.860
128.350 -2.860
128.360 -2.860
128.360 -2.870
128.370 -2.870
128.380 -2.870
128.390 -2.870
128.400 -2.870
128.410 -2.870
128.410 -2.860
128.420 -2.860
128.420 -2.850
128.430 -2.850
128.440 -2.850
128.450 -2.850
128.460 -2.850
128.470 -2.850
128.480 -2.850
128.490 -2.850
128.490 -2.840
128.500 -2.840
128.500 -2.830
128.510 -2.830
128.510 -2.840
128.520 -2.840
128.520 -2.830
128.530 -2.840
128.540 -2.840
128.540 -2.850
128.550 -2.850
128.560 -2.850
128.570 -2.850
128.580 -2.850
128.590 -2.850
128.600 -2.850
128.610 -2.850
128.620 -2.850
128.630 -2.850
128.640 -2.850
128.650 -2.850
128.650 -2.840
128.660 -2.840
128.670 -2.840
128.670 -2.850
128.680 -2.850
128.690 -2.850
128.690 -2.860
128.700 -2.860
128.710 -2.860
128.720 -2.860
128.730 -2.860
128.740 -2.860
128.740 -2.850
128.750 -2.850
128.760 -2.850
128.770 -2.850
128.770 -2.860
128.780 -2.860
128.790 -2.860
128.790 -2.870
128.800 -2.870
128.810 -2.870
128.820 -2.870
128.830 -2.870
128.840 -2.870
128.850 -2.870
128.850 -2.860
128.860 -2.860
128.870 -2.860
128.880 -2.860
128.880 -2.850
128.890 -2.850
128.900 -2.850
128.910 -2.850
128.920 -2.850
128.930 -2.850
128.940 -2.850
128.940 -2.840
128.950 -2.840
128.960 -2.840
128.970 -2.840
128.970 -2.830
128.980 -2.830
128.990 -2.830
128.990 -2.820
129.000 -2.820
129.010 -2.810
129.020 -2.810
129.020 -2.800
129.030 -2.800
129.040 -2.800
129.050 -2.800
129.060 -2.800
129.060 -2.810
129.070 -2.810
129.070 -2.820
129.070 -2.830
129.070 -2.840
129.070 -2.850
129.080 -2.850
129.080 -2.860
129.070 -2.860
129.070 -2.870
129.070 -2.880
129.070 -2.890
129.080 -2.890
129.080 -2.900
129.070 -2.910
129.080 -2.910
129.080 -2.920
129.080 -2.930
129.080 -2.940
129.090 -2.940
129.100 -2.940
129.100 -2.950
129.110 -2.950
129.120 -2.960
129.130 -2.960
129.130 -2.970
129.140 -2.970
129.140 -2.960
129.150 -2.950
129.160 -2.950
129.170 -2.950
129.170 -2.960
129.180 -2.960
129.190 -2.960
129.190 -2.950
129.180 -2.950
129.180 -2.940
129.180 -2.930
129.180 -2.920
129.190 -2.920
129.190 -2.930
129.200 -2.930
129.200 -2.940
129.200 -2.950
129.210 -2.950
129.210 -2.940
129.220 -2.940
129.220 -2.930
129.220 -2.920
129.230 -2.920
129.240 -2.920
129.240 -2.910
129.250 -2.910
129.260 -2.910
129.260 -2.900
129.270 -2.900
129.280 -2.900
129.280 -2.890
129.290 -2.890
129.300 -2.890
129.300 -2.880
129.310 -2.880
129.320 -2.880
129.320 -2.870
129.330 -2.870
129.340 -2.870
129.340 -2.860
129.350 -2.860
129.350 -2.850
129.360 -2.850
129.360 -2.840
129.360 -2.830
129.370 -2.830
129.370 -2.820
129.370 -2.810
129.360 -2.810
129.360 -2.800
129.370 -2.800
129.370 -2.790
129.380 -2.790
129.390 -2.790
129.400 -2.790
129.410 -2.790
129.420 -2.790
129.430 -2.790
129.430 -2.780
129.440 -2.780
129.450 -2.780
129.450 -2.790
129.460 -2.790
129.470 -2.790
485
126.620 -3.070
126.630 -3.070
126.640 -3.070
126.650 -3.070
126.660 -3.070
126.670 -3.070
126.680 -3.070
126.680 -3.060
126.690 -3.060
126.690 -3.070
126.700 -3.070
126.700 -3.060
126.710 -3.060
126.720 -3.060
126.730 -3.060
126.740 -3.060
126.750 -3.060
126.760 -3.060
126.770 -3.060
126.780 -3.060
126.790 -3.060
126.800 -3.060
126.800 -3.070
126.810 -3.070
126.820 -3.070
126.820 -3.080
126.830 -3.080
126.840 -3.080
126.840 -3.090
126.850 -3.090
126.860 -3.090
126.870 -3.100
126.880 -3.100
126.880 -3.110
126.880 -3.120
126.890 -3.120
126.890 -3.130
126.900 -3.130
126.900 -3.120
126.910 -3.120
126.910 -3.130
126.920 -3.130
126.920 -3.140
126.930 -3.140
126.940 -3.140
126.950 -3.140
126.960 -3.140
126.970 -3.140
126.980 -3.140
126.990 -3.140
127.000 -3.140
127.000 -3.150
127.010 -3.150
127.010 -3.160
127.020 -3.160
127.030 -3.160
127.030 -3.170
127.040 -3.170
127.050 -3.170
127.050 -3.180
127.060 -3.180
127.060 -3.190
127.070 -3.190
127.070 -3.200
127.080 -3.200
127.080 -3.210
127.090 -3.210
127.100 -3.210
127.100 -3.220
127.110 -3.220
127.110 -3.230
127.110 -3.240
127.110 -3.250
127.110 -3.260
127.120 -3.260
127.120 -3.270
127.120 -3.280
127.110 -3.280
127.100 -3.280
127.090 -3.280
127.090 -3.270
127.080 -3.270
127.080 -3.260
127.070 -3.260
127.060 -3.260
127.050 -3.260
127.050 -3.270
127.040 -3.270
127.030 -3.270
127.030 -3.280
127.040 -3.280
127.040 -3.290
127.040 -3.300
127.040 -3.310
127.040 -3.320
127.040 -3.330
127.050 -3.330
127.050 -3.340
127.060 -3.340
127.060 -3.330
127.060 -3.320
127.070 -3.320
127.070 -3.330
127.070 -3.340
127.070 -3.350
127.070 -3.360
127.070 -3.370
127.080 -3.370
127.090 -3.370
127.100 -3.370
127.100 -3.380
127.110 -3.380
127.120 -3.380
127.130 -3.380
127.140 -3.380
127.140 -3.370
127.140 -3.360
127.140 -3.350
127.150 -3.350
127.150 -3.340
127.160 -3.340
127.170 -3.340
127.180 -3.340
127.180 -3.350
127.180 -3.360
127.190 -3.360
127.200 -3.360
127.210 -3.360
127.220 -3.360
127.230 -3.360
127.240 -3.360
127.240 -3.370
127.250 -3.370
127.260 -3.370
127.260 -3.380
127.270 -3.380
127.270 -3.390
127.270 -3.400
127.260 -3.400
127.260 -3.410
127.250 -3.410
127.250 -3.420
127.250 -3.430
127.250 -3.440
127.250 -3.450
127.250 -3.460
127.250 -3.470
127.250 -3.480
127.250 -3.490
127.250 -3.500
127.250 -3.510
127.250 -3.520
127.250 -3.530
127.250 -3.540
127.250 -3.550
127.250 -3.560
127.250 -3.570
127.250 -3.580
127.250 -3.590
127.250 -3.600
127.240 -3.600
127.240 -3.610
127.240 -3.620
127.240 -3.630
127.240 -3.640
127.230 -3.640
127.230 -3.650
127.230 -3.660
127.220 -3.660
127.210 -3.660
127.210 -3.670
127.200 -3.670
127.190 -3.670
127.190 -3.680
127.180 -3.680
127.180 -3.670
127.170 -3.670
127.160 -3.670
127.150 -3.670
127.150 -3.660
127.140 -3.660
127.130 -3.660
127.120 -3.660
127.120 -3.670
127.110 -3.670
127.100 -3.680
127.090 -3.680
127.080 -3.680
127.070 -3.680
127.070 -3.690
127.060 -3.690
127.050 -3.690
127.040 -3.690
127.040 -3.700
127.030 -3.700
127.030 -3.710
127.020 -3.710
127.010 -3.710
127.010 -3.720
127.000 -3.720
127.000 -3.730
126.990 -3.730
126.990 -3.740
126.980 -3.740
126.970 -3.740
126.970 -3.750
126.960 -3.750
126.960 -3.760
126.960 -3.770
126.950 -3.770
126.940 -3.770
126.930 -3.770
126.930 -3.780
126.920 -3.780
126.910 -3.780
126.900 -3.780
126.900 -3.790
126.890 -3.790
126.880 -3.790
126.870 -3.780
126.860 -3.780
126.860 -3.790
126.850 -3.790
126.840 -3.790
126.840 -3.800
126.830 -3.800
126.820 -3.800
126.810 -3.800
126.810 -3.810
126.800 -3.810
126.790 -3.810
126.790 -3.820
126.780 -3.820
126.780 -3.830
126.770 -3.830
126.760 -3.830
126.760 -3.840
126.750 -3.840
126.750 -3.850
126.740 -3.850
126.730 -3.850
126.720 -3.850
126.710 -3.850
126.700 -3.860
126.690 -3.860
126.680 -3.860
126.670 -3.860
126.670 -3.850
126.670 -3.840
126.660 -3.840
126.650 -3.840
126.650 -3.830
126.640 -3.830
126.640 -3.820
126.630 -3.820
126.620 -3.820
126.610 -3.820
126.600 -3.820
126.600 -3.810
126.590 -3.810
126.590 -3.800
126.580 -3.800
126.570 -3.800
126.560 -3.790
126.550 -3.790
126.540 -3.790
126.530 -3.790
126.530 -3.800
126.520 -3.800
126.510 -3.790
126.520 -3.790
126.520 -3.780
126.510 -3.780
126.500 -3.790
126.500 -3.780
126.500 -3.770
126.490 -3.770
126.480 -3.770
126.480 -3.760
126.470 -3.760
126.460 -3.760
126.460 -3.750
126.450 -3.750
126.440 -3.750
126.440 -3.740
126.430 -3.740
126.420 -3.740
126.420 -3.730
126.410 -3.730
126.410 -3.720
126.400 -3.720
126.400 -3.710
126.390 -3.710
126.390 -3.720
126.380 -3.720
126.380 -3.710
126.370 -3.710
126.370 -3.700
126.360 -3.700
126.350 -3.700
126.350 -3.690
126.340 -3.690
126.340 -3.680
126.330 -3.680
126.320 -3.680
126.310 -3.680
126.310 -3.670
126.300 -3.670
126.290 -3.670
126.290 -3.660
126.280 -3.660
126.280 -3.650
126.270 -3.650
126.270 -3.640
126.260 -3.640
126.260 -3.630
126.250 -3.630
126.240 -3.630
126.240 -3.620
126.230 -3.620
126.220 -3.620
126.210 -3.620
126.200 -3.620
126.190 -3.620
126.180 -3.610
126.180 -3.600
126.170 -3.600
126.170 -3.590
126.170 -3.580
126.160 -3.580
126.160 -3.570
126.170 -3.570
126.170 -3.560
126.160 -3.560
126.160 -3.550
126.160 -3.540
126.150 -3.540
126.150 -3.530
126.150 -3.520
126.140 -3.520
126.140 -3.510
126.130 -3.510
126.130 -3.500
126.120 -3.500
126.110 -3.500
126.110 -3.490
126.100 -3.490
126.090 -3.480
126.080 -3.480
126.070 -3.480
126.070 -3.470
126.070 -3.460
126.060 -3.460
126.060 -3.450
126.050 -3.450
126.050 -3.440
126.040 -3.440
126.040 -3.430
126.040 -3.420
126.040 -3.410
126.040 -3.400
126.040 -3.390
126.030 -3.390
126.020 -3.380
126.020 -3.370
126.010 -3.370
126.010 -3.360
126.010 -3.350
126.010 -3.340
126.020 -3.340
126.020 -3.330
126.010 -3.330
126.010 -3.320
126.010 -3.310
126.010 -3.300
126.000 -3.300
126.000 -3.290
126.000 -3.280
126.010 -3.280
126.010 -3.270
126.010 -3.260
126.010 -3.250
126.010 -3.240
126.020 -3.240
126.020 -3.230
126.020 -3.220
126.020 -3.210
126.020 -3.200
126.010 -3.200
126.010 -3.190
126.020 -3.190
126.020 -3.180
126.020 -3.170
126.030 -3.170
126.030 -3.160
126.040 -3.160
126.040 -3.150
126.050 -3.150
126.060 -3.150
126.060 -3.140
126.070 -3.140
126.070 -3.130
126.080 -3.130
126.080 -3.120
126.090 -3.120
126.090 -3.110
126.100 -3.110
126.100 -3.120
126.110 -3.120
126.110 -3.130
126.110 -3.140
126.120 -3.140
126.120 -3.150
126.130 -3.150
126.130 -3.160
126.140 -3.160
126.140 -3.170
126.150 -3.170
126.160 -3.170
126.160 -3.180
126.170 -3.180
126.180 -3.180
126.190 -3.180
126.190 -3.190
126.200 -3.190
126.210 -3.190
126.210 -3.180
126.220 -3.180
126.230 -3.180
126.230 -3.170
126.220 -3.170
126.220 -3.160
126.220 -3.150
126.220 -3.140
126.230 -3.140
126.230 -3.130
126.240 -3.130
126.250 -3.130
126.260 -3.130
126.270 -3.130
126.270 -3.120
126.270 -3.110
126.280 -3.110
126.290 -3.110
126.290 -3.100
126.300 -3.100
126.300 -3.090
126.310 -3.090
126.310 -3.100
126.320 -3.100
126.330 -3.100
126.340 -3.100
126.350 -3.100
126.360 -3.100
126.360 -3.090
126.370 -3.090
126.370 -3.100
126.380 -3.100
126.380 -3.090
126.390 -3.090
126.400 -3.090
126.400 -3.080
126.410 -3.080
126.420 -3.080
126.430 -3.080
126.440 -3.080
126.450 -3.080
126.460 -3.080
126.470 -3.080
126.480 -3.080
126.490 -3.080
126.500 -3.080
126.510 -3.080
126.510 -3.070
126.520 -3.070
126.530 -3.070
126.540 -3.070
126.550 -3.070
126.560 -3.070
126.570 -3.070
126.580 -3.070
126.590 -3.070
126.600 -3.070
126.610 -3.070
126.620 -3.070
469
131.680 -7.170
131.680 -7.160
131.680 -7.150
131.690 -7.150
131.700 -7.150
131.700 -7.160
131.710 -7.160
131.720 -7.160
131.720 -7.170
131.720 -7.180
131.720 -7.190
131.730 -7.190
131.730 -7.200
131.740 -7.200
131.740 -7.210
131.750 -7.210
131.750 -7.220
131.740 -7.220
131.740 -7.230
131.730 -7.230
131.720 -7.230
131.710 -7.230
131.700 -7.230
131.690 -7.230
131.680 -7.230
131.670 -7.230
131.660 -7.230
131.650 -7.230
131.650 -7.240
131.650 -7.250
131.640 -7.250
131.630 -7.250
131.630 -7.260
131.630 -7.270
131.640 -7.270
131.640 -7.280
131.640 -7.290
131.640 -7.300
131.640 -7.310
131.650 -7.310
131.650 -7.320
131.650 -7.330
131.660 -7.330
131.660 -7.340
131.650 -7.340
131.650 -7.350
131.660 -7.350
131.660 -7.360
131.660 -7.370
131.670 -7.370
131.680 -7.370
131.680 -7.380
131.680 -7.390
131.670 -7.390
131.660 -7.390
131.650 -7.390
131.650 -7.400
131.660 -7.400
131.660 -7.410
131.660 -7.420
131.660 -7.430
131.670 -7.420
131.670 -7.430
131.680 -7.430
131.690 -7.430
131.690 -7.420
131.700 -7.420
131.710 -7.420
131.710 -7.430
131.700 -7.430
131.700 -7.440
131.690 -7.440
131.680 -7.440
131.680 -7.450
131.670 -7.450
131.670 -7.460
131.680 -7.460
131.680 -7.470
131.670 -7.470
131.670 -7.480
131.670 -7.490
131.670 -7.500
131.660 -7.500
131.650 -7.500
131.650 -7.510
131.660 -7.510
131.670 -7.510
131.670 -7.520
131.660 -7.520
131.660 -7.530
131.660 -7.540
131.660 -7.550
131.650 -7.560
131.650 -7.570
131.640 -7.580
131.640 -7.590
131.630 -7.590
131.630 -7.600
131.630 -7.610
131.630 -7.620
131.630 -7.630
131.620 -7.630
131.620 -7.640
131.620 -7.650
131.610 -7.650
131.600 -7.650
131.600 -7.660
131.590 -7.660
131.580 -7.660
131.580 -7.670
131.580 -7.680
131.570 -7.680
131.570 -7.690
131.570 -7.700
131.570 -7.710
131.560 -7.710
131.550 -7.710
131.550 -7.720
131.550 -7.730
131.540 -7.730
131.540 -7.720
131.530 -7.720
131.530 -7.730
131.520 -7.730
131.510 -7.730
131.500 -7.730
131.490 -7.730
131.480 -7.730
131.480 -7.740
131.480 -7.750
131.480 -7.760
131.480 -7.770
131.480 -7.780
131.470 -7.780
131.460 -7.780
131.460 -7.790
131.460 -7.800
131.460 -7.810
131.450 -7.810
131.440 -7.810
131.430 -7.810
131.430 -7.820
131.420 -7.820
131.420 -7.830
131.420 -7.840
131.410 -7.840
131.400 -7.840
131.390 -7.840
131.390 -7.850
131.380 -7.850
131.380 -7.860
131.370 -7.860
131.370 -7.870
131.360 -7.870
131.360 -7.880
131.360 -7.890
131.370 -7.890
131.380 -7.890
131.380 -7.900
131.370 -7.900
131.370 -7.910
131.360 -7.910
131.350 -7.910
131.340 -7.910
131.340 -7.920
131.340 -7.930
131.350 -7.930
131.350 -7.940
131.350 -7.950
131.340 -7.950
131.330 -7.950
131.330 -7.960
131.340 -7.960
131.340 -7.970
131.340 -7.980
131.340 -7.990
131.330 -7.990
131.330 -8.000
131.320 -8.000
131.320 -8.010
131.310 -8.010
131.310 -8.020
131.300 -8.020
131.300 -8.030
131.290 -8.030
131.290 -8.020
131.290 -8.010
131.290 -8.000
131.290 -7.990
131.290 -7.980
131.300 -7.980
131.300 -7.970
131.310 -7.970
131.310 -7.960
131.300 -7.960
131.300 -7.950
131.300 -7.940
131.290 -7.940
131.290 -7.930
131.290 -7.920
131.280 -7.930
131.280 -7.940
131.270 -7.940
131.270 -7.950
131.270 -7.960
131.260 -7.960
131.260 -7.970
131.260 -7.980
131.250 -7.980
131.250 -7.990
131.240 -7.990
131.240 -8.000
131.230 -8.000
131.230 -8.010
131.220 -8.010
131.220 -8.000
131.210 -8.000
131.200 -8.000
131.190 -8.000
131.190 -7.990
131.180 -7.990
131.180 -8.000
131.170 -8.000
131.160 -8.000
131.160 -7.990
131.150 -7.990
131.150 -8.000
131.140 -8.000
131.130 -8.000
131.120 -8.000
131.110 -8.000
131.100 -8.000
131.100 -7.990
131.100 -7.980
131.100 -7.970
131.100 -7.960
131.110 -7.960
131.110 -7.950
131.110 -7.940
131.110 -7.930
131.120 -7.930
131.120 -7.920
131.120 -7.910
131.120 -7.900
131.110 -7.900
131.110 -7.890
131.110 -7.880
131.110 -7.870
131.100 -7.880
131.100 -7.890
131.090 -7.890
131.080 -7.880
131.080 -7.870
131.080 -7.860
131.080 -7.850
131.080 -7.840
131.090 -7.840
131.100 -7.840
131.100 -7.830
131.110 -7.830
131.120 -7.830
131.120 -7.840
131.130 -7.840
131.140 -7.840
131.140 -7.830
131.140 -7.820
131.150 -7.810
131.140 -7.800
131.130 -7.800
131.120 -7.800
131.110 -7.800
131.110 -7.790
131.110 -7.780
131.120 -7.780
131.130 -7.770
131.130 -7.760
131.140 -7.760
131.150 -7.760
131.150 -7.750
131.150 -7.740
131.140 -7.740
131.140 -7.750
131.130 -7.750
131.120 -7.750
131.120 -7.740
131.130 -7.740
131.130 -7.730
131.120 -7.730
131.120 -7.720
131.110 -7.720
131.110 -7.710
131.110 -7.700
131.110 -7.690
131.120 -7.690
131.120 -7.680
131.130 -7.680
131.140 -7.690
131.140 -7.700
131.150 -7.700
131.150 -7.710
131.160 -7.710
131.170 -7.720
131.180 -7.720
131.190 -7.720
131.200 -7.730
131.210 -7.730
131.210 -7.720
131.220 -7.720
131.230 -7.720
131.230 -7.730
131.240 -7.730
131.250 -7.730
131.250 -7.720
131.240 -7.720
131.240 -7.710
131.230 -7.710
131.220 -7.710
131.220 -7.700
131.210 -7.700
131.200 -7.700
131.190 -7.700
131.180 -7.700
131.180 -7.690
131.180 -7.680
131.170 -7.680
131.170 -7.670
131.160 -7.670
131.160 -7.660
131.170 -7.660
131.180 -7.650
131.170 -7.650
131.170 -7.640
131.180 -7.630
131.180 -7.620
131.180 -7.610
131.180 -7.600
131.180 -7.590
131.190 -7.590
131.190 -7.580
131.200 -7.580
131.200 -7.570
131.200 -7.560
131.210 -7.560
131.210 -7.550
131.220 -7.550
131.220 -7.540
131.220 -7.530
131.220 -7.520
131.230 -7.520
131.230 -7.510
131.230 -7.500
131.230 -7.490
131.230 -7.480
131.240 -7.480
131.240 -7.470
131.250 -7.470
131.250 -7.460
131.260 -7.460
131.260 -7.450
131.270 -7.450
131.270 -7.460
131.280 -7.460
131.280 -7.450
131.280 -7.440
131.290 -7.440
131.300 -7.430
131.300 -7.440
131.310 -7.440
131.310 -7.430
131.310 -7.420
131.320 -7.420
131.320 -7.430
131.330 -7.430
131.330 -7.440
131.340 -7.440
131.350 -7.440
131.350 -7.430
131.350 -7.420
131.350 -7.410
131.360 -7.410
131.360 -7.400
131.370 -7.400
131.380 -7.400
131.380 -7.390
131.370 -7.390
131.370 -7.380
131.370 -7.370
131.380 -7.370
131.380 -7.360
131.380 -7.350
131.390 -7.340
131.400 -7.340
131.410 -7.340
131.420 -7.340
131.420 -7.330
131.430 -7.330
131.430 -7.340
131.440 -7.340
131.450 -7.340
131.450 -7.330
131.440 -7.330
131.440 -7.320
131.430 -7.320
131.430 -7.310
131.440 -7.310
131.440 -7.300
131.440 -7.290
131.450 -7.290
131.460 -7.290
131.460 -7.280
131.460 -7.270
131.460 -7.260
131.470 -7.260
131.470 -7.250
131.470 -7.240
131.480 -7.240
131.480 -7.230
131.490 -7.230
131.500 -7.230
131.500 -7.240
131.510 -7.240
131.510 -7.230
131.520 -7.230
131.520 -7.240
131.530 -7.240
131.530 -7.230
131.530 -7.220
131.530 -7.210
131.530 -7.200
131.520 -7.200
131.520 -7.190
131.520 -7.180
131.520 -7.170
131.520 -7.160
131.520 -7.150
131.530 -7.150
131.530 -7.140
131.540 -7.140
131.550 -7.140
131.550 -7.150
131.560 -7.150
131.570 -7.150
131.570 -7.140
131.570 -7.130
131.580 -7.130
131.590 -7.130
131.600 -7.130
131.610 -7.130
131.610 -7.120
131.620 -7.120
131.620 -7.130
131.630 -7.130
131.630 -7.120
131.640 -7.120
131.650 -7.120
131.660 -7.120
131.660 -7.130
131.660 -7.140
131.660 -7.150
131.660 -7.160
131.650 -7.160
131.640 -7.160
131.640 -7.170
131.640 -7.180
131.650 -7.180
131.660 -7.180
131.660 -7.170
131.670 -7.170
131.680 -7.170
355
126.530 -7.580
126.530 -7.570
126.540 -7.570
126.550 -7.570
126.560 -7.570
126.570 -7.570
126.580 -7.570
126.590 -7.570
126.600 -7.570
126.600 -7.560
126.610 -7.560
126.620 -7.560
126.630 -7.560
126.640 -7.560
126.640 -7.570
126.640 -7.580
126.630 -7.580
126.630 -7.590
126.630 -7.600
126.640 -7.600
126.640 -7.610
126.650 -7.610
126.660 -7.610
126.660 -7.620
126.670 -7.620
126.680 -7.620
126.690 -7.620
126.690 -7.630
126.690 -7.640
126.700 -7.640
126.710 -7.640
126.710 -7.650
126.710 -7.660
126.720 -7.660
126.720 -7.670
126.730 -7.670
126.730 -7.660
126.740 -7.660
126.750 -7.660
126.760 -7.660
126.770 -7.660
126.780 -7.660
126.790 -7.660
126.800 -7.660
126.810 -7.660
126.810 -7.670
126.810 -7.680
126.820 -7.680
126.820 -7.690
126.830 -7.690
126.830 -7.700
126.830 -7.710
126.830 -7.720
126.840 -7.720
126.840 -7.730
126.840 -7.740
126.830 -7.740
126.830 -7.750
126.820 -7.750
126.810 -7.750
126.810 -7.740
126.800 -7.740
126.790 -7.740
126.780 -7.750
126.770 -7.750
126.760 -7.750
126.750 -7.750
126.740 -7.750
126.730 -7.750
126.720 -7.750
126.710 -7.750
126.700 -7.750
126.690 -7.750
126.690 -7.760
126.680 -7.760
126.670 -7.760
126.670 -7.770
126.660 -7.770
126.660 -7.780
126.650 -7.780
126.640 -7.780
126.630 -7.780
126.620 -7.780
126.620 -7.790
126.610 -7.790
126.600 -7.790
126.600 -7.800
126.590 -7.810
126.580 -7.810
126.570 -7.810
126.560 -7.810
126.560 -7.820
126.550 -7.820
126.550 -7.830
126.540 -7.830
126.540 -7.840
126.540 -7.850
126.530 -7.850
126.530 -7.860
126.520 -7.860
126.520 -7.870
126.520 -7.880
126.510 -7.880
126.510 -7.890
126.510 -7.900
126.500 -7.900
126.500 -7.910
126.500 -7.920
126.500 -7.930
126.500 -7.940
126.490 -7.940
126.490 -7.950
126.490 -7.960
126.480 -7.960
126.480 -7.970
126.470 -7.970
126.460 -7.970
126.460 -7.960
126.450 -7.960
126.450 -7.950
126.440 -7.950
126.440 -7.940
126.430 -7.940
126.430 -7.930
126.420 -7.930
126.410 -7.930
126.400 -7.930
126.390 -7.930
126.390 -7.940
126.380 -7.940
126.380 -7.930
126.370 -7.930
126.360 -7.930
126.350 -7.930
126.350 -7.920
126.340 -7.920
126.330 -7.920
126.330 -7.910
126.320 -7.920
126.310 -7.920
126.300 -7.920
126.290 -7.920
126.280 -7.920
126.270 -7.920
126.260 -7.920
126.250 -7.920
126.240 -7.920
126.240 -7.930
126.230 -7.930
126.220 -7.930
126.210 -7.930
126.200 -7.930
126.190 -7.930
126.180 -7.930
126.170 -7.930
126.170 -7.920
126.170 -7.910
126.160 -7.910
126.160 -7.900
126.150 -7.900
126.140 -7.900
126.140 -7.890
126.130 -7.890
126.120 -7.890
126.110 -7.890
126.100 -7.890
126.090 -7.890
126.080 -7.890
126.070 -7.890
126.060 -7.890
126.050 -7.890
126.040 -7.890
126.030 -7.890
126.030 -7.900
126.020 -7.900
126.010 -7.900
126.000 -7.910
125.990 -7.910
125.990 -7.920
125.980 -7.920
125.970 -7.920
125.960 -7.920
125.960 -7.910
125.950 -7.910
125.950 -7.920
125.940 -7.920
125.940 -7.930
125.930 -7.930
125.930 -7.940
125.920 -7.940
125.910 -7.940
125.900 -7.950
125.890 -7.950
125.880 -7.950
125.880 -7.960
125.870 -7.960
125.870 -7.970
125.870 -7.980
125.860 -7.980
125.850 -7.980
125.850 -7.990
125.840 -7.990
125.830 -7.990
125.820 -7.990
125.820 -8.000
125.810 -8.000
125.810 -8.010
125.810 -8.020
125.800 -8.020
125.800 -8.010
125.790 -8.010
125.790 -8.000
125.790 -7.990
125.800 -7.990
125.800 -7.980
125.810 -7.980
125.810 -7.970
125.810 -7.960
125.820 -7.960
125.820 -7.950
125.820 -7.940
125.820 -7.930
125.820 -7.920
125.830 -7.920
125.830 -7.910
125.830 -7.900
125.820 -7.900
125.820 -7.890
125.820 -7.880
125.810 -7.880
125.810 -7.870
125.810 -7.860
125.810 -7.850
125.820 -7.850
125.830 -7.850
125.830 -7.840
125.840 -7.840
125.840 -7.830
125.850 -7.830
125.850 -7.820
125.860 -7.820
125.870 -7.820
125.870 -7.810
125.870 -7.800
125.870 -7.790
125.860 -7.790
125.860 -7.780
125.860 -7.770
125.870 -7.770
125.880 -7.770
125.880 -7.760
125.890 -7.760
125.890 -7.750
125.900 -7.750
125.910 -7.750
125.910 -7.740
125.910 -7.730
125.920 -7.730
125.920 -7.720
125.920 -7.710
125.930 -7.710
125.930 -7.700
125.930 -7.690
125.930 -7.680
125.940 -7.680
125.940 -7.670
125.940 -7.660
125.950 -7.660
125.960 -7.660
125.970 -7.660
125.970 -7.650
125.980 -7.650
125.980 -7.660
125.990 -7.660
125.990 -7.670
126.000 -7.670
126.000 -7.680
126.010 -7.680
126.010 -7.670
126.020 -7.670
126.020 -7.680
126.020 -7.690
126.030 -7.690
126.030 -7.700
126.040 -7.700
126.040 -7.690
126.050 -7.690
126.060 -7.690
126.060 -7.700
126.070 -7.710
126.080 -7.710
126.080 -7.700
126.090 -7.700
126.100 -7.710
126.110 -7.710
126.120 -7.710
126.120 -7.720
126.130 -7.720
126.140 -7.720
126.150 -7.720
126.160 -7.720
126.170 -7.720
126.170 -7.730
126.180 -7.730
126.190 -7.730
126.190 -7.720
126.200 -7.720
126.200 -7.710
126.210 -7.710
126.220 -7.700
126.230 -7.700
126.230 -7.690
126.240 -7.690
126.250 -7.690
126.260 -7.690
126.270 -7.690
126.280 -7.690
126.290 -7.690
126.300 -7.690
126.310 -7.690
126.320 -7.690
126.330 -7.690
126.330 -7.680
126.340 -7.680
126.350 -7.680
126.350 -7.670
126.360 -7.670
126.370 -7.670
126.370 -7.660
126.380 -7.660
126.380 -7.650
126.380 -7.640
126.390 -7.640
126.400 -7.640
126.400 -7.630
126.400 -7.620
126.410 -7.620
126.410 -7.630
126.420 -7.630
126.430 -7.630
126.440 -7.630
126.450 -7.630
126.450 -7.620
126.460 -7.620
126.460 -7.610
126.460 -7.600
126.460 -7.590
126.470 -7.590
126.480 -7.590
126.490 -7.590
126.500 -7.590
126.510 -7.590
126.510 -7.580
126.520 -7.580
126.530 -7.580
345
134.120 -6.240
134.120 -6.230
134.110 -6.230
134.110 -6.220
134.110 -6.210
134.110 -6.200
134.100 -6.200
134.100 -6.190
134.100 -6.180
134.100 -6.170
134.110 -6.160
134.120 -6.160
134.120 -6.170
134.130 -6.170
134.140 -6.170
134.140 -6.180
134.140 -6.190
134.150 -6.190
134.150 -6.200
134.160 -6.200
134.160 -6.210
134.170 -6.210
134.180 -6.210
134.180 -6.220
134.190 -6.220
134.190 -6.210
134.200 -6.220
134.200 -6.230
134.210 -6.220
134.220 -6.220
134.230 -6.220
134.230 -6.230
134.240 -6.230
134.240 -6.240
134.240 -6.250
134.250 -6.250
134.250 -6.260
134.260 -6.260
134.270 -6.260
134.270 -6.270
134.280 -6.270
134.280 -6.280
134.280 -6.290
134.290 -6.290
134.300 -6.290
134.310 -6.300
134.310 -6.310
134.300 -6.320
134.300 -6.330
134.290 -6.330
134.290 -6.340
134.290 -6.350
134.300 -6.350
134.300 -6.360
134.310 -6.360
134.310 -6.370
134.320 -6.370
134.320 -6.380
134.330 -6.380
134.340 -6.380
134.340 -6.390
134.340 -6.400
134.350 -6.400
134.360 -6.400
134.370 -6.400
134.380 -6.400
134.390 -6.400
134.400 -6.400
134.410 -6.400
134.410 -6.410
134.420 -6.410
134.420 -6.420
134.420 -6.430
134.430 -6.430
134.430 -6.440
134.440 -6.440
134.450 -6.440
134.460 -6.440
134.460 -6.450
134.470 -6.450
134.470 -6.460
134.480 -6.460
134.480 -6.470
134.480 -6.480
134.480 -6.490
134.490 -6.490
134.490 -6.500
134.500 -6.500
134.500 -6.510
134.500 -6.520
134.500 -6.530
134.490 -6.530
134.480 -6.530
134.480 -6.540
134.480 -6.550
134.490 -6.550
134.500 -6.550
134.490 -6.560
134.490 -6.570
134.480 -6.570
134.480 -6.580
134.490 -6.580
134.500 -6.580
134.500 -6.590
134.510 -6.590
134.510 -6.580
134.520 -6.580
134.520 -6.570
134.530 -6.570
134.530 -6.580
134.530 -6.590
134.530 -6.600
134.530 -6.610
134.520 -6.610
134.510 -6.610
134.510 -6.620
134.500 -6.620
134.500 -6.630
134.500 -6.640
134.500 -6.650
134.500 -6.660
134.490 -6.660
134.480 -6.660
134.480 -6.670
134.470 -6.670
134.460 -6.670
134.450 -6.670
134.440 -6.670
134.440 -6.660
134.440 -6.650
134.430 -6.650
134.430 -6.660
134.430 -6.670
134.430 -6.680
134.440 -6.680
134.450 -6.680
134.450 -6.690
134.450 -6.700
134.440 -6.700
134.440 -6.710
134.430 -6.710
134.420 -6.710
134.420 -6.720
134.410 -6.720
134.410 -6.730
134.400 -6.730
134.390 -6.730
134.390 -6.740
134.390 -6.750
134.400 -6.750
134.400 -6.760
134.390 -6.760
134.380 -6.760
134.380 -6.770
134.370 -6.770
134.370 -6.780
134.370 -6.790
134.360 -6.790
134.360 -6.800
134.350 -6.800
134.350 -6.810
134.360 -6.810
134.370 -6.810
134.380 -6.810
134.380 -6.820
134.370 -6.820
134.370 -6.830
134.360 -6.830
134.350 -6.830
134.350 -6.840
134.340 -6.850
134.340 -6.860
134.330 -6.860
134.320 -6.860
134.320 -6.870
134.310 -6.870
134.300 -6.870
134.290 -6.870
134.290 -6.880
134.280 -6.880
134.270 -6.880
134.260 -6.880
134.260 -6.890
134.250 -6.890
134.240 -6.890
134.240 -6.900
134.220 -6.900
134.220 -6.910
134.210 -6.910
134.210 -6.920
134.200 -6.920
134.200 -6.930
134.190 -6.930
134.190 -6.920
134.180 -6.920
134.170 -6.920
134.170 -6.910
134.170 -6.900
134.170 -6.890
134.170 -6.880
134.160 -6.880
134.160 -6.870
134.160 -6.860
134.150 -6.860
134.140 -6.860
134.130 -6.850
134.120 -6.850
134.110 -6.850
134.100 -6.850
134.090 -6.850
134.090 -6.840
134.080 -6.840
134.080 -6.830
134.070 -6.830
134.070 -6.820
134.070 -6.810
134.060 -6.810
134.060 -6.800
134.060 -6.790
134.060 -6.780
134.050 -6.780
134.050 -6.770
134.050 -6.760
134.060 -6.760
134.060 -6.750
134.060 -6.740
134.070 -6.740
134.070 -6.730
134.070 -6.720
134.080 -6.720
134.080 -6.710
134.080 -6.700
134.080 -6.690
134.080 -6.680
134.080 -6.670
134.080 -6.660
134.090 -6.660
134.090 -6.650
134.090 -6.640
134.090 -6.630
134.090 -6.620
134.090 -6.610
134.090 -6.600
134.090 -6.590
134.090 -6.580
134.090 -6.570
134.090 -6.560
134.100 -6.560
134.100 -6.550
134.100 -6.540
134.100 -6.530
134.100 -6.520
134.100 -6.510
134.100 -6.500
134.100 -6.490
134.100 -6.480
134.100 -6.470
134.110 -6.470
134.110 -6.460
134.110 -6.450
134.120 -6.450
134.130 -6.460
134.130 -6.470
134.130 -6.480
134.140 -6.480
134.140 -6.490
134.150 -6.490
134.160 -6.490
134.160 -6.480
134.170 -6.480
134.180 -6.480
134.180 -6.490
134.190 -6.490
134.200 -6.490
134.200 -6.500
134.210 -6.500
134.210 -6.510
134.210 -6.520
134.210 -6.530
134.210 -6.540
134.210 -6.550
134.220 -6.550
134.220 -6.560
134.230 -6.560
134.230 -6.570
134.230 -6.580
134.230 -6.590
134.230 -6.600
134.230 -6.610
134.240 -6.620
134.240 -6.610
134.240 -6.600
134.240 -6.590
134.240 -6.580
134.240 -6.570
134.230 -6.570
134.230 -6.560
134.220 -6.550
134.220 -6.540
134.220 -6.530
134.220 -6.520
134.230 -6.520
134.230 -6.510
134.220 -6.510
134.220 -6.500
134.220 -6.490
134.210 -6.490
134.210 -6.480
134.200 -6.480
134.200 -6.470
134.200 -6.460
134.190 -6.460
134.180 -6.460
134.180 -6.450
134.170 -6.450
134.170 -6.460
134.160 -6.460
134.150 -6.460
134.140 -6.460
134.140 -6.450
134.130 -6.450
134.130 -6.440
134.130 -6.430
134.120 -6.430
134.120 -6.420
134.120 -6.410
134.120 -6.400
134.120 -6.390
134.120 -6.380
134.120 -6.370
134.130 -6.370
134.130 -6.360
134.130 -6.350
134.130 -6.340
134.130 -6.330
134.130 -6.320
134.130 -6.310
134.130 -6.300
134.130 -6.290
134.130 -6.280
134.130 -6.270
134.130 -6.260
134.120 -6.260
134.120 -6.250
134.120 -6.240
448
134.550 -5.640
134.550 -5.650
134.570 -5.650
134.570 -5.660
134.570 -5.670
134.580 -5.670
134.580 -5.680
134.590 -5.680
134.590 -5.690
134.590 -5.700
134.600 -5.700
134.600 -5.710
134.610 -5.710
134.610 -5.720
134.610 -5.730
134.620 -5.730
134.620 -5.720
134.630 -5.720
134.630 -5.710
134.640 -5.710
134.640 -5.720
134.650 -5.730
134.660 -5.730
134.660 -5.740
134.650 -5.740
134.650 -5.750
134.660 -5.750
134.670 -5.750
134.670 -5.760
134.670 -5.770
134.680 -5.770
134.690 -5.770
134.690 -5.780
134.690 -5.790
134.690 -5.800
134.700 -5.800
134.700 -5.810
134.710 -5.810
134.710 -5.820
134.710 -5.830
134.720 -5.830
134.730 -5.830
134.730 -5.840
134.740 -5.840
134.750 -5.840
134.750 -5.850
134.760 -5.850
134.770 -5.850
134.770 -5.860
134.760 -5.870
134.770 -5.870
134.770 -5.880
134.770 -5.890
134.760 -5.890
134.760 -5.900
134.750 -5.900
134.740 -5.900
134.740 -5.910
134.730 -5.910
134.730 -5.900
134.730 -5.890
134.720 -5.890
134.710 -5.890
134.710 -5.900
134.710 -5.910
134.710 -5.920
134.720 -5.920
134.720 -5.930
134.730 -5.930
134.740 -5.930
134.740 -5.940
134.730 -5.940
134.730 -5.950
134.730 -5.960
134.740 -5.960
134.740 -5.970
134.740 -5.980
134.730 -5.980
134.720 -5.980
134.710 -5.980
134.710 -5.970
134.700 -5.970
134.700 -5.960
134.690 -5.960
134.680 -5.960
134.680 -5.950
134.680 -5.940
134.670 -5.940
134.670 -5.930
134.660 -5.930
134.650 -5.930
134.640 -5.930
134.630 -5.930
134.630 -5.920
134.630 -5.910
134.620 -5.910
134.620 -5.920
134.620 -5.930
134.610 -5.930
134.610 -5.940
134.620 -5.940
134.630 -5.940
134.640 -5.940
134.650 -5.940
134.660 -5.940
134.660 -5.950
134.660 -5.960
134.660 -5.970
134.660 -5.980
134.670 -5.980
134.680 -5.980
134.680 -5.990
134.690 -5.990
134.700 -6.000
134.710 -6.010
134.720 -6.010
134.720 -6.020
134.720 -6.030
134.730 -6.020
134.730 -6.030
134.740 -6.030
134.740 -6.040
134.750 -6.040
134.750 -6.050
134.750 -6.060
134.760 -6.060
134.760 -6.070
134.770 -6.070
134.770 -6.080
134.770 -6.090
134.780 -6.090
134.780 -6.100
134.780 -6.110
134.770 -6.110
134.770 -6.120
134.760 -6.120
134.760 -6.130
134.760 -6.140
134.750 -6.140
134.750 -6.150
134.740 -6.150
134.740 -6.160
134.730 -6.160
134.730 -6.150
134.720 -6.150
134.720 -6.160
134.710 -6.160
134.710 -6.170
134.710 -6.180
134.720 -6.180
134.720 -6.170
134.730 -6.170
134.740 -6.170
134.740 -6.160
134.750 -6.160
134.760 -6.160
134.770 -6.160
134.770 -6.170
134.770 -6.180
134.760 -6.180
134.760 -6.190
134.760 -6.200
134.760 -6.210
134.760 -6.220
134.760 -6.230
134.750 -6.240
134.750 -6.250
134.750 -6.260
134.740 -6.260
134.740 -6.270
134.740 -6.280
134.740 -6.290
134.730 -6.290
134.730 -6.300
134.730 -6.310
134.720 -6.310
134.720 -6.320
134.720 -6.330
134.700 -6.340
134.700 -6.330
134.690 -6.330
134.690 -6.340
134.680 -6.340
134.680 -6.350
134.630 -6.380
134.620 -6.370
134.610 -6.360
134.600 -6.360
134.590 -6.370
134.580 -6.360
134.580 -6.350
134.570 -6.350
134.570 -6.360
134.560 -6.360
134.560 -6.350
134.550 -6.350
134.550 -6.340
134.540 -6.340
134.540 -6.330
134.540 -6.320
134.540 -6.310
134.530 -6.310
134.520 -6.310
134.510 -6.310
134.510 -6.300
134.500 -6.300
134.500 -6.290
134.500 -6.280
134.490 -6.280
134.490 -6.290
134.490 -6.300
134.480 -6.300
134.480 -6.290
134.470 -6.290
134.470 -6.280
134.460 -6.280
134.460 -6.270
134.460 -6.260
134.450 -6.260
134.450 -6.250
134.440 -6.250
134.440 -6.240
134.440 -6.230
134.440 -6.220
134.430 -6.220
134.420 -6.220
134.410 -6.220
134.410 -6.230
134.400 -6.230
134.390 -6.230
134.390 -6.220
134.380 -6.220
134.380 -6.230
134.370 -6.230
134.370 -6.220
134.370 -6.210
134.360 -6.210
134.350 -6.210
134.350 -6.220
134.340 -6.220
134.340 -6.210
134.330 -6.210
134.330 -6.200
134.320 -6.200
134.320 -6.190
134.320 -6.180
134.310 -6.180
134.310 -6.170
134.310 -6.160
134.300 -6.160
134.300 -6.150
134.290 -6.150
134.280 -6.150
134.280 -6.140
134.290 -6.140
134.290 -6.130
134.290 -6.120
134.280 -6.120
134.270 -6.120
134.270 -6.110
134.270 -6.100
134.270 -6.090
134.270 -6.080
134.280 -6.080
134.280 -6.070
134.290 -6.070
134.290 -6.060
134.280 -6.060
134.280 -6.050
134.280 -6.040
134.290 -6.040
134.300 -6.040
134.300 -6.030
134.310 -6.030
134.320 -6.030
134.320 -6.020
134.310 -6.020
134.300 -6.020
134.300 -6.010
134.310 -6.010
134.310 -6.000
134.320 -6.000
134.320 -5.990
134.320 -5.980
134.320 -5.970
134.330 -5.970
134.330 -5.960
134.330 -5.950
134.330 -5.940
134.320 -5.940
134.320 -5.930
134.310 -5.930
134.300 -5.930
134.300 -5.920
134.290 -5.920
134.290 -5.910
134.300 -5.910
134.300 -5.900
134.310 -5.900
134.310 -5.890
134.320 -5.890
134.330 -5.890
134.330 -5.880
134.340 -5.880
134.340 -5.870
134.330 -5.870
134.330 -5.860
134.340 -5.860
134.340 -5.850
134.350 -5.850
134.360 -5.850
134.370 -5.850
134.370 -5.840
134.370 -5.830
134.360 -5.830
134.360 -5.820
134.370 -5.820
134.370 -5.810
134.370 -5.800
134.380 -5.800
134.390 -5.800
134.400 -5.790
134.390 -5.790
134.390 -5.780
134.380 -5.780
134.380 -5.770
134.370 -5.770
134.360 -5.770
134.360 -5.780
134.350 -5.780
134.350 -5.790
134.340 -5.790
134.340 -5.800
134.330 -5.800
134.330 -5.790
134.320 -5.790
134.320 -5.780
134.330 -5.780
134.340 -5.780
134.340 -5.770
134.330 -5.770
134.320 -5.770
134.310 -5.770
134.310 -5.760
134.300 -5.750
134.300 -5.760
134.290 -5.760
134.290 -5.750
134.280 -5.750
134.280 -5.760
134.270 -5.760
134.260 -5.760
134.260 -5.750
134.250 -5.750
134.240 -5.750
134.240 -5.740
134.230 -5.740
134.230 -5.730
134.220 -5.730
134.220 -5.720
134.210 -5.720
134.210 -5.710
134.220 -5.710
134.220 -5.700
134.220 -5.690
134.230 -5.690
134.230 -5.680
134.240 -5.680
134.240 -5.670
134.250 -5.670
134.260 -5.670
134.260 -5.680
134.270 -5.680
134.280 -5.680
134.290 -5.680
134.300 -5.680
134.300 -5.690
134.300 -5.700
134.310 -5.700
134.310 -5.710
134.320 -5.710
134.320 -5.720
134.330 -5.720
134.330 -5.730
134.340 -5.730
134.350 -5.730
134.350 -5.720
134.360 -5.720
134.360 -5.710
134.360 -5.700
134.350 -5.700
134.350 -5.690
134.360 -5.690
134.360 -5.680
134.370 -5.680
134.370 -5.670
134.380 -5.670
134.380 -5.660
134.390 -5.660
134.400 -5.660
134.400 -5.650
134.410 -5.650
134.410 -5.640
134.420 -5.640
134.420 -5.630
134.420 -5.620
134.430 -5.620
134.430 -5.610
134.430 -5.600
134.420 -5.600
134.420 -5.590
134.430 -5.590
134.430 -5.580
134.440 -5.580
134.450 -5.580
134.440 -5.570
134.440 -5.560
134.450 -5.560
134.450 -5.550
134.450 -5.540
134.450 -5.530
134.460 -5.530
134.460 -5.540
134.460 -5.550
134.460 -5.560
134.470 -5.560
134.480 -5.560
134.490 -5.560
134.490 -5.550
134.490 -5.540
134.490 -5.530
134.500 -5.530
134.500 -5.540
134.500 -5.550
134.500 -5.560
134.510 -5.560
134.520 -5.560
134.530 -5.560
134.530 -5.570
134.530 -5.580
134.530 -5.590
134.530 -5.600
134.530 -5.610
134.530 -5.620
134.540 -5.620
134.540 -5.630
134.540 -5.640
134.550 -5.640
REGION 6
1715
128.030 2.120
128.020 2.120
128.020 2.110
128.020 2.100
128.010 2.100
128.000 2.090
128.000 2.080
127.990 2.080
127.990 2.070
127.980 2.070
127.970 2.070
127.970 2.060
127.970 2.050
127.960 2.050
127.960 2.040
127.950 2.040
127.950 2.030
127.950 2.020
127.950 2.010
127.950 2.000
127.950 1.990
127.940 1.990
127.940 1.980
127.930 1.980
127.930 1.970
127.920 1.970
127.920 1.960
127.910 1.960
127.900 1.960
127.900 1.950
127.890 1.950
127.880 1.950
127.880 1.940
127.870 1.940
127.870 1.930
127.860 1.930
127.850 1.930
127.850 1.920
127.850 1.910
127.850 1.900
127.850 1.890
127.850 1.880
127.850 1.870
127.850 1.860
127.850 1.850
127.840 1.850
127.840 1.840
127.840 1.830
127.850 1.830
127.850 1.820
127.860 1.820
127.860 1.810
127.870 1.810
127.880 1.810
127.880 1.800
127.890 1.800
127.900 1.800
127.910 1.800
127.910 1.810
127.920 1.810
127.930 1.810
127.940 1.810
127.940 1.800
127.940 1.790
127.950 1.790
127.960 1.790
127.960 1.780
127.960 1.770
127.970 1.770
127.980 1.770
127.990 1.760
128.000 1.760
128.000 1.750
128.000 1.740
128.010 1.740
128.010 1.730
128.010 1.720
128.020 1.720
128.020 1.710
128.020 1.700
128.020 1.690
128.020 1.680
128.010 1.680
128.010 1.670
128.000 1.670
127.990 1.670
127.990 1.660
128.000 1.660
128.000 1.650
128.000 1.640
128.000 1.630
128.000 1.620
127.990 1.620
127.990 1.610
128.000 1.610
128.000 1.600
128.010 1.600
128.010 1.590
128.020 1.590
128.030 1.590
128.040 1.590
128.040 1.580
128.030 1.580
128.030 1.570
128.030 1.560
128.030 1.550
128.030 1.540
128.030 1.530
128.030 1.520
128.030 1.510
128.030 1.500
128.030 1.490
128.020 1.490
128.020 1.480
128.020 1.470
128.020 1.460
128.020 1.450
128.020 1.440
128.010 1.440
128.010 1.430
128.010 1.420
128.020 1.420
128.020 1.410
128.020 1.400
128.010 1.400
128.000 1.400
128.000 1.390
127.990 1.390
127.990 1.380
127.990 1.370
127.990 1.360
127.990 1.350
127.990 1.340
127.990 1.330
128.000 1.330
128.000 1.320
128.010 1.320
128.010 1.310
128.000 1.310
127.990 1.310
127.980 1.310
127.980 1.300
127.970 1.300
127.970 1.290
127.970 1.280
127.970 1.270
127.960 1.270
127.960 1.260
127.950 1.260
127.950 1.250
127.950 1.240
127.940 1.240
127.930 1.240
127.930 1.230
127.920 1.230
127.920 1.220
127.910 1.220
127.910 1.210
127.910 1.200
127.910 1.190
127.910 1.180
127.900 1.180
127.900 1.170
127.900 1.160
127.900 1.150
127.890 1.150
127.880 1.150
127.870 1.150
127.860 1.150
127.850 1.150
127.840 1.150
127.830 1.150
127.820 1.150
127.820 1.140
127.820 1.130
127.810 1.130
127.810 1.120
127.810 1.110
127.800 1.110
127.790 1.110
127.790 1.100
127.780 1.100
127.780 1.090
127.770 1.090
127.770 1.080
127.760 1.080
127.760 1.070
127.750 1.070
127.750 1.060
127.740 1.060
127.730 1.060
127.730 1.050
127.720 1.050
127.710 1.050
127.710 1.040
127.700 1.040
127.690 1.040
127.680 1.040
127.670 1.040
127.670 1.030
127.660 1.030
127.650 1.030
127.650 1.020
127.650 1.010
127.650 1.000
127.640 1.000
127.640 0.990
127.630 0.990
127.630 0.980
127.630 0.970
127.630 0.960
127.630 0.950
127.630 0.940
127.630 0.930
127.630 0.920
127.640 0.920
127.650 0.920
127.650 0.910
127.650 0.900
127.660 0.900
127.660 0.890
127.660 0.880
127.650 0.880
127.650 0.870
127.660 0.870
127.670 0.870
127.670 0.880
127.680 0.880
127.690 0.880
127.700 0.880
127.700 0.870
127.700 0.860
127.710 0.860
127.710 0.850
127.720 0.850
127.720 0.840
127.730 0.840
127.740 0.840
127.740 0.830
127.730 0.830
127.730 0.820
127.740 0.820
127.750 0.820
127.750 0.810
127.760 0.810
127.770 0.810
127.780 0.810
127.780 0.800
127.790 0.800
127.800 0.800
127.810 0.800
127.820 0.800
127.830 0.800
127.840 0.800
127.840 0.810
127.850 0.810
127.860 0.810
127.860 0.820
127.870 0.820
127.870 0.830
127.880 0.830
127.890 0.830
127.890 0.840
127.890 0.850
127.900 0.850
127.900 0.860
127.910 0.860
127.910 0.870
127.920 0.870
127.930 0.870
127.930 0.880
127.930 0.890
127.930 0.900
127.930 0.910
127.930 0.920
127.930 0.930
127.930 0.940
127.930 0.950
127.930 0.960
127.920 0.960
127.930 0.970
127.930 0.980
127.940 0.980
127.940 0.990
127.940 1.000
127.930 1.000
127.930 1.010
127.940 1.010
127.950 1.010
127.950 1.020
127.950 1.030
127.960 1.030
127.960 1.040
127.960 1.050
127.970 1.050
127.970 1.060
127.980 1.060
127.980 1.070
127.980 1.080
127.980 1.090
127.990 1.090
128.000 1.090
128.000 1.100
128.010 1.100
128.020 1.100
128.020 1.110
128.030 1.110
128.040 1.110
128.050 1.110
128.050 1.120
128.060 1.120
128.070 1.120
128.080 1.120
128.090 1.120
128.090 1.130
128.100 1.130
128.100 1.120
128.110 1.120
128.120 1.120
128.120 1.130
128.130 1.130
128.130 1.120
128.140 1.120
128.150 1.120
128.160 1.120
128.160 1.130
128.170 1.130
128.170 1.140
128.180 1.140
128.180 1.150
128.180 1.160
128.190 1.160
128.190 1.170
128.200 1.170
128.200 1.180
128.200 1.190
128.200 1.200
128.200 1.210
128.190 1.210
128.190 1.220
128.190 1.230
128.180 1.230
128.180 1.240
128.170 1.250
128.160 1.250
128.150 1.250
128.140 1.250
128.130 1.250
128.120 1.250
128.110 1.250
128.110 1.240
128.100 1.240
128.090 1.240
128.090 1.250
128.090 1.260
128.090 1.270
128.090 1.280
128.090 1.290
128.100 1.290
128.110 1.290
128.120 1.290
128.120 1.300
128.130 1.300
128.130 1.310
128.140 1.310
128.140 1.320
128.140 1.330
128.150 1.330
128.150 1.340
128.150 1.350
128.160 1.350
128.160 1.360
128.170 1.360
128.170 1.370
128.180 1.370
128.180 1.380
128.190 1.380
128.190 1.390
128.200 1.390
128.210 1.390
128.220 1.390
128.220 1.400
128.230 1.400
128.230 1.410
128.240 1.410
128.240 1.420
128.250 1.420
128.260 1.420
128.270 1.420
128.270 1.430
128.280 1.430
128.290 1.430
128.300 1.430
128.300 1.440
128.310 1.440
128.310 1.450
128.320 1.450
128.330 1.450
128.330 1.460
128.340 1.460
128.350 1.460
128.350 1.470
128.360 1.470
128.360 1.480
128.360 1.490
128.370 1.490
128.370 1.500
128.380 1.500
128.380 1.510
128.390 1.510
128.400 1.510
128.400 1.520
128.410 1.520
128.410 1.530
128.420 1.530
128.430 1.530
128.430 1.540
128.440 1.540
128.450 1.540
128.460 1.540
128.460 1.550
128.470 1.550
128.480 1.550
128.490 1.550
128.500 1.550
128.500 1.540
128.510 1.540
128.510 1.530
128.520 1.530
128.520 1.540
128.530 1.540
128.540 1.540
128.540 1.550
128.540 1.560
128.550 1.560
128.550 1.570
128.560 1.570
128.570 1.570
128.580 1.570
128.590 1.570
128.600 1.570
128.610 1.570
128.610 1.580
128.620 1.580
128.630 1.580
128.640 1.580
128.650 1.580
128.660 1.580
128.660 1.590
128.670 1.590
128.680 1.590
128.680 1.580
128.690 1.580
128.700 1.580
128.710 1.580
128.720 1.580
128.720 1.570
128.730 1.570
128.730 1.560
128.720 1.560
128.720 1.550
128.730 1.550
128.730 1.540
128.730 1.530
128.720 1.530
128.710 1.530
128.710 1.540
128.700 1.540
128.700 1.530
128.700 1.520
128.700 1.510
128.700 1.500
128.690 1.500
128.690 1.510
128.680 1.510
128.680 1.500
128.680 1.490
128.680 1.480
128.690 1.470
128.680 1.470
128.680 1.460
128.690 1.460
128.690 1.450
128.690 1.440
128.700 1.440
128.700 1.430
128.710 1.430
128.710 1.420
128.720 1.420
128.720 1.410
128.730 1.410
128.730 1.400
128.740 1.400
128.750 1.400
128.760 1.400
128.760 1.390
128.760 1.380
128.750 1.380
128.740 1.380
128.740 1.370
128.740 1.360
128.750 1.360
128.750 1.350
128.750 1.340
128.740 1.340
128.740 1.330
128.740 1.320
128.740 1.310
128.740 1.300
128.730 1.300
128.720 1.300
128.710 1.300
128.710 1.290
128.710 1.280
128.710 1.270
128.710 1.260
128.720 1.260
128.720 1.250
128.710 1.250
128.710 1.240
128.700 1.240
128.700 1.230
128.700 1.220
128.700 1.210
128.690 1.210
128.690 1.200
128.690 1.190
128.690 1.180
128.690 1.170
128.690 1.160
128.690 1.150
128.700 1.150
128.700 1.140
128.700 1.130
128.700 1.120
128.690 1.120
128.690 1.110
128.690 1.100
128.690 1.090
128.690 1.080
128.700 1.080
128.700 1.070
128.700 1.060
128.690 1.060
128.690 1.070
128.680 1.070
128.680 1.060
128.670 1.060
128.660 1.060
128.650 1.060
128.650 1.050
128.640 1.050
128.640 1.040
128.630 1.040
128.630 1.050
128.620 1.050
128.620 1.040
128.610 1.040
128.600 1.030
128.590 1.030
128.590 1.020
128.580 1.020
128.580 1.010
128.570 1.010
128.570 1.000
128.560 1.000
128.550 1.000
128.550 0.990
128.540 0.990
128.540 0.980
128.540 0.970
128.530 0.970
128.520 0.970
128.510 0.970
128.500 0.970
128.500 0.960
128.490 0.960
128.480 0.960
128.470 0.950
128.460 0.950
128.460 0.940
128.450 0.940
128.450 0.930
128.440 0.930
128.430 0.930
128.420 0.930
128.410 0.930
128.410 0.920
128.400 0.920
128.390 0.920
128.390 0.910
128.380 0.910
128.370 0.910
128.360 0.910
128.350 0.910
128.340 0.910
128.330 0.910
128.330 0.900
128.320 0.900
128.310 0.900
128.310 0.890
128.300 0.890
128.300 0.880
128.290 0.880
128.290 0.870
128.280 0.870
128.280 0.860
128.280 0.850
128.290 0.850
128.290 0.840
128.300 0.840
128.300 0.830
128.310 0.830
128.310 0.820
128.300 0.820
128.290 0.820
128.280 0.820
128.280 0.830
128.270 0.830
128.260 0.830
128.260 0.840
128.250 0.840
128.250 0.830
128.240 0.830
128.240 0.820
128.240 0.810
128.230 0.810
128.220 0.810
128.210 0.810
128.200 0.810
128.200 0.800
128.200 0.790
128.200 0.780
128.210 0.780
128.210 0.770
128.210 0.760
128.220 0.760
128.220 0.750
128.230 0.750
128.230 0.740
128.240 0.740
128.240 0.730
128.250 0.730
128.250 0.740
128.260 0.740
128.260 0.730
128.270 0.730
128.270 0.720
128.280 0.720
128.280 0.710
128.290 0.710
128.290 0.700
128.300 0.700
128.300 0.690
128.300 0.680
128.310 0.680
128.310 0.670
128.310 0.660
128.320 0.660
128.320 0.650
128.330 0.650
128.330 0.660
128.340 0.660
128.350 0.660
128.360 0.660
128.360 0.650
128.350 0.650
128.350 0.640
128.360 0.640
128.370 0.640
128.380 0.640
128.390 0.640
128.400 0.640
128.410 0.640
128.410 0.630
128.420 0.630
128.430 0.630
128.440 0.630
128.450 0.630
128.450 0.620
128.460 0.620
128.460 0.610
128.470 0.610
128.470 0.600
128.480 0.600
128.490 0.600
128.500 0.590
128.510 0.590
128.520 0.590
128.530 0.590
128.530 0.580
128.540 0.580
128.550 0.580
128.550 0.570
128.560 0.570
128.570 0.570
128.570 0.560
128.580 0.560
128.590 0.560
128.600 0.560
128.610 0.560
128.620 0.560
128.630 0.560
128.630 0.550
128.640 0.550
128.650 0.550
128.650 0.540
128.660 0.540
128.660 0.550
128.670 0.550
128.680 0.550
128.680 0.540
128.690 0.540
128.690 0.530
128.690 0.520
128.680 0.510
128.680 0.500
128.670 0.500
128.670 0.490
128.670 0.480
128.680 0.480
128.680 0.470
128.690 0.470
128.690 0.460
128.690 0.450
128.690 0.440
128.680 0.440
128.680 0.430
128.680 0.420
128.690 0.420
128.690 0.410
128.690 0.400
128.680 0.400
128.680 0.390
128.680 0.380
128.680 0.370
128.670 0.370
128.670 0.360
128.670 0.350
128.670 0.340
128.680 0.340
128.680 0.330
128.690 0.330
128.700 0.330
128.710 0.330
128.720 0.330
128.730 0.330
128.740 0.330
128.740 0.320
128.750 0.320
128.760 0.320
128.770 0.320
128.780 0.320
128.790 0.320
128.790 0.310
128.800 0.310
128.810 0.310
128.810 0.300
128.820 0.300
128.830 0.300
128.830 0.290
128.840 0.290
128.850 0.290
128.850 0.280
128.860 0.280
128.860 0.270
128.870 0.270
128.870 0.260
128.870 0.250
128.870 0.240
128.870 0.230
128.880 0.230
128.880 0.220
128.870 0.220
128.860 0.220
128.860 0.230
128.860 0.240
128.850 0.240
128.850 0.250
128.850 0.260
128.840 0.260
128.830 0.260
128.820 0.260
128.810 0.260
128.810 0.270
128.800 0.270
128.790 0.270
128.780 0.270
128.780 0.280
128.770 0.280
128.760 0.280
128.750 0.280
128.740 0.280
128.730 0.280
128.720 0.280
128.720 0.290
128.710 0.290
128.700 0.290
128.700 0.300
128.690 0.300
128.680 0.300
128.670 0.300
128.660 0.300
128.650 0.300
128.650 0.310
128.640 0.310
128.630 0.310
128.620 0.310
128.620 0.320
128.610 0.320
128.600 0.320
128.590 0.320
128.580 0.320
128.570 0.320
128.560 0.320
128.550 0.320
128.550 0.330
128.540 0.330
128.540 0.340
128.530 0.340
128.520 0.340
128.510 0.340
128.510 0.350
128.500 0.350
128.500 0.360
128.500 0.370
128.490 0.370
128.490 0.380
128.490 0.390
128.480 0.390
128.470 0.390
128.460 0.390
128.460 0.400
128.450 0.400
128.440 0.400
128.430 0.400
128.430 0.390
128.420 0.390
128.410 0.390
128.400 0.390
128.400 0.400
128.390 0.400
128.390 0.410
128.380 0.410
128.380 0.400
128.370 0.400
128.360 0.400
128.350 0.400
128.340 0.400
128.330 0.400
128.320 0.400
128.310 0.400
128.300 0.400
128.290 0.400
128.280 0.400
128.270 0.400
128.260 0.400
128.260 0.410
128.250 0.410
128.240 0.410
128.230 0.410
128.220 0.410
128.220 0.420
128.210 0.420
128.200 0.420
128.200 0.430
128.190 0.430
128.180 0.430
128.180 0.440
128.170 0.440
128.170 0.450
128.160 0.460
128.150 0.460
128.140 0.460
128.130 0.460
128.120 0.460
128.120 0.450
128.110 0.450
128.110 0.460
128.100 0.460
128.090 0.460
128.090 0.470
128.080 0.470
128.080 0.480
128.070 0.480
128.070 0.470
128.060 0.470
128.050 0.470
128.050 0.480
128.040 0.480
128.030 0.480
128.030 0.470
128.020 0.470
128.010 0.470
128.010 0.480
128.000 0.480
128.000 0.470
127.990 0.470
127.990 0.480
127.980 0.480
127.970 0.480
127.960 0.480
127.960 0.470
127.950 0.470
127.940 0.470
127.940 0.460
127.930 0.460
127.920 0.460
127.920 0.450
127.910 0.450
127.910 0.440
127.900 0.440
127.900 0.430
127.900 0.420
127.910 0.420
127.910 0.410
127.910 0.400
127.910 0.390
127.900 0.390
127.900 0.380
127.900 0.370
127.900 0.360
127.890 0.370
127.890 0.360
127.880 0.360
127.880 0.350
127.880 0.340
127.880 0.330
127.880 0.320
127.870 0.320
127.870 0.310
127.870 0.300
127.870 0.290
127.880 0.290
127.890 0.290
127.900 0.290
127.900 0.280
127.910 0.280
127.920 0.280
127.920 0.270
127.920 0.260
127.920 0.250
127.920 0.240
127.920 0.230
127.920 0.220
127.920 0.210
127.920 0.200
127.920 0.190
127.920 0.180
127.920 0.170
127.920 0.160
127.920 0.150
127.920 0.140
127.920 0.130
127.930 0.130
127.930 0.120
127.930 0.110
127.920 0.110
127.910 0.110
127.900 0.110
127.900 0.100
127.890 0.100
127.890 0.090
127.890 0.080
127.890 0.070
127.890 0.060
127.890 0.050
127.890 0.040
127.890 0.030
127.890 0.020
127.890 0.010
127.890 0.000
127.890 -0.010
127.890 -0.020
127.900 -0.020
127.900 -0.030
127.910 -0.030
127.910 -0.040
127.910 -0.050
127.910 -0.060
127.920 -0.060
127.920 -0.070
127.920 -0.080
127.930 -0.080
127.930 -0.090
127.940 -0.100
127.940 -0.110
127.950 -0.110
127.950 -0.120
127.950 -0.130
127.950 -0.140
127.960 -0.150
127.960 -0.160
127.970 -0.170
127.970 -0.180
127.970 -0.190
127.970 -0.200
127.970 -0.210
127.970 -0.220
127.980 -0.230
127.980 -0.240
127.980 -0.250
127.980 -0.260
127.980 -0.270
127.990 -0.270
127.990 -0.280
127.990 -0.290
128.000 -0.290
128.000 -0.300
128.000 -0.310
128.010 -0.310
128.010 -0.320
128.020 -0.320
128.020 -0.330
128.020 -0.340
128.020 -0.350
128.030 -0.350
128.030 -0.360
128.030 -0.370
128.040 -0.370
128.040 -0.380
128.040 -0.390
128.040 -0.400
128.050 -0.400
128.050 -0.410
128.050 -0.420
128.060 -0.420
128.060 -0.430
128.070 -0.430
128.070 -0.440
128.070 -0.450
128.080 -0.450
128.080 -0.460
128.080 -0.470
128.080 -0.480
128.090 -0.480
128.090 -0.490
128.090 -0.500
128.100 -0.500
128.100 -0.510
128.110 -0.510
128.110 -0.520
128.120 -0.530
128.120 -0.540
128.130 -0.540
128.130 -0.550
128.140 -0.550
128.140 -0.560
128.140 -0.570
128.150 -0.570
128.150 -0.580
128.150 -0.590
128.160 -0.590
128.160 -0.600
128.170 -0.600
128.170 -0.610
128.170 -0.620
128.180 -0.620
128.190 -0.630
128.190 -0.640
128.190 -0.650
128.190 -0.660
128.200 -0.660
128.200 -0.670
128.200 -0.680
128.210 -0.680
128.210 -0.690
128.210 -0.700
128.220 -0.700
128.220 -0.710
128.230 -0.710
128.230 -0.720
128.240 -0.720
128.250 -0.730
128.260 -0.730
128.260 -0.740
128.270 -0.740
128.270 -0.750
128.280 -0.750
128.290 -0.750
128.290 -0.760
128.300 -0.760
128.300 -0.770
128.310 -0.770
128.310 -0.780
128.310 -0.790
128.320 -0.790
128.320 -0.800
128.330 -0.810
128.340 -0.810
128.350 -0.810
128.350 -0.820
128.350 -0.830
128.360 -0.830
128.360 -0.840
128.370 -0.840
128.380 -0.850
128.380 -0.860
128.390 -0.860
128.400 -0.860
128.400 -0.870
128.410 -0.870
128.420 -0.870
128.420 -0.880
128.430 -0.880
128.440 -0.880
128.440 -0.890
128.450 -0.890
128.450 -0.900
128.460 -0.900
128.460 -0.910
128.450 -0.910
128.440 -0.910
128.440 -0.900
128.430 -0.900
128.420 -0.900
128.410 -0.900
128.410 -0.890
128.400 -0.890
128.400 -0.880
128.390 -0.880
128.380 -0.880
128.370 -0.880
128.360 -0.880
128.350 -0.880
128.350 -0.890
128.340 -0.880
128.330 -0.880
128.330 -0.870
128.320 -0.870
128.320 -0.860
128.310 -0.860
128.310 -0.870
128.310 -0.880
128.300 -0.880
128.290 -0.880
128.280 -0.880
128.280 -0.870
128.270 -0.870
128.260 -0.870
128.260 -0.860
128.250 -0.860
128.240 -0.860
128.240 -0.850
128.230 -0.850
128.230 -0.840
128.230 -0.830
128.240 -0.830
128.240 -0.820
128.250 -0.820
128.260 -0.820
128.260 -0.830
128.270 -0.830
128.270 -0.820
128.270 -0.810
128.260 -0.810
128.260 -0.800
128.250 -0.800
128.250 -0.790
128.240 -0.790
128.240 -0.780
128.240 -0.770
128.230 -0.770
128.230 -0.760
128.220 -0.760
128.220 -0.770
128.210 -0.770
128.200 -0.770
128.200 -0.760
128.190 -0.760
128.180 -0.760
128.170 -0.760
128.170 -0.750
128.160 -0.750
128.150 -0.750
128.150 -0.740
128.140 -0.740
128.130 -0.740
128.120 -0.740
128.120 -0.730
128.110 -0.730
128.100 -0.730
128.090 -0.730
128.090 -0.720
128.080 -0.720
128.070 -0.720
128.060 -0.720
128.060 -0.710
128.050 -0.710
128.050 -0.700
128.040 -0.700
128.030 -0.700
128.030 -0.690
128.020 -0.690
128.020 -0.680
128.010 -0.680
128.010 -0.670
128.000 -0.670
128.000 -0.660
128.000 -0.650
127.990 -0.650
127.990 -0.640
127.990 -0.630
127.990 -0.620
127.990 -0.610
127.980 -0.610
127.980 -0.600
127.980 -0.590
127.970 -0.590
127.970 -0.580
127.960 -0.580
127.960 -0.570
127.960 -0.560
127.950 -0.560
127.950 -0.550
127.950 -0.540
127.950 -0.530
127.950 -0.520
127.940 -0.520
127.940 -0.510
127.940 -0.500
127.930 -0.500
127.930 -0.490
127.920 -0.490
127.920 -0.480
127.910 -0.480
127.910 -0.470
127.910 -0.460
127.900 -0.450
127.900 -0.440
127.900 -0.430
127.890 -0.430
127.890 -0.420
127.890 -0.410
127.880 -0.410
127.880 -0.400
127.880 -0.390
127.880 -0.380
127.870 -0.380
127.870 -0.370
127.860 -0.370
127.860 -0.360
127.850 -0.360
127.840 -0.360
127.840 -0.350
127.830 -0.350
127.830 -0.340
127.820 -0.340
127.810 -0.340
127.800 -0.340
127.790 -0.340
127.790 -0.330
127.780 -0.330
127.770 -0.330
127.760 -0.320
127.750 -0.320
127.750 -0.310
127.740 -0.310
127.740 -0.300
127.730 -0.300
127.720 -0.300
127.720 -0.290
127.710 -0.290
127.710 -0.280
127.700 -0.280
127.700 -0.270
127.690 -0.270
127.690 -0.260
127.690 -0.250
127.690 -0.240
127.680 -0.240
127.670 -0.240
127.670 -0.230
127.670 -0.220
127.660 -0.220
127.660 -0.210
127.660 -0.200
127.670 -0.200
127.670 -0.190
127.670 -0.180
127.680 -0.170
127.680 -0.160
127.680 -0.150
127.680 -0.140
127.690 -0.140
127.690 -0.130
127.690 -0.120
127.690 -0.110
127.700 -0.110
127.700 -0.100
127.700 -0.090
127.700 -0.080
127.700 -0.070
127.700 -0.060
127.700 -0.050
127.700 -0.040
127.700 -0.030
127.700 -0.020
127.700 -0.010
127.700 0.000
127.700 0.010
127.700 0.020
127.710 0.020
127.710 0.030
127.710 0.040
127.720 0.040
127.720 0.050
127.720 0.060
127.720 0.070
127.720 0.080
127.720 0.090
127.710 0.090
127.710 0.100
127.700 0.100
127.690 0.100
127.690 0.110
127.690 0.120
127.700 0.120
127.700 0.130
127.700 0.140
127.690 0.140
127.690 0.150
127.690 0.160
127.690 0.170
127.700 0.170
127.700 0.180
127.700 0.190
127.700 0.200
127.700 0.210
127.710 0.210
127.710 0.220
127.710 0.230
127.710 0.240
127.720 0.240
127.720 0.250
127.720 0.260
127.720 0.270
127.720 0.280
127.730 0.280
127.730 0.290
127.730 0.300
127.730 0.310
127.730 0.320
127.730 0.330
127.720 0.330
127.720 0.340
127.720 0.350
127.710 0.350
127.700 0.350
127.690 0.350
127.680 0.350
127.670 0.350
127.670 0.340
127.660 0.340
127.660 0.350
127.650 0.350
127.650 0.360
127.640 0.350
127.640 0.360
127.630 0.360
127.620 0.360
127.620 0.370
127.620 0.380
127.620 0.390
127.620 0.400
127.610 0.400
127.600 0.400
127.590 0.400
127.590 0.410
127.580 0.410
127.580 0.420
127.580 0.430
127.570 0.430
127.570 0.440
127.570 0.450
127.570 0.460
127.570 0.470
127.570 0.480
127.570 0.490
127.560 0.490
127.560 0.500
127.560 0.510
127.560 0.520
127.550 0.520
127.550 0.530
127.540 0.530
127.540 0.540
127.530 0.540
127.530 0.550
127.530 0.560
127.530 0.570
127.540 0.570
127.540 0.580
127.540 0.590
127.530 0.590
127.530 0.600
127.530 0.610
127.530 0.620
127.540 0.620
127.540 0.630
127.540 0.640
127.540 0.650
127.540 0.660
127.550 0.660
127.550 0.670
127.550 0.680
127.550 0.690
127.550 0.700
127.550 0.710
127.550 0.720
127.550 0.730
127.550 0.740
127.560 0.740
127.560 0.750
127.570 0.750
127.580 0.750
127.580 0.760
127.590 0.760
127.600 0.760
127.600 0.770
127.600 0.780
127.610 0.780
127.620 0.780
127.620 0.790
127.620 0.800
127.630 0.800
127.630 0.810
127.640 0.810
127.640 0.820
127.640 0.830
127.640 0.840
127.640 0.850
127.630 0.850
127.620 0.850
127.610 0.850
127.610 0.860
127.600 0.860
127.590 0.860
127.580 0.860
127.580 0.870
127.570 0.870
127.560 0.870
127.550 0.870
127.540 0.860
127.540 0.870
127.540 0.880
127.530 0.880
127.530 0.890
127.520 0.890
127.510 0.890
127.510 0.880
127.500 0.880
127.500 0.890
127.490 0.890
127.490 0.900
127.490 0.910
127.490 0.920
127.490 0.930
127.500 0.930
127.500 0.940
127.500 0.950
127.510 0.950
127.510 0.960
127.510 0.970
127.510 0.980
127.500 0.980
127.500 0.990
127.500 1.000
127.490 1.000
127.490 0.990
127.480 0.990
127.480 1.000
127.470 1.000
127.470 1.010
127.480 1.010
127.480 1.020
127.490 1.020
127.500 1.020
127.500 1.030
127.500 1.040
127.500 1.050
127.490 1.060
127.480 1.060
127.470 1.060
127.460 1.060
127.460 1.050
127.450 1.050
127.440 1.050
127.430 1.050
127.430 1.040
127.430 1.030
127.420 1.030
127.420 1.040
127.410 1.040
127.410 1.050
127.400 1.050
127.400 1.060
127.400 1.070
127.400 1.080
127.400 1.090
127.410 1.090
127.410 1.100
127.420 1.100
127.420 1.110
127.430 1.120
127.430 1.130
127.430 1.140
127.430 1.150
127.430 1.160
127.420 1.160
127.420 1.170
127.420 1.180
127.410 1.180
127.410 1.190
127.400 1.190
127.400 1.200
127.410 1.210
127.410 1.220
127.410 1.230
127.410 1.240
127.420 1.240
127.420 1.250
127.420 1.260
127.420 1.270
127.430 1.270
127.430 1.280
127.440 1.280
127.440 1.290
127.440 1.300
127.450 1.300
127.450 1.310
127.460 1.310
127.460 1.320
127.470 1.320
127.470 1.330
127.470 1.340
127.480 1.340
127.480 1.350
127.480 1.360
127.490 1.360
127.490 1.370
127.490 1.380
127.490 1.390
127.490 1.400
127.500 1.400
127.500 1.410
127.510 1.410
127.510 1.420
127.520 1.420
127.520 1.430
127.520 1.440
127.530 1.450
127.530 1.460
127.530 1.470
127.530 1.480
127.530 1.490
127.540 1.490
127.540 1.500
127.540 1.510
127.530 1.510
127.530 1.520
127.530 1.530
127.530 1.540
127.530 1.550
127.520 1.550
127.520 1.560
127.520 1.570
127.520 1.580
127.530 1.580
127.530 1.590
127.540 1.590
127.540 1.580
127.550 1.580
127.550 1.590
127.550 1.600
127.550 1.610
127.550 1.620
127.550 1.630
127.540 1.630
127.540 1.640
127.540 1.650
127.550 1.650
127.550 1.640
127.560 1.640
127.560 1.650
127.560 1.660
127.570 1.660
127.580 1.660
127.580 1.670
127.580 1.680
127.580 1.690
127.570 1.690
127.570 1.700
127.570 1.710
127.560 1.710
127.550 1.710
127.560 1.720
127.570 1.720
127.580 1.730
127.570 1.730
127.570 1.740
127.570 1.750
127.570 1.760
127.580 1.760
127.590 1.770
127.600 1.770
127.600 1.780
127.610 1.780
127.610 1.790
127.610 1.800
127.620 1.800
127.630 1.800
127.630 1.810
127.630 1.820
127.640 1.820
127.650 1.820
127.650 1.830
127.640 1.840
127.650 1.840
127.650 1.850
127.660 1.850
127.660 1.860
127.660 1.870
127.660 1.880
127.670 1.880
127.670 1.890
127.680 1.890
127.680 1.900
127.680 1.910
127.690 1.910
127.690 1.920
127.700 1.930
127.700 1.940
127.710 1.940
127.710 1.950
127.720 1.950
127.730 1.950
127.730 1.960
127.740 1.960
127.740 1.970
127.750 1.970
127.750 1.980
127.760 1.980
127.760 1.990
127.770 1.990
127.770 2.000
127.780 2.000
127.780 2.010
127.790 2.010
127.790 2.020
127.790 2.030
127.800 2.030
127.800 2.040
127.800 2.050
127.810 2.050
127.810 2.060
127.820 2.060
127.820 2.070
127.830 2.070
127.830 2.080
127.840 2.080
127.840 2.090
127.850 2.090
127.850 2.100
127.860 2.100
127.870 2.110
127.870 2.120
127.880 2.120
127.890 2.120
127.890 2.130
127.900 2.130
127.900 2.140
127.910 2.140
127.910 2.150
127.910 2.160
127.920 2.160
127.930 2.160
127.930 2.170
127.930 2.180
127.940 2.180
127.940 2.190
127.950 2.190
127.960 2.190
127.960 2.200
127.960 2.210
127.960 2.220
127.970 2.220
127.970 2.210
127.980 2.210
127.980 2.200
127.980 2.190
127.980 2.180
127.990 2.180
127.990 2.190
128.000 2.190
128.010 2.190
128.020 2.190
128.020 2.200
128.030 2.200
128.040 2.200
128.050 2.200
128.060 2.200
128.070 2.200
128.070 2.190
128.070 2.180
128.070 2.170
128.060 2.170
128.060 2.160
128.050 2.160
128.050 2.150
128.040 2.150
128.040 2.140
128.040 2.130
128.030 2.130
128.030 2.120
386
124.370 -1.700
124.370 -1.690
124.370 -1.680
124.380 -1.680
124.380 -1.670
124.390 -1.670
124.390 -1.660
124.400 -1.660
124.410 -1.660
124.420 -1.660
124.430 -1.660
124.440 -1.660
124.450 -1.660
124.460 -1.660
124.470 -1.660
124.480 -1.660
124.490 -1.660
124.500 -1.660
124.500 -1.650
124.510 -1.650
124.510 -1.640
124.510 -1.630
124.520 -1.640
124.520 -1.650
124.520 -1.660
124.530 -1.670
124.530 -1.660
124.530 -1.650
124.540 -1.650
124.540 -1.640
124.550 -1.640
124.560 -1.640
124.570 -1.640
124.570 -1.650
124.580 -1.650
124.580 -1.640
124.590 -1.640
124.600 -1.640
124.610 -1.640
124.620 -1.640
124.630 -1.640
124.640 -1.640
124.650 -1.640
124.660 -1.640
124.670 -1.640
124.680 -1.640
124.680 -1.650
124.690 -1.650
124.700 -1.650
124.700 -1.660
124.710 -1.660
124.710 -1.650
124.720 -1.650
124.720 -1.660
124.730 -1.660
124.740 -1.660
124.740 -1.670
124.750 -1.670
124.760 -1.670
124.770 -1.670
124.780 -1.670
124.780 -1.680
124.790 -1.680
124.800 -1.680
124.800 -1.670
124.810 -1.670
124.820 -1.670
124.820 -1.680
124.830 -1.680
124.840 -1.680
124.850 -1.680
124.860 -1.680
124.870 -1.680
124.870 -1.690
124.880 -1.690
124.880 -1.700
124.890 -1.700
124.900 -1.710
124.900 -1.700
124.910 -1.700
124.920 -1.700
124.920 -1.710
124.930 -1.710
124.930 -1.700
124.940 -1.700
124.950 -1.700
124.960 -1.700
124.960 -1.710
124.970 -1.710
124.970 -1.700
124.980 -1.710
124.990 -1.710
125.000 -1.710
125.000 -1.720
125.000 -1.730
125.010 -1.730
125.010 -1.720
125.020 -1.720
125.030 -1.720
125.030 -1.730
125.020 -1.730
125.020 -1.740
125.010 -1.740
125.010 -1.750
125.020 -1.750
125.020 -1.760
125.030 -1.760
125.030 -1.750
125.040 -1.750
125.040 -1.760
125.040 -1.770
125.050 -1.770
125.060 -1.770
125.060 -1.760
125.060 -1.750
125.070 -1.750
125.070 -1.760
125.070 -1.770
125.080 -1.770
125.080 -1.760
125.090 -1.760
125.100 -1.760
125.100 -1.750
125.090 -1.750
125.090 -1.740
125.100 -1.740
125.110 -1.740
125.110 -1.730
125.100 -1.730
125.100 -1.720
125.110 -1.720
125.110 -1.710
125.110 -1.700
125.110 -1.690
125.120 -1.690
125.130 -1.680
125.130 -1.690
125.140 -1.690
125.140 -1.700
125.140 -1.710
125.150 -1.710
125.160 -1.700
125.170 -1.700
125.180 -1.700
125.180 -1.710
125.180 -1.720
125.190 -1.720
125.190 -1.710
125.200 -1.710
125.200 -1.720
125.200 -1.730
125.200 -1.740
125.200 -1.750
125.190 -1.740
125.190 -1.750
125.190 -1.760
125.190 -1.770
125.190 -1.780
125.180 -1.780
125.180 -1.790
125.190 -1.790
125.200 -1.790
125.210 -1.790
125.220 -1.790
125.220 -1.780
125.220 -1.770
125.230 -1.770
125.230 -1.760
125.230 -1.750
125.220 -1.750
125.220 -1.740
125.230 -1.740
125.230 -1.730
125.240 -1.730
125.240 -1.720
125.250 -1.720
125.260 -1.720
125.260 -1.730
125.270 -1.730
125.280 -1.730
125.290 -1.730
125.300 -1.740
125.300 -1.750
125.300 -1.760
125.300 -1.770
125.290 -1.770
125.290 -1.780
125.300 -1.780
125.310 -1.780
125.320 -1.780
125.320 -1.790
125.320 -1.800
125.320 -1.810
125.320 -1.820
125.310 -1.820
125.310 -1.830
125.320 -1.830
125.320 -1.840
125.310 -1.840
125.310 -1.850
125.320 -1.860
125.320 -1.870
125.320 -1.880
125.330 -1.880
125.330 -1.890
125.320 -1.890
125.310 -1.890
125.300 -1.890
125.290 -1.890
125.280 -1.890
125.280 -1.880
125.270 -1.880
125.270 -1.890
125.260 -1.890
125.250 -1.890
125.250 -1.880
125.240 -1.880
125.230 -1.880
125.220 -1.880
125.210 -1.880
125.200 -1.880
125.190 -1.880
125.190 -1.890
125.180 -1.890
125.180 -1.880
125.170 -1.880
125.160 -1.880
125.160 -1.870
125.150 -1.870
125.150 -1.880
125.140 -1.880
125.130 -1.880
125.120 -1.880
125.120 -1.890
125.110 -1.890
125.110 -1.900
125.100 -1.900
125.090 -1.900
125.090 -1.890
125.080 -1.890
125.070 -1.890
125.060 -1.890
125.050 -1.890
125.040 -1.890
125.030 -1.890
125.020 -1.890
125.020 -1.900
125.010 -1.900
125.010 -1.910
125.020 -1.910
125.020 -1.920
125.020 -1.930
125.020 -1.940
125.010 -1.940
125.000 -1.940
125.000 -1.930
124.990 -1.930
124.990 -1.940
124.980 -1.940
124.970 -1.940
124.970 -1.930
124.960 -1.930
124.950 -1.930
124.940 -1.930
124.930 -1.930
124.920 -1.930
124.910 -1.920
124.910 -1.930
124.900 -1.930
124.890 -1.930
124.890 -1.920
124.880 -1.920
124.880 -1.910
124.880 -1.900
124.870 -1.900
124.870 -1.890
124.860 -1.890
124.850 -1.890
124.840 -1.890
124.840 -1.900
124.830 -1.900
124.820 -1.900
124.810 -1.900
124.810 -1.910
124.800 -1.910
124.790 -1.910
124.780 -1.910
124.780 -1.920
124.770 -1.920
124.770 -1.930
124.760 -1.930
124.750 -1.930
124.750 -1.940
124.740 -1.940
124.730 -1.940
124.720 -1.940
124.720 -1.950
124.710 -1.950
124.700 -1.950
124.700 -1.960
124.690 -1.960
124.690 -1.970
124.680 -1.980
124.680 -1.970
124.670 -1.970
124.670 -1.980
124.660 -1.980
124.650 -1.980
124.640 -1.980
124.640 -1.990
124.630 -1.990
124.620 -1.990
124.610 -1.990
124.600 -1.990
124.600 -2.000
124.590 -2.000
124.580 -2.000
124.570 -2.000
124.570 -2.010
124.560 -2.010
124.550 -2.010
124.540 -2.010
124.530 -2.020
124.520 -2.020
124.520 -2.010
124.510 -2.010
124.500 -2.010
124.500 -2.020
124.490 -2.020
124.480 -2.020
124.470 -2.020
124.460 -2.020
124.450 -2.020
124.440 -2.020
124.440 -2.030
124.430 -2.030
124.420 -2.030
124.420 -2.020
124.410 -2.020
124.410 -2.030
124.400 -2.030
124.400 -2.020
124.390 -2.020
124.390 -2.010
124.400 -2.010
124.400 -2.000
124.400 -1.990
124.400 -1.980
124.390 -1.980
124.390 -1.970
124.390 -1.960
124.380 -1.960
124.380 -1.950
124.380 -1.940
124.370 -1.940
124.370 -1.930
124.360 -1.930
124.360 -1.920
124.350 -1.920
124.350 -1.910
124.340 -1.910
124.340 -1.900
124.340 -1.890
124.340 -1.880
124.340 -1.870
124.340 -1.860
124.340 -1.850
124.340 -1.840
124.340 -1.830
124.340 -1.820
124.340 -1.810
124.350 -1.810
124.350 -1.800
124.350 -1.790
124.350 -1.780
124.360 -1.780
124.360 -1.770
124.360 -1.760
124.360 -1.750
124.370 -1.740
124.370 -1.730
124.360 -1.730
124.360 -1.720
124.360 -1.710
124.360 -1.700
124.370 -1.700
280
127.620 -1.350
127.630 -1.350
127.630 -1.340
127.640 -1.340
127.640 -1.330
127.650 -1.330
127.650 -1.340
127.660 -1.340
127.660 -1.350
127.670 -1.350
127.670 -1.340
127.670 -1.330
127.680 -1.330
127.680 -1.340
127.690 -1.350
127.700 -1.350
127.700 -1.340
127.710 -1.340
127.720 -1.340
127.730 -1.340
127.740 -1.350
127.750 -1.350
127.760 -1.350
127.760 -1.360
127.770 -1.360
127.770 -1.370
127.780 -1.370
127.790 -1.370
127.790 -1.380
127.790 -1.390
127.790 -1.400
127.800 -1.400
127.800 -1.410
127.800 -1.420
127.810 -1.420
127.810 -1.410
127.820 -1.410
127.820 -1.420
127.830 -1.420
127.840 -1.430
127.840 -1.440
127.850 -1.440
127.860 -1.440
127.870 -1.440
127.880 -1.440
127.880 -1.430
127.890 -1.430
127.900 -1.430
127.910 -1.440
127.920 -1.440
127.930 -1.440
127.930 -1.450
127.940 -1.450
127.950 -1.460
127.950 -1.470
127.960 -1.470
127.960 -1.480
127.970 -1.480
127.980 -1.480
127.980 -1.490
127.980 -1.500
127.990 -1.500
127.990 -1.510
128.000 -1.510
128.010 -1.510
128.010 -1.520
128.020 -1.520
128.020 -1.530
128.030 -1.530
128.030 -1.540
128.040 -1.540
128.040 -1.550
128.050 -1.550
128.050 -1.560
128.060 -1.560
128.060 -1.570
128.070 -1.570
128.070 -1.560
128.080 -1.560
128.080 -1.570
128.080 -1.580
128.090 -1.580
128.100 -1.580
128.100 -1.570
128.110 -1.570
128.110 -1.560
128.120 -1.560
128.120 -1.570
128.130 -1.570
128.130 -1.580
128.140 -1.580
128.140 -1.590
128.150 -1.590
128.150 -1.600
128.160 -1.600
128.160 -1.610
128.170 -1.610
128.170 -1.620
128.170 -1.630
128.170 -1.640
128.170 -1.650
128.170 -1.660
128.160 -1.660
128.160 -1.670
128.160 -1.680
128.150 -1.680
128.150 -1.690
128.140 -1.690
128.130 -1.690
128.130 -1.700
128.120 -1.700
128.110 -1.700
128.110 -1.710
128.100 -1.710
128.100 -1.720
128.090 -1.720
128.080 -1.720
128.070 -1.720
128.060 -1.720
128.050 -1.720
128.040 -1.720
128.030 -1.720
128.030 -1.730
128.020 -1.730
128.020 -1.720
128.010 -1.720
128.010 -1.710
128.000 -1.710
127.990 -1.710
127.990 -1.700
127.980 -1.700
127.970 -1.700
127.960 -1.700
127.950 -1.700
127.950 -1.690
127.940 -1.690
127.930 -1.690
127.920 -1.690
127.910 -1.690
127.910 -1.680
127.900 -1.680
127.890 -1.680
127.880 -1.680
127.880 -1.690
127.870 -1.690
127.860 -1.690
127.860 -1.700
127.840 -1.690
127.840 -1.700
127.830 -1.700
127.820 -1.700
127.810 -1.700
127.800 -1.700
127.790 -1.700
127.790 -1.690
127.780 -1.690
127.770 -1.690
127.760 -1.690
127.750 -1.690
127.740 -1.690
127.740 -1.700
127.730 -1.700
127.730 -1.690
127.720 -1.690
127.710 -1.690
127.700 -1.690
127.700 -1.700
127.690 -1.700
127.690 -1.710
127.680 -1.710
127.670 -1.710
127.670 -1.720
127.670 -1.730
127.660 -1.730
127.650 -1.730
127.640 -1.730
127.640 -1.720
127.630 -1.720
127.620 -1.720
127.610 -1.720
127.610 -1.730
127.600 -1.740
127.590 -1.740
127.590 -1.730
127.580 -1.730
127.570 -1.730
127.570 -1.740
127.560 -1.740
127.560 -1.730
127.550 -1.730
127.540 -1.730
127.530 -1.730
127.530 -1.720
127.520 -1.720
127.520 -1.730
127.510 -1.730
127.500 -1.730
127.500 -1.720
127.490 -1.720
127.490 -1.710
127.480 -1.710
127.480 -1.700
127.470 -1.700
127.470 -1.690
127.460 -1.690
127.450 -1.690
127.440 -1.690
127.440 -1.680
127.430 -1.680
127.430 -1.670
127.420 -1.670
127.420 -1.660
127.410 -1.660
127.410 -1.650
127.400 -1.650
127.400 -1.640
127.400 -1.630
127.400 -1.620
127.390 -1.620
127.390 -1.610
127.400 -1.610
127.400 -1.600
127.400 -1.590
127.410 -1.590
127.410 -1.580
127.410 -1.570
127.410 -1.560
127.410 -1.550
127.410 -1.540
127.400 -1.540
127.400 -1.530
127.410 -1.530
127.410 -1.520
127.410 -1.510
127.420 -1.510
127.420 -1.500
127.420 -1.490
127.420 -1.480
127.420 -1.470
127.430 -1.470
127.430 -1.460
127.430 -1.450
127.440 -1.450
127.440 -1.440
127.430 -1.440
127.430 -1.430
127.420 -1.430
127.420 -1.420
127.430 -1.420
127.440 -1.420
127.440 -1.430
127.450 -1.430
127.460 -1.430
127.460 -1.440
127.470 -1.440
127.480 -1.440
127.480 -1.450
127.490 -1.450
127.500 -1.450
127.510 -1.450
127.510 -1.440
127.510 -1.430
127.510 -1.420
127.520 -1.420
127.520 -1.410
127.530 -1.410
127.540 -1.410
127.540 -1.400
127.550 -1.400
127.550 -1.390
127.560 -1.390
127.560 -1.380
127.570 -1.380
127.580 -1.380
127.580 -1.370
127.580 -1.360
127.590 -1.360
127.600 -1.360
127.610 -1.350
127.620 -1.350
235
128.510 2.580
128.520 2.580
128.530 2.580
128.530 2.590
128.540 2.590
128.540 2.600
128.550 2.600
128.550 2.610
128.540 2.610
128.540 2.620
128.550 2.620
128.550 2.630
128.550 2.640
128.560 2.640
128.580 2.640
128.580 2.630
128.590 2.630
128.590 2.620
128.590 2.610
128.600 2.610
128.600 2.600
128.610 2.590
128.610 2.580
128.610 2.570
128.620 2.570
128.620 2.560
128.630 2.560
128.630 2.550
128.640 2.550
128.630 2.540
128.630 2.530
128.640 2.530
128.650 2.530
128.660 2.530
128.660 2.520
128.660 2.510
128.670 2.510
128.670 2.500
128.680 2.500
128.690 2.500
128.690 2.490
128.690 2.480
128.690 2.470
128.690 2.460
128.690 2.450
128.690 2.440
128.690 2.430
128.690 2.420
128.690 2.410
128.680 2.410
128.680 2.400
128.670 2.400
128.660 2.390
128.670 2.390
128.670 2.380
128.660 2.380
128.660 2.370
128.650 2.370
128.650 2.360
128.650 2.350
128.650 2.340
128.640 2.340
128.640 2.330
128.640 2.320
128.650 2.320
128.650 2.310
128.650 2.300
128.650 2.290
128.640 2.290
128.640 2.280
128.640 2.270
128.630 2.270
128.630 2.260
128.630 2.250
128.630 2.240
128.620 2.240
128.620 2.230
128.620 2.220
128.620 2.210
128.620 2.200
128.610 2.200
128.600 2.200
128.600 2.190
128.600 2.180
128.590 2.180
128.590 2.170
128.590 2.160
128.590 2.150
128.580 2.150
128.580 2.140
128.570 2.140
128.570 2.130
128.580 2.130
128.580 2.120
128.580 2.110
128.570 2.110
128.570 2.100
128.560 2.100
128.560 2.110
128.550 2.100
128.540 2.100
128.540 2.090
128.540 2.080
128.530 2.080
128.520 2.080
128.520 2.070
128.520 2.060
128.510 2.060
128.500 2.060
128.490 2.060
128.480 2.060
128.470 2.060
128.470 2.050
128.460 2.050
128.460 2.060
128.450 2.060
128.440 2.060
128.430 2.060
128.420 2.060
128.410 2.060
128.400 2.060
128.390 2.060
128.390 2.050
128.380 2.050
128.370 2.050
128.370 2.040
128.360 2.040
128.350 2.040
128.340 2.040
128.330 2.040
128.330 2.030
128.310 2.030
128.300 2.030
128.290 2.030
128.290 2.040
128.290 2.050
128.290 2.060
128.290 2.070
128.280 2.070
128.280 2.080
128.280 2.090
128.270 2.090
128.260 2.090
128.250 2.090
128.250 2.100
128.250 2.110
128.250 2.120
128.250 2.130
128.250 2.140
128.250 2.150
128.240 2.150
128.240 2.160
128.240 2.170
128.250 2.170
128.250 2.180
128.250 2.190
128.250 2.200
128.240 2.200
128.240 2.210
128.240 2.220
128.240 2.230
128.250 2.230
128.250 2.240
128.250 2.250
128.240 2.250
128.230 2.250
128.230 2.260
128.230 2.270
128.220 2.270
128.220 2.280
128.210 2.280
128.200 2.280
128.200 2.290
128.210 2.290
128.210 2.300
128.220 2.300
128.220 2.310
128.230 2.310
128.230 2.320
128.240 2.320
128.250 2.320
128.250 2.330
128.250 2.340
128.260 2.340
128.260 2.350
128.270 2.350
128.270 2.360
128.280 2.360
128.280 2.370
128.290 2.380
128.290 2.390
128.290 2.400
128.300 2.410
128.300 2.420
128.290 2.430
128.300 2.430
128.300 2.440
128.300 2.450
128.310 2.450
128.310 2.460
128.320 2.460
128.320 2.470
128.330 2.470
128.330 2.480
128.340 2.480
128.340 2.490
128.350 2.490
128.350 2.500
128.360 2.500
128.360 2.510
128.370 2.510
128.380 2.510
128.380 2.520
128.390 2.520
128.400 2.520
128.400 2.530
128.410 2.530
128.410 2.540
128.420 2.540
128.420 2.550
128.430 2.550
128.430 2.560
128.430 2.570
128.440 2.570
128.450 2.570
128.450 2.580
128.460 2.580
128.460 2.590
128.460 2.600
128.470 2.600
128.470 2.590
128.480 2.590
128.490 2.590
128.500 2.580
128.510 2.580
323
127.440 -0.420
127.450 -0.420
127.460 -0.420
127.460 -0.410
127.450 -0.410
127.450 -0.400
127.460 -0.400
127.470 -0.400
127.470 -0.390
127.480 -0.390
127.480 -0.380
127.480 -0.370
127.480 -0.360
127.480 -0.350
127.480 -0.340
127.490 -0.340
127.500 -0.340
127.500 -0.330
127.510 -0.330
127.510 -0.320
127.510 -0.310
127.520 -0.310
127.520 -0.300
127.530 -0.300
127.530 -0.310
127.540 -0.310
127.550 -0.310
127.560 -0.310
127.570 -0.310
127.570 -0.320
127.570 -0.330
127.580 -0.330
127.580 -0.340
127.580 -0.350
127.590 -0.350
127.590 -0.360
127.590 -0.370
127.590 -0.380
127.600 -0.380
127.600 -0.370
127.610 -0.370
127.610 -0.380
127.610 -0.390
127.620 -0.390
127.620 -0.400
127.620 -0.410
127.630 -0.410
127.640 -0.410
127.650 -0.410
127.650 -0.420
127.650 -0.430
127.660 -0.430
127.660 -0.440
127.670 -0.440
127.680 -0.450
127.690 -0.450
127.690 -0.460
127.690 -0.470
127.680 -0.470
127.680 -0.480
127.680 -0.490
127.680 -0.500
127.670 -0.500
127.670 -0.510
127.660 -0.510
127.660 -0.520
127.650 -0.520
127.650 -0.530
127.640 -0.530
127.640 -0.540
127.630 -0.540
127.630 -0.550
127.630 -0.560
127.620 -0.560
127.620 -0.570
127.610 -0.570
127.600 -0.570
127.600 -0.580
127.600 -0.590
127.600 -0.600
127.600 -0.610
127.600 -0.620
127.600 -0.630
127.610 -0.630
127.620 -0.630
127.630 -0.630
127.640 -0.630
127.650 -0.630
127.650 -0.640
127.650 -0.650
127.650 -0.660
127.650 -0.670
127.650 -0.680
127.650 -0.690
127.660 -0.690
127.660 -0.700
127.670 -0.700
127.670 -0.710
127.680 -0.710
127.690 -0.710
127.700 -0.710
127.700 -0.700
127.710 -0.700
127.710 -0.690
127.720 -0.690
127.730 -0.690
127.740 -0.690
127.750 -0.690
127.760 -0.690
127.770 -0.690
127.770 -0.680
127.780 -0.680
127.790 -0.680
127.800 -0.680
127.810 -0.680
127.810 -0.690
127.820 -0.690
127.820 -0.700
127.830 -0.700
127.840 -0.700
127.840 -0.710
127.850 -0.710
127.850 -0.720
127.860 -0.720
127.860 -0.710
127.870 -0.710
127.870 -0.720
127.870 -0.730
127.880 -0.730
127.880 -0.740
127.870 -0.740
127.870 -0.750
127.880 -0.750
127.890 -0.750
127.890 -0.760
127.890 -0.770
127.900 -0.770
127.900 -0.780
127.890 -0.780
127.880 -0.780
127.880 -0.790
127.880 -0.800
127.880 -0.810
127.880 -0.820
127.870 -0.820
127.870 -0.830
127.860 -0.830
127.850 -0.830
127.840 -0.830
127.840 -0.840
127.830 -0.840
127.830 -0.850
127.820 -0.850
127.810 -0.850
127.810 -0.860
127.800 -0.860
127.790 -0.860
127.780 -0.860
127.770 -0.860
127.770 -0.870
127.760 -0.870
127.750 -0.870
127.740 -0.870
127.730 -0.870
127.730 -0.860
127.740 -0.860
127.740 -0.850
127.730 -0.850
127.720 -0.850
127.710 -0.850
127.700 -0.850
127.690 -0.850
127.690 -0.840
127.680 -0.840
127.680 -0.830
127.670 -0.820
127.660 -0.820
127.660 -0.810
127.660 -0.800
127.660 -0.790
127.660 -0.780
127.660 -0.770
127.660 -0.760
127.650 -0.760
127.650 -0.750
127.640 -0.750
127.640 -0.740
127.630 -0.740
127.620 -0.740
127.620 -0.750
127.620 -0.760
127.610 -0.760
127.600 -0.760
127.600 -0.770
127.590 -0.770
127.580 -0.770
127.570 -0.770
127.560 -0.770
127.560 -0.780
127.550 -0.780
127.550 -0.790
127.540 -0.790
127.530 -0.790
127.520 -0.790
127.520 -0.800
127.510 -0.800
127.500 -0.800
127.500 -0.810
127.490 -0.810
127.490 -0.820
127.480 -0.820
127.470 -0.820
127.470 -0.810
127.460 -0.820
127.460 -0.810
127.460 -0.800
127.460 -0.790
127.460 -0.780
127.450 -0.780
127.450 -0.770
127.450 -0.760
127.450 -0.750
127.440 -0.750
127.440 -0.740
127.440 -0.730
127.450 -0.720
127.450 -0.710
127.450 -0.700
127.450 -0.690
127.460 -0.690
127.460 -0.680
127.470 -0.680
127.470 -0.670
127.480 -0.670
127.480 -0.660
127.480 -0.650
127.480 -0.640
127.480 -0.630
127.470 -0.630
127.460 -0.630
127.450 -0.630
127.440 -0.630
127.440 -0.620
127.430 -0.620
127.430 -0.610
127.420 -0.610
127.420 -0.620
127.410 -0.620
127.410 -0.610
127.400 -0.610
127.400 -0.600
127.390 -0.600
127.390 -0.590
127.380 -0.590
127.370 -0.590
127.370 -0.580
127.360 -0.580
127.360 -0.570
127.360 -0.560
127.350 -0.560
127.350 -0.550
127.340 -0.550
127.340 -0.540
127.330 -0.540
127.340 -0.530
127.330 -0.530
127.320 -0.530
127.320 -0.520
127.310 -0.520
127.310 -0.510
127.310 -0.500
127.310 -0.490
127.300 -0.490
127.300 -0.480
127.290 -0.480
127.290 -0.470
127.290 -0.460
127.290 -0.450
127.290 -0.440
127.300 -0.440
127.300 -0.430
127.310 -0.430
127.320 -0.430
127.320 -0.420
127.330 -0.420
127.330 -0.410
127.330 -0.400
127.330 -0.390
127.340 -0.390
127.340 -0.380
127.340 -0.370
127.330 -0.370
127.330 -0.360
127.330 -0.350
127.320 -0.350
127.320 -0.340
127.320 -0.330
127.330 -0.330
127.330 -0.340
127.340 -0.340
127.340 -0.330
127.350 -0.340
127.350 -0.330
127.360 -0.330
127.360 -0.320
127.370 -0.320
127.380 -0.320
127.380 -0.330
127.390 -0.330
127.390 -0.340
127.400 -0.340
127.400 -0.350
127.410 -0.350
127.410 -0.360
127.410 -0.370
127.410 -0.380
127.420 -0.380
127.420 -0.390
127.420 -0.400
127.430 -0.400
127.430 -0.410
127.440 -0.410
127.440 -0.420
303
125.360 -1.890
125.350 -1.890
125.340 -1.890
125.340 -1.880
125.330 -1.880
125.330 -1.870
125.330 -1.860
125.330 -1.850
125.330 -1.840
125.330 -1.830
125.330 -1.820
125.340 -1.820
125.340 -1.810
125.350 -1.810
125.360 -1.810
125.370 -1.810
125.380 -1.810
125.380 -1.800
125.370 -1.800
125.360 -1.800
125.360 -1.790
125.360 -1.780
125.370 -1.780
125.380 -1.780
125.390 -1.780
125.400 -1.780
125.400 -1.770
125.410 -1.770
125.410 -1.780
125.410 -1.790
125.410 -1.800
125.420 -1.800
125.420 -1.810
125.430 -1.810
125.430 -1.800
125.440 -1.800
125.450 -1.800
125.450 -1.790
125.450 -1.780
125.460 -1.780
125.470 -1.780
125.480 -1.780
125.490 -1.780
125.490 -1.790
125.480 -1.790
125.480 -1.800
125.480 -1.810
125.490 -1.810
125.500 -1.810
125.510 -1.810
125.510 -1.800
125.520 -1.800
125.520 -1.810
125.530 -1.810
125.530 -1.800
125.530 -1.790
125.540 -1.790
125.540 -1.800
125.540 -1.810
125.550 -1.810
125.550 -1.800
125.560 -1.800
125.570 -1.800
125.570 -1.810
125.580 -1.810
125.590 -1.810
125.600 -1.810
125.600 -1.820
125.610 -1.820
125.620 -1.820
125.630 -1.820
125.630 -1.830
125.640 -1.830
125.640 -1.820
125.650 -1.820
125.660 -1.820
125.660 -1.830
125.670 -1.830
125.680 -1.830
125.680 -1.820
125.690 -1.820
125.690 -1.830
125.700 -1.830
125.700 -1.820
125.710 -1.820
125.720 -1.820
125.720 -1.830
125.730 -1.830
125.730 -1.820
125.730 -1.810
125.740 -1.810
125.750 -1.810
125.760 -1.810
125.770 -1.810
125.780 -1.810
125.780 -1.800
125.790 -1.810
125.800 -1.810
125.810 -1.810
125.820 -1.810
125.830 -1.800
125.840 -1.800
125.840 -1.810
125.850 -1.800
125.860 -1.800
125.860 -1.810
125.870 -1.810
125.880 -1.810
125.880 -1.800
125.880 -1.790
125.890 -1.790
125.890 -1.800
125.900 -1.800
125.910 -1.800
125.910 -1.790
125.920 -1.790
125.930 -1.790
125.930 -1.800
125.940 -1.800
125.950 -1.800
125.960 -1.800
125.970 -1.800
125.980 -1.800
125.990 -1.800
126.000 -1.800
126.010 -1.800
126.020 -1.800
126.030 -1.800
126.040 -1.800
126.050 -1.800
126.060 -1.800
126.070 -1.800
126.070 -1.810
126.080 -1.810
126.090 -1.810
126.100 -1.810
126.110 -1.810
126.120 -1.810
126.130 -1.810
126.140 -1.810
126.150 -1.810
126.160 -1.810
126.170 -1.810
126.180 -1.810
126.190 -1.810
126.200 -1.810
126.210 -1.810
126.210 -1.820
126.220 -1.820
126.230 -1.820
126.240 -1.820
126.250 -1.820
126.260 -1.820
126.270 -1.810
126.270 -1.820
126.280 -1.820
126.290 -1.820
126.300 -1.820
126.300 -1.830
126.310 -1.830
126.310 -1.820
126.320 -1.820
126.330 -1.820
126.330 -1.830
126.320 -1.840
126.310 -1.850
126.300 -1.850
126.290 -1.850
126.290 -1.860
126.280 -1.860
126.270 -1.860
126.260 -1.870
126.250 -1.870
126.250 -1.880
126.240 -1.880
126.230 -1.880
126.220 -1.880
126.220 -1.870
126.210 -1.870
126.200 -1.870
126.190 -1.870
126.190 -1.880
126.180 -1.880
126.170 -1.880
126.160 -1.880
126.160 -1.890
126.150 -1.890
126.140 -1.890
126.130 -1.890
126.120 -1.890
126.110 -1.880
126.100 -1.880
126.090 -1.880
126.080 -1.880
126.070 -1.880
126.060 -1.880
126.060 -1.890
126.050 -1.890
126.040 -1.890
126.040 -1.900
126.030 -1.900
126.020 -1.900
126.020 -1.910
126.010 -1.910
126.000 -1.910
125.990 -1.910
125.990 -1.920
125.980 -1.920
125.970 -1.920
125.960 -1.920
125.950 -1.920
125.940 -1.920
125.940 -1.930
125.930 -1.930
125.930 -1.940
125.920 -1.940
125.910 -1.940
125.900 -1.940
125.900 -1.930
125.890 -1.930
125.890 -1.920
125.880 -1.920
125.880 -1.910
125.870 -1.910
125.860 -1.910
125.860 -1.900
125.850 -1.900
125.840 -1.900
125.830 -1.900
125.820 -1.900
125.810 -1.900
125.810 -1.910
125.800 -1.910
125.790 -1.910
125.790 -1.920
125.790 -1.930
125.780 -1.930
125.770 -1.930
125.770 -1.920
125.760 -1.930
125.750 -1.930
125.740 -1.930
125.730 -1.930
125.720 -1.930
125.710 -1.930
125.700 -1.930
125.690 -1.930
125.680 -1.930
125.670 -1.930
125.660 -1.930
125.650 -1.930
125.640 -1.930
125.630 -1.930
125.620 -1.930
125.610 -1.930
125.600 -1.930
125.590 -1.930
125.580 -1.930
125.570 -1.930
125.570 -1.940
125.560 -1.940
125.550 -1.940
125.540 -1.940
125.540 -1.950
125.530 -1.950
125.520 -1.950
125.510 -1.950
125.510 -1.940
125.500 -1.940
125.490 -1.930
125.490 -1.940
125.480 -1.940
125.470 -1.940
125.460 -1.940
125.450 -1.940
125.450 -1.950
125.440 -1.950
125.430 -1.950
125.420 -1.950
125.420 -1.940
125.430 -1.940
125.430 -1.930
125.440 -1.930
125.440 -1.920
125.430 -1.920
125.430 -1.910
125.440 -1.910
125.440 -1.900
125.440 -1.890
125.430 -1.890
125.430 -1.880
125.420 -1.880
125.410 -1.880
125.410 -1.870
125.400 -1.870
125.390 -1.870
125.380 -1.870
125.380 -1.860
125.370 -1.860
125.360 -1.860
125.360 -1.870
125.360 -1.880
125.360 -1.890
REGION 1
3736
134.150 -1.180
134.170 -1.190
134.180 -1.190
134.180 -1.200
134.190 -1.200
134.190 -1.210
134.200 -1.210
134.200 -1.220
134.200 -1.230
134.200 -1.240
134.210 -1.240
134.210 -1.250
134.210 -1.260
134.220 -1.260
134.220 -1.270
134.230 -1.270
134.230 -1.280
134.240 -1.280
134.240 -1.290
134.240 -1.300
134.240 -1.310
134.250 -1.310
134.250 -1.320
134.260 -1.320
134.260 -1.330
134.270 -1.330
134.270 -1.340
134.260 -1.340
134.260 -1.350
134.250 -1.350
134.250 -1.360
134.240 -1.360
134.240 -1.370
134.230 -1.370
134.230 -1.380
134.230 -1.390
134.220 -1.390
134.220 -1.400
134.210 -1.410
134.210 -1.420
134.210 -1.430
134.210 -1.440
134.210 -1.450
134.200 -1.450
134.200 -1.460
134.200 -1.470
134.200 -1.480
134.200 -1.490
134.210 -1.490
134.210 -1.500
134.210 -1.510
134.210 -1.520
134.210 -1.530
134.200 -1.530
134.200 -1.540
134.200 -1.550
134.190 -1.550
134.190 -1.560
134.180 -1.560
134.180 -1.570
134.170 -1.570
134.170 -1.580
134.160 -1.580
134.160 -1.590
134.150 -1.590
134.150 -1.600
134.140 -1.600
134.140 -1.610
134.140 -1.620
134.130 -1.620
134.130 -1.630
134.120 -1.630
134.120 -1.640
134.110 -1.640
134.100 -1.640
134.090 -1.640
134.090 -1.650
134.080 -1.650
134.070 -1.650
134.070 -1.660
134.080 -1.660
134.080 -1.670
134.070 -1.670
134.070 -1.680
134.080 -1.680
134.080 -1.690
134.090 -1.700
134.090 -1.710
134.090 -1.720
134.090 -1.730
134.090 -1.740
134.100 -1.740
134.100 -1.750
134.100 -1.760
134.100 -1.770
134.100 -1.780
134.100 -1.790
134.100 -1.800
134.100 -1.810
134.100 -1.820
134.100 -1.830
134.100 -1.840
134.100 -1.850
134.110 -1.850
134.110 -1.860
134.110 -1.870
134.120 -1.870
134.120 -1.880
134.120 -1.890
134.120 -1.900
134.130 -1.900
134.130 -1.910
134.130 -1.920
134.130 -1.930
134.130 -1.940
134.140 -1.940
134.140 -1.950
134.140 -1.960
134.150 -1.960
134.160 -1.960
134.160 -1.970
134.150 -1.970
134.140 -1.970
134.140 -1.980
134.140 -1.990
134.140 -2.000
134.140 -2.010
134.130 -2.010
134.130 -2.020
134.130 -2.030
134.120 -2.030
134.120 -2.040
134.110 -2.040
134.100 -2.050
134.100 -2.060
134.100 -2.070
134.110 -2.070
134.110 -2.080
134.110 -2.090
134.110 -2.100
134.110 -2.110
134.120 -2.110
134.110 -2.120
134.110 -2.130
134.110 -2.140
134.120 -2.140
134.120 -2.150
134.130 -2.150
134.140 -2.150
134.140 -2.160
134.140 -2.170
134.140 -2.180
134.140 -2.190
134.150 -2.200
134.150 -2.210
134.140 -2.210
134.130 -2.220
134.140 -2.220
134.140 -2.230
134.140 -2.240
134.150 -2.240
134.150 -2.250
134.150 -2.260
134.160 -2.260
134.160 -2.270
134.150 -2.270
134.150 -2.280
134.150 -2.290
134.160 -2.290
134.160 -2.300
134.160 -2.310
134.170 -2.310
134.170 -2.320
134.170 -2.330
134.170 -2.340
134.170 -2.350
134.180 -2.350
134.180 -2.360
134.190 -2.360
134.190 -2.370
134.190 -2.380
134.200 -2.380
134.200 -2.390
134.200 -2.400
134.210 -2.400
134.210 -2.410
134.210 -2.420
134.220 -2.420
134.230 -2.420
134.240 -2.430
134.240 -2.440
134.250 -2.440
134.250 -2.430
134.260 -2.430
134.260 -2.440
134.260 -2.450
134.270 -2.450
134.270 -2.460
134.280 -2.460
134.280 -2.470
134.280 -2.480
134.290 -2.480
134.290 -2.490
134.300 -2.490
134.300 -2.500
134.310 -2.500
134.320 -2.500
134.320 -2.510
134.310 -2.510
134.300 -2.510
134.290 -2.510
134.290 -2.520
134.300 -2.520
134.310 -2.520
134.320 -2.520
134.320 -2.530
134.320 -2.540
134.330 -2.540
134.330 -2.550
134.340 -2.550
134.340 -2.560
134.330 -2.560
134.330 -2.570
134.340 -2.570
134.340 -2.580
134.330 -2.580
134.330 -2.590
134.340 -2.590
134.340 -2.600
134.340 -2.610
134.350 -2.610
134.360 -2.620
134.350 -2.620
134.350 -2.630
134.360 -2.630
134.360 -2.640
134.370 -2.650
134.370 -2.660
134.370 -2.670
134.380 -2.670
134.380 -2.680
134.380 -2.690
134.380 -2.700
134.390 -2.700
134.390 -2.710
134.400 -2.710
134.400 -2.720
134.410 -2.720
134.410 -2.730
134.400 -2.730
134.400 -2.740
134.410 -2.740
134.410 -2.750
134.410 -2.760
134.410 -2.770
134.420 -2.770
134.420 -2.780
134.430 -2.780
134.430 -2.790
134.430 -2.800
134.440 -2.800
134.440 -2.810
134.450 -2.810
134.450 -2.820
134.450 -2.830
134.450 -2.840
134.450 -2.850
134.450 -2.860
134.460 -2.860
134.470 -2.860
134.480 -2.860
134.480 -2.850
134.490 -2.850
134.500 -2.850
134.500 -2.840
134.510 -2.840
134.510 -2.830
134.520 -2.830
134.520 -2.820
134.520 -2.810
134.520 -2.800
134.520 -2.790
134.520 -2.780
134.510 -2.780
134.510 -2.770
134.510 -2.760
134.510 -2.750
134.510 -2.740
134.510 -2.730
134.500 -2.730
134.500 -2.720
134.500 -2.710
134.500 -2.700
134.500 -2.690
134.490 -2.690
134.490 -2.680
134.500 -2.680
134.500 -2.670
134.500 -2.660
134.490 -2.660
134.490 -2.650
134.480 -2.650
134.480 -2.640
134.470 -2.640
134.470 -2.630
134.470 -2.620
134.470 -2.610
134.480 -2.610
134.480 -2.600
134.470 -2.600
134.460 -2.600
134.460 -2.590
134.460 -2.580
134.460 -2.570
134.460 -2.560
134.470 -2.560
134.460 -2.550
134.470 -2.550
134.470 -2.540
134.470 -2.530
134.480 -2.530
134.480 -2.520
134.490 -2.520
134.490 -2.510
134.500 -2.500
134.500 -2.490
134.510 -2.490
134.510 -2.480
134.520 -2.480
134.530 -2.480
134.530 -2.470
134.540 -2.470
134.550 -2.470
134.540 -2.460
134.530 -2.460
134.530 -2.450
134.540 -2.450
134.550 -2.450
134.560 -2.460
134.570 -2.460
134.570 -2.470
134.570 -2.480
134.580 -2.480
134.590 -2.480
134.600 -2.490
134.610 -2.490
134.620 -2.490
134.620 -2.480
134.630 -2.480
134.630 -2.490
134.630 -2.500
134.640 -2.500
134.640 -2.510
134.640 -2.520
134.650 -2.520
134.650 -2.530
134.650 -2.540
134.650 -2.550
134.650 -2.560
134.650 -2.570
134.650 -2.580
134.660 -2.580
134.660 -2.590
134.660 -2.600
134.660 -2.610
134.660 -2.620
134.660 -2.630
134.660 -2.640
134.660 -2.650
134.660 -2.660
134.650 -2.670
134.650 -2.680
134.660 -2.680
134.660 -2.690
134.660 -2.700
134.660 -2.710
134.660 -2.720
134.660 -2.730
134.660 -2.740
134.660 -2.750
134.660 -2.760
134.660 -2.770
134.660 -2.780
134.660 -2.790
134.670 -2.790
134.670 -2.800
134.670 -2.810
134.660 -2.810
134.660 -2.820
134.600 -2.890
134.570 -2.910
134.490 -2.970
134.440 -3.000
134.430 -3.010
134.440 -3.050
134.440 -3.060
134.440 -3.070
134.430 -3.110
134.390 -3.130
134.380 -3.140
134.340 -3.170
134.330 -3.180
134.320 -3.180
134.280 -3.240
134.250 -3.280
134.230 -3.310
134.220 -3.350
134.210 -3.390
134.230 -3.400
134.280 -3.410
134.330 -3.440
134.380 -3.460
134.410 -3.470
134.490 -3.490
134.520 -3.510
134.570 -3.520
134.750 -3.580
134.770 -3.590
134.820 -3.610
134.890 -3.630
134.980 -3.660
135.000 -3.660
135.120 -3.710
135.150 -3.720
135.160 -3.730
135.190 -3.740
135.250 -3.750
135.260 -3.760
135.250 -3.760
135.230 -3.790
135.210 -3.820
135.180 -3.850
135.160 -3.880
135.140 -3.910
135.120 -3.940
135.090 -3.990
135.070 -4.020
135.050 -4.040
135.030 -4.080
135.000 -4.110
134.980 -4.130
134.960 -4.150
134.940 -4.170
134.920 -4.190
134.900 -4.220
134.880 -4.250
134.870 -4.250
134.860 -4.250
134.850 -4.250
134.840 -4.250
134.840 -4.260
134.830 -4.260
134.830 -4.250
134.820 -4.250
134.810 -4.250
134.810 -4.240
134.800 -4.240
134.790 -4.240
134.790 -4.230
134.780 -4.230
134.770 -4.220
134.770 -4.210
134.760 -4.210
134.750 -4.210
134.740 -4.210
134.730 -4.210
134.730 -4.200
134.720 -4.200
134.720 -4.190
134.730 -4.190
134.730 -4.180
134.730 -4.170
134.730 -4.160
134.720 -4.160
134.720 -4.150
134.710 -4.150
134.710 -4.140
134.700 -4.140
134.690 -4.140
134.680 -4.140
134.670 -4.140
134.670 -4.130
134.660 -4.130
134.650 -4.130
134.640 -4.130
134.640 -4.120
134.630 -4.120
134.630 -4.110
134.640 -4.110
134.640 -4.100
134.640 -4.090
134.640 -4.080
134.650 -4.080
134.660 -4.080
134.670 -4.080
134.680 -4.070
134.690 -4.070
134.700 -4.070
134.710 -4.070
134.710 -4.060
134.720 -4.060
134.720 -4.050
134.710 -4.050
134.700 -4.050
134.700 -4.060
134.690 -4.060
134.690 -4.050
134.680 -4.050
134.680 -4.040
134.670 -4.040
134.670 -4.030
134.670 -4.020
134.670 -4.010
134.670 -4.000
134.670 -3.990
134.660 -3.990
134.660 -3.980
134.670 -3.980
134.680 -3.980
134.680 -3.970
134.690 -3.970
134.700 -3.970
134.700 -3.960
134.710 -3.960
134.720 -3.960
134.730 -3.960
134.730 -3.950
134.740 -3.950
134.750 -3.950
134.750 -3.940
134.760 -3.940
134.760 -3.930
134.770 -3.930
134.780 -3.940
134.790 -3.940
134.800 -3.940
134.810 -3.940
134.820 -3.940
134.820 -3.950
134.830 -3.950
134.830 -3.960
134.830 -3.970
134.840 -3.970
134.840 -3.980
134.850 -3.980
134.860 -3.980
134.870 -3.980
134.880 -3.980
134.890 -3.980
134.890 -3.970
134.900 -3.970
134.900 -3.980
134.910 -3.980
134.920 -3.980
134.920 -3.990
134.930 -3.990
134.930 -3.980
134.940 -3.980
134.950 -3.980
134.950 -3.970
134.960 -3.970
134.960 -3.960
134.970 -3.960
134.970 -3.950
134.960 -3.950
134.950 -3.950
134.940 -3.950
134.940 -3.960
134.930 -3.960
134.920 -3.960
134.910 -3.960
134.910 -3.950
134.900 -3.950
134.900 -3.940
134.890 -3.940
134.880 -3.940
134.880 -3.950
134.870 -3.950
134.870 -3.940
134.860 -3.940
134.850 -3.940
134.840 -3.940
134.830 -3.940
134.820 -3.940
134.810 -3.940
134.810 -3.930
134.800 -3.930
134.790 -3.930
134.790 -3.920
134.780 -3.920
134.770 -3.920
134.760 -3.920
134.750 -3.920
134.750 -3.930
134.740 -3.930
134.740 -3.940
134.730 -3.940
134.730 -3.930
134.720 -3.930
134.720 -3.920
134.710 -3.920
134.700 -3.920
134.690 -3.920
134.680 -3.920
134.670 -3.920
134.660 -3.920
134.660 -3.930
134.670 -3.930
134.670 -3.940
134.660 -3.940
134.650 -3.940
134.650 -3.950
134.640 -3.950
134.630 -3.950
134.620 -3.950
134.620 -3.960
134.620 -3.970
134.610 -3.970
134.610 -3.980
134.610 -3.990
134.610 -4.000
134.600 -4.000
134.590 -4.000
134.580 -4.000
134.570 -4.000
134.570 -4.010
134.560 -4.010
134.560 -4.020
134.550 -4.020
134.550 -4.030
134.550 -4.040
134.540 -4.040
134.530 -4.040
134.520 -4.040
134.510 -4.040
134.500 -4.040
134.500 -4.030
134.500 -4.020
134.490 -4.020
134.490 -4.010
134.480 -4.010
134.470 -4.010
134.470 -4.000
134.460 -4.000
134.460 -3.990
134.450 -3.990
134.450 -3.980
134.460 -3.980
134.470 -3.980
134.470 -3.970
134.470 -3.960
134.460 -3.960
134.460 -3.950
134.450 -3.950
134.450 -3.940
134.450 -3.930
134.440 -3.930
134.440 -3.920
134.430 -3.920
134.420 -3.920
134.410 -3.920
134.400 -3.920
134.390 -3.920
134.390 -3.910
134.380 -3.910
134.370 -3.910
134.370 -3.900
134.360 -3.900
134.350 -3.900
134.350 -3.890
134.350 -3.880
134.340 -3.880
134.330 -3.880
134.330 -3.890
134.330 -3.900
134.340 -3.900
134.350 -3.910
134.340 -3.910
134.340 -3.920
134.350 -3.920
134.350 -3.930
134.350 -3.940
134.360 -3.940
134.360 -3.950
134.360 -3.960
134.350 -3.960
134.350 -3.970
134.340 -3.970
134.330 -3.970
134.330 -3.960
134.320 -3.960
134.310 -3.960
134.310 -3.950
134.300 -3.950
134.300 -3.940
134.290 -3.940
134.280 -3.940
134.270 -3.940
134.270 -3.950
134.280 -3.950
134.280 -3.960
134.290 -3.960
134.300 -3.960
134.300 -3.970
134.300 -3.980
134.310 -3.980
134.310 -3.990
134.320 -3.990
134.320 -4.000
134.320 -4.010
134.330 -4.010
134.330 -4.020
134.330 -4.030
134.320 -4.040
134.320 -4.050
134.310 -4.050
134.300 -4.050
134.290 -4.050
134.290 -4.040
134.290 -4.030
134.290 -4.020
134.280 -4.020
134.280 -4.010
134.280 -4.000
134.270 -4.000
134.260 -4.000
134.260 -3.990
134.260 -3.980
134.250 -3.980
134.240 -3.980
134.230 -3.980
134.220 -3.980
134.220 -3.970
134.210 -3.970
134.200 -3.960
134.190 -3.960
134.190 -3.950
134.180 -3.950
134.180 -3.940
134.180 -3.930
134.170 -3.930
134.160 -3.930
134.160 -3.920
134.170 -3.920
134.170 -3.910
134.170 -3.900
134.160 -3.900
134.150 -3.900
134.150 -3.890
134.140 -3.890
134.140 -3.900
134.130 -3.900
134.120 -3.900
134.110 -3.900
134.110 -3.890
134.120 -3.890
134.120 -3.880
134.130 -3.880
134.130 -3.870
134.140 -3.870
134.150 -3.870
134.150 -3.860
134.160 -3.860
134.170 -3.860
134.170 -3.850
134.180 -3.850
134.180 -3.840
134.190 -3.840
134.190 -3.830
134.180 -3.830
134.180 -3.820
134.170 -3.820
134.170 -3.810
134.170 -3.800
134.170 -3.790
134.170 -3.780
134.160 -3.780
134.160 -3.770
134.150 -3.770
134.150 -3.760
134.140 -3.760
134.140 -3.750
134.140 -3.740
134.130 -3.740
134.130 -3.750
134.130 -3.760
134.120 -3.760
134.120 -3.750
134.110 -3.750
134.100 -3.750
134.100 -3.760
134.100 -3.770
134.110 -3.770
134.110 -3.780
134.110 -3.790
134.110 -3.800
134.100 -3.800
134.090 -3.800
134.090 -3.810
134.080 -3.810
134.080 -3.820
134.070 -3.820
134.060 -3.820
134.050 -3.810
134.050 -3.800
134.050 -3.790
134.050 -3.780
134.040 -3.780
134.040 -3.790
134.030 -3.790
134.020 -3.790
134.020 -3.800
134.010 -3.800
134.010 -3.810
134.010 -3.820
134.020 -3.820
134.020 -3.810
134.030 -3.810
134.040 -3.810
134.040 -3.820
134.050 -3.830
134.040 -3.830
134.040 -3.840
134.030 -3.840
134.020 -3.840
134.020 -3.850
134.010 -3.850
134.000 -3.850
134.000 -3.840
134.000 -3.830
133.990 -3.830
133.990 -3.820
133.980 -3.820
133.980 -3.830
133.980 -3.840
133.980 -3.850
133.970 -3.850
133.970 -3.860
133.960 -3.860
133.960 -3.850
133.950 -3.850
133.940 -3.850
133.940 -3.840
133.940 -3.830
133.930 -3.830
133.930 -3.820
133.930 -3.810
133.920 -3.810
133.920 -3.800
133.920 -3.790
133.910 -3.790
133.910 -3.780
133.910 -3.770
133.910 -3.760
133.920 -3.760
133.930 -3.760
133.930 -3.750
133.920 -3.750
133.920 -3.740
133.910 -3.740
133.910 -3.730
133.910 -3.720
133.910 -3.710
133.910 -3.700
133.900 -3.700
133.900 -3.690
133.890 -3.690
133.890 -3.680
133.880 -3.680
133.880 -3.670
133.870 -3.660
133.860 -3.660
133.860 -3.650
133.850 -3.650
133.850 -3.640
133.840 -3.640
133.840 -3.630
133.840 -3.620
133.840 -3.610
133.840 -3.600
133.840 -3.590
133.840 -3.580
133.840 -3.570
133.840 -3.560
133.830 -3.560
133.820 -3.560
133.820 -3.570
133.810 -3.570
133.810 -3.580
133.800 -3.580
133.800 -3.590
133.790 -3.590
133.790 -3.600
133.790 -3.610
133.790 -3.620
133.790 -3.630
133.790 -3.640
133.790 -3.650
133.790 -3.660
133.800 -3.660
133.800 -3.670
133.800 -3.680
133.810 -3.680
133.810 -3.690
133.810 -3.700
133.820 -3.700
133.820 -3.710
133.820 -3.720
133.820 -3.730
133.810 -3.730
133.810 -3.720
133.800 -3.720
133.800 -3.710
133.790 -3.710
133.790 -3.700
133.780 -3.700
133.780 -3.690
133.770 -3.690
133.770 -3.680
133.770 -3.670
133.760 -3.670
133.760 -3.660
133.760 -3.650
133.750 -3.650
133.740 -3.650
133.730 -3.650
133.730 -3.660
133.720 -3.660
133.710 -3.660
133.710 -3.670
133.700 -3.670
133.690 -3.670
133.690 -3.660
133.690 -3.650
133.690 -3.640
133.700 -3.630
133.700 -3.620
133.710 -3.620
133.710 -3.610
133.710 -3.600
133.700 -3.600
133.700 -3.590
133.690 -3.590
133.690 -3.580
133.690 -3.570
133.680 -3.570
133.680 -3.560
133.680 -3.550
133.670 -3.550
133.670 -3.540
133.670 -3.530
133.660 -3.530
133.650 -3.530
133.650 -3.520
133.650 -3.510
133.650 -3.500
133.640 -3.500
133.630 -3.500
133.630 -3.490
133.620 -3.480
133.620 -3.470
133.630 -3.470
133.630 -3.460
133.630 -3.450
133.640 -3.450
133.650 -3.450
133.660 -3.450
133.660 -3.440
133.660 -3.430
133.670 -3.430
133.680 -3.430
133.680 -3.420
133.690 -3.420
133.700 -3.420
133.700 -3.410
133.700 -3.400
133.690 -3.400
133.690 -3.390
133.690 -3.380
133.690 -3.370
133.680 -3.370
133.680 -3.360
133.680 -3.350
133.680 -3.340
133.670 -3.340
133.670 -3.330
133.670 -3.320
133.680 -3.320
133.680 -3.310
133.670 -3.310
133.670 -3.300
133.670 -3.290
133.670 -3.280
133.670 -3.270
133.670 -3.260
133.670 -3.250
133.660 -3.240
133.670 -3.240
133.670 -3.230
133.670 -3.220
133.680 -3.220
133.680 -3.210
133.690 -3.220
133.700 -3.220
133.700 -3.210
133.700 -3.200
133.700 -3.190
133.700 -3.180
133.700 -3.170
133.710 -3.170
133.710 -3.180
133.720 -3.180
133.720 -3.170
133.730 -3.170
133.740 -3.170
133.750 -3.170
133.750 -3.180
133.760 -3.180
133.770 -3.180
133.770 -3.170
133.770 -3.160
133.770 -3.150
133.780 -3.150
133.780 -3.140
133.780 -3.130
133.770 -3.130
133.770 -3.120
133.770 -3.110
133.780 -3.110
133.790 -3.110
133.790 -3.120
133.800 -3.120
133.800 -3.110
133.800 -3.100
133.810 -3.100
133.820 -3.100
133.820 -3.090
133.830 -3.090
133.830 -3.080
133.830 -3.070
133.830 -3.060
133.820 -3.060
133.820 -3.050
133.830 -3.050
133.830 -3.040
133.830 -3.030
133.830 -3.020
133.840 -3.020
133.850 -3.020
133.850 -3.030
133.850 -3.040
133.850 -3.050
133.860 -3.050
133.860 -3.060
133.870 -3.060
133.880 -3.060
133.880 -3.050
133.870 -3.050
133.870 -3.040
133.860 -3.040
133.860 -3.030
133.860 -3.020
133.870 -3.020
133.870 -3.010
133.860 -3.010
133.860 -3.000
133.860 -2.990
133.850 -2.990
133.850 -2.980
133.850 -2.970
133.850 -2.960
133.860 -2.960
133.860 -2.950
133.850 -2.950
133.850 -2.940
133.840 -2.940
133.840 -2.930
133.830 -2.930
133.830 -2.920
133.820 -2.920
133.820 -2.930
133.820 -2.940
133.830 -2.940
133.820 -2.950
133.810 -2.950
133.810 -2.960
133.810 -2.970
133.800 -2.970
133.800 -2.980
133.800 -2.990
133.800 -3.000
133.800 -3.010
133.790 -3.010
133.790 -3.020
133.780 -3.020
133.780 -3.030
133.770 -3.020
133.760 -3.020
133.750 -3.020
133.750 -3.030
133.740 -3.030
133.730 -3.030
133.720 -3.040
133.720 -3.050
133.710 -3.050
133.710 -3.060
133.710 -3.070
133.700 -3.070
133.700 -3.080
133.690 -3.080
133.690 -3.090
133.680 -3.090
133.680 -3.100
133.670 -3.100
133.670 -3.110
133.670 -3.120
133.660 -3.120
133.650 -3.120
133.650 -3.130
133.650 -3.140
133.650 -3.150
133.650 -3.160
133.660 -3.160
133.660 -3.170
133.660 -3.180
133.660 -3.190
133.660 -3.200
133.660 -3.210
133.660 -3.220
133.650 -3.220
133.650 -3.230
133.650 -3.240
133.650 -3.250
133.650 -3.260
133.650 -3.270
133.660 -3.270
133.660 -3.280
133.660 -3.290
133.660 -3.300
133.660 -3.310
133.660 -3.320
133.650 -3.320
133.650 -3.330
133.660 -3.330
133.660 -3.340
133.660 -3.350
133.660 -3.360
133.660 -3.370
133.660 -3.380
133.650 -3.380
133.650 -3.390
133.650 -3.400
133.640 -3.400
133.640 -3.410
133.630 -3.410
133.620 -3.410
133.620 -3.420
133.610 -3.420
133.610 -3.410
133.600 -3.410
133.600 -3.420
133.590 -3.420
133.580 -3.420
133.580 -3.430
133.570 -3.430
133.560 -3.430
133.550 -3.430
133.540 -3.430
133.540 -3.420
133.530 -3.420
133.530 -3.410
133.530 -3.400
133.530 -3.390
133.520 -3.390
133.520 -3.380
133.510 -3.380
133.510 -3.370
133.500 -3.370
133.500 -3.380
133.500 -3.390
133.500 -3.400
133.510 -3.400
133.510 -3.410
133.510 -3.420
133.520 -3.420
133.520 -3.430
133.520 -3.440
133.510 -3.440
133.500 -3.440
133.490 -3.440
133.480 -3.440
133.470 -3.440
133.470 -3.430
133.460 -3.430
133.450 -3.430
133.450 -3.420
133.450 -3.410
133.440 -3.410
133.430 -3.410
133.420 -3.410
133.410 -3.410
133.410 -3.420
133.420 -3.420
133.430 -3.420
133.440 -3.420
133.440 -3.430
133.450 -3.430
133.450 -3.440
133.460 -3.440
133.470 -3.440
133.470 -3.450
133.480 -3.450
133.490 -3.450
133.490 -3.460
133.500 -3.460
133.510 -3.460
133.520 -3.460
133.520 -3.450
133.530 -3.450
133.540 -3.450
133.550 -3.450
133.550 -3.460
133.560 -3.460
133.560 -3.470
133.560 -3.480
133.570 -3.480
133.570 -3.490
133.570 -3.500
133.580 -3.500
133.580 -3.510
133.590 -3.510
133.590 -3.520
133.600 -3.520
133.600 -3.530
133.600 -3.540
133.590 -3.540
133.590 -3.550
133.590 -3.560
133.580 -3.560
133.580 -3.570
133.570 -3.580
133.560 -3.580
133.560 -3.590
133.550 -3.590
133.540 -3.590
133.540 -3.600
133.530 -3.600
133.520 -3.600
133.520 -3.610
133.510 -3.610
133.500 -3.610
133.500 -3.620
133.490 -3.620
133.490 -3.630
133.480 -3.630
133.480 -3.640
133.480 -3.650
133.470 -3.650
133.470 -3.660
133.460 -3.660
133.460 -3.670
133.450 -3.670
133.450 -3.680
133.440 -3.680
133.430 -3.680
133.430 -3.690
133.420 -3.690
133.410 -3.690
133.410 -3.680
133.410 -3.670
133.420 -3.670
133.420 -3.660
133.420 -3.650
133.420 -3.640
133.420 -3.630
133.420 -3.620
133.420 -3.610
133.430 -3.610
133.430 -3.600
133.420 -3.600
133.410 -3.600
133.410 -3.610
133.410 -3.620
133.410 -3.630
133.410 -3.640
133.410 -3.650
133.410 -3.660
133.400 -3.660
133.400 -3.670
133.400 -3.680
133.400 -3.690
133.400 -3.700
133.410 -3.700
133.410 -3.710
133.400 -3.710
133.400 -3.720
133.400 -3.730
133.390 -3.730
133.390 -3.740
133.390 -3.750
133.400 -3.750
133.400 -3.760
133.410 -3.760
133.410 -3.770
133.410 -3.780
133.410 -3.790
133.410 -3.800
133.420 -3.800
133.430 -3.800
133.430 -3.810
133.440 -3.810
133.450 -3.820
133.450 -3.830
133.450 -3.840
133.460 -3.840
133.460 -3.850
133.460 -3.860
133.450 -3.860
133.440 -3.860
133.430 -3.860
133.430 -3.870
133.420 -3.870
133.420 -3.880
133.410 -3.880
133.400 -3.880
133.400 -3.890
133.400 -3.900
133.400 -3.910
133.390 -3.910
133.390 -3.920
133.380 -3.920
133.380 -3.930
133.380 -3.940
133.370 -3.940
133.370 -3.950
133.360 -3.950
133.350 -3.950
133.350 -3.960
133.350 -3.970
133.340 -3.970
133.340 -3.980
133.330 -3.980
133.330 -3.990
133.330 -4.000
133.320 -4.000
133.320 -4.010
133.310 -4.020
133.300 -4.020
133.300 -4.030
133.290 -4.030
133.280 -4.030
133.270 -4.030
133.270 -4.040
133.260 -4.040
133.260 -4.050
133.260 -4.060
133.260 -4.070
133.250 -4.070
133.240 -4.070
133.230 -4.070
133.220 -4.070
133.210 -4.070
133.200 -4.070
133.190 -4.070
133.180 -4.070
133.170 -4.070
133.160 -4.070
133.150 -4.070
133.140 -4.070
133.130 -4.070
133.120 -4.070
133.120 -4.060
133.110 -4.060
133.100 -4.060
133.090 -4.060
133.080 -4.060
133.080 -4.050
133.070 -4.050
133.070 -4.060
133.060 -4.060
133.050 -4.060
133.040 -4.060
133.040 -4.070
133.040 -4.080
133.030 -4.080
133.030 -4.090
133.020 -4.090
133.020 -4.100
133.020 -4.110
133.020 -4.120
133.010 -4.120
133.010 -4.110
133.000 -4.110
132.990 -4.110
132.980 -4.110
132.970 -4.110
132.960 -4.100
132.950 -4.100
132.940 -4.100
132.940 -4.090
132.930 -4.090
132.920 -4.090
132.910 -4.090
132.910 -4.080
132.920 -4.080
132.920 -4.070
132.920 -4.060
132.920 -4.050
132.910 -4.040
132.900 -4.040
132.900 -4.030
132.890 -4.030
132.890 -4.020
132.880 -4.020
132.880 -4.010
132.870 -4.010
132.870 -4.000
132.860 -4.000
132.850 -4.000
132.850 -3.990
132.840 -3.990
132.840 -3.980
132.840 -3.970
132.840 -3.960
132.830 -3.960
132.820 -3.960
132.810 -3.960
132.810 -3.950
132.810 -3.940
132.810 -3.930
132.810 -3.920
132.820 -3.920
132.820 -3.930
132.820 -3.940
132.830 -3.940
132.830 -3.950
132.840 -3.950
132.840 -3.940
132.840 -3.930
132.840 -3.920
132.830 -3.920
132.830 -3.910
132.830 -3.900
132.830 -3.890
132.820 -3.890
132.820 -3.880
132.810 -3.880
132.810 -3.870
132.810 -3.860
132.800 -3.860
132.800 -3.850
132.800 -3.840
132.800 -3.830
132.790 -3.830
132.790 -3.820
132.790 -3.810
132.790 -3.800
132.780 -3.800
132.780 -3.790
132.780 -3.780
132.780 -3.770
132.770 -3.760
132.770 -3.750
132.760 -3.750
132.760 -3.740
132.760 -3.730
132.750 -3.730
132.750 -3.720
132.750 -3.710
132.740 -3.710
132.740 -3.700
132.740 -3.690
132.730 -3.690
132.730 -3.680
132.730 -3.670
132.730 -3.660
132.730 -3.650
132.730 -3.640
132.730 -3.630
132.740 -3.630
132.750 -3.630
132.760 -3.630
132.770 -3.630
132.770 -3.640
132.780 -3.640
132.790 -3.640
132.790 -3.630
132.800 -3.630
132.810 -3.630
132.810 -3.640
132.820 -3.640
132.830 -3.640
132.840 -3.640
132.850 -3.640
132.860 -3.640
132.870 -3.640
132.880 -3.640
132.890 -3.640
132.900 -3.640
132.900 -3.630
132.900 -3.620
132.890 -3.620
132.890 -3.610
132.900 -3.610
132.900 -3.600
132.900 -3.590
132.900 -3.580
132.900 -3.570
132.910 -3.570
132.910 -3.580
132.920 -3.580
132.920 -3.570
132.920 -3.560
132.930 -3.560
132.940 -3.560
132.940 -3.550
132.930 -3.550
132.920 -3.550
132.910 -3.550
132.910 -3.540
132.920 -3.540
132.920 -3.530
132.910 -3.530
132.900 -3.530
132.900 -3.520
132.900 -3.510
132.890 -3.510
132.890 -3.500
132.890 -3.490
132.890 -3.480
132.890 -3.470
132.890 -3.460
132.880 -3.460
132.870 -3.460
132.870 -3.470
132.870 -3.480
132.860 -3.480
132.850 -3.480
132.850 -3.470
132.840 -3.470
132.840 -3.460
132.830 -3.460
132.820 -3.460
132.820 -3.450
132.820 -3.440
132.820 -3.430
132.820 -3.420
132.820 -3.410
132.820 -3.400
132.810 -3.400
132.810 -3.390
132.810 -3.380
132.800 -3.380
132.800 -3.370
132.800 -3.360
132.800 -3.350
132.810 -3.350
132.810 -3.340
132.820 -3.340
132.820 -3.330
132.830 -3.330
132.830 -3.320
132.830 -3.310
132.840 -3.310
132.840 -3.300
132.830 -3.300
132.820 -3.300
132.820 -3.290
132.810 -3.290
132.800 -3.290
132.800 -3.280
132.810 -3.280
132.810 -3.270
132.810 -3.260
132.800 -3.260
132.790 -3.260
132.790 -3.270
132.790 -3.280
132.780 -3.280
132.780 -3.270
132.770 -3.270
132.770 -3.260
132.760 -3.260
132.760 -3.270
132.750 -3.270
132.750 -3.280
132.740 -3.280
132.730 -3.280
132.730 -3.290
132.730 -3.300
132.730 -3.310
132.730 -3.320
132.730 -3.330
132.730 -3.340
132.720 -3.340
132.710 -3.340
132.700 -3.330
132.690 -3.330
132.680 -3.330
132.680 -3.320
132.670 -3.320
132.660 -3.320
132.660 -3.310
132.660 -3.300
132.650 -3.300
132.650 -3.290
132.650 -3.280
132.640 -3.280
132.640 -3.270
132.640 -3.260
132.630 -3.260
132.620 -3.260
132.620 -3.250
132.620 -3.240
132.610 -3.240
132.600 -3.240
132.600 -3.230
132.600 -3.220
132.610 -3.220
132.620 -3.220
132.630 -3.220
132.640 -3.220
132.640 -3.210
132.650 -3.210
132.650 -3.200
132.650 -3.190
132.640 -3.190
132.640 -3.180
132.630 -3.180
132.620 -3.180
132.610 -3.180
132.600 -3.180
132.600 -3.170
132.590 -3.170
132.590 -3.160
132.580 -3.160
132.570 -3.160
132.560 -3.160
132.560 -3.150
132.550 -3.150
132.550 -3.140
132.550 -3.130
132.560 -3.130
132.570 -3.130
132.570 -3.120
132.560 -3.120
132.560 -3.110
132.560 -3.100
132.550 -3.100
132.540 -3.100
132.540 -3.090
132.530 -3.090
132.530 -3.080
132.520 -3.080
132.510 -3.080
132.510 -3.070
132.510 -3.060
132.500 -3.060
132.500 -3.050
132.490 -3.050
132.490 -3.040
132.480 -3.040
132.470 -3.040
132.470 -3.030
132.460 -3.030
132.460 -3.020
132.450 -3.020
132.450 -3.010
132.440 -3.010
132.430 -3.010
132.430 -3.000
132.420 -3.000
132.420 -2.990
132.410 -2.990
132.400 -2.990
132.390 -2.990
132.390 -2.980
132.380 -2.980
132.370 -2.980
132.370 -2.970
132.360 -2.970
132.360 -2.960
132.350 -2.960
132.340 -2.950
132.340 -2.940
132.330 -2.940
132.320 -2.940
132.310 -2.940
132.310 -2.930
132.300 -2.930
132.290 -2.930
132.280 -2.930
132.270 -2.930
132.260 -2.930
132.260 -2.920
132.250 -2.920
132.240 -2.920
132.230 -2.920
132.220 -2.920
132.210 -2.920
132.210 -2.930
132.200 -2.930
132.190 -2.930
132.180 -2.930
132.170 -2.930
132.160 -2.930
132.150 -2.930
132.150 -2.940
132.140 -2.940
132.130 -2.940
132.120 -2.930
132.110 -2.930
132.110 -2.940
132.120 -2.940
132.120 -2.950
132.110 -2.950
132.100 -2.950
132.100 -2.960
132.090 -2.960
132.080 -2.960
132.080 -2.950
132.080 -2.940
132.070 -2.940
132.070 -2.930
132.080 -2.930
132.080 -2.920
132.080 -2.910
132.070 -2.910
132.060 -2.910
132.060 -2.900
132.060 -2.890
132.050 -2.890
132.050 -2.900
132.050 -2.910
132.040 -2.920
132.040 -2.910
132.030 -2.910
132.030 -2.900
132.020 -2.900
132.020 -2.890
132.010 -2.890
132.000 -2.900
132.000 -2.890
131.990 -2.890
131.990 -2.900
131.980 -2.900
131.980 -2.890
131.980 -2.880
131.990 -2.880
131.990 -2.870
132.000 -2.870
132.000 -2.880
132.010 -2.880
132.020 -2.880
132.020 -2.870
132.030 -2.870
132.030 -2.860
132.020 -2.860
132.020 -2.850
132.030 -2.850
132.030 -2.840
132.020 -2.840
132.020 -2.830
132.010 -2.830
132.000 -2.830
132.000 -2.820
132.010 -2.820
132.020 -2.820
132.020 -2.810
132.030 -2.810
132.040 -2.810
132.050 -2.810
132.050 -2.800
132.050 -2.790
132.060 -2.790
132.060 -2.780
132.050 -2.780
132.050 -2.770
132.040 -2.770
132.030 -2.770
132.030 -2.780
132.020 -2.780
132.010 -2.780
132.000 -2.780
131.990 -2.780
131.980 -2.780
131.970 -2.780
131.960 -2.780
131.960 -2.770
131.960 -2.760
131.970 -2.760
131.980 -2.760
131.980 -2.750
131.990 -2.750
132.000 -2.750
132.010 -2.750
132.010 -2.740
132.020 -2.740
132.030 -2.740
132.040 -2.740
132.040 -2.730
132.050 -2.730
132.060 -2.730
132.060 -2.740
132.060 -2.750
132.070 -2.750
132.070 -2.740
132.070 -2.730
132.070 -2.720
132.080 -2.720
132.090 -2.720
132.100 -2.720
132.100 -2.710
132.110 -2.710
132.110 -2.720
132.120 -2.720
132.120 -2.710
132.130 -2.710
132.130 -2.720
132.140 -2.720
132.150 -2.720
132.150 -2.710
132.160 -2.710
132.170 -2.710
132.170 -2.700
132.170 -2.690
132.160 -2.690
132.150 -2.690
132.140 -2.690
132.130 -2.690
132.120 -2.690
132.120 -2.680
132.130 -2.680
132.130 -2.670
132.140 -2.670
132.140 -2.660
132.150 -2.660
132.160 -2.660
132.170 -2.660
132.180 -2.660
132.190 -2.660
132.190 -2.650
132.200 -2.650
132.200 -2.660
132.210 -2.660
132.210 -2.650
132.220 -2.650
132.230 -2.650
132.230 -2.660
132.240 -2.660
132.250 -2.660
132.260 -2.660
132.270 -2.660
132.280 -2.660
132.290 -2.660
132.300 -2.660
132.310 -2.660
132.320 -2.660
132.330 -2.660
132.340 -2.660
132.350 -2.660
132.350 -2.670
132.360 -2.670
132.360 -2.680
132.370 -2.680
132.380 -2.680
132.390 -2.680
132.390 -2.690
132.400 -2.690
132.400 -2.680
132.410 -2.680
132.420 -2.680
132.430 -2.680
132.440 -2.680
132.440 -2.690
132.420 -2.690
132.420 -2.700
132.430 -2.700
132.440 -2.700
132.450 -2.700
132.450 -2.710
132.450 -2.720
132.460 -2.720
132.460 -2.710
132.470 -2.710
132.480 -2.710
132.490 -2.700
132.480 -2.700
132.470 -2.700
132.480 -2.690
132.480 -2.680
132.490 -2.680
132.500 -2.680
132.510 -2.680
132.520 -2.680
132.530 -2.680
132.540 -2.680
132.540 -2.690
132.550 -2.690
132.560 -2.690
132.570 -2.690
132.580 -2.690
132.590 -2.690
132.590 -2.700
132.600 -2.700
132.600 -2.710
132.610 -2.710
132.620 -2.710
132.620 -2.720
132.630 -2.720
132.640 -2.720
132.640 -2.730
132.640 -2.740
132.650 -2.750
132.660 -2.750
132.660 -2.760
132.670 -2.760
132.670 -2.770
132.680 -2.770
132.690 -2.770
132.690 -2.780
132.700 -2.780
132.700 -2.790
132.710 -2.790
132.710 -2.800
132.720 -2.800
132.730 -2.800
132.740 -2.800
132.750 -2.800
132.750 -2.790
132.760 -2.790
132.760 -2.780
132.770 -2.780
132.780 -2.780
132.790 -2.780
132.790 -2.770
132.800 -2.770
132.810 -2.770
132.810 -2.760
132.810 -2.750
132.820 -2.750
132.830 -2.750
132.830 -2.740
132.840 -2.740
132.840 -2.730
132.850 -2.730
132.850 -2.720
132.860 -2.720
132.860 -2.710
132.870 -2.710
132.870 -2.700
132.880 -2.700
132.890 -2.690
132.890 -2.680
132.900 -2.680
132.900 -2.670
132.910 -2.670
132.910 -2.660
132.920 -2.660
132.920 -2.650
132.930 -2.640
132.930 -2.630
132.940 -2.630
132.940 -2.620
132.950 -2.620
132.960 -2.610
132.960 -2.600
132.970 -2.600
132.970 -2.590
132.980 -2.590
132.980 -2.580
132.990 -2.570
132.990 -2.560
133.000 -2.560
133.000 -2.550
133.010 -2.550
133.010 -2.540
133.020 -2.540
133.020 -2.530
133.020 -2.520
133.030 -2.520
133.040 -2.510
133.040 -2.500
133.040 -2.490
133.050 -2.490
133.060 -2.490
133.060 -2.480
133.070 -2.480
133.070 -2.470
133.080 -2.470
133.080 -2.460
133.090 -2.460
133.100 -2.460
133.100 -2.450
133.110 -2.450
133.120 -2.450
133.120 -2.440
133.130 -2.440
133.140 -2.440
133.150 -2.440
133.160 -2.440
133.160 -2.430
133.170 -2.430
133.180 -2.430
133.190 -2.430
133.200 -2.430
133.200 -2.420
133.210 -2.420
133.210 -2.410
133.220 -2.410
133.230 -2.410
133.230 -2.420
133.240 -2.420
133.250 -2.420
133.260 -2.420
133.260 -2.430
133.270 -2.430
133.280 -2.430
133.290 -2.430
133.290 -2.440
133.300 -2.440
133.300 -2.450
133.310 -2.450
133.310 -2.460
133.310 -2.470
133.310 -2.480
133.310 -2.490
133.310 -2.500
133.310 -2.510
133.320 -2.510
133.320 -2.500
133.320 -2.490
133.320 -2.480
133.320 -2.470
133.330 -2.470
133.330 -2.480
133.340 -2.480
133.340 -2.490
133.350 -2.490
133.360 -2.490
133.360 -2.500
133.370 -2.500
133.370 -2.510
133.380 -2.510
133.380 -2.520
133.380 -2.530
133.380 -2.540
133.380 -2.550
133.380 -2.560
133.380 -2.570
133.380 -2.580
133.370 -2.580
133.360 -2.580
133.360 -2.590
133.360 -2.600
133.370 -2.600
133.370 -2.610
133.370 -2.620
133.370 -2.630
133.380 -2.630
133.380 -2.640
133.380 -2.650
133.380 -2.660
133.380 -2.670
133.390 -2.670
133.390 -2.680
133.400 -2.680
133.400 -2.670
133.400 -2.660
133.410 -2.660
133.410 -2.650
133.410 -2.640
133.420 -2.640
133.430 -2.630
133.430 -2.620
133.430 -2.610
133.440 -2.610
133.440 -2.600
133.430 -2.600
133.430 -2.590
133.420 -2.590
133.420 -2.580
133.420 -2.570
133.420 -2.560
133.410 -2.560
133.410 -2.540
133.410 -2.550
133.400 -2.550
133.400 -2.540
133.400 -2.530
133.410 -2.530
133.410 -2.520
133.420 -2.520
133.420 -2.510
133.420 -2.500
133.430 -2.500
133.440 -2.500
133.450 -2.500
133.450 -2.510
133.450 -2.520
133.450 -2.530
133.450 -2.540
133.450 -2.550
133.450 -2.560
133.450 -2.570
133.450 -2.580
133.450 -2.590
133.450 -2.600
133.450 -2.610
133.460 -2.610
133.460 -2.620
133.460 -2.630
133.470 -2.630
133.470 -2.640
133.480 -2.640
133.490 -2.640
133.490 -2.650
133.500 -2.650
133.500 -2.640
133.510 -2.640
133.510 -2.650
133.520 -2.650
133.520 -2.640
133.530 -2.640
133.530 -2.630
133.530 -2.620
133.530 -2.610
133.540 -2.610
133.550 -2.610
133.560 -2.610
133.560 -2.600
133.570 -2.600
133.580 -2.600
133.580 -2.590
133.570 -2.590
133.570 -2.580
133.560 -2.580
133.560 -2.570
133.570 -2.570
133.580 -2.570
133.580 -2.560
133.590 -2.560
133.590 -2.550
133.600 -2.550
133.600 -2.560
133.610 -2.560
133.610 -2.550
133.620 -2.540
133.620 -2.530
133.630 -2.530
133.640 -2.530
133.650 -2.530
133.650 -2.540
133.650 -2.550
133.660 -2.550
133.670 -2.550
133.670 -2.560
133.670 -2.570
133.670 -2.580
133.670 -2.590
133.670 -2.600
133.670 -2.610
133.660 -2.610
133.660 -2.620
133.660 -2.630
133.660 -2.640
133.660 -2.650
133.660 -2.660
133.660 -2.670
133.660 -2.680
133.650 -2.680
133.650 -2.690
133.660 -2.690
133.670 -2.690
133.680 -2.690
133.680 -2.680
133.670 -2.680
133.670 -2.670
133.670 -2.660
133.670 -2.650
133.680 -2.650
133.680 -2.640
133.680 -2.630
133.690 -2.630
133.690 -2.620
133.700 -2.620
133.710 -2.620
133.720 -2.620
133.730 -2.620
133.740 -2.620
133.750 -2.620
133.750 -2.630
133.750 -2.640
133.750 -2.650
133.750 -2.660
133.740 -2.660
133.750 -2.670
133.760 -2.670
133.770 -2.670
133.780 -2.670
133.780 -2.660
133.790 -2.660
133.790 -2.650
133.800 -2.650
133.800 -2.640
133.800 -2.630
133.810 -2.630
133.810 -2.620
133.810 -2.610
133.810 -2.600
133.810 -2.590
133.810 -2.580
133.810 -2.570
133.810 -2.560
133.810 -2.550
133.810 -2.540
133.810 -2.530
133.800 -2.530
133.800 -2.520
133.790 -2.520
133.790 -2.510
133.790 -2.500
133.790 -2.490
133.800 -2.490
133.790 -2.480
133.800 -2.480
133.800 -2.470
133.810 -2.470
133.810 -2.460
133.820 -2.460
133.820 -2.450
133.830 -2.450
133.840 -2.450
133.840 -2.460
133.850 -2.460
133.850 -2.470
133.860 -2.470
133.870 -2.470
133.870 -2.460
133.880 -2.460
133.890 -2.470
133.890 -2.480
133.900 -2.480
133.910 -2.480
133.920 -2.480
133.930 -2.480
133.930 -2.470
133.940 -2.470
133.950 -2.470
133.960 -2.470
133.970 -2.470
133.970 -2.480
133.980 -2.480
133.980 -2.470
133.980 -2.460
133.980 -2.450
133.990 -2.450
133.980 -2.440
133.970 -2.440
133.970 -2.430
133.960 -2.430
133.950 -2.430
133.950 -2.420
133.950 -2.410
133.950 -2.400
133.950 -2.390
133.960 -2.390
133.970 -2.390
133.980 -2.390
133.990 -2.390
133.990 -2.380
133.990 -2.370
133.990 -2.360
133.980 -2.360
133.970 -2.350
133.960 -2.350
133.960 -2.340
133.950 -2.340
133.950 -2.330
133.950 -2.320
133.960 -2.320
133.960 -2.310
133.970 -2.310
133.970 -2.300
133.980 -2.300
133.990 -2.300
133.990 -2.290
133.990 -2.280
133.990 -2.270
133.990 -2.260
134.000 -2.260
134.000 -2.250
134.000 -2.240
133.990 -2.230
133.990 -2.220
133.980 -2.220
133.980 -2.230
133.980 -2.240
133.970 -2.240
133.970 -2.230
133.960 -2.230
133.950 -2.230
133.940 -2.230
133.940 -2.220
133.940 -2.210
133.940 -2.200
133.940 -2.190
133.940 -2.180
133.940 -2.170
133.950 -2.170
133.950 -2.160
133.940 -2.160
133.940 -2.150
133.940 -2.140
133.940 -2.130
133.930 -2.130
133.920 -2.130
133.910 -2.130
133.910 -2.120
133.920 -2.120
133.930 -2.110
133.930 -2.100
133.930 -2.090
133.920 -2.090
133.910 -2.090
133.910 -2.100
133.900 -2.100
133.900 -2.090
133.890 -2.090
133.890 -2.100
133.890 -2.110
133.880 -2.110
133.870 -2.110
133.870 -2.100
133.860 -2.100
133.850 -2.100
133.840 -2.100
133.830 -2.110
133.830 -2.120
133.830 -2.130
133.820 -2.130
133.820 -2.140
133.810 -2.140
133.800 -2.140
133.800 -2.150
133.790 -2.150
133.780 -2.150
133.780 -2.140
133.780 -2.130
133.780 -2.120
133.770 -2.120
133.770 -2.130
133.770 -2.140
133.770 -2.150
133.770 -2.160
133.760 -2.160
133.750 -2.160
133.750 -2.170
133.740 -2.170
133.740 -2.160
133.730 -2.160
133.720 -2.160
133.720 -2.170
133.710 -2.170
133.710 -2.180
133.700 -2.180
133.700 -2.190
133.700 -2.200
133.690 -2.200
133.680 -2.200
133.670 -2.200
133.660 -2.200
133.660 -2.210
133.650 -2.210
133.650 -2.220
133.640 -2.220
133.640 -2.230
133.630 -2.230
133.620 -2.230
133.620 -2.220
133.610 -2.220
133.600 -2.220
133.590 -2.220
133.580 -2.220
133.580 -2.210
133.580 -2.200
133.570 -2.200
133.570 -2.210
133.560 -2.210
133.560 -2.220
133.550 -2.220
133.550 -2.230
133.540 -2.230
133.530 -2.230
133.520 -2.230
133.520 -2.240
133.510 -2.240
133.510 -2.230
133.510 -2.220
133.510 -2.210
133.510 -2.200
133.520 -2.200
133.520 -2.210
133.530 -2.210
133.530 -2.200
133.530 -2.190
133.520 -2.190
133.510 -2.190
133.500 -2.190
133.500 -2.180
133.490 -2.180
133.490 -2.170
133.480 -2.170
133.470 -2.170
133.470 -2.180
133.470 -2.190
133.480 -2.190
133.490 -2.190
133.490 -2.200
133.500 -2.200
133.500 -2.210
133.500 -2.220
133.500 -2.230
133.490 -2.230
133.480 -2.230
133.470 -2.230
133.460 -2.230
133.450 -2.230
133.440 -2.230
133.430 -2.230
133.420 -2.230
133.420 -2.220
133.430 -2.220
133.430 -2.210
133.430 -2.200
133.420 -2.200
133.410 -2.200
133.410 -2.210
133.400 -2.210
133.390 -2.210
133.380 -2.210
133.370 -2.210
133.360 -2.210
133.350 -2.210
133.340 -2.210
133.340 -2.220
133.330 -2.220
133.320 -2.220
133.310 -2.220
133.300 -2.220
133.300 -2.210
133.290 -2.210
133.280 -2.210
133.280 -2.200
133.280 -2.190
133.270 -2.190
133.270 -2.200
133.260 -2.200
133.250 -2.200
133.240 -2.200
133.240 -2.210
133.230 -2.210
133.230 -2.220
133.220 -2.220
133.220 -2.210
133.220 -2.200
133.210 -2.200
133.200 -2.200
133.190 -2.200
133.180 -2.200
133.170 -2.200
133.160 -2.200
133.150 -2.200
133.140 -2.200
133.140 -2.210
133.130 -2.210
133.130 -2.220
133.120 -2.220
133.120 -2.230
133.110 -2.230
133.100 -2.230
133.090 -2.230
133.080 -2.230
133.070 -2.230
133.060 -2.230
133.050 -2.230
133.050 -2.240
133.040 -2.240
133.030 -2.240
133.020 -2.240
133.020 -2.250
133.010 -2.250
133.010 -2.260
133.000 -2.260
133.000 -2.270
132.990 -2.270
132.990 -2.280
132.980 -2.280
132.980 -2.290
132.970 -2.290
132.960 -2.290
132.950 -2.290
132.950 -2.280
132.950 -2.270
132.940 -2.270
132.940 -2.280
132.930 -2.280
132.920 -2.280
132.910 -2.280
132.900 -2.280
132.890 -2.280
132.890 -2.270
132.880 -2.270
132.880 -2.260
132.870 -2.260
132.870 -2.250
132.860 -2.250
132.850 -2.250
132.850 -2.240
132.840 -2.240
132.830 -2.240
132.820 -2.240
132.810 -2.240
132.800 -2.240
132.800 -2.250
132.790 -2.250
132.780 -2.250
132.770 -2.250
132.770 -2.260
132.760 -2.260
132.750 -2.260
132.750 -2.270
132.740 -2.270
132.730 -2.270
132.730 -2.280
132.720 -2.290
132.720 -2.300
132.710 -2.300
132.700 -2.300
132.700 -2.290
132.690 -2.290
132.680 -2.290
132.670 -2.290
132.670 -2.280
132.660 -2.280
132.650 -2.280
132.650 -2.290
132.640 -2.290
132.640 -2.280
132.630 -2.280
132.630 -2.270
132.620 -2.270
132.620 -2.260
132.620 -2.250
132.620 -2.240
132.620 -2.230
132.620 -2.220
132.610 -2.220
132.610 -2.210
132.600 -2.210
132.600 -2.200
132.590 -2.190
132.580 -2.190
132.570 -2.190
132.560 -2.190
132.550 -2.190
132.540 -2.190
132.530 -2.190
132.530 -2.200
132.520 -2.200
132.510 -2.200
132.500 -2.200
132.500 -2.210
132.490 -2.210
132.480 -2.210
132.470 -2.210
132.470 -2.220
132.460 -2.220
132.450 -2.220
132.450 -2.230
132.440 -2.230
132.430 -2.230
132.430 -2.240
132.420 -2.240
132.410 -2.240
132.410 -2.250
132.400 -2.250
132.390 -2.260
132.380 -2.260
132.380 -2.270
132.370 -2.270
132.360 -2.270
132.350 -2.270
132.340 -2.270
132.330 -2.270
132.330 -2.280
132.320 -2.280
132.310 -2.280
132.300 -2.280
132.300 -2.270
132.290 -2.270
132.290 -2.260
132.280 -2.250
132.280 -2.240
132.270 -2.240
132.270 -2.230
132.260 -2.230
132.260 -2.220
132.260 -2.210
132.250 -2.210
132.250 -2.200
132.240 -2.200
132.240 -2.190
132.230 -2.190
132.230 -2.180
132.220 -2.180
132.210 -2.180
132.210 -2.170
132.200 -2.170
132.190 -2.160
132.200 -2.160
132.200 -2.150
132.190 -2.150
132.180 -2.150
132.170 -2.150
132.160 -2.150
132.150 -2.150
132.140 -2.150
132.140 -2.140
132.140 -2.130
132.130 -2.130
132.130 -2.140
132.120 -2.140
132.120 -2.130
132.110 -2.130
132.110 -2.120
132.100 -2.120
132.090 -2.120
132.090 -2.110
132.080 -2.110
132.080 -2.100
132.070 -2.100
132.070 -2.090
132.060 -2.090
132.060 -2.080
132.050 -2.080
132.040 -2.080
132.040 -2.070
132.040 -2.060
132.040 -2.050
132.050 -2.050
132.050 -2.060
132.060 -2.050
132.070 -2.050
132.070 -2.040
132.080 -2.040
132.080 -2.030
132.090 -2.030
132.090 -2.020
132.100 -2.020
132.100 -2.010
132.090 -2.010
132.090 -2.000
132.090 -1.990
132.080 -1.990
132.080 -1.980
132.090 -1.980
132.100 -1.980
132.100 -1.970
132.100 -1.960
132.100 -1.950
132.090 -1.950
132.080 -1.950
132.070 -1.950
132.070 -1.960
132.060 -1.960
132.050 -1.960
132.050 -1.970
132.060 -1.970
132.060 -1.980
132.060 -1.990
132.050 -1.990
132.050 -2.000
132.050 -2.010
132.060 -2.010
132.060 -2.020
132.050 -2.020
132.040 -2.020
132.030 -2.020
132.020 -2.010
132.020 -2.000
132.010 -2.000
132.010 -1.990
132.000 -1.990
131.990 -1.990
131.990 -1.980
131.980 -1.980
131.980 -1.970
131.970 -1.970
131.970 -1.960
131.980 -1.960
131.980 -1.950
131.980 -1.940
131.980 -1.930
131.980 -1.920
131.970 -1.920
131.970 -1.910
131.970 -1.900
131.980 -1.900
131.970 -1.890
131.980 -1.890
131.980 -1.880
131.980 -1.870
131.970 -1.870
131.970 -1.860
131.960 -1.860
131.950 -1.860
131.950 -1.850
131.960 -1.850
131.960 -1.840
131.960 -1.830
131.950 -1.830
131.950 -1.840
131.940 -1.840
131.940 -1.830
131.930 -1.830
131.930 -1.820
131.920 -1.820
131.920 -1.810
131.930 -1.810
131.930 -1.800
131.940 -1.800
131.940 -1.790
131.950 -1.790
131.950 -1.780
131.960 -1.780
131.960 -1.770
131.970 -1.770
131.970 -1.760
131.980 -1.760
131.980 -1.750
131.990 -1.750
131.990 -1.740
132.000 -1.740
132.010 -1.740
132.020 -1.740
132.020 -1.730
132.020 -1.720
132.030 -1.720
132.040 -1.720
132.040 -1.710
132.030 -1.710
132.030 -1.700
132.020 -1.700
132.010 -1.700
132.010 -1.690
132.000 -1.690
132.000 -1.680
132.010 -1.680
132.020 -1.680
132.030 -1.680
132.040 -1.680
132.050 -1.680
132.050 -1.670
132.060 -1.670
132.060 -1.660
132.070 -1.660
132.070 -1.670
132.080 -1.670
132.080 -1.660
132.070 -1.650
132.070 -1.640
132.070 -1.630
132.080 -1.630
132.090 -1.630
132.100 -1.630
132.100 -1.620
132.090 -1.620
132.080 -1.620
132.070 -1.620
132.060 -1.620
132.050 -1.620
132.050 -1.630
132.040 -1.640
132.040 -1.650
132.050 -1.650
132.060 -1.650
132.060 -1.660
132.050 -1.660
132.050 -1.670
132.040 -1.670
132.030 -1.670
132.020 -1.670
132.010 -1.670
132.000 -1.670
131.990 -1.670
131.990 -1.680
131.990 -1.690
131.990 -1.700
131.980 -1.700
131.980 -1.710
131.970 -1.710
131.960 -1.710
131.950 -1.710
131.940 -1.710
131.930 -1.710
131.930 -1.720
131.920 -1.720
131.910 -1.720
131.910 -1.710
131.900 -1.710
131.900 -1.700
131.900 -1.690
131.900 -1.680
131.900 -1.670
131.890 -1.670
131.890 -1.660
131.890 -1.650
131.880 -1.650
131.880 -1.640
131.880 -1.630
131.890 -1.630
131.890 -1.620
131.890 -1.610
131.900 -1.610
131.900 -1.600
131.900 -1.590
131.910 -1.590
131.910 -1.580
131.920 -1.580
131.930 -1.580
131.940 -1.580
131.940 -1.570
131.950 -1.570
131.950 -1.560
131.960 -1.560
131.970 -1.560
131.970 -1.550
131.980 -1.550
131.980 -1.540
131.980 -1.530
131.980 -1.520
131.980 -1.510
131.980 -1.500
131.970 -1.500
131.970 -1.490
131.970 -1.480
131.980 -1.470
131.980 -1.460
131.980 -1.450
131.980 -1.440
131.970 -1.440
131.970 -1.450
131.970 -1.460
131.960 -1.460
131.960 -1.470
131.960 -1.480
131.960 -1.490
131.960 -1.500
131.970 -1.500
131.970 -1.510
131.970 -1.520
131.970 -1.530
131.970 -1.540
131.970 -1.550
131.960 -1.550
131.950 -1.550
131.950 -1.560
131.940 -1.560
131.930 -1.560
131.920 -1.560
131.910 -1.560
131.910 -1.570
131.900 -1.570
131.900 -1.580
131.890 -1.580
131.880 -1.580
131.870 -1.580
131.860 -1.580
131.860 -1.570
131.850 -1.570
131.850 -1.580
131.850 -1.590
131.840 -1.590
131.830 -1.590
131.830 -1.600
131.820 -1.600
131.820 -1.610
131.810 -1.610
131.800 -1.610
131.790 -1.610
131.780 -1.610
131.780 -1.600
131.780 -1.590
131.780 -1.580
131.790 -1.580
131.790 -1.570
131.800 -1.570
131.800 -1.560
131.800 -1.550
131.810 -1.550
131.810 -1.540
131.810 -1.530
131.810 -1.520
131.800 -1.520
131.800 -1.510
131.790 -1.510
131.790 -1.520
131.790 -1.530
131.800 -1.530
131.800 -1.540
131.800 -1.550
131.790 -1.550
131.790 -1.560
131.780 -1.560
131.780 -1.570
131.770 -1.570
131.760 -1.570
131.760 -1.580
131.750 -1.580
131.740 -1.580
131.730 -1.580
131.720 -1.580
131.710 -1.580
131.710 -1.570
131.700 -1.570
131.700 -1.560
131.690 -1.560
131.690 -1.550
131.700 -1.550
131.700 -1.540
131.710 -1.540
131.720 -1.530
131.720 -1.520
131.730 -1.520
131.740 -1.520
131.740 -1.510
131.740 -1.500
131.750 -1.490
131.750 -1.480
131.750 -1.470
131.750 -1.460
131.740 -1.460
131.740 -1.450
131.740 -1.440
131.730 -1.440
131.730 -1.430
131.720 -1.430
131.720 -1.420
131.710 -1.420
131.710 -1.430
131.700 -1.430
131.690 -1.430
131.690 -1.440
131.680 -1.440
131.670 -1.440
131.670 -1.450
131.670 -1.460
131.670 -1.470
131.660 -1.470
131.660 -1.460
131.660 -1.450
131.660 -1.440
131.650 -1.440
131.640 -1.440
131.640 -1.450
131.630 -1.450
131.620 -1.450
131.610 -1.450
131.610 -1.460
131.600 -1.460
131.600 -1.450
131.590 -1.450
131.580 -1.450
131.570 -1.450
131.570 -1.460
131.580 -1.460
131.580 -1.470
131.570 -1.470
131.570 -1.480
131.560 -1.480
131.550 -1.480
131.550 -1.490
131.540 -1.490
131.540 -1.480
131.530 -1.480
131.520 -1.480
131.510 -1.470
131.500 -1.470
131.490 -1.480
131.480 -1.480
131.480 -1.490
131.480 -1.500
131.470 -1.500
131.460 -1.500
131.450 -1.500
131.450 -1.510
131.440 -1.510
131.440 -1.500
131.430 -1.500
131.430 -1.490
131.420 -1.490
131.420 -1.480
131.410 -1.480
131.410 -1.470
131.400 -1.470
131.390 -1.470
131.390 -1.460
131.380 -1.460
131.380 -1.450
131.380 -1.440
131.390 -1.440
131.400 -1.440
131.400 -1.430
131.400 -1.420
131.390 -1.420
131.390 -1.410
131.390 -1.400
131.380 -1.400
131.370 -1.390
131.370 -1.380
131.360 -1.380
131.360 -1.370
131.360 -1.360
131.350 -1.360
131.340 -1.360
131.340 -1.350
131.340 -1.340
131.330 -1.340
131.320 -1.340
131.320 -1.350
131.310 -1.350
131.300 -1.350
131.300 -1.340
131.290 -1.340
131.290 -1.350
131.290 -1.360
131.300 -1.360
131.310 -1.360
131.310 -1.370
131.310 -1.380
131.300 -1.380
131.290 -1.380
131.280 -1.380
131.270 -1.380
131.270 -1.390
131.280 -1.390
131.290 -1.400
131.290 -1.410
131.300 -1.410
131.300 -1.420
131.310 -1.420
131.320 -1.420
131.320 -1.430
131.330 -1.430
131.340 -1.430
131.340 -1.440
131.340 -1.450
131.340 -1.460
131.330 -1.460
131.330 -1.470
131.320 -1.470
131.320 -1.480
131.310 -1.480
131.310 -1.490
131.300 -1.490
131.300 -1.500
131.290 -1.500
131.280 -1.500
131.270 -1.500
131.270 -1.510
131.260 -1.510
131.250 -1.510
131.240 -1.510
131.230 -1.510
131.220 -1.510
131.220 -1.520
131.210 -1.520
131.200 -1.520
131.200 -1.510
131.190 -1.510
131.190 -1.500
131.190 -1.490
131.180 -1.490
131.180 -1.480
131.180 -1.470
131.170 -1.470
131.170 -1.460
131.160 -1.460
131.150 -1.460
131.140 -1.460
131.130 -1.460
131.120 -1.460
131.110 -1.460
131.110 -1.450
131.100 -1.450
131.090 -1.450
131.080 -1.450
131.070 -1.450
131.060 -1.450
131.050 -1.450
131.040 -1.450
131.030 -1.450
131.020 -1.450
131.010 -1.450
131.010 -1.460
131.000 -1.460
131.000 -1.450
130.990 -1.450
130.980 -1.450
130.970 -1.450
130.970 -1.440
130.960 -1.440
130.950 -1.440
130.940 -1.440
130.940 -1.430
130.930 -1.430
130.930 -1.420
130.940 -1.420
130.940 -1.410
130.950 -1.410
130.960 -1.410
130.960 -1.400
130.970 -1.400
130.970 -1.390
130.980 -1.390
130.990 -1.390
131.000 -1.390
131.000 -1.380
131.000 -1.370
131.000 -1.360
131.010 -1.360
131.010 -1.350
131.010 -1.340
131.010 -1.330
131.010 -1.320
131.020 -1.320
131.020 -1.310
131.030 -1.310
131.030 -1.300
131.030 -1.290
131.020 -1.290
131.020 -1.280
131.030 -1.280
131.040 -1.280
131.040 -1.270
131.050 -1.270
131.050 -1.260
131.050 -1.250
131.060 -1.250
131.070 -1.250
131.070 -1.240
131.080 -1.240
131.090 -1.240
131.090 -1.250
131.100 -1.250
131.100 -1.240
131.110 -1.240
131.120 -1.240
131.130 -1.240
131.140 -1.240
131.140 -1.230
131.150 -1.230
131.160 -1.230
131.170 -1.230
131.170 -1.220
131.180 -1.220
131.180 -1.210
131.180 -1.200
131.190 -1.200
131.190 -1.190
131.190 -1.180
131.200 -1.180
131.200 -1.170
131.200 -1.160
131.210 -1.160
131.210 -1.150
131.220 -1.140
131.220 -1.130
131.230 -1.130
131.230 -1.120
131.230 -1.110
131.230 -1.100
131.240 -1.100
131.240 -1.090
131.250 -1.090
131.250 -1.080
131.250 -1.070
131.240 -1.070
131.240 -1.060
131.240 -1.050
131.250 -1.050
131.250 -1.040
131.240 -1.040
131.240 -1.030
131.240 -1.020
131.250 -1.020
131.250 -1.010
131.260 -1.010
131.260 -1.000
131.260 -0.990
131.270 -0.990
131.270 -0.980
131.280 -0.980
131.280 -0.970
131.270 -0.970
131.270 -0.960
131.270 -0.950
131.280 -0.950
131.280 -0.940
131.270 -0.940
131.270 -0.930
131.270 -0.920
131.280 -0.920
131.280 -0.910
131.290 -0.910
131.290 -0.900
131.280 -0.900
131.280 -0.890
131.270 -0.890
131.260 -0.890
131.260 -0.880
131.250 -0.880
131.240 -0.880
131.240 -0.870
131.250 -0.870
131.250 -0.860
131.250 -0.850
131.240 -0.850
131.240 -0.840
131.240 -0.830
131.230 -0.830
131.230 -0.820
131.240 -0.820
131.250 -0.820
131.260 -0.820
131.260 -0.810
131.270 -0.810
131.280 -0.810
131.290 -0.810
131.290 -0.800
131.300 -0.800
131.310 -0.800
131.320 -0.800
131.330 -0.800
131.330 -0.790
131.340 -0.790
131.350 -0.790
131.350 -0.780
131.360 -0.780
131.370 -0.780
131.380 -0.780
131.390 -0.780
131.400 -0.780
131.400 -0.770
131.410 -0.770
131.420 -0.770
131.420 -0.760
131.430 -0.760
131.440 -0.760
131.450 -0.760
131.450 -0.750
131.460 -0.750
131.470 -0.750
131.470 -0.740
131.480 -0.740
131.490 -0.740
131.500 -0.740
131.500 -0.730
131.510 -0.730
131.520 -0.730
131.530 -0.730
131.540 -0.730
131.540 -0.740
131.540 -0.750
131.530 -0.750
131.520 -0.750
131.520 -0.760
131.510 -0.760
131.510 -0.770
131.520 -0.770
131.530 -0.770
131.540 -0.770
131.550 -0.770
131.550 -0.760
131.560 -0.760
131.570 -0.760
131.570 -0.750
131.580 -0.760
131.580 -0.750
131.590 -0.750
131.600 -0.750
131.610 -0.750
131.620 -0.750
131.630 -0.750
131.640 -0.750
131.640 -0.740
131.650 -0.740
131.660 -0.740
131.670 -0.740
131.680 -0.740
131.690 -0.740
131.700 -0.740
131.700 -0.730
131.710 -0.730
131.720 -0.730
131.730 -0.730
131.740 -0.730
131.750 -0.730
131.760 -0.730
131.760 -0.720
131.770 -0.720
131.780 -0.720
131.790 -0.720
131.800 -0.720
131.810 -0.720
131.820 -0.710
131.830 -0.710
131.840 -0.710
131.850 -0.710
131.850 -0.700
131.860 -0.700
131.860 -0.690
131.870 -0.690
131.880 -0.690
131.880 -0.680
131.890 -0.680
131.900 -0.680
131.900 -0.670
131.900 -0.660
131.900 -0.650
131.910 -0.650
131.920 -0.650
131.920 -0.640
131.920 -0.630
131.930 -0.630
131.930 -0.620
131.940 -0.620
131.940 -0.610
131.950 -0.610
131.960 -0.610
131.960 -0.600
131.960 -0.590
131.970 -0.590
131.970 -0.580
131.980 -0.580
131.980 -0.570
131.990 -0.570
132.000 -0.570
132.010 -0.570
132.010 -0.560
132.020 -0.560
132.030 -0.560
132.040 -0.560
132.040 -0.550
132.050 -0.550
132.060 -0.550
132.060 -0.540
132.070 -0.540
132.080 -0.530
132.080 -0.520
132.080 -0.510
132.080 -0.500
132.080 -0.490
132.090 -0.490
132.090 -0.480
132.100 -0.480
132.100 -0.470
132.110 -0.470
132.120 -0.470
132.120 -0.460
132.130 -0.460
132.140 -0.460
132.140 -0.450
132.150 -0.450
132.150 -0.440
132.160 -0.440
132.160 -0.430
132.170 -0.430
132.170 -0.420
132.180 -0.420
132.190 -0.420
132.190 -0.410
132.200 -0.410
132.210 -0.410
132.220 -0.410
132.230 -0.410
132.240 -0.410
132.240 -0.400
132.250 -0.400
132.260 -0.400
132.260 -0.390
132.260 -0.380
132.270 -0.380
132.280 -0.380
132.290 -0.380
132.300 -0.380
132.310 -0.380
132.320 -0.380
132.330 -0.380
132.340 -0.380
132.350 -0.380
132.350 -0.370
132.360 -0.370
132.370 -0.370
132.370 -0.360
132.380 -0.360
132.390 -0.360
132.400 -0.360
132.400 -0.350
132.410 -0.350
132.420 -0.350
132.420 -0.340
132.430 -0.340
132.430 -0.350
132.440 -0.350
132.450 -0.350
132.460 -0.350
132.470 -0.350
132.480 -0.360
132.490 -0.360
132.500 -0.360
132.510 -0.360
132.520 -0.360
132.530 -0.360
132.530 -0.350
132.540 -0.350
132.540 -0.360
132.550 -0.360
132.560 -0.360
132.570 -0.360
132.580 -0.360
132.590 -0.360
132.600 -0.360
132.610 -0.360
132.620 -0.360
132.630 -0.360
132.630 -0.370
132.640 -0.370
132.650 -0.370
132.650 -0.360
132.660 -0.360
132.660 -0.370
132.670 -0.370
132.680 -0.370
132.690 -0.370
132.700 -0.370
132.700 -0.360
132.710 -0.360
132.720 -0.360
132.720 -0.370
132.720 -0.380
132.730 -0.380
132.730 -0.390
132.740 -0.390
132.750 -0.390
132.760 -0.390
132.770 -0.390
132.770 -0.400
132.780 -0.400
132.790 -0.400
132.790 -0.410
132.800 -0.410
132.800 -0.420
132.810 -0.420
132.820 -0.430
132.830 -0.430
132.840 -0.430
132.840 -0.440
132.850 -0.440
132.860 -0.440
132.860 -0.450
132.870 -0.450
132.880 -0.450
132.890 -0.450
132.890 -0.460
132.900 -0.460
132.910 -0.460
132.910 -0.470
132.920 -0.470
132.920 -0.460
132.930 -0.460
132.940 -0.460
132.950 -0.460
132.950 -0.450
132.960 -0.450
132.960 -0.460
132.960 -0.470
132.960 -0.480
132.970 -0.490
132.980 -0.490
132.980 -0.500
132.990 -0.500
132.990 -0.490
133.000 -0.490
133.000 -0.500
133.010 -0.500
133.020 -0.500
133.020 -0.510
133.030 -0.510
133.030 -0.520
133.040 -0.520
133.050 -0.520
133.060 -0.520
133.070 -0.520
133.080 -0.520
133.080 -0.530
133.080 -0.540
133.090 -0.540
133.100 -0.540
133.100 -0.550
133.110 -0.550
133.120 -0.550
133.130 -0.550
133.130 -0.540
133.140 -0.540
133.150 -0.540
133.150 -0.550
133.160 -0.550
133.160 -0.560
133.160 -0.570
133.170 -0.570
133.170 -0.580
133.180 -0.580
133.180 -0.590
133.190 -0.590
133.200 -0.590
133.210 -0.590
133.210 -0.600
133.220 -0.600
133.230 -0.600
133.240 -0.600
133.240 -0.610
133.240 -0.620
133.250 -0.620
133.250 -0.630
133.260 -0.630
133.260 -0.640
133.270 -0.650
133.280 -0.650
133.280 -0.660
133.290 -0.660
133.290 -0.670
133.300 -0.670
133.300 -0.680
133.310 -0.680
133.310 -0.690
133.320 -0.690
133.320 -0.700
133.330 -0.700
133.330 -0.710
133.340 -0.710
133.350 -0.710
133.350 -0.720
133.360 -0.720
133.370 -0.720
133.370 -0.730
133.380 -0.730
133.380 -0.740
133.390 -0.740
133.400 -0.740
133.410 -0.740
133.420 -0.740
133.430 -0.740
133.440 -0.740
133.450 -0.740
133.460 -0.740
133.470 -0.740
133.480 -0.740
133.490 -0.740
133.500 -0.740
133.510 -0.740
133.520 -0.750
133.530 -0.750
133.540 -0.750
133.550 -0.750
133.550 -0.740
133.560 -0.740
133.570 -0.740
133.570 -0.730
133.570 -0.720
133.580 -0.720
133.580 -0.730
133.590 -0.730
133.600 -0.730
133.610 -0.730
133.610 -0.740
133.620 -0.740
133.630 -0.740
133.640 -0.740
133.650 -0.740
133.660 -0.740
133.670 -0.740
133.680 -0.740
133.690 -0.740
133.700 -0.750
133.710 -0.750
133.720 -0.750
133.730 -0.750
133.730 -0.740
133.740 -0.740
133.740 -0.730
133.730 -0.730
133.730 -0.720
133.740 -0.720
133.750 -0.720
133.760 -0.720
133.760 -0.730
133.770 -0.730
133.780 -0.730
133.790 -0.730
133.790 -0.720
133.800 -0.730
133.800 -0.740
133.810 -0.740
133.810 -0.750
133.820 -0.750
133.820 -0.740
133.830 -0.740
133.830 -0.730
133.840 -0.730
133.850 -0.730
133.860 -0.730
133.870 -0.730
133.870 -0.720
133.870 -0.710
133.880 -0.710
133.880 -0.720
133.890 -0.720
133.900 -0.720
133.900 -0.730
133.910 -0.730
133.910 -0.720
133.920 -0.720
133.920 -0.730
133.930 -0.730
133.940 -0.730
133.940 -0.720
133.940 -0.710
133.950 -0.710
133.950 -0.720
133.960 -0.720
133.970 -0.720
133.980 -0.720
133.980 -0.730
133.980 -0.740
133.980 -0.750
133.990 -0.750
133.990 -0.760
134.000 -0.760
134.000 -0.770
134.010 -0.780
134.020 -0.780
134.020 -0.790
134.030 -0.790
134.030 -0.800
134.040 -0.800
134.050 -0.800
134.050 -0.810
134.060 -0.810
134.070 -0.810
134.080 -0.810
134.080 -0.820
134.090 -0.820
134.090 -0.830
134.100 -0.830
134.100 -0.840
134.110 -0.840
134.110 -0.850
134.120 -0.850
134.130 -0.860
134.140 -0.860
134.140 -0.870
134.130 -0.870
134.130 -0.880
134.120 -0.880
134.120 -0.870
134.110 -0.870
134.100 -0.870
134.100 -0.880
134.090 -0.880
134.080 -0.880
134.080 -0.870
134.070 -0.870
134.070 -0.880
134.060 -0.880
134.060 -0.870
134.050 -0.870
134.050 -0.880
134.050 -0.890
134.050 -0.900
134.040 -0.900
134.040 -0.910
134.050 -0.920
134.050 -0.930
134.040 -0.930
134.030 -0.930
134.020 -0.930
134.020 -0.940
134.010 -0.940
134.010 -0.950
134.010 -0.960
134.010 -0.970
134.020 -0.970
134.020 -0.980
134.030 -0.980
134.030 -0.990
134.040 -0.990
134.040 -1.000
134.050 -1.010
134.060 -1.010
134.060 -1.020
134.070 -1.020
134.070 -1.030
134.070 -1.040
134.070 -1.050
134.070 -1.060
134.070 -1.070
134.070 -1.080
134.080 -1.080
134.080 -1.090
134.090 -1.090
134.090 -1.100
134.100 -1.100
134.100 -1.110
134.100 -1.120
134.110 -1.130
134.110 -1.140
134.120 -1.140
134.120 -1.150
134.130 -1.150
134.130 -1.160
134.140 -1.160
134.140 -1.170
134.150 -1.170
134.150 -1.180
REGION 1
4016
138.010 -5.430
138.010 -5.440
138.010 -5.450
138.020 -5.450
138.030 -5.460
138.030 -5.470
138.040 -5.470
138.040 -5.480
138.040 -5.490
138.040 -5.500
138.030 -5.500
138.010 -5.500
138.000 -5.500
138.000 -5.490
137.990 -5.490
137.980 -5.480
137.980 -5.470
137.970 -5.470
137.970 -5.460
137.960 -5.460
137.960 -5.450
137.950 -5.450
137.950 -5.440
137.940 -5.440
137.930 -5.430
137.930 -5.420
137.930 -5.410
137.920 -5.410
137.920 -5.400
137.910 -5.400
137.910 -5.390
137.900 -5.390
137.900 -5.380
137.890 -5.380
137.890 -5.370
137.880 -5.370
137.880 -5.350
137.900 -5.350
137.900 -5.340
137.910 -5.340
137.910 -5.330
137.920 -5.330
137.920 -5.320
137.930 -5.320
137.930 -5.310
137.940 -5.310
137.940 -5.300
137.950 -5.300
137.950 -5.290
137.960 -5.290
137.970 -5.290
137.980 -5.290
137.990 -5.290
138.000 -5.290
138.000 -5.280
137.990 -5.280
137.980 -5.280
137.970 -5.280
137.960 -5.280
137.950 -5.280
137.940 -5.280
137.940 -5.290
137.930 -5.290
137.930 -5.300
137.920 -5.300
137.920 -5.310
137.910 -5.310
137.910 -5.320
137.900 -5.320
137.890 -5.320
137.880 -5.320
137.880 -5.310
137.880 -5.300
137.870 -5.300
137.870 -5.290
137.860 -5.290
137.860 -5.280
137.850 -5.280
137.840 -5.280
137.840 -5.290
137.830 -5.290
137.830 -5.300
137.820 -5.300
137.820 -5.310
137.810 -5.310
137.800 -5.310
137.800 -5.320
137.790 -5.320
137.780 -5.330
137.770 -5.330
137.770 -5.340
137.770 -5.350
137.760 -5.350
137.750 -5.350
137.750 -5.360
137.750 -5.370
137.740 -5.370
137.730 -5.370
137.730 -5.360
137.720 -5.360
137.720 -5.350
137.720 -5.340
137.720 -5.330
137.730 -5.330
137.730 -5.320
137.740 -5.320
137.750 -5.320
137.750 -5.310
137.760 -5.310
137.760 -5.300
137.760 -5.290
137.770 -5.290
137.770 -5.280
137.760 -5.280
137.750 -5.280
137.740 -5.280
137.730 -5.280
137.720 -5.280
137.720 -5.270
137.710 -5.270
137.710 -5.260
137.700 -5.260
137.700 -5.250
137.690 -5.250
137.690 -5.240
137.680 -5.240
137.680 -5.230
137.680 -5.220
137.680 -5.210
137.690 -5.200
137.690 -5.190
137.700 -5.190
137.710 -5.190
137.710 -5.180
137.720 -5.180
137.720 -5.170
137.730 -5.170
137.730 -5.180
137.740 -5.180
137.750 -5.180
137.750 -5.170
137.740 -5.170
137.750 -5.160
137.760 -5.160
137.760 -5.150
137.760 -5.140
137.770 -5.140
137.770 -5.130
137.770 -5.120
137.780 -5.120
137.780 -5.130
137.790 -5.130
137.800 -5.130
137.800 -5.120
137.800 -5.110
137.790 -5.110
137.780 -5.110
137.780 -5.100
137.770 -5.100
137.770 -5.110
137.760 -5.110
137.760 -5.120
137.750 -5.120
137.750 -5.130
137.740 -5.130
137.730 -5.130
137.720 -5.120
137.720 -5.110
137.730 -5.110
137.740 -5.110
137.740 -5.100
137.740 -5.090
137.750 -5.090
137.760 -5.090
137.750 -5.080
137.740 -5.080
137.730 -5.080
137.730 -5.070
137.720 -5.070
137.720 -5.080
137.710 -5.080
137.710 -5.070
137.710 -5.060
137.710 -5.050
137.700 -5.050
137.690 -5.050
137.680 -5.050
137.680 -5.060
137.680 -5.070
137.670 -5.070
137.670 -5.060
137.670 -5.050
137.660 -5.050
137.650 -5.050
137.650 -5.040
137.660 -5.040
137.670 -5.040
137.670 -5.030
137.680 -5.030
137.680 -5.040
137.690 -5.040
137.690 -5.030
137.690 -5.020
137.690 -5.010
137.680 -5.010
137.680 -5.020
137.670 -5.020
137.660 -5.020
137.660 -5.030
137.670 -5.030
137.660 -5.040
137.650 -5.040
137.650 -5.050
137.640 -5.050
137.640 -5.060
137.630 -5.060
137.630 -5.070
137.620 -5.070
137.620 -5.080
137.610 -5.080
137.600 -5.080
137.600 -5.090
137.600 -5.100
137.580 -5.110
137.580 -5.100
137.570 -5.100
137.570 -5.090
137.560 -5.090
137.560 -5.080
137.550 -5.080
137.550 -5.070
137.560 -5.070
137.560 -5.060
137.570 -5.060
137.570 -5.050
137.580 -5.040
137.580 -5.030
137.590 -5.030
137.590 -5.040
137.600 -5.040
137.610 -5.040
137.610 -5.030
137.620 -5.030
137.630 -5.030
137.630 -5.020
137.630 -5.010
137.640 -5.010
137.650 -5.010
137.650 -5.000
137.640 -5.000
137.630 -5.000
137.620 -5.000
137.620 -4.990
137.610 -4.990
137.610 -4.980
137.620 -4.980
137.620 -4.970
137.620 -4.960
137.620 -4.950
137.620 -4.940
137.610 -4.940
137.610 -4.950
137.610 -4.960
137.600 -4.960
137.600 -4.970
137.590 -4.970
137.580 -4.970
137.570 -4.980
137.570 -4.990
137.580 -4.990
137.590 -4.990
137.590 -5.000
137.590 -5.010
137.580 -5.010
137.570 -5.010
137.570 -5.020
137.570 -5.030
137.560 -5.040
137.560 -5.050
137.550 -5.050
137.550 -5.060
137.540 -5.060
137.540 -5.070
137.540 -5.080
137.540 -5.090
137.550 -5.090
137.550 -5.100
137.550 -5.110
137.550 -5.120
137.540 -5.120
137.530 -5.120
137.530 -5.130
137.520 -5.130
137.520 -5.140
137.510 -5.140
137.500 -5.140
137.490 -5.140
137.490 -5.130
137.480 -5.130
137.480 -5.120
137.470 -5.120
137.470 -5.110
137.460 -5.110
137.450 -5.100
137.450 -5.090
137.450 -5.080
137.450 -5.070
137.460 -5.070
137.460 -5.060
137.460 -5.050
137.470 -5.050
137.470 -5.040
137.480 -5.040
137.490 -5.030
137.500 -5.030
137.500 -5.020
137.510 -5.020
137.510 -5.010
137.520 -5.010
137.530 -5.010
137.540 -5.010
137.540 -5.000
137.550 -5.000
137.550 -4.990
137.540 -4.990
137.530 -4.980
137.530 -4.990
137.520 -4.990
137.520 -4.980
137.510 -4.980
137.510 -4.990
137.510 -5.000
137.510 -5.010
137.500 -5.010
137.500 -5.020
137.490 -5.020
137.480 -5.020
137.470 -5.020
137.470 -5.030
137.470 -5.040
137.460 -5.040
137.460 -5.050
137.450 -5.050
137.450 -5.060
137.450 -5.070
137.440 -5.070
137.440 -5.080
137.440 -5.090
137.440 -5.100
137.440 -5.110
137.430 -5.110
137.430 -5.120
137.420 -5.120
137.410 -5.120
137.410 -5.110
137.420 -5.110
137.420 -5.100
137.420 -5.090
137.430 -5.090
137.430 -5.080
137.430 -5.070
137.430 -5.060
137.430 -5.050
137.430 -5.040
137.430 -5.030
137.430 -5.020
137.420 -5.020
137.420 -5.010
137.420 -5.000
137.430 -5.000
137.440 -5.000
137.450 -5.000
137.450 -4.990
137.450 -4.980
137.460 -4.980
137.460 -4.970
137.450 -4.970
137.450 -4.960
137.450 -4.950
137.450 -4.940
137.460 -4.940
137.470 -4.940
137.480 -4.940
137.490 -4.940
137.490 -4.930
137.480 -4.930
137.480 -4.920
137.470 -4.920
137.470 -4.910
137.460 -4.910
137.460 -4.920
137.450 -4.920
137.440 -4.920
137.430 -4.920
137.430 -4.930
137.440 -4.930
137.430 -4.940
137.430 -4.950
137.420 -4.950
137.410 -4.950
137.400 -4.950
137.390 -4.950
137.390 -4.960
137.390 -4.970
137.380 -4.970
137.380 -4.980
137.380 -4.990
137.380 -5.000
137.370 -5.000
137.360 -5.000
137.360 -5.010
137.350 -5.010
137.350 -5.020
137.360 -5.020
137.360 -5.030
137.350 -5.030
137.340 -5.030
137.340 -5.040
137.330 -5.040
137.330 -5.030
137.320 -5.030
137.320 -5.020
137.310 -5.020
137.310 -5.010
137.300 -5.010
137.290 -5.010
137.290 -5.000
137.290 -4.990
137.300 -4.990
137.300 -4.980
137.300 -4.970
137.310 -4.970
137.320 -4.970
137.330 -4.970
137.340 -4.970
137.350 -4.980
137.350 -4.970
137.360 -4.970
137.370 -4.970
137.370 -4.960
137.370 -4.950
137.380 -4.950
137.380 -4.940
137.380 -4.930
137.380 -4.920
137.380 -4.910
137.380 -4.900
137.370 -4.900
137.370 -4.910
137.370 -4.920
137.370 -4.930
137.370 -4.940
137.360 -4.940
137.360 -4.950
137.360 -4.960
137.350 -4.960
137.350 -4.970
137.340 -4.970
137.340 -4.960
137.330 -4.960
137.320 -4.960
137.310 -4.960
137.300 -4.960
137.300 -4.970
137.290 -4.970
137.290 -4.980
137.290 -4.990
137.290 -5.000
137.280 -5.000
137.280 -5.010
137.290 -5.010
137.290 -5.020
137.290 -5.030
137.280 -5.030
137.280 -5.020
137.270 -5.020
137.260 -5.020
137.260 -5.010
137.250 -5.010
137.250 -5.000
137.240 -5.000
137.240 -4.990
137.240 -4.980
137.240 -4.970
137.250 -4.970
137.250 -4.960
137.250 -4.950
137.240 -4.950
137.230 -4.950
137.220 -4.950
137.220 -4.960
137.220 -4.970
137.210 -4.970
137.210 -4.980
137.210 -4.990
137.200 -4.990
137.200 -5.000
137.190 -5.000
137.190 -5.010
137.180 -5.010
137.170 -5.010
137.170 -5.000
137.170 -4.990
137.160 -4.980
137.150 -4.980
137.150 -4.970
137.140 -4.970
137.130 -4.970
137.130 -4.960
137.130 -4.950
137.130 -4.940
137.140 -4.940
137.140 -4.930
137.140 -4.920
137.140 -4.910
137.130 -4.910
137.130 -4.900
137.140 -4.900
137.140 -4.890
137.140 -4.880
137.150 -4.880
137.160 -4.880
137.170 -4.880
137.170 -4.890
137.180 -4.890
137.180 -4.880
137.180 -4.870
137.180 -4.860
137.170 -4.860
137.160 -4.860
137.150 -4.860
137.150 -4.870
137.150 -4.880
137.140 -4.880
137.140 -4.890
137.130 -4.890
137.130 -4.900
137.130 -4.910
137.130 -4.920
137.130 -4.930
137.130 -4.940
137.120 -4.940
137.120 -4.950
137.120 -4.960
137.110 -4.960
137.110 -4.970
137.100 -4.970
137.100 -4.980
137.090 -4.980
137.090 -4.970
137.080 -4.970
137.080 -4.960
137.070 -4.960
137.070 -4.950
137.060 -4.950
137.060 -4.940
137.060 -4.930
137.070 -4.930
137.070 -4.920
137.080 -4.910
137.080 -4.900
137.080 -4.890
137.080 -4.880
137.090 -4.880
137.090 -4.870
137.090 -4.860
137.080 -4.860
137.070 -4.860
137.060 -4.860
137.060 -4.870
137.050 -4.870
137.040 -4.870
137.040 -4.880
137.040 -4.890
137.050 -4.890
137.050 -4.900
137.060 -4.900
137.070 -4.900
137.070 -4.910
137.060 -4.910
137.060 -4.920
137.050 -4.920
137.040 -4.920
137.030 -4.920
137.020 -4.920
137.020 -4.930
137.010 -4.930
137.010 -4.940
137.000 -4.940
136.990 -4.940
136.990 -4.930
136.980 -4.930
136.980 -4.940
136.970 -4.940
136.970 -4.930
136.970 -4.920
136.960 -4.920
136.950 -4.920
136.950 -4.910
136.940 -4.910
136.930 -4.910
136.930 -4.900
136.920 -4.900
136.920 -4.890
136.930 -4.890
136.930 -4.880
136.940 -4.880
136.950 -4.880
136.950 -4.870
136.960 -4.870
136.970 -4.870
136.980 -4.870
136.980 -4.860
136.970 -4.860
136.960 -4.860
136.950 -4.860
136.940 -4.860
136.940 -4.850
136.930 -4.850
136.930 -4.860
136.920 -4.860
136.920 -4.870
136.910 -4.870
136.900 -4.870
136.900 -4.860
136.890 -4.860
136.880 -4.860
136.880 -4.850
136.880 -4.840
136.870 -4.840
136.870 -4.830
136.860 -4.830
136.860 -4.820
136.860 -4.810
136.850 -4.810
136.850 -4.820
136.850 -4.830
136.840 -4.830
136.830 -4.830
136.820 -4.830
136.820 -4.820
136.810 -4.820
136.810 -4.830
136.800 -4.830
136.790 -4.830
136.780 -4.830
136.780 -4.820
136.780 -4.810
136.790 -4.810
136.790 -4.800
136.790 -4.790
136.780 -4.790
136.770 -4.790
136.770 -4.800
136.770 -4.810
136.770 -4.820
136.770 -4.830
136.760 -4.830
136.760 -4.840
136.760 -4.850
136.760 -4.860
136.750 -4.860
136.750 -4.870
136.740 -4.870
136.730 -4.870
136.730 -4.860
136.720 -4.860
136.720 -4.850
136.710 -4.850
136.700 -4.850
136.700 -4.840
136.690 -4.840
136.690 -4.830
136.700 -4.830
136.700 -4.820
136.690 -4.820
136.680 -4.820
136.680 -4.810
136.680 -4.800
136.680 -4.790
136.670 -4.790
136.670 -4.800
136.670 -4.810
136.660 -4.810
136.650 -4.810
136.640 -4.820
136.630 -4.820
136.620 -4.820
136.610 -4.820
136.610 -4.810
136.600 -4.810
136.590 -4.810
136.590 -4.800
136.580 -4.800
136.570 -4.800
136.570 -4.790
136.570 -4.780
136.560 -4.780
136.560 -4.790
136.550 -4.790
136.540 -4.790
136.530 -4.790
136.530 -4.780
136.540 -4.780
136.550 -4.780
136.550 -4.770
136.540 -4.770
136.530 -4.770
136.520 -4.770
136.510 -4.760
136.500 -4.760
136.500 -4.750
136.490 -4.750
136.490 -4.740
136.480 -4.740
136.470 -4.740
136.460 -4.740
136.460 -4.730
136.460 -4.720
136.450 -4.720
136.440 -4.720
136.440 -4.730
136.430 -4.730
136.430 -4.720
136.420 -4.720
136.420 -4.710
136.410 -4.710
136.410 -4.700
136.400 -4.700
136.390 -4.700
136.390 -4.690
136.380 -4.690
136.370 -4.690
136.370 -4.680
136.360 -4.680
136.360 -4.670
136.350 -4.670
136.340 -4.670
136.330 -4.670
136.320 -4.670
136.320 -4.660
136.310 -4.660
136.300 -4.660
136.300 -4.670
136.290 -4.670
136.280 -4.670
136.270 -4.670
136.260 -4.670
136.260 -4.660
136.250 -4.660
136.240 -4.660
136.230 -4.660
136.230 -4.650
136.220 -4.650
136.210 -4.650
136.210 -4.640
136.220 -4.640
136.220 -4.630
136.210 -4.630
136.200 -4.630
136.200 -4.640
136.200 -4.650
136.190 -4.650
136.190 -4.640
136.180 -4.640
136.170 -4.640
136.160 -4.640
136.160 -4.630
136.170 -4.630
136.170 -4.620
136.160 -4.620
136.150 -4.620
136.140 -4.620
136.140 -4.610
136.140 -4.600
136.140 -4.590
136.130 -4.590
136.130 -4.600
136.130 -4.610
136.120 -4.610
136.120 -4.620
136.110 -4.620
136.100 -4.620
136.100 -4.610
136.100 -4.600
136.090 -4.600
136.080 -4.600
136.080 -4.590
136.080 -4.580
136.070 -4.580
136.060 -4.580
136.060 -4.590
136.050 -4.590
136.050 -4.580
136.050 -4.570
136.050 -4.560
136.060 -4.560
136.070 -4.560
136.070 -4.550
136.070 -4.540
136.060 -4.540
136.060 -4.530
136.070 -4.530
136.070 -4.520
136.060 -4.520
136.050 -4.520
136.040 -4.520
136.040 -4.530
136.050 -4.530
136.050 -4.540
136.040 -4.540
136.030 -4.540
136.020 -4.540
136.020 -4.550
136.010 -4.550
136.010 -4.540
136.000 -4.540
136.000 -4.530
135.990 -4.530
135.990 -4.540
135.980 -4.540
135.980 -4.530
135.970 -4.530
135.960 -4.530
135.960 -4.520
135.950 -4.520
135.950 -4.510
135.950 -4.500
135.940 -4.500
135.930 -4.500
135.930 -4.490
135.920 -4.490
135.910 -4.490
135.910 -4.480
135.900 -4.480
135.900 -4.490
135.890 -4.490
135.880 -4.490
135.880 -4.480
135.870 -4.480
135.870 -4.490
135.860 -4.490
135.860 -4.480
135.850 -4.480
135.840 -4.480
135.830 -4.480
135.820 -4.480
135.810 -4.480
135.800 -4.480
135.790 -4.480
135.790 -4.490
135.780 -4.490
135.770 -4.490
135.760 -4.490
135.750 -4.490
135.740 -4.490
135.740 -4.500
135.730 -4.500
135.720 -4.500
135.720 -4.490
135.710 -4.490
135.700 -4.490
135.690 -4.490
135.680 -4.490
135.680 -4.480
135.670 -4.480
135.660 -4.480
135.650 -4.480
135.640 -4.480
135.630 -4.480
135.620 -4.480
135.620 -4.470
135.610 -4.470
135.600 -4.470
135.590 -4.470
135.590 -4.460
135.580 -4.460
135.570 -4.460
135.560 -4.460
135.550 -4.460
135.550 -4.450
135.540 -4.450
135.530 -4.450
135.520 -4.450
135.510 -4.450
135.500 -4.450
135.500 -4.440
135.490 -4.440
135.480 -4.440
135.470 -4.440
135.460 -4.440
135.450 -4.440
135.440 -4.440
135.430 -4.440
135.420 -4.440
135.410 -4.440
135.400 -4.440
135.390 -4.440
135.380 -4.440
135.370 -4.440
135.360 -4.440
135.350 -4.440
135.340 -4.440
135.330 -4.440
135.320 -4.440
135.310 -4.440
135.300 -4.440
135.290 -4.440
135.290 -4.450
135.280 -4.450
135.270 -4.450
135.260 -4.450
135.250 -4.450
135.250 -4.460
135.240 -4.460
135.230 -4.460
135.220 -4.460
135.210 -4.460
135.200 -4.460
135.190 -4.460
135.190 -4.450
135.180 -4.450
135.170 -4.450
135.170 -4.440
135.160 -4.440
135.150 -4.430
135.140 -4.430
135.140 -4.420
135.130 -4.420
135.120 -4.420
135.120 -4.410
135.110 -4.410
135.100 -4.410
135.090 -4.410
135.090 -4.400
135.080 -4.400
135.080 -4.390
135.070 -4.390
135.060 -4.390
135.060 -4.380
135.060 -4.370
135.050 -4.370
135.050 -4.380
135.040 -4.380
135.040 -4.370
135.030 -4.360
135.020 -4.360
135.020 -4.350
135.010 -4.350
135.000 -4.350
135.000 -4.340
134.990 -4.340
134.980 -4.330
134.990 -4.330
135.000 -4.330
135.000 -4.320
134.990 -4.320
134.980 -4.320
134.970 -4.320
134.970 -4.310
134.960 -4.310
134.960 -4.300
134.950 -4.300
134.940 -4.300
134.930 -4.300
134.930 -4.290
134.930 -4.280
134.920 -4.280
134.920 -4.270
134.910 -4.270
134.910 -4.260
134.900 -4.260
134.890 -4.260
134.890 -4.250
134.880 -4.250
134.900 -4.220
134.920 -4.190
134.940 -4.170
134.960 -4.150
134.980 -4.130
135.000 -4.110
135.030 -4.080
135.050 -4.040
135.070 -4.020
135.090 -3.990
135.120 -3.940
135.140 -3.910
135.160 -3.880
135.180 -3.850
135.210 -3.820
135.230 -3.790
135.250 -3.760
135.260 -3.760
135.250 -3.750
135.190 -3.740
135.160 -3.730
135.150 -3.720
135.120 -3.710
135.000 -3.660
134.980 -3.660
134.890 -3.630
134.820 -3.610
134.770 -3.590
134.750 -3.580
134.570 -3.520
134.520 -3.510
134.490 -3.490
134.410 -3.470
134.380 -3.460
134.330 -3.440
134.280 -3.410
134.230 -3.400
134.210 -3.390
134.220 -3.350
134.230 -3.310
134.250 -3.280
134.280 -3.240
134.320 -3.180
134.330 -3.180
134.340 -3.170
134.380 -3.140
134.390 -3.130
134.430 -3.110
134.440 -3.070
134.440 -3.060
134.440 -3.050
134.430 -3.010
134.440 -3.000
134.490 -2.970
134.570 -2.910
134.600 -2.890
134.660 -2.820
134.660 -2.830
134.660 -2.840
134.660 -2.850
134.670 -2.850
134.670 -2.860
134.670 -2.870
134.680 -2.880
134.680 -2.890
134.690 -2.890
134.690 -2.900
134.690 -2.910
134.680 -2.910
134.680 -2.920
134.680 -2.930
134.690 -2.930
134.690 -2.940
134.690 -2.950
134.690 -2.960
134.690 -2.970
134.700 -2.970
134.710 -2.970
134.710 -2.980
134.720 -2.980
134.730 -2.980
134.740 -2.980
134.740 -2.990
134.750 -2.990
134.760 -2.990
134.770 -2.990
134.780 -2.990
134.780 -2.980
134.780 -2.970
134.780 -2.960
134.780 -2.950
134.780 -2.940
134.790 -2.940
134.790 -2.950
134.800 -2.950
134.800 -2.940
134.810 -2.940
134.820 -2.940
134.820 -2.930
134.810 -2.930
134.810 -2.920
134.810 -2.910
134.820 -2.910
134.820 -2.900
134.820 -2.890
134.830 -2.890
134.840 -2.890
134.850 -2.890
134.850 -2.900
134.850 -2.910
134.850 -2.920
134.850 -2.930
134.840 -2.930
134.840 -2.940
134.850 -2.950
134.850 -2.960
134.840 -2.960
134.830 -2.960
134.830 -2.970
134.840 -2.970
134.840 -2.980
134.850 -2.990
134.850 -3.000
134.840 -3.000
134.840 -3.010
134.830 -3.010
134.820 -3.010
134.820 -3.020
134.810 -3.020
134.810 -3.030
134.810 -3.040
134.810 -3.050
134.810 -3.060
134.810 -3.070
134.820 -3.070
134.820 -3.080
134.810 -3.080
134.810 -3.090
134.810 -3.100
134.810 -3.110
134.810 -3.120
134.800 -3.120
134.800 -3.130
134.800 -3.140
134.810 -3.140
134.820 -3.140
134.820 -3.130
134.830 -3.130
134.840 -3.130
134.840 -3.140
134.850 -3.140
134.850 -3.150
134.860 -3.150
134.860 -3.160
134.860 -3.170
134.860 -3.180
134.860 -3.190
134.850 -3.190
134.850 -3.200
134.850 -3.210
134.860 -3.210
134.860 -3.220
134.870 -3.220
134.870 -3.230
134.860 -3.230
134.860 -3.240
134.860 -3.250
134.870 -3.250
134.880 -3.250
134.880 -3.260
134.890 -3.260
134.900 -3.260
134.910 -3.260
134.920 -3.260
134.930 -3.260
134.930 -3.250
134.920 -3.250
134.920 -3.240
134.930 -3.240
134.940 -3.240
134.940 -3.250
134.950 -3.250
134.950 -3.260
134.950 -3.270
134.950 -3.280
134.950 -3.290
134.960 -3.290
134.960 -3.300
134.960 -3.310
134.970 -3.310
134.970 -3.320
134.980 -3.320
134.980 -3.330
134.990 -3.330
135.000 -3.330
135.000 -3.340
135.010 -3.340
135.020 -3.340
135.030 -3.340
135.040 -3.340
135.040 -3.330
135.050 -3.330
135.060 -3.330
135.070 -3.330
135.070 -3.340
135.080 -3.340
135.090 -3.340
135.090 -3.350
135.090 -3.360
135.100 -3.360
135.100 -3.370
135.100 -3.380
135.110 -3.380
135.120 -3.380
135.130 -3.380
135.140 -3.380
135.140 -3.370
135.150 -3.370
135.160 -3.370
135.170 -3.370
135.170 -3.380
135.180 -3.380
135.190 -3.380
135.200 -3.380
135.210 -3.380
135.220 -3.380
135.230 -3.380
135.240 -3.380
135.250 -3.380
135.260 -3.380
135.270 -3.380
135.280 -3.380
135.290 -3.380
135.290 -3.390
135.300 -3.390
135.310 -3.390
135.320 -3.390
135.330 -3.390
135.330 -3.400
135.340 -3.400
135.340 -3.390
135.350 -3.390
135.360 -3.390
135.360 -3.380
135.370 -3.380
135.380 -3.380
135.390 -3.380
135.400 -3.380
135.400 -3.370
135.410 -3.370
135.420 -3.370
135.430 -3.370
135.440 -3.370
135.450 -3.370
135.450 -3.380
135.460 -3.380
135.460 -3.370
135.470 -3.370
135.480 -3.370
135.490 -3.360
135.500 -3.360
135.500 -3.350
135.510 -3.350
135.510 -3.340
135.520 -3.340
135.520 -3.330
135.530 -3.330
135.530 -3.320
135.540 -3.320
135.540 -3.310
135.550 -3.310
135.550 -3.300
135.560 -3.300
135.560 -3.290
135.560 -3.280
135.560 -3.270
135.560 -3.260
135.560 -3.250
135.570 -3.250
135.570 -3.240
135.570 -3.230
135.580 -3.230
135.580 -3.220
135.580 -3.210
135.590 -3.210
135.590 -3.200
135.600 -3.200
135.600 -3.190
135.610 -3.190
135.610 -3.180
135.620 -3.180
135.620 -3.170
135.630 -3.170
135.640 -3.170
135.640 -3.160
135.650 -3.160
135.650 -3.170
135.660 -3.170
135.660 -3.160
135.670 -3.160
135.680 -3.160
135.690 -3.160
135.690 -3.150
135.700 -3.150
135.700 -3.140
135.710 -3.140
135.710 -3.130
135.720 -3.130
135.730 -3.130
135.730 -3.120
135.740 -3.120
135.750 -3.120
135.750 -3.110
135.760 -3.110
135.760 -3.100
135.770 -3.100
135.770 -3.090
135.760 -3.090
135.760 -3.080
135.750 -3.080
135.740 -3.080
135.730 -3.080
135.730 -3.070
135.730 -3.060
135.740 -3.060
135.750 -3.060
135.750 -3.050
135.760 -3.050
135.770 -3.050
135.770 -3.040
135.780 -3.040
135.790 -3.040
135.800 -3.040
135.800 -3.050
135.810 -3.050
135.810 -3.040
135.820 -3.040
135.820 -3.030
135.830 -3.030
135.830 -3.020
135.830 -3.010
135.840 -3.010
135.840 -3.000
135.850 -3.000
135.860 -3.000
135.860 -2.990
135.870 -2.990
135.880 -2.990
135.880 -2.980
135.890 -2.980
135.890 -2.970
135.900 -2.970
135.910 -2.970
135.910 -2.960
135.920 -2.960
135.920 -2.950
135.930 -2.950
135.930 -2.940
135.930 -2.930
135.930 -2.920
135.940 -2.920
135.940 -2.910
135.930 -2.910
135.930 -2.900
135.930 -2.890
135.930 -2.880
135.920 -2.890
135.920 -2.900
135.910 -2.900
135.910 -2.890
135.910 -2.880
135.910 -2.870
135.920 -2.870
135.920 -2.860
135.930 -2.860
135.930 -2.850
135.940 -2.850
135.940 -2.840
135.940 -2.830
135.950 -2.830
135.950 -2.820
135.950 -2.810
135.950 -2.800
135.960 -2.800
135.960 -2.790
135.950 -2.790
135.950 -2.780
135.960 -2.770
135.970 -2.770
135.980 -2.770
135.980 -2.760
135.980 -2.750
135.990 -2.750
135.990 -2.740
136.000 -2.740
136.000 -2.730
136.010 -2.730
136.010 -2.720
136.010 -2.710
136.010 -2.700
136.020 -2.700
136.020 -2.690
136.030 -2.690
136.040 -2.690
136.050 -2.690
136.050 -2.680
136.060 -2.680
136.060 -2.670
136.070 -2.670
136.080 -2.670
136.090 -2.670
136.100 -2.670
136.110 -2.670
136.120 -2.670
136.120 -2.660
136.130 -2.660
136.130 -2.650
136.140 -2.650
136.150 -2.650
136.160 -2.650
136.160 -2.640
136.170 -2.640
136.180 -2.640
136.190 -2.640
136.190 -2.630
136.200 -2.630
136.210 -2.630
136.210 -2.620
136.220 -2.620
136.220 -2.610
136.230 -2.610
136.230 -2.600
136.240 -2.600
136.240 -2.590
136.240 -2.580
136.250 -2.580
136.250 -2.570
136.250 -2.560
136.260 -2.560
136.260 -2.550
136.270 -2.550
136.270 -2.540
136.270 -2.530
136.280 -2.530
136.280 -2.520
136.280 -2.510
136.280 -2.500
136.280 -2.490
136.280 -2.480
136.290 -2.480
136.290 -2.470
136.280 -2.470
136.280 -2.460
136.290 -2.460
136.290 -2.450
136.290 -2.440
136.290 -2.430
136.300 -2.430
136.300 -2.420
136.300 -2.410
136.300 -2.400
136.310 -2.400
136.320 -2.400
136.320 -2.390
136.330 -2.390
136.330 -2.380
136.330 -2.370
136.340 -2.370
136.340 -2.360
136.340 -2.350
136.340 -2.340
136.340 -2.330
136.340 -2.320
136.340 -2.310
136.340 -2.300
136.340 -2.290
136.330 -2.290
136.330 -2.280
136.340 -2.280
136.340 -2.270
136.340 -2.260
136.350 -2.260
136.360 -2.260
136.360 -2.250
136.360 -2.240
136.370 -2.240
136.380 -2.240
136.380 -2.230
136.390 -2.230
136.390 -2.220
136.400 -2.220
136.400 -2.210
136.410 -2.210
136.420 -2.210
136.420 -2.200
136.430 -2.200
136.440 -2.200
136.440 -2.210
136.450 -2.210
136.460 -2.210
136.470 -2.210
136.480 -2.210
136.480 -2.200
136.490 -2.200
136.500 -2.200
136.510 -2.190
136.520 -2.190
136.520 -2.200
136.530 -2.200
136.530 -2.210
136.530 -2.220
136.540 -2.220
136.550 -2.220
136.550 -2.210
136.560 -2.210
136.570 -2.210
136.580 -2.210
136.580 -2.220
136.580 -2.230
136.580 -2.240
136.590 -2.240
136.600 -2.240
136.600 -2.250
136.610 -2.250
136.620 -2.250
136.630 -2.250
136.640 -2.250
136.650 -2.250
136.650 -2.260
136.660 -2.260
136.670 -2.260
136.680 -2.260
136.680 -2.250
136.690 -2.250
136.690 -2.240
136.700 -2.240
136.700 -2.230
136.710 -2.230
136.720 -2.230
136.720 -2.240
136.730 -2.240
136.740 -2.240
136.740 -2.250
136.750 -2.250
136.750 -2.240
136.760 -2.240
136.760 -2.230
136.770 -2.230
136.780 -2.230
136.780 -2.220
136.790 -2.220
136.790 -2.210
136.800 -2.210
136.800 -2.220
136.810 -2.220
136.810 -2.210
136.820 -2.210
136.820 -2.200
136.820 -2.190
136.820 -2.180
136.830 -2.180
136.830 -2.190
136.840 -2.190
136.850 -2.190
136.860 -2.190
136.860 -2.180
136.870 -2.180
136.880 -2.180
136.890 -2.180
136.900 -2.180
136.910 -2.180
136.910 -2.170
136.910 -2.160
136.920 -2.160
136.920 -2.150
136.930 -2.150
136.940 -2.150
136.940 -2.140
136.940 -2.130
136.940 -2.120
136.950 -2.120
136.950 -2.130
136.960 -2.130
136.970 -2.130
136.980 -2.130
136.990 -2.130
137.000 -2.130
137.000 -2.140
137.010 -2.140
137.010 -2.130
137.010 -2.120
137.020 -2.120
137.020 -2.110
137.030 -2.110
137.040 -2.110
137.040 -2.100
137.050 -2.100
137.060 -2.100
137.070 -2.100
137.080 -2.110
137.080 -2.100
137.090 -2.100
137.090 -2.110
137.100 -2.110
137.110 -2.110
137.120 -2.110
137.120 -2.100
137.130 -2.100
137.140 -2.100
137.150 -2.100
137.160 -2.100
137.160 -2.090
137.170 -2.090
137.170 -2.080
137.180 -2.080
137.190 -2.080
137.190 -2.070
137.200 -2.070
137.200 -2.080
137.210 -2.080
137.220 -2.080
137.220 -2.070
137.230 -2.070
137.230 -2.060
137.230 -2.050
137.240 -2.050
137.240 -2.040
137.230 -2.040
137.220 -2.040
137.210 -2.040
137.210 -2.030
137.210 -2.020
137.210 -2.010
137.200 -2.010
137.190 -2.010
137.190 -2.000
137.190 -1.990
137.200 -1.990
137.210 -1.990
137.220 -1.980
137.210 -1.980
137.210 -1.970
137.200 -1.970
137.200 -1.960
137.190 -1.960
137.190 -1.950
137.190 -1.940
137.180 -1.940
137.190 -1.930
137.200 -1.930
137.200 -1.940
137.210 -1.940
137.220 -1.940
137.230 -1.930
137.240 -1.930
137.240 -1.920
137.240 -1.910
137.250 -1.910
137.260 -1.910
137.260 -1.900
137.250 -1.900
137.250 -1.890
137.240 -1.890
137.240 -1.880
137.240 -1.870
137.230 -1.870
137.220 -1.870
137.220 -1.880
137.220 -1.890
137.210 -1.880
137.210 -1.870
137.200 -1.870
137.200 -1.860
137.200 -1.850
137.210 -1.850
137.210 -1.840
137.200 -1.840
137.200 -1.830
137.190 -1.830
137.180 -1.830
137.180 -1.820
137.190 -1.820
137.190 -1.810
137.180 -1.810
137.180 -1.800
137.170 -1.800
137.170 -1.790
137.160 -1.790
137.160 -1.780
137.150 -1.770
137.160 -1.770
137.160 -1.760
137.170 -1.760
137.180 -1.760
137.190 -1.750
137.200 -1.750
137.210 -1.750
137.220 -1.750
137.230 -1.750
137.240 -1.750
137.250 -1.750
137.250 -1.760
137.250 -1.770
137.260 -1.770
137.260 -1.780
137.260 -1.790
137.270 -1.790
137.270 -1.800
137.280 -1.800
137.290 -1.800
137.290 -1.810
137.290 -1.820
137.300 -1.820
137.310 -1.820
137.310 -1.830
137.320 -1.830
137.320 -1.820
137.330 -1.830
137.340 -1.830
137.350 -1.830
137.350 -1.840
137.360 -1.840
137.370 -1.840
137.380 -1.840
137.380 -1.830
137.390 -1.830
137.390 -1.820
137.380 -1.820
137.390 -1.810
137.400 -1.810
137.400 -1.800
137.400 -1.790
137.400 -1.780
137.400 -1.770
137.400 -1.760
137.390 -1.760
137.380 -1.760
137.370 -1.760
137.360 -1.760
137.360 -1.750
137.360 -1.740
137.360 -1.730
137.360 -1.720
137.360 -1.710
137.350 -1.710
137.350 -1.700
137.340 -1.700
137.340 -1.690
137.340 -1.680
137.350 -1.680
137.360 -1.680
137.370 -1.680
137.370 -1.670
137.380 -1.670
137.380 -1.660
137.390 -1.660
137.400 -1.660
137.400 -1.650
137.410 -1.650
137.410 -1.640
137.420 -1.640
137.430 -1.640
137.430 -1.630
137.440 -1.630
137.440 -1.640
137.450 -1.630
137.450 -1.620
137.460 -1.620
137.460 -1.610
137.470 -1.610
137.470 -1.620
137.480 -1.620
137.480 -1.630
137.480 -1.640
137.490 -1.640
137.500 -1.640
137.500 -1.630
137.500 -1.620
137.490 -1.620
137.480 -1.610
137.480 -1.600
137.490 -1.590
137.500 -1.590
137.510 -1.590
137.520 -1.580
137.530 -1.580
137.540 -1.580
137.540 -1.570
137.550 -1.570
137.560 -1.570
137.560 -1.560
137.570 -1.560
137.580 -1.560
137.590 -1.560
137.600 -1.560
137.610 -1.550
137.610 -1.540
137.620 -1.540
137.630 -1.540
137.630 -1.530
137.640 -1.530
137.640 -1.520
137.650 -1.520
137.660 -1.520
137.660 -1.510
137.670 -1.510
137.680 -1.510
137.680 -1.500
137.690 -1.500
137.700 -1.500
137.710 -1.500
137.720 -1.500
137.720 -1.490
137.730 -1.490
137.730 -1.500
137.730 -1.510
137.730 -1.520
137.740 -1.520
137.740 -1.510
137.740 -1.500
137.740 -1.490
137.740 -1.480
137.750 -1.480
137.760 -1.480
137.770 -1.480
137.780 -1.480
137.790 -1.480
137.790 -1.470
137.800 -1.470
137.810 -1.470
137.820 -1.470
137.820 -1.460
137.830 -1.460
137.840 -1.460
137.850 -1.460
137.860 -1.460
137.870 -1.460
137.890 -1.460
137.910 -1.460
137.920 -1.460
137.930 -1.460
137.940 -1.460
137.940 -1.470
137.940 -1.480
137.950 -1.480
137.950 -1.490
137.950 -1.500
137.950 -1.510
137.960 -1.510
137.970 -1.510
137.970 -1.520
137.970 -1.530
137.960 -1.530
137.960 -1.520
137.950 -1.520
137.950 -1.530
137.950 -1.540
137.960 -1.540
137.970 -1.540
137.970 -1.550
137.970 -1.560
137.970 -1.570
137.970 -1.580
137.970 -1.590
137.980 -1.590
137.980 -1.600
137.990 -1.600
137.990 -1.610
137.990 -1.620
138.000 -1.620
138.000 -1.610
138.010 -1.610
138.010 -1.620
138.020 -1.620
138.020 -1.630
138.030 -1.630
138.030 -1.620
138.040 -1.620
138.050 -1.620
138.050 -1.630
138.060 -1.630
138.070 -1.630
138.080 -1.630
138.090 -1.630
138.090 -1.620
138.080 -1.620
138.070 -1.620
138.060 -1.620
138.060 -1.610
138.050 -1.610
138.040 -1.610
138.030 -1.610
138.030 -1.600
138.020 -1.600
138.020 -1.590
138.010 -1.590
138.010 -1.580
138.000 -1.580
137.990 -1.570
137.990 -1.560
137.980 -1.570
137.980 -1.560
137.980 -1.550
137.970 -1.550
137.970 -1.540
137.970 -1.530
137.980 -1.530
137.990 -1.530
137.990 -1.540
138.000 -1.540
138.000 -1.550
138.010 -1.550
138.010 -1.560
138.020 -1.560
138.020 -1.570
138.030 -1.570
138.030 -1.580
138.040 -1.580
138.040 -1.590
138.050 -1.590
138.060 -1.590
138.060 -1.600
138.070 -1.600
138.080 -1.610
138.090 -1.610
138.100 -1.610
138.100 -1.620
138.110 -1.620
138.120 -1.620
138.130 -1.620
138.130 -1.630
138.140 -1.630
138.150 -1.630
138.160 -1.630
138.170 -1.630
138.180 -1.630
138.190 -1.640
138.200 -1.640
138.200 -1.650
138.210 -1.650
138.220 -1.650
138.220 -1.660
138.230 -1.660
138.240 -1.660
138.240 -1.670
138.250 -1.670
138.260 -1.670
138.260 -1.680
138.270 -1.680
138.280 -1.680
138.280 -1.690
138.290 -1.690
138.300 -1.690
138.310 -1.690
138.310 -1.700
138.320 -1.700
138.330 -1.700
138.330 -1.710
138.340 -1.710
138.350 -1.710
138.360 -1.710
138.360 -1.720
138.370 -1.720
138.380 -1.720
138.390 -1.720
138.390 -1.730
138.400 -1.730
138.410 -1.730
138.420 -1.730
138.430 -1.730
138.430 -1.740
138.440 -1.740
138.450 -1.740
138.460 -1.740
138.460 -1.750
138.470 -1.750
138.480 -1.750
138.490 -1.750
138.500 -1.750
138.500 -1.760
138.510 -1.760
138.520 -1.760
138.530 -1.760
138.540 -1.760
138.550 -1.760
138.550 -1.770
138.560 -1.770
138.570 -1.770
138.580 -1.770
138.590 -1.770
138.600 -1.770
138.610 -1.780
138.620 -1.780
138.630 -1.780
138.640 -1.780
138.650 -1.780
138.650 -1.790
138.660 -1.790
138.670 -1.790
138.670 -1.800
138.680 -1.800
138.680 -1.810
138.690 -1.810
138.690 -1.820
138.700 -1.820
138.700 -1.830
138.710 -1.830
138.710 -1.840
138.720 -1.840
138.730 -1.850
138.740 -1.850
138.750 -1.850
138.750 -1.860
138.750 -1.870
138.760 -1.870
138.760 -1.880
138.760 -1.890
138.780 -1.900
138.780 -1.910
138.790 -1.910
138.790 -1.920
138.800 -1.930
138.810 -1.930
138.810 -1.940
138.820 -1.940
138.830 -1.940
138.830 -1.950
138.840 -1.950
138.850 -1.960
138.860 -1.960
138.860 -1.970
138.880 -1.970
138.880 -1.960
138.890 -1.950
138.900 -1.950
138.910 -1.950
138.910 -1.960
138.920 -1.960
138.940 -1.960
138.950 -1.960
138.970 -1.970
138.980 -1.970
138.990 -1.970
139.000 -1.970
139.000 -1.980
139.010 -1.980
139.010 -1.990
139.020 -1.990
139.030 -1.990
139.030 -2.000
139.040 -2.000
139.050 -2.000
139.050 -2.010
139.060 -2.010
139.070 -2.010
139.070 -2.020
139.080 -2.020
139.090 -2.020
139.100 -2.020
139.100 -2.030
139.110 -2.030
139.120 -2.030
139.130 -2.030
139.130 -2.040
139.140 -2.040
139.140 -2.050
139.150 -2.050
139.150 -2.060
139.160 -2.060
139.170 -2.060
139.180 -2.060
139.180 -2.070
139.190 -2.070
139.200 -2.070
139.200 -2.080
139.210 -2.080
139.210 -2.090
139.220 -2.090
139.230 -2.090
139.230 -2.100
139.240 -2.100
139.240 -2.110
139.250 -2.110
139.260 -2.110
139.260 -2.120
139.270 -2.120
139.280 -2.120
139.290 -2.120
139.290 -2.130
139.300 -2.130
139.310 -2.130
139.320 -2.130
139.320 -2.140
139.330 -2.140
139.340 -2.140
139.350 -2.140
139.350 -2.150
139.360 -2.150
139.370 -2.150
139.380 -2.150
139.380 -2.160
139.390 -2.160
139.400 -2.160
139.400 -2.170
139.410 -2.170
139.420 -2.170
139.420 -2.180
139.430 -2.180
139.440 -2.180
139.440 -2.190
139.450 -2.190
139.460 -2.190
139.460 -2.200
139.470 -2.200
139.470 -2.210
139.480 -2.210
139.480 -2.220
139.490 -2.220
139.500 -2.220
139.500 -2.230
139.510 -2.230
139.520 -2.240
139.530 -2.240
139.530 -2.250
139.540 -2.250
139.550 -2.250
139.550 -2.260
139.560 -2.260
139.570 -2.260
139.570 -2.270
139.580 -2.270
139.590 -2.270
139.590 -2.280
139.600 -2.280
139.610 -2.280
139.620 -2.280
139.620 -2.290
139.630 -2.290
139.640 -2.290
139.640 -2.300
139.650 -2.300
139.660 -2.300
139.670 -2.300
139.670 -2.310
139.680 -2.310
139.680 -2.320
139.690 -2.320
139.700 -2.320
139.700 -2.330
139.710 -2.330
139.710 -2.340
139.720 -2.340
139.730 -2.340
139.730 -2.350
139.740 -2.350
139.750 -2.350
139.750 -2.360
139.760 -2.360
139.770 -2.360
139.780 -2.360
139.780 -2.370
139.790 -2.370
139.800 -2.370
139.800 -2.380
139.810 -2.380
139.820 -2.380
139.820 -2.370
139.830 -2.370
139.840 -2.370
139.850 -2.370
139.860 -2.370
139.860 -2.380
139.870 -2.380
139.880 -2.380
139.880 -2.370
139.890 -2.370
139.900 -2.370
139.910 -2.370
139.920 -2.370
139.930 -2.370
139.940 -2.370
139.950 -2.370
139.960 -2.370
139.960 -2.360
139.970 -2.360
139.980 -2.360
139.990 -2.360
140.000 -2.360
140.010 -2.360
140.020 -2.360
140.030 -2.360
140.040 -2.360
140.050 -2.360
140.060 -2.360
140.070 -2.360
140.070 -2.350
140.080 -2.350
140.080 -2.340
140.080 -2.330
140.090 -2.330
140.100 -2.330
140.100 -2.320
140.110 -2.320
140.110 -2.330
140.110 -2.340
140.120 -2.340
140.130 -2.340
140.130 -2.350
140.140 -2.350
140.140 -2.340
140.150 -2.340
140.150 -2.350
140.150 -2.360
140.160 -2.350
140.160 -2.360
140.150 -2.370
140.160 -2.370
140.170 -2.370
140.170 -2.380
140.180 -2.380
140.190 -2.380
140.190 -2.390
140.200 -2.390
140.200 -2.400
140.210 -2.400
140.210 -2.410
140.220 -2.410
140.230 -2.410
140.230 -2.400
140.240 -2.400
140.250 -2.400
140.250 -2.410
140.260 -2.410
140.260 -2.420
140.270 -2.420
140.280 -2.420
140.280 -2.430
140.290 -2.430
140.300 -2.430
140.300 -2.440
140.300 -2.450
140.310 -2.450
140.310 -2.440
140.320 -2.440
140.320 -2.450
140.330 -2.450
140.340 -2.450
140.340 -2.460
140.350 -2.460
140.350 -2.450
140.360 -2.450
140.360 -2.460
140.370 -2.460
140.370 -2.450
140.370 -2.440
140.370 -2.430
140.370 -2.420
140.360 -2.420
140.360 -2.410
140.360 -2.400
140.370 -2.400
140.380 -2.400
140.390 -2.400
140.390 -2.410
140.400 -2.410
140.410 -2.410
140.420 -2.410
140.420 -2.420
140.430 -2.420
140.430 -2.410
140.440 -2.410
140.440 -2.420
140.450 -2.420
140.450 -2.430
140.460 -2.430
140.470 -2.430
140.480 -2.430
140.490 -2.430
140.490 -2.440
140.500 -2.440
140.510 -2.440
140.510 -2.430
140.520 -2.430
140.530 -2.430
140.530 -2.440
140.540 -2.440
140.540 -2.450
140.550 -2.450
140.550 -2.440
140.560 -2.440
140.560 -2.450
140.570 -2.450
140.580 -2.450
140.590 -2.450
140.600 -2.450
140.600 -2.440
140.610 -2.440
140.620 -2.440
140.620 -2.450
140.630 -2.450
140.630 -2.460
140.630 -2.470
140.640 -2.470
140.640 -2.460
140.650 -2.460
140.650 -2.470
140.650 -2.480
140.660 -2.480
140.660 -2.470
140.670 -2.470
140.670 -2.480
140.680 -2.480
140.690 -2.480
140.700 -2.480
140.710 -2.480
140.710 -2.490
140.720 -2.490
140.720 -2.500
140.730 -2.500
140.730 -2.510
140.740 -2.510
140.740 -2.520
140.740 -2.530
140.730 -2.530
140.720 -2.540
140.710 -2.540
140.710 -2.550
140.720 -2.550
140.720 -2.560
140.710 -2.560
140.710 -2.570
140.710 -2.580
140.710 -2.590
140.700 -2.590
140.690 -2.590
140.690 -2.600
140.690 -2.610
140.690 -2.620
140.700 -2.620
140.700 -2.630
140.710 -2.630
140.720 -2.630
140.730 -2.630
140.740 -2.630
140.730 -2.620
140.740 -2.620
140.750 -2.620
140.750 -2.630
140.760 -2.630
140.770 -2.630
140.780 -2.630
140.780 -2.620
140.790 -2.620
140.790 -2.610
140.780 -2.610
140.780 -2.600
140.790 -2.600
140.800 -2.600
140.810 -2.600
140.810 -2.610
140.820 -2.610
140.830 -2.610
140.840 -2.610
140.850 -2.610
140.860 -2.610
140.870 -2.610
140.880 -2.610
140.890 -2.620
140.900 -2.620
140.910 -2.620
140.910 -2.630
140.920 -2.630
140.920 -2.620
140.920 -2.610
140.930 -2.610
140.940 -2.610
140.950 -2.610
140.960 -2.610
140.970 -2.610
140.980 -2.610
140.990 -2.610
140.990 -2.600
141.000 -2.600
141.000 -2.610
141.000 -2.620
141.000 -2.640
141.000 -2.660
141.000 -2.730
141.000 -2.790
141.000 -2.810
141.000 -2.840
141.000 -2.860
141.000 -2.870
141.000 -2.880
141.000 -2.900
141.000 -2.990
141.000 -3.000
141.000 -3.020
141.000 -3.030
141.000 -3.070
141.000 -3.110
141.000 -3.170
141.000 -3.220
141.000 -3.310
141.000 -3.350
141.000 -3.500
141.000 -3.560
141.000 -3.630
141.000 -3.640
141.000 -3.650
141.000 -3.660
141.000 -3.730
141.000 -3.750
141.000 -3.800
141.000 -3.810
141.000 -3.830
141.010 -3.830
141.010 -3.930
141.000 -3.980
141.000 -4.000
141.000 -4.050
141.000 -4.170
141.000 -4.180
141.000 -4.430
141.000 -4.520
141.000 -4.530
141.000 -4.690
141.000 -4.700
141.000 -4.730
141.000 -4.760
141.000 -4.770
141.000 -4.780
141.000 -4.800
141.000 -4.850
141.000 -4.900
141.000 -4.990
141.000 -5.000
141.000 -5.050
141.000 -5.070
141.000 -5.120
141.000 -5.300
141.000 -5.440
141.000 -5.490
141.000 -5.520
141.000 -5.590
141.000 -5.600
141.000 -5.690
141.000 -5.890
141.000 -5.990
141.000 -6.210
141.000 -6.220
141.000 -6.230
141.000 -6.280
141.000 -6.290
141.000 -6.300
141.000 -6.310
140.990 -6.310
140.980 -6.320
140.970 -6.320
140.960 -6.330
140.960 -6.340
140.960 -6.350
140.970 -6.350
140.970 -6.360
140.960 -6.360
140.960 -6.370
140.960 -6.380
140.960 -6.390
140.950 -6.400
140.950 -6.410
140.950 -6.420
140.950 -6.430
140.940 -6.430
140.940 -6.440
140.950 -6.450
140.950 -6.460
140.940 -6.460
140.940 -6.470
140.950 -6.470
140.960 -6.470
140.960 -6.480
140.950 -6.480
140.940 -6.480
140.930 -6.480
140.930 -6.490
140.920 -6.490
140.920 -6.500
140.920 -6.520
140.920 -6.530
140.920 -6.540
140.930 -6.550
140.930 -6.560
140.920 -6.550
140.910 -6.570
140.900 -6.580
140.900 -6.590
140.890 -6.590
140.890 -6.620
140.870 -6.620
140.860 -6.620
140.860 -6.630
140.850 -6.630
140.860 -6.640
140.870 -6.640
140.870 -6.650
140.860 -6.650
140.860 -6.660
140.870 -6.670
140.860 -6.670
140.850 -6.670
140.840 -6.670
140.830 -6.680
140.840 -6.680
140.840 -6.690
140.840 -6.700
140.840 -6.710
140.840 -6.720
140.850 -6.720
140.860 -6.720
140.870 -6.720
140.870 -6.730
140.870 -6.740
140.880 -6.740
140.890 -6.740
140.880 -6.750
140.880 -6.760
140.870 -6.760
140.860 -6.760
140.860 -6.770
140.860 -6.780
140.860 -6.790
140.870 -6.790
140.870 -6.800
140.880 -6.800
140.890 -6.790
140.890 -6.800
140.900 -6.800
140.900 -6.810
140.900 -6.820
140.900 -6.830
140.890 -6.830
140.880 -6.840
140.890 -6.840
140.900 -6.850
140.900 -6.860
140.910 -6.860
140.920 -6.860
140.930 -6.860
140.930 -6.850
140.940 -6.850
140.940 -6.860
140.930 -6.870
140.930 -6.880
140.930 -6.890
140.940 -6.890
140.940 -6.880
140.950 -6.880
140.960 -6.880
140.960 -6.890
140.970 -6.890
140.980 -6.890
140.980 -6.920
140.980 -6.940
140.980 -6.990
140.990 -7.050
140.990 -7.140
140.990 -7.250
140.990 -7.330
141.000 -7.520
141.000 -7.600
141.000 -7.640
141.000 -7.650
141.010 -7.760
141.010 -7.790
141.010 -7.980
141.010 -8.000
141.010 -8.030
141.010 -8.160
141.010 -8.200
141.010 -8.390
141.010 -8.470
141.010 -8.540
141.010 -8.600
141.010 -8.690
141.010 -8.760
141.010 -8.850
141.010 -9.120
141.000 -9.120
140.990 -9.110
140.980 -9.110
140.970 -9.110
140.970 -9.100
140.960 -9.100
140.950 -9.100
140.940 -9.100
140.940 -9.090
140.930 -9.090
140.920 -9.090
140.910 -9.090
140.900 -9.090
140.890 -9.090
140.890 -9.080
140.890 -9.070
140.880 -9.070
140.880 -9.060
140.870 -9.060
140.870 -9.050
140.860 -9.050
140.850 -9.050
140.850 -9.040
140.840 -9.040
140.840 -9.030
140.830 -9.030
140.830 -9.020
140.820 -9.020
140.820 -9.010
140.810 -9.010
140.810 -9.000
140.800 -9.000
140.800 -8.990
140.800 -8.980
140.790 -8.980
140.790 -8.970
140.780 -8.970
140.780 -8.960
140.770 -8.960
140.770 -8.950
140.760 -8.950
140.760 -8.940
140.750 -8.940
140.750 -8.930
140.740 -8.930
140.740 -8.920
140.730 -8.920
140.730 -8.910
140.720 -8.910
140.720 -8.900
140.710 -8.900
140.710 -8.890
140.700 -8.890
140.700 -8.880
140.690 -8.880
140.680 -8.880
140.680 -8.870
140.670 -8.870
140.670 -8.860
140.660 -8.860
140.660 -8.850
140.650 -8.850
140.650 -8.840
140.640 -8.840
140.640 -8.830
140.630 -8.830
140.630 -8.820
140.620 -8.820
140.620 -8.810
140.610 -8.810
140.610 -8.800
140.600 -8.800
140.600 -8.790
140.600 -8.780
140.590 -8.780
140.590 -8.770
140.590 -8.760
140.580 -8.760
140.580 -8.750
140.570 -8.750
140.570 -8.740
140.570 -8.730
140.560 -8.730
140.560 -8.720
140.550 -8.720
140.550 -8.710
140.540 -8.710
140.540 -8.700
140.530 -8.690
140.530 -8.680
140.520 -8.670
140.520 -8.660
140.520 -8.650
140.510 -8.650
140.510 -8.640
140.510 -8.630
140.510 -8.620
140.500 -8.620
140.500 -8.610
140.490 -8.610
140.490 -8.600
140.480 -8.600
140.470 -8.600
140.470 -8.590
140.460 -8.590
140.460 -8.580
140.450 -8.580
140.450 -8.570
140.440 -8.570
140.430 -8.560
140.420 -8.550
140.410 -8.540
140.400 -8.530
140.390 -8.530
140.390 -8.520
140.380 -8.520
140.380 -8.510
140.370 -8.500
140.370 -8.490
140.360 -8.490
140.360 -8.480
140.350 -8.470
140.340 -8.470
140.330 -8.470
140.330 -8.460
140.320 -8.460
140.310 -8.460
140.310 -8.450
140.300 -8.450
140.300 -8.440
140.290 -8.440
140.290 -8.430
140.280 -8.430
140.280 -8.420
140.270 -8.420
140.260 -8.410
140.250 -8.400
140.250 -8.390
140.240 -8.390
140.240 -8.380
140.230 -8.380
140.230 -8.370
140.230 -8.360
140.220 -8.360
140.220 -8.350
140.210 -8.350
140.200 -8.350
140.190 -8.350
140.190 -8.340
140.180 -8.340
140.170 -8.340
140.170 -8.330
140.160 -8.330
140.150 -8.330
140.150 -8.320
140.140 -8.320
140.140 -8.310
140.130 -8.310
140.130 -8.300
140.120 -8.300
140.110 -8.300
140.110 -8.290
140.100 -8.290
140.100 -8.280
140.090 -8.280
140.080 -8.280
140.080 -8.270
140.070 -8.270
140.070 -8.260
140.060 -8.260
140.060 -8.250
140.050 -8.250
140.040 -8.250
140.040 -8.240
140.030 -8.240
140.030 -8.230
140.020 -8.230
140.020 -8.220
140.010 -8.220
140.010 -8.210
140.000 -8.210
140.000 -8.200
139.990 -8.200
139.990 -8.190
139.980 -8.190
139.980 -8.180
139.970 -8.170
139.970 -8.160
139.960 -8.160
139.960 -8.150
139.960 -8.140
139.960 -8.130
139.960 -8.120
139.970 -8.120
139.970 -8.110
139.980 -8.110
139.990 -8.110
139.990 -8.100
140.000 -8.100
140.000 -8.090
140.010 -8.090
140.010 -8.080
140.020 -8.080
140.030 -8.080
140.030 -8.090
140.040 -8.090
140.050 -8.090
140.060 -8.090
140.060 -8.080
140.070 -8.080
140.070 -8.070
140.070 -8.060
140.080 -8.060
140.080 -8.050
140.080 -8.040
140.080 -8.030
140.070 -8.030
140.070 -8.020
140.070 -8.010
140.060 -8.010
140.060 -8.000
140.060 -7.990
140.060 -7.980
140.060 -7.970
140.070 -7.970
140.070 -7.960
140.070 -7.950
140.070 -7.940
140.070 -7.930
140.070 -7.920
140.060 -7.920
140.060 -7.930
140.060 -7.940
140.060 -7.950
140.060 -7.960
140.060 -7.970
140.050 -7.970
140.050 -7.980
140.050 -7.990
140.050 -8.000
140.050 -8.010
140.050 -8.020
140.050 -8.030
140.050 -8.040
140.060 -8.040
140.060 -8.050
140.060 -8.060
140.060 -8.070
140.050 -8.070
140.040 -8.070
140.030 -8.070
140.020 -8.070
140.010 -8.070
140.000 -8.070
140.000 -8.080
139.990 -8.080
139.990 -8.090
139.980 -8.090
139.980 -8.100
139.970 -8.090
139.970 -8.100
139.960 -8.100
139.950 -8.100
139.940 -8.100
139.940 -8.110
139.930 -8.110
139.920 -8.110
139.910 -8.110
139.900 -8.110
139.890 -8.110
139.880 -8.110
139.870 -8.110
139.860 -8.110
139.850 -8.110
139.850 -8.100
139.840 -8.100
139.830 -8.100
139.820 -8.100
139.810 -8.100
139.800 -8.100
139.790 -8.100
139.780 -8.100
139.770 -8.100
139.760 -8.100
139.750 -8.100
139.740 -8.100
139.730 -8.100
139.720 -8.100
139.710 -8.100
139.700 -8.100
139.700 -8.110
139.690 -8.110
139.680 -8.110
139.670 -8.110
139.660 -8.110
139.650 -8.110
139.650 -8.120
139.640 -8.120
139.630 -8.120
139.620 -8.120
139.610 -8.120
139.610 -8.130
139.600 -8.130
139.590 -8.130
139.580 -8.130
139.580 -8.140
139.580 -8.150
139.570 -8.150
139.560 -8.150
139.550 -8.150
139.550 -8.160
139.540 -8.160
139.530 -8.160
139.530 -8.170
139.520 -8.170
139.510 -8.180
139.500 -8.180
139.500 -8.170
139.490 -8.170
139.490 -8.180
139.480 -8.180
139.470 -8.190
139.460 -8.190
139.450 -8.190
139.450 -8.200
139.440 -8.200
139.430 -8.200
139.420 -8.200
139.410 -8.200
139.400 -8.200
139.390 -8.200
139.380 -8.200
139.370 -8.200
139.360 -8.200
139.350 -8.200
139.350 -8.210
139.340 -8.210
139.340 -8.200
139.330 -8.200
139.320 -8.200
139.310 -8.200
139.310 -8.190
139.310 -8.180
139.300 -8.180
139.290 -8.180
139.280 -8.180
139.280 -8.170
139.270 -8.170
139.270 -8.160
139.260 -8.160
139.250 -8.150
139.250 -8.140
139.240 -8.140
139.240 -8.130
139.240 -8.120
139.230 -8.120
139.230 -8.110
139.230 -8.100
139.220 -8.100
139.210 -8.100
139.200 -8.100
139.190 -8.100
139.180 -8.100
139.180 -8.110
139.170 -8.110
139.160 -8.110
139.150 -8.110
139.150 -8.120
139.140 -8.120
139.130 -8.120
139.120 -8.120
139.120 -8.130
139.110 -8.130
139.100 -8.130
139.090 -8.130
139.090 -8.140
139.080 -8.140
139.070 -8.140
139.070 -8.150
139.060 -8.150
139.060 -8.160
139.050 -8.160
139.050 -8.170
139.040 -8.170
139.030 -8.170
139.030 -8.180
139.020 -8.180
139.010 -8.180
139.010 -8.190
139.000 -8.190
138.990 -8.200
138.980 -8.200
138.970 -8.200
138.970 -8.210
138.980 -8.210
138.980 -8.220
138.990 -8.220
138.990 -8.230
139.000 -8.230
139.000 -8.240
138.990 -8.240
138.990 -8.250
138.990 -8.260
139.000 -8.260
139.000 -8.270
139.000 -8.280
139.000 -8.290
139.000 -8.300
139.000 -8.310
138.990 -8.310
138.990 -8.320
138.980 -8.320
138.980 -8.330
138.970 -8.330
138.960 -8.330
138.950 -8.330
138.950 -8.320
138.940 -8.320
138.940 -8.310
138.940 -8.300
138.930 -8.300
138.930 -8.290
138.930 -8.280
138.920 -8.280
138.920 -8.270
138.910 -8.270
138.910 -8.260
138.900 -8.250
138.900 -8.240
138.900 -8.230
138.890 -8.230
138.890 -8.220
138.880 -8.220
138.880 -8.210
138.870 -8.210
138.870 -8.200
138.860 -8.200
138.860 -8.190
138.860 -8.180
138.850 -8.180
138.850 -8.170
138.850 -8.160
138.840 -8.160
138.840 -8.150
138.840 -8.140
138.830 -8.140
138.830 -8.130
138.830 -8.120
138.840 -8.120
138.840 -8.110
138.840 -8.100
138.850 -8.100
138.850 -8.090
138.860 -8.090
138.870 -8.090
138.880 -8.090
138.890 -8.090
138.900 -8.090
138.910 -8.090
138.910 -8.080
138.920 -8.080
138.930 -8.070
138.930 -8.060
138.920 -8.050
138.910 -8.040
138.910 -8.030
138.900 -8.030
138.900 -8.020
138.910 -8.020
138.910 -8.010
138.910 -8.000
138.920 -8.000
138.920 -7.990
138.920 -7.980
138.920 -7.970
138.920 -7.960
138.920 -7.950
138.910 -7.940
138.910 -7.930
138.910 -7.920
138.920 -7.920
138.920 -7.910
138.930 -7.910
138.930 -7.900
138.940 -7.900
138.950 -7.900
138.950 -7.890
138.960 -7.890
138.970 -7.890
138.970 -7.880
138.980 -7.880
138.990 -7.880
138.990 -7.870
139.000 -7.870
139.010 -7.860
139.020 -7.860
139.020 -7.850
139.020 -7.840
139.020 -7.830
139.020 -7.820
139.020 -7.810
139.020 -7.800
139.020 -7.790
139.010 -7.790
139.010 -7.780
139.010 -7.770
139.010 -7.760
139.020 -7.760
139.020 -7.750
139.020 -7.740
139.030 -7.740
139.030 -7.730
139.030 -7.720
139.040 -7.720
139.040 -7.710
139.050 -7.710
139.050 -7.700
139.050 -7.690
139.060 -7.690
139.060 -7.680
139.060 -7.670
139.060 -7.660
139.060 -7.650
139.060 -7.640
139.070 -7.640
139.070 -7.630
139.070 -7.620
139.080 -7.620
139.090 -7.620
139.090 -7.610
139.100 -7.610
139.100 -7.600
139.110 -7.600
139.110 -7.590
139.110 -7.580
139.110 -7.570
139.110 -7.560
139.110 -7.550
139.100 -7.550
139.100 -7.540
139.090 -7.530
139.080 -7.530
139.080 -7.520
139.070 -7.520
139.060 -7.520
139.050 -7.520
139.040 -7.520
139.030 -7.510
139.030 -7.520
139.020 -7.520
139.010 -7.520
139.000 -7.520
138.990 -7.520
138.980 -7.520
138.970 -7.520
138.960 -7.520
138.960 -7.510
138.960 -7.500
138.950 -7.500
138.950 -7.490
138.950 -7.480
138.940 -7.480
138.940 -7.470
138.940 -7.460
138.940 -7.450
138.930 -7.450
138.930 -7.440
138.930 -7.430
138.930 -7.420
138.920 -7.420
138.920 -7.410
138.920 -7.400
138.920 -7.390
138.910 -7.390
138.910 -7.380
138.910 -7.370
138.910 -7.360
138.900 -7.360
138.900 -7.350
138.890 -7.350
138.890 -7.340
138.880 -7.340
138.880 -7.330
138.870 -7.330
138.870 -7.320
138.860 -7.320
138.860 -7.310
138.850 -7.310
138.840 -7.310
138.840 -7.300
138.830 -7.300
138.820 -7.300
138.810 -7.300
138.810 -7.290
138.800 -7.290
138.790 -7.290
138.790 -7.280
138.780 -7.270
138.770 -7.270
138.770 -7.260
138.760 -7.260
138.750 -7.260
138.740 -7.260
138.740 -7.250
138.730 -7.250
138.730 -7.240
138.720 -7.240
138.710 -7.240
138.700 -7.240
138.700 -7.230
138.690 -7.230
138.680 -7.230
138.680 -7.220
138.670 -7.220
138.670 -7.210
138.670 -7.200
138.680 -7.200
138.690 -7.200
138.700 -7.200
138.710 -7.200
138.720 -7.200
138.730 -7.200
138.740 -7.200
138.740 -7.210
138.750 -7.210
138.760 -7.210
138.770 -7.210
138.780 -7.210
138.790 -7.210
138.800 -7.210
138.810 -7.210
138.820 -7.210
138.830 -7.210
138.840 -7.210
138.840 -7.200
138.850 -7.200
138.860 -7.200
138.870 -7.200
138.880 -7.200
138.890 -7.200
138.900 -7.200
138.910 -7.200
138.920 -7.200
138.930 -7.200
138.940 -7.200
138.940 -7.210
138.950 -7.210
138.960 -7.210
138.960 -7.220
138.970 -7.220
138.970 -7.230
138.980 -7.230
138.990 -7.230
139.000 -7.230
139.000 -7.240
139.010 -7.240
139.020 -7.240
139.030 -7.240
139.040 -7.240
139.050 -7.240
139.060 -7.240
139.070 -7.240
139.080 -7.240
139.090 -7.240
139.100 -7.240
139.110 -7.240
139.110 -7.230
139.120 -7.230
139.130 -7.230
139.140 -7.230
139.140 -7.240
139.150 -7.240
139.160 -7.240
139.170 -7.240
139.180 -7.240
139.180 -7.230
139.190 -7.230
139.190 -7.220
139.200 -7.220
139.200 -7.210
139.210 -7.210
139.210 -7.200
139.210 -7.190
139.220 -7.190
139.220 -7.180
139.220 -7.170
139.220 -7.160
139.230 -7.160
139.230 -7.150
139.240 -7.150
139.250 -7.150
139.250 -7.160
139.250 -7.170
139.250 -7.180
139.250 -7.190
139.250 -7.200
139.250 -7.210
139.260 -7.220
139.260 -7.230
139.270 -7.230
139.280 -7.230
139.290 -7.230
139.290 -7.220
139.300 -7.220
139.310 -7.220
139.320 -7.220
139.330 -7.220
139.330 -7.230
139.340 -7.230
139.350 -7.230
139.350 -7.240
139.360 -7.240
139.370 -7.240
139.370 -7.230
139.380 -7.230
139.390 -7.230
139.400 -7.230
139.410 -7.230
139.420 -7.230
139.430 -7.230
139.440 -7.230
139.440 -7.220
139.440 -7.210
139.430 -7.200
139.430 -7.190
139.420 -7.190
139.410 -7.190
139.400 -7.190
139.400 -7.200
139.390 -7.200
139.380 -7.200
139.380 -7.190
139.370 -7.190
139.370 -7.180
139.360 -7.180
139.360 -7.170
139.350 -7.170
139.350 -7.160
139.360 -7.160
139.360 -7.150
139.370 -7.150
139.370 -7.140
139.380 -7.140
139.380 -7.130
139.390 -7.130
139.400 -7.130
139.410 -7.130
139.420 -7.130
139.420 -7.140
139.430 -7.140
139.440 -7.140
139.440 -7.150
139.450 -7.150
139.460 -7.150
139.460 -7.160
139.470 -7.160
139.470 -7.170
139.470 -7.180
139.470 -7.190
139.460 -7.190
139.460 -7.200
139.460 -7.210
139.460 -7.220
139.460 -7.230
139.460 -7.240
139.460 -7.250
139.470 -7.250
139.470 -7.260
139.480 -7.260
139.490 -7.260
139.490 -7.270
139.500 -7.270
139.500 -7.280
139.510 -7.280
139.520 -7.280
139.530 -7.280
139.540 -7.280
139.540 -7.290
139.550 -7.290
139.560 -7.290
139.560 -7.280
139.570 -7.280
139.570 -7.270
139.580 -7.270
139.580 -7.260
139.580 -7.250
139.580 -7.240
139.580 -7.230
139.580 -7.220
139.580 -7.210
139.580 -7.200
139.590 -7.200
139.590 -7.190
139.600 -7.190
139.600 -7.180
139.610 -7.180
139.620 -7.180
139.630 -7.180
139.640 -7.180
139.650 -7.180
139.650 -7.190
139.650 -7.200
139.640 -7.200
139.640 -7.210
139.640 -7.220
139.640 -7.230
139.640 -7.240
139.640 -7.250
139.640 -7.260
139.640 -7.270
139.650 -7.270
139.650 -7.280
139.650 -7.290
139.660 -7.290
139.660 -7.300
139.670 -7.300
139.670 -7.290
139.680 -7.290
139.690 -7.290
139.690 -7.280
139.700 -7.280
139.700 -7.270
139.710 -7.270
139.710 -7.260
139.710 -7.250
139.720 -7.250
139.720 -7.240
139.730 -7.240
139.730 -7.230
139.740 -7.230
139.740 -7.220
139.750 -7.220
139.750 -7.210
139.750 -7.200
139.760 -7.200
139.760 -7.190
139.770 -7.190
139.770 -7.180
139.770 -7.170
139.770 -7.160
139.770 -7.150
139.760 -7.150
139.760 -7.160
139.760 -7.170
139.760 -7.180
139.750 -7.180
139.750 -7.190
139.750 -7.200
139.740 -7.200
139.740 -7.210
139.750 -7.210
139.740 -7.220
139.740 -7.230
139.730 -7.230
139.720 -7.230
139.720 -7.240
139.710 -7.240
139.700 -7.240
139.700 -7.250
139.690 -7.250
139.690 -7.260
139.690 -7.270
139.690 -7.280
139.690 -7.290
139.680 -7.290
139.680 -7.280
139.670 -7.280
139.670 -7.270
139.670 -7.260
139.660 -7.260
139.660 -7.250
139.660 -7.240
139.660 -7.230
139.650 -7.230
139.650 -7.220
139.650 -7.210
139.650 -7.200
139.660 -7.200
139.660 -7.190
139.660 -7.180
139.650 -7.180
139.650 -7.170
139.650 -7.160
139.640 -7.160
139.630 -7.160
139.620 -7.160
139.610 -7.160
139.600 -7.160
139.600 -7.170
139.590 -7.170
139.590 -7.180
139.580 -7.180
139.580 -7.190
139.570 -7.190
139.570 -7.200
139.560 -7.210
139.560 -7.220
139.560 -7.230
139.560 -7.240
139.560 -7.250
139.560 -7.260
139.560 -7.270
139.550 -7.270
139.540 -7.270
139.530 -7.270
139.530 -7.260
139.520 -7.260
139.510 -7.260
139.500 -7.260
139.490 -7.260
139.490 -7.250
139.480 -7.250
139.470 -7.250
139.470 -7.240
139.470 -7.230
139.470 -7.220
139.470 -7.210
139.480 -7.210
139.480 -7.200
139.480 -7.190
139.480 -7.180
139.490 -7.180
139.490 -7.170
139.490 -7.160
139.480 -7.160
139.480 -7.150
139.470 -7.150
139.470 -7.140
139.460 -7.140
139.450 -7.130
139.440 -7.130
139.440 -7.120
139.430 -7.120
139.420 -7.120
139.410 -7.120
139.400 -7.120
139.390 -7.120
139.390 -7.110
139.380 -7.110
139.380 -7.100
139.380 -7.090
139.370 -7.090
139.370 -7.080
139.370 -7.070
139.360 -7.070
139.360 -7.060
139.350 -7.060
139.350 -7.050
139.350 -7.040
139.340 -7.040
139.330 -7.040
139.330 -7.050
139.320 -7.050
139.310 -7.050
139.310 -7.040
139.300 -7.040
139.290 -7.040
139.290 -7.030
139.280 -7.030
139.280 -7.020
139.270 -7.020
139.260 -7.020
139.250 -7.020
139.240 -7.020
139.240 -7.010
139.230 -7.010
139.230 -7.000
139.230 -6.990
139.220 -6.990
139.220 -6.980
139.220 -6.970
139.210 -6.970
139.210 -6.980
139.200 -6.980
139.200 -6.970
139.190 -6.970
139.190 -6.960
139.180 -6.960
139.170 -6.960
139.160 -6.960
139.150 -6.960
139.140 -6.960
139.130 -6.960
139.130 -6.950
139.120 -6.950
139.120 -6.940
139.110 -6.940
139.110 -6.930
139.100 -6.930
139.100 -6.920
139.090 -6.920
139.080 -6.920
139.080 -6.910
139.070 -6.910
139.070 -6.900
139.060 -6.900
139.050 -6.890
139.040 -6.890
139.040 -6.880
139.030 -6.880
139.030 -6.870
139.020 -6.870
139.020 -6.860
139.010 -6.860
139.010 -6.850
139.000 -6.850
138.990 -6.850
138.990 -6.840
138.980 -6.840
138.970 -6.840
138.970 -6.830
138.960 -6.830
138.950 -6.830
138.950 -6.820
138.950 -6.810
138.950 -6.800
138.950 -6.790
138.940 -6.790
138.930 -6.790
138.930 -6.780
138.920 -6.780
138.910 -6.780
138.900 -6.780
138.900 -6.790
138.890 -6.790
138.890 -6.800
138.880 -6.800
138.870 -6.800
138.860 -6.800
138.860 -6.790
138.850 -6.790
138.840 -6.790
138.840 -6.780
138.830 -6.780
138.830 -6.770
138.830 -6.760
138.830 -6.750
138.830 -6.740
138.830 -6.730
138.830 -6.720
138.830 -6.710
138.830 -6.700
138.820 -6.700
138.820 -6.690
138.810 -6.690
138.810 -6.680
138.800 -6.670
138.790 -6.670
138.790 -6.660
138.780 -6.660
138.770 -6.660
138.770 -6.650
138.760 -6.650
138.760 -6.640
138.750 -6.640
138.740 -6.640
138.740 -6.630
138.730 -6.630
138.720 -6.630
138.720 -6.620
138.710 -6.620
138.700 -6.620
138.700 -6.610
138.690 -6.610
138.680 -6.610
138.680 -6.600
138.670 -6.600
138.670 -6.590
138.670 -6.580
138.670 -6.570
138.660 -6.570
138.650 -6.570
138.640 -6.570
138.640 -6.560
138.630 -6.560
138.630 -6.550
138.620 -6.550
138.620 -6.540
138.610 -6.540
138.610 -6.530
138.610 -6.520
138.600 -6.520
138.600 -6.510
138.590 -6.510
138.590 -6.500
138.580 -6.500
138.580 -6.490
138.570 -6.490
138.570 -6.480
138.560 -6.480
138.560 -6.470
138.550 -6.470
138.540 -6.460
138.540 -6.450
138.530 -6.450
138.530 -6.440
138.520 -6.440
138.510 -6.440
138.510 -6.430
138.500 -6.430
138.500 -6.420
138.490 -6.420
138.490 -6.410
138.480 -6.410
138.480 -6.400
138.470 -6.400
138.460 -6.400
138.460 -6.390
138.450 -6.390
138.450 -6.380
138.440 -6.370
138.430 -6.370
138.430 -6.360
138.430 -6.350
138.420 -6.350
138.420 -6.340
138.420 -6.330
138.430 -6.330
138.430 -6.320
138.420 -6.320
138.420 -6.310
138.420 -6.300
138.410 -6.300
138.410 -6.290
138.410 -6.280
138.400 -6.280
138.400 -6.270
138.400 -6.260
138.400 -6.250
138.390 -6.250
138.390 -6.240
138.390 -6.230
138.390 -6.220
138.390 -6.210
138.380 -6.210
138.380 -6.200
138.380 -6.190
138.380 -6.180
138.390 -6.180
138.390 -6.170
138.390 -6.160
138.390 -6.150
138.380 -6.150
138.380 -6.140
138.380 -6.130
138.370 -6.130
138.370 -6.120
138.360 -6.120
138.360 -6.110
138.360 -6.100
138.350 -6.100
138.350 -6.090
138.350 -6.080
138.350 -6.070
138.340 -6.070
138.340 -6.060
138.340 -6.050
138.330 -6.050
138.330 -6.040
138.330 -6.030
138.320 -6.030
138.320 -6.020
138.320 -6.010
138.310 -6.010
138.310 -6.000
138.310 -5.990
138.300 -5.990
138.300 -5.980
138.300 -5.970
138.290 -5.970
138.290 -5.960
138.280 -5.960
138.280 -5.950
138.280 -5.940
138.270 -5.940
138.270 -5.930
138.260 -5.930
138.260 -5.920
138.250 -5.920
138.250 -5.910
138.250 -5.900
138.250 -5.890
138.250 -5.880
138.250 -5.870
138.260 -5.870
138.260 -5.860
138.270 -5.860
138.280 -5.860
138.290 -5.860
138.300 -5.860
138.310 -5.860
138.320 -5.860
138.330 -5.860
138.330 -5.850
138.340 -5.850
138.350 -5.850
138.360 -5.850
138.370 -5.850
138.370 -5.840
138.380 -5.840
138.390 -5.840
138.390 -5.830
138.400 -5.830
138.400 -5.840
138.410 -5.840
138.410 -5.830
138.410 -5.820
138.410 -5.810
138.410 -5.800
138.410 -5.790
138.410 -5.780
138.410 -5.770
138.410 -5.760
138.410 -5.750
138.400 -5.750
138.400 -5.760
138.400 -5.770
138.400 -5.780
138.400 -5.790
138.400 -5.800
138.410 -5.810
138.410 -5.820
138.400 -5.820
138.390 -5.820
138.380 -5.820
138.380 -5.830
138.370 -5.830
138.360 -5.830
138.360 -5.840
138.350 -5.840
138.340 -5.840
138.330 -5.840
138.320 -5.840
138.310 -5.840
138.300 -5.840
138.290 -5.840
138.280 -5.840
138.270 -5.840
138.270 -5.830
138.260 -5.830
138.250 -5.830
138.240 -5.830
138.230 -5.830
138.230 -5.820
138.220 -5.820
138.210 -5.820
138.210 -5.830
138.200 -5.830
138.190 -5.830
138.190 -5.820
138.180 -5.820
138.170 -5.820
138.170 -5.810
138.160 -5.810
138.160 -5.800
138.160 -5.790
138.160 -5.780
138.160 -5.770
138.160 -5.760
138.160 -5.750
138.170 -5.750
138.170 -5.740
138.180 -5.740
138.190 -5.740
138.200 -5.740
138.200 -5.730
138.210 -5.730
138.210 -5.720
138.220 -5.720
138.230 -5.710
138.240 -5.710
138.250 -5.700
138.260 -5.700
138.260 -5.690
138.270 -5.690
138.280 -5.690
138.280 -5.680
138.290 -5.680
138.300 -5.680
138.310 -5.680
138.320 -5.680
138.330 -5.680
138.340 -5.680
138.340 -5.670
138.350 -5.670
138.360 -5.670
138.370 -5.670
138.380 -5.670
138.390 -5.670
138.400 -5.670
138.410 -5.670
138.410 -5.660
138.400 -5.660
138.390 -5.660
138.380 -5.660
138.370 -5.660
138.360 -5.660
138.350 -5.660
138.340 -5.660
138.340 -5.650
138.350 -5.650
138.350 -5.640
138.360 -5.640
138.370 -5.650
138.370 -5.640
138.370 -5.630
138.370 -5.620
138.370 -5.610
138.360 -5.610
138.360 -5.600
138.350 -5.600
138.340 -5.600
138.330 -5.600
138.320 -5.600
138.310 -5.600
138.310 -5.610
138.300 -5.610
138.290 -5.610
138.290 -5.620
138.280 -5.620
138.280 -5.610
138.280 -5.600
138.270 -5.600
138.260 -5.600
138.250 -5.600
138.240 -5.600
138.240 -5.590
138.250 -5.590
138.250 -5.580
138.250 -5.570
138.260 -5.570
138.260 -5.560
138.250 -5.560
138.240 -5.560
138.240 -5.550
138.230 -5.550
138.230 -5.540
138.240 -5.540
138.250 -5.540
138.260 -5.540
138.260 -5.530
138.260 -5.520
138.260 -5.510
138.270 -5.510
138.260 -5.500
138.250 -5.500
138.250 -5.490
138.250 -5.480
138.250 -5.470
138.240 -5.470
138.240 -5.460
138.240 -5.450
138.240 -5.440
138.230 -5.440
138.230 -5.450
138.220 -5.450
138.220 -5.460
138.210 -5.460
138.210 -5.470
138.210 -5.480
138.200 -5.480
138.190 -5.480
138.190 -5.470
138.190 -5.460
138.190 -5.450
138.190 -5.440
138.180 -5.440
138.180 -5.430
138.170 -5.430
138.170 -5.440
138.160 -5.440
138.160 -5.450
138.150 -5.450
138.150 -5.460
138.140 -5.460
138.140 -5.470
138.140 -5.480
138.130 -5.480
138.130 -5.490
138.130 -5.500
138.130 -5.510
138.130 -5.520
138.130 -5.530
138.120 -5.530
138.110 -5.530
138.100 -5.530
138.090 -5.530
138.090 -5.520
138.080 -5.520
138.070 -5.520
138.060 -5.520
138.060 -5.510
138.050 -5.510
138.050 -5.500
138.060 -5.490
138.060 -5.480
138.060 -5.470
138.060 -5.460
138.070 -5.460
138.070 -5.450
138.070 -5.440
138.070 -5.430
138.070 -5.420
138.060 -5.420
138.060 -5.410
138.060 -5.400
138.060 -5.390
138.070 -5.380
138.070 -5.390
138.080 -5.390
138.090 -5.390
138.100 -5.390
138.110 -5.390
138.120 -5.390
138.130 -5.390
138.130 -5.380
138.140 -5.380
138.140 -5.390
138.150 -5.390
138.160 -5.390
138.160 -5.380
138.170 -5.380
138.170 -5.370
138.160 -5.370
138.150 -5.370
138.140 -5.370
138.140 -5.360
138.130 -5.360
138.130 -5.370
138.120 -5.370
138.110 -5.370
138.100 -5.370
138.090 -5.370
138.080 -5.370
138.070 -5.370
138.060 -5.370
138.050 -5.370
138.050 -5.380
138.050 -5.390
138.050 -5.400
138.050 -5.410
138.050 -5.420
138.050 -5.430
138.050 -5.440
138.040 -5.440
138.030 -5.440
138.020 -5.440
138.020 -5.430
138.010 -5.420
138.010 -5.410
138.000 -5.410
138.000 -5.420
138.000 -5.430
138.010 -5.430
